// Generated by scripts/generate_button_voice.py. 8 kHz IMA ADPCM.
// Fixed spoken confirmations; no runtime speech engine.
// Voice: Microsoft Zira Desktop
#pragma once
#include <helpers/ui/GpsVoice.h>
namespace mesh { namespace audio {
// Shared encoded prefix; keep adaptive state at the seam.
static const uint8_t advertPrefixData[] = {
  0x00,0x00,0x00,0x00,0x00,0x00,0x00,0x00,0x00,0x00,0x00,0x00,0x00,0x00,0x00,0x00,0x00,0x00,0x00,0xf0,
  0x7f,0x77,0xe7,0xa1,0x91,0x68,0xa2,0x90,0xa8,0x0d,0x81,0x21,0x00,0x0a,0xb9,0xc3,0x74,0xb7,0x99,0xb8,
  0x4b,0x83,0x03,0x84,0x0d,0x88,0x90,0x04,0x08,0x19,0x8c,0x09,0xa1,0x04,0x18,0x0a,0xc8,0xa2,0x77,0x0b,
  0x0a,0xbd,0x04,0x11,0x50,0x99,0x88,0xa0,0x48,0x18,0x80,0xc1,0x09,0x1b,0x19,0x94,0x11,0x1a,0x0d,0x78,
  0xc7,0x80,0xa8,0x3c,0x81,0x01,0x85,0x1a,0x19,0xab,0x86,0x80,0x48,0x0c,0x98,0xa1,0x21,0x2a,0x19,0xc1,
  0x00,0x67,0x0d,0x88,0xc9,0x03,0x18,0x40,0xa8,0x81,0xb0,0x59,0x09,0x10,0xc2,0x08,0x89,0x2c,0xa1,0x01,
  0x83,0x2d,0x7a,0xa7,0x89,0x98,0x0e,0x92,0x81,0x24,0x2b,0x08,0xb9,0x84,0x19,0x48,0xa9,0x81,0xaa,0x4a,
  0xaa,0x83,0xb4,0x58,0x79,0xc5,0x90,0xb8,0x1c,0x80,0x21,0x86,0x20,0x80,0x0b,0xa0,0x98,0x03,0x3c,0x88,
  0x9b,0xb1,0x0c,0x12,0x1a,0x06,0x79,0xa7,0x90,0xe8,0x1a,0x88,0x38,0x95,0x31,0x00,0x2b,0xd0,0x80,0xa1,
  0x39,0x98,0x1a,0xe2,0x08,0xa1,0x5a,0x08,0x79,0xa7,0x80,0xc8,0x2b,0x9a,0x10,0xa5,0x33,0x11,0x6a,0xb8,
  0x81,0xb0,0x3a,0x9b,0x80,0xe4,0x11,0x09,0x4a,0xb8,0x43,0x97,0x28,0xaa,0x0f,0xc8,0x81,0x91,0x51,0x10,
  0x20,0xa1,0x01,0xa9,0x2b,0xbc,0x80,0xc8,0x31,0x0b,0x31,0xd0,0x05,0x17,0x4a,0x8a,0xac,0xe0,0x88,0x18,
  0x49,0x11,0x22,0x03,0x30,0x99,0x0b,0xfb,0x88,0xa9,0x39,0xaa,0x93,0xd3,0x50,0x7b,0x81,0xa3,0xd1,0x0a,
  0x8e,0x89,0xb1,0x04,0x22,0x61,0x18,0x01,0xa0,0x91,0x9b,0x0b,0xac,0x91,0x90,0x51,0x2a,0x81,0x27,0x00,
  0x00,0xcc,0xc9,0xac,0x9a,0x8a,0x23,0x43,0x36,0x22,0x33,0x80,0x90,0xcb,0x9b,0xae,0x89,0xa9,0x12,0x28,
  0x33,0x57,0x21,0x11,0xc9,0xca,0xbd,0xbb,0xbb,0x89,0x20,0x73,0x24,0x34,0x22,0x22,0x81,0x99,0xdb,0xbb,
  0xcb,0xab,0x99,0x08,0x74,0x31,0x03,0x03,0x30,0xcf,0xbb,0xbc,0xaa,0x89,0x21,0x34,0x45,0x33,0x42,0x02,
  0x01,0xa8,0xbb,0xcc,0xbb,0xbb,0xaa,0x40,0x43,0x35,0x13,0x00,0xda,0xbc,0xcc,0xab,0x9a,0x08,0x33,0x55,
  0x33,0x34,0x22,0x12,0x90,0xb9,0xcc,0xcb,0xab,0xab,0x8a,0x33,0x45,0x43,0x11,0x90,0xdb,0xdb,0xcb,0xaa,
  0x9a,0x18,0x42,0x44,0x43,0x33,0x23,0x22,0x80,0xaa,0xcc,0xbc,0xbb,0xbb,0x0b,0x24,0x44,0x33,0x12,0x91,
  0xda,0xbc,0xbd,0xac,0xaa,0x8a,0x10,0x42,0x44,0x43,0x32,0x33,0x13,0x02,0x90,0xba,0xeb,0xca,0x39,0x82,
  0x11,0xb8,0xbe,0xcc,0xbc,0xbb,0x9c,0x99,0x00,0x43,0x34,0x44,0x23,0x23,0x22,0x10,0x80,0xa9,0xc9,0xaa,
  0xab,0xeb,0x77,0x92,0x00,0xba,0xdb,0xbb,0xbb,0x0a,0x00,0x23,0x53,0x23,0x52,0x21,0x12,0x83,0x05,0x38,
  0x3a,0xa9,0xd2,0x80,0x1d,0xe9,0x77,0xd3,0x88,0xb9,0x9a,0x88,0x88,0x01,0x02,0x03,0x33,0x40,0x11,0x03,
  0x93,0x85,0x28,0x3a,0x1c,0x98,0xa9,0xd0,0x80,0x8e,0x77,0xa1,0x91,0xdb,0x9a,0xb9,0x09,0x18,0x11,0x52,
  0x30,0x31,0x02,0x95,0x03,0x10,0x18,0x88,0x91,0x99,0xa9,0xab,0x9e,0xf0,0x77,0x19,0x88,0xc9,0x8a,0xbb,
  0x99,0x80,0x28,0x51,0x30,0x23,0x43,0x30,0x12,0x92,0x93,0x98,0x9a,0xda,0x99,0x9b,0xaa,0x7f,0x27,0x3a,
  0x89,0xcd,0xa0,0xaa,0x89,0xa8,0x12,0x13,0x38,0x36,0x31,0x12,0x12,0x91,0x82,0x98,0x09,0x8c,0xb9,0xb8,
  0xba,0x71,0x67,0x03,0xe9,0x8d,0xa9,0x9a,0x80,0x98,0x04,0x40,0x48,0x10,0x11,0x11,0x01,0x01,0x18,0x08,
  0x3b,0x8c,0xc0,0xc2,0x7a,0x77,0x1b,0x80,0xdb,0x80,0x9b,0x08,0xa0,0x12,0x11,0x40,0x11,0x31,0x30,0x00,
  0xa4,0x93,0x10,0x8a,0x90,0x2a,0x1f,0xf9,0x77,0x09,0x00,0xea,0x80,0xa9,0x19,0x98,0x18,0x82,0x30,0x30,
  0x01,0x05,0x00,0x93,0x94,0x20,0x1a,0xa0,0xc3,0x92,0x7e,0x07,0x2c,0x90,0xcb,0x92,0x0b,0x19,0x99,0x12,
  0x19,0x11,0xa3,0x62,0x3a,0x29,0x10,0x38,0xb8,0xb7,0x83,0x3a,0x49,0x47,0x4e,0x09,0x8d,0x80,0x89,0x00,
  0x98,0x11,0x2a,0x90,0xb4,0x83,0x28,0x59,0x1e,0xa2,0xb3,0x32,0x3f,0x2a,0x29,0x97,0x5b,0x89,0x0d,0x81,
  0x09,0x29,0xa8,0x92,0x92,0x7b,0x1a,0xa0,0xa5,0x00,0x38,0x2c,0x19,0xb1,0x93,0xb1,0x77,0x1f,0x91,0xa8,
  0x12,0x0a,0x4a,0x99,0x91,0xa3,0x80,0x81,0x80,0x7c,0x2a,0x1a,0xb1,0xa4,0x11,0x89,0x22,0xe7,0x6c,0x09,
  0x0a,0xa4,0x88,0x28,0xa9,0x83,0xa1,0x49,0x99,0x92,0x12,0x4c,0x1a,0xf3,0xa4,0x01,0x2a,0x78,0xdb,0x83,
  0xb0,0x40,0xa9,0x88,0x22,0x1d,
};
#ifdef HAS_DRV2605
// Shared encoded prefix; keep adaptive state at the seam.
static const uint8_t soundPrefixData[] = {
  0x00,0x00,0x00,0x00,0x00,0x00,0x00,0x00,0x00,0x00,0x00,0x00,0x00,0x00,0x00,0x00,0x00,0x00,0x00,0x70,
  0x77,0xf0,0x97,0xec,0x4f,0x22,0x1d,0x88,0xa9,0x04,0x82,0x1e,0x48,0x8c,0x84,0xb8,0x82,0x4b,0x02,0xaa,
  0xb0,0x68,0x80,0x11,0x8d,0xb5,0x29,0x01,0x29,0xab,0xf4,0x84,0x08,0x3d,0x89,0x82,0xb3,0x29,0x2e,0x5b,
  0xb0,0xb4,0x93,0x5b,0x1a,0xb0,0xb5,0x00,0x40,0x8b,0xa1,0xc4,0x11,0x1b,0x7b,0xb8,0x93,0x82,0x80,0x38,
  0x2f,0x89,0xd2,0xa2,0x12,0x1b,0x10,0x99,0xe3,0x11,0x29,0xc1,0x08,0xb4,0x7a,0xb8,0x92,0xc4,0x10,0x18,
  0x2d,0x88,0x12,0xa8,0x20,0xae,0x24,0xa9,0x01,0x2d,0x82,0x80,0xa9,0x5a,0x18,0xc2,0x4a,0x89,0x00,0xa2,
  0x80,0x21,0xd9,0x08,0x8f,0x15,0x48,0x8e,0x38,0xc0,0xa5,0x80,0x2a,0x49,0x9a,0xa5,0xb2,0x58,0x2d,0x90,
  0xa0,0x96,0x39,0x1b,0x89,0xd2,0x94,0x08,0x28,0x1b,0xb0,0x94,0x81,0xa1,0x4a,0xb1,0x79,0xc8,0x82,0xd1,
  0x21,0x29,0x2b,0x89,0x88,0x92,0xb4,0x92,0x29,0xaa,0x49,0x6a,0x3c,0x5d,0xd1,0x80,0x10,0x29,0x39,0x9d,
  0x41,0xb8,0xb5,0x81,0x2a,0x6c,0x89,0x18,0xa0,0x01,0x2b,0x00,0x30,0x0f,0x11,0xaa,0x97,0x2a,0x19,0x4a,
  0x9b,0x43,0xdb,0x14,0xc8,0x92,0x08,0x84,0x1b,0xa1,0x0c,0x87,0x89,0x91,0x49,0xa0,0x91,0xc0,0x12,0x90,
  0x6b,0x88,0x4b,0xb2,0x2a,0x29,0x88,0x03,0x8f,0xa6,0x1a,0x02,0x09,0xc8,0xd5,0x03,0x19,0x2e,0xb0,0x83,
  0xb7,0x28,0x3b,0x1b,0x91,0xc4,0x18,0x30,0x1f,0x00,0xa9,0xa3,0x20,0xb3,0x2a,0xd0,0x7b,0xa2,0x89,0xc2,
  0x83,0x90,0x79,0xa9,0xb1,0x04,0xe3,0x91,0x81,0x2a,0x10,0xe0,0x81,0xb4,0x5a,0x18,0x1c,0xa0,0x82,0x82,
  0x4d,0x8a,0x20,0xc1,0x49,0x2a,0x2b,0xb0,0x80,0xb7,0x18,0x10,0x18,0x3a,0x0e,0x01,0xa9,0x13,0xc3,0xc8,
  0xa2,0x60,0xa0,0xc2,0xb1,0x03,0x10,0xf1,0x01,0x98,0x72,0x9d,0x32,0xab,0x96,0x1b,0x10,0x49,0xe0,0xa3,
  0x18,0x20,0x1e,0xe3,0x92,0x81,0x2a,0x88,0xc2,0x93,0x09,0x21,0xf8,0x82,0x91,0x39,0x8b,0x79,0x88,0x89,
  0xb1,0xa6,0x28,0x38,0x9d,0x02,0xf3,0x01,0x80,0x3b,0x0a,0x32,0xab,0x11,0xae,0x26,0x9a,0x28,0x2d,0x93,
  0xa9,0xb2,0x6c,0x00,0x81,0x0f,0x40,0x2b,0xa8,0xb2,0x81,0x22,0x2e,0x90,0xf3,0xa3,0x39,0x3a,0x0b,0xd3,
  0xb6,0x29,0x81,0x4b,0xe8,0x82,0x81,0x11,0x2c,0x3c,0xa8,0xa3,0x59,0x89,0x80,0xf2,0x20,0x09,0x18,0xb0,
  0x10,0x02,0x32,0xbf,0x78,0x0a,0xc2,0xa2,0x18,0x30,0x0d,0xb3,0xe4,0x82,0x5b,0x19,0x89,0xd4,0x81,0x30,
  0x2c,0x8a,0x90,0x95,0x18,0x2b,0x2b,0xa2,0xb5,0x5b,0x2a,0x39,0xf3,0x19,0xb2,0x60,0x9c,0x01,0x91,0x85,
  0x1c,0x80,0x18,0xb8,0x10,0x38,0x98,0x90,0xc5,0x70,0x0b,0x88,0xe3,0x82,0x29,0x2a,0xd1,0x92,0x94,0x5c,
  0x1a,0x88,0xc2,0x81,0x08,0x10,0x08,0x19,0x9a,0x39,0x4b,0x09,0x09,0xa7,0x18,0x3d,0x5b,0xe1,0xa4,0x08,
  0x68,0x8a,0xc1,0x18,0x02,0x90,0x99,0x20,0x84,0x18,0x1f,0x8a,0x82,0xd3,0x69,0x0a,0x18,0xf2,0x01,0x00,
  0x5a,0x0a,0x90,0xd2,0x11,0x19,0x19,0xba,0x21,0xb2,0x87,0x08,0x90,0xb9,0x94,0x69,0x1a,0x09,0xe2,0x80,
  0x20,0x79,0x98,0xb1,0xa2,0x4a,0x3a,0xbb,0xa7,0x80,0x40,0x1d,0x00,0xa1,0x95,0x08,0x2b,0x2d,0xa0,0xa4,
  0x82,0x4a,0x2c,0x99,0xc3,0x81,0x29,0x3a,0x8a,0x95,0x91,0x85,0x29,0x49,0x8c,0xb1,0xa1,0x49,0x9c,0x38,
  0x09,0x96,0x82,0x78,0x80,0x99,0xe9,0x09,0x00,0x20,0x92,0x01,0xa0,0x28,0x28,0x40,0xb1,0x81,0xbb,0x09,
  0xb9,0x60,0x77,0x8b,0xaa,0x8d,0x01,0x21,0x13,0x08,0x90,0x0a,0x13,0x30,0x84,0x9c,0xd9,0x9a,0x91,0x19,
  0x77,0xa0,0xb8,0xae,0x11,0x20,0x33,0x90,0x91,0x8c,0x30,0x10,0x05,0xc9,0x99,0x8c,0x28,0x80,0x75,0xc2,
  0x99,0xdb,0x28,0x20,0x42,0x91,0x08,0xaa,0x38,0x82,0x33,0xd9,0x0c,0xbb,0x11,0x83,0x78,0x07,0x8b,0xfa,
  0x1a,0x01,0x41,0x82,0x89,0xa0,0x2a,0x13,0x38,0xc1,0xac,0xb0,0x3a,0x14,0x4a,0x57,0x8d,0x99,0x8c,0x13,
  0x10,0x04,0x8b,0x80,0x89,0x06,0x80,0x00,0x9d,0x80,0x90,0x14,0x0a,0x65,0xbb,0x88,0xcb,0x42,0x28,0x31,
  0xe8,0x00,0x88,0x58,0x88,0x80,0xc8,0x18,0x18,0x39,0xb1,0x79,0xa7,0x0b,0x99,0x1c,0x04,0x10,0x82,0x8c,
  0x01,0x89,0x06,0x99,0x00,0x8c,0x20,0x98,0x84,0xc8,0x75,0xaa,0x88,0xc9,0x41,0x00,0x38,0xc8,0x80,0x81,
  0x58,0x80,0x8a,0xc1,0x19,0x21,0x1a,0xa1,0x5c,0x87,0x8d,0x88,0x0b,0x06,0x80,0x11,0x9c,0x11,0x90,0x32,
  0xaa,0x1a,0xb9,0x41,0xa3,0x2b,0xf0,0x74,0xc8,0x0a,0xb0,0x40,0x83,0x29,0xb0,0x0c,0x04,0x08,0x83,0x9d,
  0x10,0x89,0x23,0xd8,0x18,0x6b,0x97,0xba,0x18,0x0c,0x24,0xb1,0x01,0xaa,0x69,0x81,0x00,0xb0,0x0b,0x01,
  0x08,0x86,0x8b,0x19,0x76,0xb9,0x8b,0xa1,0x58,0x03,0x8a,0x80,0x0c,0x33,0xa0,0x82,0xdb,0x39,0x81,0x11,
  0xb1,0x0f,0x79,0x96,0xab,0x28,0x0b,0x42,0xb2,0x09,0x88,0x3b,0x07,0xa8,0x01,0x9b,0x48,0xa1,0x00,0xb0,
  0x0c,0x77,0xc8,0x8a,0xa3,0x18,0x43,0x9b,0x08,0xb1,0x60,0x10,0x8b,0xa1,0xa8,0x43,0x89,0x2a,0xd8,0x69,
  0x07,0xbc,0x38,0xa8,0x40,0x93,0xab,0x12,0x99,0x53,0xb1,0x8a,0x81,0x1d,0x13,0xc8,0x00,0xb8,0x75,0xd2,
  0x8d,0x02,0x98,0x42,0xa8,0x8a,0x83,0x08,0x43,0xb9,0x2b,0x80,0x3b,0x05,0xca,0x00,0x59,0x17,0xec,0x18,
  0x81,0x2a,0x13,0xca,0x28,0x81,0x39,0x03,0xdb,0x10,0x90,0x28,0x82,0xac,0x00,0x76,0xb0,0x9f,0x02,0x90,
  0x30,0x81,0x9d,0x12,0x91,0x11,0x91,0x9c,0x20,0x80,0x10,0xa0,0x8d,0x79,0x07,0xeb,0x18,0x10,0x1a,0x13,
  0xd9,0x19,0x12,0x09,0x02,0xd0,0x09,0x21,0x09,0x10,0xb9,0x8b,0x77,0xc8,0x0d,0x12,0xa8,0x22,0xa1,0x8d,
  0x31,0x91,0x80,0xa3,0x9b,0x69,0x08,0x88,0xa1,0xb8,0x74,0xc3,0x9f,0x11,0x91,0x18,0x12,0xac,0x28,0x03,
  0x08,0x00,0xb9,0x09,0x84,0x81,0x80,0x9d,0x72,0xa7,0x9e,0x20,0x81,0x09,0x12,0xc9,0x08,0x23,0x08,0x19,
  0xb9,0x90,0x22,0x59,0x0a,0xea,0x73,0xb4,0xaf,0x21,0x81,0x89,0x12,0xb8,0x0a,0x24,0x81,0x09,0x99,0x98,
  0x02,0x32,0x09,0xaf,0x57,0xc8,0x9d,0x31,0x91,0x09,0x21,0xba,0x19,0x34,0x81,0x9a,0x08,0x88,0x08,0x43,
  0xb0,0x8f,0x47,0xf9,0x0b,0x32,0x98,0x19,0x02,0xaa,0x2a,0x25,0x91,0x99,0x08,0x80,0x89,0x05,0xd2,0x79,
  0x93,0xcf,0x18,0x03,0x98,0x28,0xa1,0xa9,0x41,0x32,0xa9,0x9a,0x82,0x80,0x49,0x21,0xba,0x77,0xf9,0x0b,
  0x31,0x91,0x89,0x12,0xaa,0x0a,0x26,0x82,0x9a,0x2a,0x80,0xa0,0x33,0x81,0x76,0xd9,0x9e,0x20,0x02,0x0a,
  0x10,0xb1,0x9a,0x62,0x12,0xa9,0x89,0x01,0x98,0x38,
};
#endif // HAS_DRV2605
// "Ready"
static const uint8_t readyData[] = {
  0x00,0x00,0x00,0x00,0x00,0x00,0x00,0x00,0x00,0x00,0x00,0x00,0x00,0x00,0x00,0x00,0x00,0x00,0x00,0x70,
  0x77,0xfc,0x8c,0x68,0x77,0x84,0xab,0x8a,0xaa,0xba,0xab,0x31,0x24,0x32,0x45,0x33,0x12,0x88,0x08,0xa9,
  0xbd,0xab,0x9a,0xaa,0x9b,0x10,0x77,0x37,0xb8,0x9c,0x89,0xaa,0xac,0x20,0x24,0x11,0x42,0x24,0x01,0x98,
  0x08,0xb8,0xcc,0x9a,0x89,0xa9,0x89,0x30,0x42,0x77,0x87,0xaa,0x88,0xa9,0xab,0x08,0x33,0x12,0x62,0x24,
  0x00,0x80,0x88,0xa8,0xcc,0x89,0x99,0x99,0x08,0x21,0x01,0x73,0x77,0xc8,0x0a,0x80,0xbb,0x18,0x42,0x02,
  0x10,0x45,0x90,0x89,0x80,0xa9,0xcb,0x09,0x80,0x9b,0x31,0x03,0x89,0x64,0x77,0xa0,0xab,0x01,0xcc,0x19,
  0x21,0x11,0x20,0x44,0x90,0x09,0x91,0xbb,0x9b,0x89,0xa8,0x8a,0x32,0x23,0x42,0x34,0x74,0x37,0xcd,0x19,
  0xc8,0x0b,0x12,0x11,0x22,0x53,0x91,0x0a,0x91,0xbc,0x89,0xa8,0x89,0x31,0x92,0x29,0x15,0xaa,0x51,0x77,
  0xc1,0x0c,0x91,0x9d,0x21,0x80,0x21,0x23,0x92,0x8a,0x92,0xaf,0x18,0xa8,0x19,0x12,0x99,0x10,0x93,0x8c,
  0x24,0x71,0x27,0xae,0x10,0xeb,0x10,0x01,0x28,0x22,0x01,0x8a,0x80,0xad,0x10,0x99,0x10,0x80,0x98,0x29,
  0xb1,0x39,0x06,0x29,0x77,0xf2,0x2a,0xc8,0x1a,0x12,0x08,0x33,0x81,0x89,0x92,0xad,0x11,0xaa,0x28,0x90,
  0x9a,0x31,0xba,0x72,0x91,0x20,0x73,0x07,0x9f,0x91,0x8d,0x12,0x00,0x31,0x82,0x9b,0x11,0xbd,0x32,0xb8,
  0x20,0xa1,0x9c,0x20,0xc8,0x51,0xb2,0x28,0x92,0x77,0xf8,0x18,0xc9,0x28,0x82,0x20,0x12,0xb8,0x18,0xc8,
  0x39,0x92,0x1a,0xa2,0xcb,0x28,0xa0,0x68,0x82,0x0a,0x93,0x79,0x07,0x9f,0xa1,0x0b,0x33,0x20,0x31,0xb1,
  0x0e,0x90,0x1a,0x04,0x89,0x00,0xba,0x2b,0x93,0x29,0x17,0xb9,0x20,0x99,0x77,0xf0,0x08,0xba,0x31,0x12,
  0x21,0x83,0xad,0x00,0xaa,0x53,0x90,0x08,0xc0,0x0b,0x02,0x09,0x25,0xb9,0x11,0xd9,0x71,0xa7,0x1c,0xc8,
  0x19,0x22,0x10,0x32,0xda,0x19,0xb8,0x30,0x83,0x1a,0xa1,0x9f,0x11,0x09,0x33,0xc8,0x28,0xc9,0x59,0x47,
  0xac,0xa1,0x9c,0x31,0x02,0x42,0xc1,0x0a,0xa8,0x2a,0x15,0x89,0x92,0xad,0x01,0x88,0x43,0xa0,0x18,0xba,
  0x2a,0x77,0xd3,0x09,0xcb,0x29,0x22,0x31,0x84,0xab,0xb0,0x8a,0x25,0x08,0x82,0xad,0x88,0x90,0x62,0x80,
  0x08,0xb9,0x2a,0x21,0x77,0xaa,0xc8,0x8c,0x31,0x02,0x25,0xa9,0x89,0xaa,0x50,0x81,0x20,0xc9,0x8a,0x90,
  0x68,0x01,0x19,0xa8,0x8b,0x03,0x7a,0x07,0x0d,0xc9,0x1a,0x13,0x50,0x93,0x8a,0xa8,0x0b,0x14,0x29,0x92,
  0xad,0x80,0x1b,0x15,0x08,0x82,0x9c,0x00,0x89,0x77,0xd1,0x80,0x9d,0x10,0x01,0x43,0x98,0x88,0xba,0x48,
  0x80,0x23,0xba,0x0b,0xda,0x41,0x10,0x30,0xd9,0x08,0x99,0x41,0x67,0x0b,0xd8,0x8b,0x28,0x38,0x07,0x00,
  0x98,0x9a,0x81,0x28,0x83,0x99,0xc8,0x0c,0x00,0x40,0x02,0x09,0xa9,0x0c,0x22,0x77,0x1a,0xea,0xa9,0x81,
  0x68,0x02,0x10,0x98,0x0b,0xb8,0x22,0x02,0x18,0xf9,0x89,0x89,0x30,0x83,0x31,0xc9,0x98,0x19,0x77,0x3a,
  0xea,0x9b,0xa1,0x68,0x02,0x21,0x91,0x0b,0xd8,0x10,0x00,0x11,0xe1,0x80,0xab,0x18,0x88,0x34,0x18,0x11,
  0x3b,0x47,0x3e,0xca,0xaa,0xc2,0x59,0x10,0x21,0xa3,0x28,0x9b,0x1a,0xc0,0x32,0x99,0x11,0xeb,0x18,0x8d,
  0x00,0xa0,0x24,0x7b,0x97,0x28,0xaa,0x8d,0xc0,0x28,0x01,0x51,0x81,0x21,0x8a,0x09,0xda,0x82,0x0a,0x21,
  0x8a,0x94,0x0b,0x88,0x9c,0xb4,0x28,0x77,0x4b,0xb0,0xb8,0xc8,0x3a,0x0b,0x32,0x96,0x53,0x08,0x10,0xb9,
  0x91,0x8d,0x88,0xa8,0x83,0x39,0x00,0x09,0xc4,0x2a,0x73,0x2b,0xc3,0x98,0xc9,0x8c,0xc9,0x00,0x10,0x61,
  0x11,0x14,0x20,0x10,0x89,0xb0,0xb9,0xb8,0x1d,0x99,0x08,0xa0,0xc3,0x77,0x4b,0xa8,0xd8,0xe2,0x18,0x89,
  0x10,0x91,0x14,0x29,0x00,0x00,0xa2,0x69,0x0a,0x10,0x99,0xa2,0x99,0xc2,0x2a,0xf8,0x51,0xd7,0x03,0x1d,
  0x0a,0x0c,0xb1,0x21,0x28,0x58,0x89,0x95,0x00,0x80,0x49,0x0b,0xb1,0xc3,0x83,0x5d,0x1b,0xa0,0xb1,0x92,
  0x71,0x4b,0xd1,0xa1,0x98,0x2b,0x9b,0x95,0x21,0x31,0x48,0xa2,0x84,0x19,0x2b,0x8d,0xe1,0x80,0x19,0x3b,
  0xa9,0xa7,0x01,0x18,0x16,0x5c,0xa9,0xa1,0xb8,0x19,0x1d,0x90,0x21,0x12,0x53,0x18,0xa4,0x10,0xaa,0xa8,
  0xab,0x89,0x0e,0xa1,0x02,0x10,0x40,0x3a,0x07,0x79,0xb8,0xa0,0xad,0xd0,0x20,0x4a,0x11,0x03,0x86,0x30,
  0x0b,0xb8,0xc8,0xb8,0x2a,0x0d,0x91,0x02,0x12,0x30,0x10,0x7a,0xc7,0x13,0x2e,0xaa,0x98,0xb8,0x11,0x5a,
  0x01,0x14,0x12,0x11,0x89,0xb9,0xaa,0x8f,0x8a,0x89,0x80,0x03,0x52,0x4a,0x88,0x12,0xb7,0x34,0x1f,0xba,
  0xb0,0xb8,0x02,0x7a,0x10,0x84,0x03,0x01,0x19,0xba,0xd8,0xb8,0x99,0x2a,0x1a,0xa3,0x97,0x13,0x7b,0x1a,
  0xa7,0x21,0x0c,0xc0,0x89,0xaa,0x81,0x59,0x28,0x04,0x22,0x82,0x82,0x8a,0x9d,0xbb,0xd8,0x90,0x39,0x4a,
  0x00,0x95,0x83,0x00,0x79,0x18,0xd7,0x81,0x8b,0xa9,0x09,0x88,0x04,0x61,0x20,0x02,0x20,0x8a,0xd8,0xc0,
  0x98,0x1b,0x0b,0x80,0x94,0x23,0x59,0x88,0xa2,0x17,0x78,0x1d,0xc8,0x90,0x99,0x80,0x48,0x28,0x04,0x22,
  0x11,0x08,0x9a,0xea,0xa8,0x1b,0x1d,0x89,0xa4,0x03,0x58,0x2a,0x80,0x68,0xe3,0x94,0x4b,0x9c,0xc1,0x80,
  0x19,0x28,0x30,0x03,0x14,0x20,0x09,0xb9,0xd9,0xc8,0x89,0x2d,0x89,0xa3,0x04,0x30,0x39,0x09,0xd2,0x07,
  0x78,0x1d,0xc0,0x90,0x89,0x08,0x38,0x28,0x84,0x14,0x20,0x19,0xa9,0xa9,0xab,0xcb,0xb0,0x28,0x3a,0x02,
  0x87,0x03,0x69,0x2b,0x78,0xb0,0xb7,0x10,0x0f,0xa8,0x90,0x81,0x11,0x50,0x00,0x83,0x02,0x09,0x9a,0xab,
  0xca,0xa9,0x88,0x18,0x21,0x03,0x06,0x21,0x29,0xb9,0x77,0x7b,0xb8,0xb2,0x1c,0xab,0x91,0x49,0x00,0x06,
  0x21,0x11,0x10,0x99,0xe0,0xa0,0x8a,0x8b,0x1a,0x88,0x93,0x34,0x59,0x00,0x11,0x8a,0x67,0x5b,0xd8,0xc3,
  0x1a,0x8c,0xa1,0x20,0x18,0x04,0x32,0x20,0x81,0x88,0xb9,0xba,0x8f,0xb9,0xa1,0x28,0x19,0x04,0x31,0x01,
  0x85,0x59,0x7c,0x08,0xd7,0x81,0x1b,0x9a,0x88,0x90,0x94,0x33,0x7a,0x00,0xa2,0x92,0x88,0x1b,0x8d,0xb8,
  0xb2,0x10,0x5b,0x19,0x92,0x95,0x11,0x4a,0x0a,0x97,0x41,0x1e,0xc8,0x90,0x8a,0xa0,0x21,0x39,0x85,0x33,
  0x69,0x90,0x92,0x09,0x9b,0xaa,0xca,0xc1,0x38,0x3d,0x88,0xa6,0x22,0x3a,0x89,0x63,0x09,0xd6,0x10,0x0e,
  0xa8,0x90,0x18,0x80,0x23,0x68,0x00,0x93,0x11,0x0a,0x8b,0xbb,0xf8,0xa0,0x18,0x2a,0x28,0x38,0xa2,0x97,
  0x12,0x3b,0x54,0x6c,0xb9,0xc4,0x19,0x8d,0x90,0x00,0x18,0x83,0x43,0x28,0xa4,0x03,0x1b,0xc9,0x98,0x0d,
  0xc9,0xa2,0x39,0x2b,0x92,0x84,0x83,0x12,0x28,0x67,0x6b,0xc8,0xc4,0x18,0x0d,0x98,0x91,0x01,0x01,0x41,
  0x18,0xa3,0x84,0x29,0x8b,0xb9,0xb8,0xaa,0x1b,0x1e,0xc1,0x95,0x48,0x3a,0x80,0x93,0x26,0x7a,0x99,0xd2,
  0x09,0x8c,0xb8,0x81,0x28,0x11,0x43,0x41,0x02,0x03,0x08,0xa9,0xba,0xcc,0xe8,0x80,0x2c,0x8a,0xb3,0x04,
  0x38,0x18,0x93,0x72,0x40,0xe5,0x82,0x2d,0xab,0xd2,0x00,0x29,0x08,0x02,0x23,0x21,0x22,0x18,0xd0,0xb1,
  0x1c,0x8e,0xb8,0x91,0x19,0x09,0x21,0x49,0xb2,0x97,0x70,0x08,0xa5,0x38,0x0e,0xc8,0xb1,0x19,0x1b,0x10,
  0x40,0x11,0x86,0x22,0x39,0x99,0xc1,0xa8,0xb9,0x2b,0x1f,0xa9,0xb4,0x12,0x5a,0x19,0x81,0x10,0xa7,0x23,
  0x3e,0xba,0xf3,0x88,0x1b,0x89,0x81,0x31,0x21,0x15,0x22,0x10,0xa1,0x88,0x9d,0xd9,0xa0,0x0a,0x89,0xb3,
  0x33,0x7c,0x09,0xb2,0xa3,0x54,0x6d,0x99,0xd4,0x81,0x1b,0x9a,0x90,0x28,0x00,0x04,0x52,0x38,0x00,0x92,
  0xa0,0xc8,0x89,0x0e,0xa9,0xb2,0x21,0x3a,0x00,0x31,0x3b,0xf3,0x63,0x5d,0xb8,0xb5,0x18,0x0d,0xa8,0x00,
  0x3b,0x90,0x86,0x31,0x39,0x81,0x02,0x2a,0xca,0xc1,0x89,0x9a,0xb1,0x30,0x5e,0x09,0xa2,0x11,0x3b,0x5c,
  0xb1,0xa7,0x11,0x1e,0xb9,0xb1,0x2a,0x0c,0xa2,0x24,0x58,0x11,0x12,0x38,0x0a,0xf1,0xa1,0x09,0x1b,0x0a,
  0x90,0x92,0x12,0x39,0x89,0x91,0x7f,0xa0,0xa7,0x21,0x1f,0xc9,0xc3,0x18,0x2b,0x90,0x03,0x21,0x12,0x03,
  0x30,0x99,0xe2,0x90,0x2b,0x0d,0x98,0xb3,0x03,0x7a,0x1a,0xc1,0xb4,0x68,0x0a,0xc5,0x82,0x2c,0xaa,0xc1,
  0x08,0x0a,0x92,0x23,0x40,0x03,0x23,0x49,0x89,0x90,0x1c,0xe8,0xb4,0x48,0x2c,0xc0,0x93,0x29,0x0b,0xc2,
  0x72,0x4c,0xb0,0xa5,0x29,0x0d,0xb8,0x92,0x3a,0x09,0x03,0x50,0x00,0xc3,0x08,0x08,0x08,0x08,0x08,0x08,
  0x08,0x08,0x08,0x08,0x88,0x00,0x88,0x00,0x88,0x00,0x08,0x08,0x08,0x08,0x88,0x80,0x80,0x80,0x80,0x80,
  0x00,0x00,0x00,0x00,0x00,0x00,0x00,0x00,0x00,0x00,0x00,0x00,0x00,0x00,0x00,0x00,0x00,0x00,0x00,0x00,
  0x00,0x00,0x00,0x00,0x00,0x00,0x00,0x00,0x00,0x00,0x00,0x00,0x00,0x00,0x00,0x00,0x00,0x00,0x00,0x00,
  0x00,0x00,0x00,0x00,0x00,0x00,0x00,0x00,0x00,0x00,0x00,0x00,0x00,0x00,0x00,0x00,0x00,0x00,0x00,0x00,
  0x00,0x00,0x00,0x00,0x00,0x00,0x00,0x00,0x00,0x00,0x00,0x00,0x00,0x00,0x00,0x00,0x00,0x00,0x00,0x00,
  0x00,0x00,0x00,0x00,0x00,0x00,0x00,0x00,0x00,0x00,0x00,0x00,0x00,0x00,0x00,0x00,0x00,0x00,0x00,0x00,
  0x00,0x00,0x00,0x00,0x00,0x00,0x00,0x00,0x00,0x00,0x00,0x00,0x00,0x00,0x00,0x00,0x00,0x00,0x00,0x00,
  0x00,0x00,0x00,0x00,0x00,0x00,0x00,0x00,0x00,0x00,0x00,0x00,0x00,0x00,0x00,0x00,0x00,0x00,0x00,0x00,
  0x00,0x00,0x00,0x00,0x00,0x00,0x00,0x00,0x00,0x00,0x00,0x00,0x00,0x00,0x00,0x00,0x00,0x00,0x00,0x00,
  0x00,0x00,0x00,0x00,0x00,0x00,0x00,0x00,0x00,0x00,0x00,0x00,0x00,0x00,
};
static constexpr VoiceClip readyClip = {
  readyData, sizeof(readyData), 3147, 8000
};
// "Notification cleared"
static const uint8_t notificationClearedData[] = {
  0x00,0x00,0x00,0x00,0x00,0x00,0x00,0x00,0x00,0x00,0x00,0x00,0x00,0x00,0x00,0x00,0x00,0x00,0x00,0xf0,
  0xff,0xff,0xbf,0x43,0x43,0x22,0x11,0x80,0xa0,0xb9,0xac,0xac,0xaa,0x77,0x20,0x91,0xca,0xba,0xcb,0xa9,
  0x9b,0x88,0x21,0x45,0x33,0x34,0x33,0x13,0x01,0xa8,0xcb,0xdb,0xab,0xbb,0x2a,0x77,0x21,0x98,0xbb,0xdb,
  0xbb,0xa9,0x8b,0x00,0x42,0x26,0x33,0x43,0x22,0x12,0x80,0xa0,0xab,0xad,0xbb,0xc9,0x79,0x16,0x11,0xb9,
  0xcb,0xcb,0x9c,0x9a,0x89,0x11,0x43,0x25,0x43,0x22,0x22,0x01,0x88,0xba,0xbc,0xbb,0xad,0x8a,0x47,0x21,
  0x92,0xeb,0xbb,0xcb,0x9a,0x8a,0x10,0x43,0x54,0x32,0x33,0x22,0x11,0x88,0xab,0xfb,0xaa,0xba,0xaa,0x78,
  0x06,0x02,0x98,0xbc,0xcb,0xbb,0xa9,0x09,0x41,0x42,0x25,0x33,0x34,0x11,0x02,0x90,0xaa,0xdb,0xbb,0xcb,
  0x9b,0x47,0x20,0x90,0xdc,0xb9,0xac,0x0a,0x89,0x32,0x33,0x46,0x22,0x32,0x02,0x02,0xa8,0x8b,0xbd,0xcb,
  0xd9,0xa9,0x77,0x19,0x90,0xe8,0xa0,0x89,0x3a,0x89,0x03,0x84,0x42,0x10,0x20,0xa2,0x10,0x89,0x0c,0xc8,
  0xa8,0xc1,0x2a,0x79,0x97,0xc3,0xf0,0x09,0x89,0x38,0x00,0x30,0x81,0x28,0xc2,0x10,0x82,0x5a,0x80,0xa9,
  0x83,0x0c,0x80,0x0d,0x72,0xd5,0xb2,0xe8,0x19,0x88,0x21,0x82,0x40,0x8a,0x08,0xb1,0x52,0x00,0x28,0xe1,
  0x80,0x98,0x3b,0xb1,0x3a,0x79,0xe4,0xa1,0xc9,0x39,0x89,0x14,0x93,0x48,0x9a,0x08,0x82,0x78,0x80,0x90,
  0xc2,0x0a,0x98,0x88,0x83,0x0c,0x77,0xab,0x91,0xd9,0x30,0x09,0x32,0xc3,0x38,0xaa,0x29,0xa6,0x40,0x90,
  0x8a,0xd2,0x89,0x02,0x0a,0x03,0x2d,0x87,0x9c,0x00,0x9e,0x13,0x00,0x50,0xa9,0x01,0xa8,0x79,0x90,0x10,
  0x91,0x1e,0x90,0x98,0x14,0x8a,0x10,0x96,0x0c,0x99,0xc9,0x13,0x38,0x40,0xc1,0x00,0x09,0x3a,0x84,0x81,
  0x11,0xaf,0x80,0x98,0x60,0x89,0xa0,0x37,0x9c,0x8a,0xd0,0x39,0x12,0x00,0x85,0x8a,0x18,0xa9,0x24,0x92,
  0x19,0xd0,0x9b,0x10,0x8a,0x24,0xe0,0x74,0xb9,0x9a,0xb2,0x3c,0x43,0x98,0x14,0xaa,0x2a,0xb2,0x31,0x16,
  0x8c,0x90,0xe9,0x38,0x88,0x18,0x94,0x26,0x9d,0x9b,0xb1,0x48,0x52,0x88,0x82,0x99,0x2d,0x81,0x11,0x22,
  0x8d,0x9a,0xc8,0x28,0x02,0x90,0x73,0xb7,0xbb,0x01,0x8c,0x42,0x84,0x18,0x88,0xbb,0x13,0x02,0x78,0xb1,
  0xc9,0x80,0xaa,0x22,0x94,0x7a,0x96,0xca,0x19,0xa8,0x20,0x26,0x89,0x18,0xc8,0x29,0x21,0x08,0x02,0xe9,
  0x0b,0x98,0x08,0x25,0x88,0x71,0xc1,0xad,0x01,0x09,0x50,0x83,0x89,0x10,0xbb,0x30,0x06,0x19,0x08,0xeb,
  0x09,0x00,0x19,0x14,0x68,0x92,0xfc,0x09,0x80,0x10,0x24,0x90,0x89,0xa0,0x89,0x53,0x92,0x88,0xb8,0xae,
  0x00,0x82,0x11,0x71,0xa5,0xeb,0x09,0x08,0x10,0x25,0x80,0x0a,0x98,0x99,0x34,0x01,0x99,0xc8,0xdb,0x29,
  0x10,0x92,0x73,0x86,0xeb,0x89,0x00,0x18,0x24,0x92,0x99,0x88,0x99,0x42,0x22,0x9a,0xab,0xeb,0x89,0x32,
  0x00,0x76,0x91,0xcd,0x09,0x00,0x20,0x43,0x91,0x9a,0x09,0x88,0x41,0x03,0xc9,0xaa,0xb9,0x0a,0x52,0x82,
  0x57,0xa0,0xaf,0x09,0x01,0x30,0x33,0xb1,0xaa,0x08,0x89,0x34,0x04,0xab,0x8e,0xaa,0x08,0x51,0x30,0x27,
  0xe8,0x9c,0x88,0x01,0x32,0x24,0xa9,0x98,0x98,0x19,0x53,0x81,0xaa,0xab,0xad,0x18,0x23,0x76,0x81,0xdc,
  0x89,0x08,0x20,0x25,0x81,0x89,0x99,0x9a,0x40,0x22,0xa0,0xa8,0xbd,0x8c,0x11,0x61,0x17,0xb8,0x9d,0x89,
  0x80,0x52,0x12,0x80,0x80,0xba,0x09,0x32,0x10,0x08,0xe9,0xac,0x09,0x80,0x76,0x92,0xda,0x88,0x8a,0x28,
  0x25,0x01,0x10,0xa9,0xab,0x11,0x81,0x32,0x81,0xbe,0x9a,0x9a,0x7a,0x37,0xb9,0x8c,0xb8,0x8a,0x63,0x02,
  0x21,0x01,0xba,0x19,0x89,0x19,0x86,0x98,0x8a,0xba,0x8d,0x73,0xa6,0xa9,0x88,0xbc,0x30,0x23,0x31,0x17,
  0x98,0x00,0x89,0x8c,0x02,0xa0,0x10,0xa0,0x9e,0x88,0x56,0xb9,0x98,0xb9,0x9e,0x11,0x11,0x52,0x23,0x08,
  0x10,0xca,0x08,0xa2,0x29,0x32,0xda,0x98,0x08,0x07,0x9e,0xa8,0xea,0x89,0x81,0x10,0x34,0x02,0x32,0x11,
  0x99,0x13,0xb8,0x38,0x81,0x9e,0x81,0x79,0xb4,0x9b,0xda,0xcc,0x89,0xa8,0x20,0x43,0x11,0x24,0x02,0x10,
  0x11,0x89,0x21,0x98,0x19,0xc1,0x77,0xa8,0x88,0xda,0xac,0x88,0x9b,0x20,0x02,0x41,0x15,0x10,0x22,0x80,
  0x18,0x88,0x90,0x12,0x7c,0x67,0x8c,0x90,0xc9,0x19,0x98,0x19,0x03,0x88,0x33,0x80,0x40,0x82,0x09,0x04,
  0xa9,0x59,0xb8,0x7a,0x07,0x1e,0xa8,0xac,0x22,0xba,0x24,0x91,0x59,0x81,0x19,0x84,0x89,0x31,0xaa,0x29,
  0xb0,0xe0,0x77,0xba,0x81,0xd9,0x19,0xa2,0x49,0x01,0x09,0x04,0x98,0x14,0x98,0x30,0xa9,0x3a,0xd0,0x89,
  0xc2,0x77,0x0c,0x98,0xa9,0x29,0xa8,0x33,0x10,0x58,0x81,0x18,0x93,0x08,0x21,0xac,0x82,0x8d,0x1a,0x4b,
  0x17,0x1e,0xa9,0xbc,0x30,0x0b,0x24,0x83,0x51,0x80,0x29,0x91,0x89,0x93,0xa9,0x49,0x9e,0x08,0x7a,0xb7,
  0x08,0x99,0x9d,0x00,0x08,0x42,0x11,0x30,0xa2,0x88,0x01,0x0d,0x10,0xba,0x00,0xba,0x8c,0x74,0xb6,0x98,
  0xb9,0x8f,0x01,0x10,0x33,0x93,0x21,0xa0,0x0d,0x80,0x8a,0x21,0xc9,0x88,0xd8,0x1b,0x77,0xa8,0xa0,0xa8,
  0x8e,0x01,0x11,0x34,0x09,0x01,0xa8,0x2a,0xa1,0x88,0x22,0xaf,0x90,0xb8,0x7b,0x17,0x8b,0x89,0xdb,0x28,
  0x01,0x40,0x04,0x88,0x01,0xb9,0x10,0x91,0x1a,0xb3,0x9e,0x88,0xba,0x70,0x07,0x9a,0x98,0x9e,0x11,0x01,
  0x51,0x81,0x88,0x00,0x8b,0x21,0xa1,0x49,0xb8,0xbc,0x91,0xbb,0x77,0xa2,0x9a,0xc8,0x8d,0x12,0x01,0x52,
  0x91,0x88,0x81,0x0b,0x12,0xb2,0x48,0xb9,0xbc,0x91,0x8c,0x77,0x98,0x9a,0xc8,0x0b,0x22,0x01,0x44,0x80,
  0x09,0x92,0x09,0x42,0x98,0x10,0xb0,0x8f,0x80,0x1a,0x57,0xb9,0x8b,0xea,0x89,0x22,0x08,0x14,0x91,0x2a,
  0x82,0x10,0x53,0x88,0x01,0xa0,0x1c,0x80,0x79,0x96,0xa9,0xa9,0xcc,0x80,0x80,0x28,0x82,0x98,0x32,0xa8,
  0x02,0x13,0x73,0x11,0x10,0x82,0x09,0x77,0x89,0x88,0xfa,0x00,0x89,0x29,0x88,0x19,0x80,0x88,0x11,0x3a,
  0x4a,0xb0,0x96,0x81,0x59,0x7c,0xc5,0x18,0x88,0x1b,0xa2,0x88,0x01,0x89,0x01,0x98,0x83,0xa0,0x22,0x0a,
  0x50,0xba,0x96,0x80,0x7a,0xf1,0x84,0xb9,0x50,0xb9,0x82,0x91,0x3a,0xa0,0xb2,0x42,0x3f,0x89,0xd2,0x94,
  0x48,0x2c,0xa0,0x80,0xa2,0xc1,0xc4,0x97,0x4c,0x89,0xa1,0x92,0x69,0x0b,0xb1,0x04,0x99,0x82,0xb1,0x7a,
  0x29,0xaa,0xa7,0x80,0x49,0x1b,0x88,0xa1,0x40,0x9a,0x92,0xa0,0x7a,0x99,0xb4,0x83,0x88,0xb0,0xa5,0x78,
  0x2c,0x2a,0xa8,0xb5,0x92,0x39,0x98,0x1b,0xa7,0x4b,0x18,0x1d,0x02,0x8b,0xa6,0xa1,0x30,0x3b,0x1c,0x00,
  0x8a,0x01,0x2a,0xa8,0x41,0x0c,0xd3,0x20,0x89,0x93,0x4f,0x08,0x2b,0xd7,0x01,0x28,0x1d,0xa1,0xa2,0x40,
  0x0d,0x01,0x09,0x08,0x88,0xb4,0xa1,0x83,0x3a,0x1c,0xa1,0x68,0xba,0x85,0xb0,0x72,0x1d,0x80,0xd2,0x11,
  0x19,0x1b,0xc2,0x11,0x08,0x1a,0x80,0x3a,0xe4,0x91,0x11,0xb0,0x81,0x6a,0x5d,0x8a,0x91,0xb2,0x79,0x1a,
  0x09,0xa2,0x10,0x3c,0xd0,0x93,0xc3,0x6b,0xa0,0x38,0xb9,0x01,0x11,0x1b,0x7a,0x2c,0xb1,0xa2,0x68,0xb8,
  0x93,0x8a,0x70,0x8b,0xd3,0xa5,0x29,0x80,0x1a,0xa4,0xa8,0x23,0x2f,0x88,0xb0,0xa6,0x28,0x18,0x8b,0x91,
  0x22,0xab,0x13,0xf8,0x52,0xab,0x20,0x91,0x5b,0xb1,0x5c,0xb0,0x10,0x82,0x0b,0x68,0x9c,0xa7,0xb1,0x31,
  0x0b,0x28,0x88,0x4d,0x59,0xd9,0x82,0x00,0x3a,0xb8,0xa5,0x00,0x4c,0x91,0x1a,0x28,0x9c,0x85,0xb1,0x5b,
  0x80,0x1a,0xc4,0x01,0x28,0x1f,0x80,0x80,0x01,0x1b,0xc0,0x12,0x30,0xf8,0x08,0x94,0x6b,0x1a,0xa9,0x03,
  0xb0,0x68,0x89,0x80,0x91,0x18,0x2e,0x80,0x80,0x01,0x8b,0x93,0x82,0x79,0x2b,0xb8,0x90,0x28,0xaa,0xa2,
  0x07,0x7a,0x10,0x9c,0xd9,0x11,0x61,0xa9,0x00,0xc2,0x01,0x32,0x9d,0x00,0xb8,0x32,0x83,0x2d,0xbb,0x92,
  0x88,0x7a,0x01,0x81,0x81,0x7c,0xa5,0xa9,0x99,0x9c,0x81,0x12,0x33,0x00,0xa2,0xa1,0x38,0x29,0x02,0x90,
  0x0d,0xad,0x98,0x77,0x98,0xac,0xba,0x11,0x50,0x32,0x92,0x92,0x8a,0x0a,0x92,0x14,0x08,0xac,0xea,0x98,
  0x78,0xa7,0xa0,0xa9,0x1c,0x10,0x13,0x06,0x10,0x9a,0xa8,0x80,0x48,0x19,0xc1,0xb1,0x0b,0x3b,0x77,0x89,
  0x9a,0xdb,0x01,0x20,0x42,0x01,0x92,0x98,0x1b,0x8a,0x93,0x83,0x2b,0x9f,0xc9,0x72,0xa5,0x98,0xcb,0x1b,
  0x10,0x24,0x14,0x11,0x99,0xb9,0xa8,0x20,0x38,0x80,0xf1,0x98,0xab,0x77,0x89,0xa0,0xcb,0x08,0x2a,0x24,
  0x23,0x04,0x88,0xa9,0xaa,0x90,0x28,0x01,0x08,0xd8,0x1b,0x77,0x2b,0xbb,0xbc,0xb1,0x79,0x10,0x13,0x94,
  0x11,0x8a,0x99,0xc1,0x11,0x2c,0x88,0xb0,0x71,0xa2,0x19,0xaf,0xa9,0xb9,0x22,0x58,0x33,0x22,0x86,0x18,
  0x89,0x8a,0xd0,0x00,0x1a,0x0a,0x73,0xb2,0x91,0x9f,0xba,0xba,0x91,0x68,0x21,0x33,0x05,0x31,0x1a,0x98,
  0xc8,0x08,0x1e,0x98,0x24,0x29,0xa0,0xcb,0xea,0x9b,0xaa,0x08,0x21,0x35,0x42,0x23,0x12,0x02,0x1a,0xd8,
  0xa0,0xa9,0x53,0x3b,0xc2,0xa8,0xdb,0x8d,0xbb,0x98,0x1a,0x30,0x33,0x27,0x42,0x11,0x01,0x91,0x00,0x9c,
  0x27,0x3a,0xa1,0xb9,0xfb,0xab,0xad,0x99,0x0a,0x10,0x41,0x24,0x34,0x32,0x22,0x02,0x91,0xa9,0x04,0x1e,
  0xb9,0xaa,0xbd,0xbb,0xbc,0xa9,0x09,0x11,0x43,0x25,0x34,0x32,0x23,0x11,0x81,0xa8,0x51,0x9c,0xd1,0x0b,
  0x8a,0xbc,0xcc,0x99,0x99,0x00,0x21,0x43,0x53,0x22,0x23,0x13,0x11,0x98,0x79,0xd2,0x92,0x99,0xcb,0xca,
  0xba,0x8c,0x9a,0x90,0x12,0x34,0x24,0x15,0x33,0x31,0x10,0x91,0xb0,0x27,0x2e,0xa9,0xba,0xbb,0xad,0xbb,
  0x90,0x39,0x50,0x32,0x25,0x33,0x32,0x23,0x82,0x90,0xba,0x7f,0xd0,0x81,0x9a,0xba,0xb9,0xb9,0x2a,0x19,
  0x63,0x15,0x13,0x40,0x88,0x03,0x1e,0x88,0x9a,0xa7,0x28,0x4a,0x9a,0xb2,0x80,0x2d,0xbb,0x93,0x93,0x7b,
  0xd1,0x7d,0xc0,0xa4,0x11,0x2d,0x80,0xc2,0x11,0x98,0x49,0x88,0x1a,0xa8,0x28,0xa0,0x85,0xc8,0x68,0x8a,
  0x90,0x18,0x7f,0xbd,0x97,0x91,0x72,0x2e,0x98,0xe3,0x11,0x2a,0x0a,0xe3,0x02,0x39,0x1c,0xa1,0x91,0x10,
  0x2d,0x6b,0xa8,0x90,0xb7,0x21,0x4d,0x99,0xa2,0x92,0x4a,0x8a,0x08,0x20,0x2c,0xa3,0x49,0xaa,0xf3,0x85,
  0x2c,0xb0,0x93,0x58,0x1b,0x98,0xa4,0x20,0x8b,0xc0,0x42,0x3d,0xb8,0xa5,0x10,0x0a,0xe3,0x83,0x5b,0x1b,
  0xb0,0xa4,0x21,0x1a,0x0a,0x00,0x5a,0x1b,0xf2,0x92,0x10,0x5b,0x89,0xd2,0xb4,0x30,0x3d,0x0a,0xd2,0x93,
  0x28,0x3c,0x0a,0xb1,0xa3,0x21,0x2b,0x19,0xa8,0x30,0x2c,0x8a,0x10,0x1a,0xa6,0x48,0xba,0xb5,0x31,0x3c,
  0x9a,0xf3,0xc3,0x20,0x5b,0x08,0x49,0x2d,0xb8,0xa5,0x00,0x5b,0x8a,0xb2,0xb5,0x01,0x38,0x6c,0x2b,0xd0,
  0xb3,0x01,0x2a,0x1a,0x80,0x82,0x28,0x0a,0x90,0x93,0x4d,0xc9,0xb5,0xb5,0x10,0x88,0x48,0x1d,0xd0,0x94,
  0x28,0x29,0x89,0x90,0xf4,0x93,0x28,0x3d,0x1b,0x18,0x08,0xb2,0xc1,0x03,0x4b,0x3b,0x2b,0xb0,0xa7,0x10,
  0x2c,0xb8,0x33,0x2f,0xb0,0x84,0x29,0x2a,0x3e,0xc8,0xc7,0x82,0x29,0x2a,0x09,0x80,0x98,0xa2,0x42,0x1d,
  0xc1,0xb3,0x82,0x59,0x5d,0x8a,0xd2,0x82,0x80,0x91,0x48,0x2e,0x98,0xb3,0x92,0x91,0x7a,0x3b,0x8a,0xb2,
  0x92,0x81,0x10,0x0a,0xc1,0x03,0x6d,0x1a,0xb0,0xa2,0x90,0xc2,0x93,0xa6,0x69,0x1c,0xb0,0xa5,0x30,0x2b,
  0x8a,0xc2,0xb4,0x93,0x69,0x3d,0x8a,0xc2,0xa3,0x01,0x4a,0x2b,0xa0,0x93,0x80,0xa9,0xa3,0x7a,0x2b,0xa2,
  0x10,0x9a,0xa2,0x5b,0x0a,0x70,0x09,0xd7,0x81,0x1a,0x08,0x29,0xa0,0x94,0x18,0x09,0x18,0x08,0x92,0x28,
  0x09,0x2a,0x2c,0xf1,0x73,0x19,0xf3,0x80,0x8c,0x88,0x18,0x80,0x84,0x10,0x80,0x00,0x18,0x80,0x11,0x08,
  0xd1,0x92,0x8a,0x77,0x4a,0xc8,0xb1,0x0c,0x8a,0x18,0x01,0x03,0x41,0x19,0x90,0x92,0x11,0x38,0x3a,0x99,
  0xf2,0xa1,0x37,0x7a,0x9b,0xe8,0x99,0x98,0x21,0x38,0x02,0x13,0x18,0x08,0x18,0x28,0x20,0x3a,0xe9,0xd2,
  0x69,0xa5,0x23,0x8f,0xda,0x98,0x88,0x21,0x30,0x12,0x12,0x88,0xa0,0x01,0x38,0x20,0xb1,0xe2,0x8a,0x7f,
  0x90,0xb5,0x0a,0x9e,0x98,0x00,0x03,0x42,0x28,0x91,0x80,0x08,0x10,0x10,0xa1,0xa0,0xcb,0xcb,0x74,0x48,
  0xf2,0x99,0x8d,0x88,0x10,0x12,0x14,0x20,0x98,0x90,0x91,0x82,0x48,0x0b,0xe0,0xa0,0x9a,0x27,0x7a,0xba,
  0xb0,0x8c,0x88,0x41,0x30,0x04,0x11,0x09,0x90,0x08,0x90,0x11,0x0c,0xe9,0xa0,0x4c,0xa6,0x22,0x8f,0xc8,
  0x09,0x08,0x22,0x51,0x00,0x92,0x80,0x09,0x1a,0x89,0xa2,0x08,0x8e,0xa9,0x79,0xb4,0x97,0x0b,0xbb,0x80,
  0x39,0x05,0x24,0x28,0xa0,0xa1,0x89,0x09,0x3a,0x9a,0xe4,0x80,0x0c,0x73,0x19,0xf4,0x08,0x0c,0x88,0x20,
  0x11,0x13,0x11,0x99,0xb8,0x0b,0x8a,0x01,0x00,0xb2,0x09,0x9f,0x57,0x6b,0xc9,0xb1,0x1b,0x89,0x42,0x30,
  0x04,0x30,0x8b,0xd0,0xa0,0x09,0x3a,0x0a,0xc4,0x82,0x7b,0xb4,0x22,0x8f,0xc8,0x18,0x09,0x12,0x41,0x81,
  0x94,0x29,0x8d,0xb0,0x81,0x18,0x3a,0x0a,0xd2,0x71,0xa0,0xb5,0x2b,0xbc,0x91,0x38,0x83,0x36,0x28,0xc2,
  0x81,0x0c,0x8b,0xb0,0x92,0x21,0x5b,0xa8,0x37,0x1c,0xf2,0x08,0x0c,0x98,0x21,0x10,0x14,0x30,0x98,0xc1,
  0x89,0x9b,0xa8,0x00,0x00,0x12,0x88,0x77,0x7b,0xba,0xd3,0x19,0x0a,0x11,0x21,0x04,0x31,0x1b,0xf0,0x90,
  0x1a,0x99,0x81,0x28,0x88,0x50,0xb7,0x22,0x0f,0xc8,0x80,0x19,0x11,0x40,0x01,0x03,0x29,0x8d,0xc8,0xa0,
  0x08,0x19,0x91,0x03,0x79,0xc4,0xa6,0x1a,0x9c,0x90,0x00,0x02,0x43,0x20,0x93,0x80,0xab,0xca,0x9a,0x0a,
  0x09,0x32,0x39,0x77,0x39,0xf2,0x88,0x0d,0xa8,0x01,0x11,0x23,0x50,0x80,0x91,0x99,0xab,0xba,0x89,0x00,
  0x51,0x28,0x37,0x7b,0xca,0xd3,0x1a,0x8a,0x20,0x38,0x86,0x13,0x28,0x99,0xd8,0xc0,0x88,0x3b,0x0a,0xa4,
  0x94,0x17,0x5c,0xaa,0xc3,0x88,0x89,0x10,0x18,0x85,0x22,0x39,0x89,0xd0,0xc1,0x19,0x1c,0x98,0xa3,0x12,
  0x26,0x6c,0xb9,0xd3,0x19,0x0b,0x80,0x01,0x04,0x42,0x39,0x98,0xc2,0x98,0x0d,0x9a,0x90,0x81,0x12,0x27,
  0x7a,0xa9,0xd3,0x19,0x8c,0x80,0x10,0x02,0x33,0x40,0x00,0xa0,0xb9,0xac,0xab,0x9a,0x18,0x12,0x77,0x39,
  0xe2,0x92,0x0c,0xa9,0x88,0x08,0x13,0x72,0x20,0x82,0x91,0x98,0x9c,0xab,0xaa,0x89,0x10,0x72,0x84,0x97,
  0x29,0x9c,0xc0,0x09,0x89,0x22,0x60,0x11,0x03,0x11,0x89,0xbb,0xeb,0xc8,0x98,0x28,0x39,0x07,0x41,0x8a,
  0xd2,0x1a,0x9d,0xa0,0x10,0x21,0x33,0x53,0x02,0x93,0x99,0xbc,0xcb,0xab,0xaa,0x28,0x78,0x85,0x97,0x28,
  0x8b,0xc8,0x89,0x9a,0x01,0x51,0x31,0x24,0x12,0x81,0x98,0xad,0xda,0xa9,0x8a,0x88,0x07,0x70,0x09,0xa1,
  0x90,0x9b,0x9a,0x0a,0x81,0x16,0x62,0x20,0x02,0x81,0xa8,0xba,0xad,0x9c,0xa9,0x78,0x18,0x94,0x31,0x0c,
  0xc8,0x98,0xab,0x90,0x48,0x31,0x16,0x33,0x41,0x18,0xb9,0xe8,0xa9,0x8b,0x0c,0xa4,0x62,0x2a,0xc1,0x00,
  0x9b,0x8c,0x8b,0xa0,0x05,0x52,0x31,0x22,0x03,0x82,0x0a,0x9f,0xc9,0xa8,0x7a,0x8a,0xa6,0x01,0x1a,0x89,
  0xaa,0xd1,0x28,0x2d,0x80,0x94,0x84,0x41,0x4b,0x98,0xc3,0x81,0x2a,0x8b,0x87,0x5c,0x99,0xa2,0x88,0x89,
  0x1a,0xc9,0xa5,0x11,0x39,0x29,0x90,0xc6,0x93,0x28,0x4b,0x8a,0xc4,0x82,0xb4,0x79,0x1c,0xb1,0xa1,0x00,
  0x49,0x1d,0xc2,0x21,0x1b,0xa2,0x10,0x19,0x4a,0xc9,0x97,0x6b,0x2a,0x8a,0xb5,0x10,0x90,0x7b,0x8a,0xb2,
  0xb3,0x30,0x2d,0x98,0xa3,0x80,0x02,0x4f,0x99,0xa3,0x00,0x38,0x5f,0x0b,0xe3,0xa3,0x20,0x3c,0x8a,0xd3,
  0x82,0x08,0x08,0x39,0x2d,0xb0,0x84,0x5b,0x8a,0xd3,0xa4,0x38,0x2c,0x98,0xd3,0x02,0x4b,0x1a,0xa0,0xb3,
  0x02,0x2a,0x5b,0x0b,0xc3,0x58,0x3d,0xa9,0xb5,0x82,0x6a,0x0b,0xc2,0xa3,0x20,0x3c,0x3b,0x99,0xd5,0xa3,
  0x10,0x3a,0x2c,0x08,0x89,0xd4,0x93,0x5a,0x2b,0xb8,0xb7,0x11,0x3b,0x2a,0x09,0x88,0xb2,0xa3,0x69,0x2c,
  0x29,0x8a,0x01,0x09,0xb0,0xb7,0x82,0xb0,0xa5,0x30,0x3f,0x99,0xc3,0x82,0x6a,0x0b,0xe3,0xa4,0x38,0x3d,
  0x8a,0xc3,0x82,0x18,0x2a,0x89,0xa2,0x91,0x10,0x5b,0x0a,0x88,0xc3,0x30,0xba,0x05,0x3c,0x89,0xd2,0xc5,
  0xa3,0x48,0x3d,0x8a,0xd4,0xa4,0x38,0x2c,0x89,0xc4,0x82,0x4a,0x2b,0xa8,0xa4,0x38,0x3d,0x89,0xa1,0x92,
  0x80,0x28,0x2b,0x19,0xf2,0xa4,0x38,0x4d,0x0a,0x80,0xb0,0xb7,0x82,0x5a,0x2c,0x98,0x92,0x80,0x00,0x4b,
  0x09,0xb0,0xa5,0x10,0x2a,0x0a,0xf4,0xb3,0x02,0x4b,0xa8,0x11,0x6c,0x0b,0xd3,0x82,0x39,0x2c,0xd0,0xa5,
  0x20,0x3d,0x99,0xb3,0x82,0x6b,0x2b,0xc0,0xa4,0x01,0x4b,0x0a,0xa1,0x92,0x00,0x19,0xc0,0xa5,0x10,0x5b,
  0x0b,0xe4,0xa3,0x20,0x4d,0x0a,0xa1,0x92,0x28,0x3c,0x2b,0xe1,0xa4,0x01,0x5b,0x1b,0xb1,0xb4,0x21,0x3d,
  0x99,0xb3,0x11,0x4d,0x0a,0xb2,0xc3,0x02,0x5c,0x0a,0xc1,0xa4,0x48,0x2c,0x98,0x92,0x18,0x89,0xc3,0x11,
  0x5c,0x1b,0xb1,0xb4,0x21,0x3d,0x1a,0xc0,0xb6,0x01,0x4a,0x0a,0x00,0x2a,0xe1,0xa4,0x10,0x4b,0x8a,0xa2,
  0x92,0x18,0xb8,0x96,0x5a,0x1b,0xd2,0x02,0x5b,0x0b,0xe3,0x83,0x3a,0x1b,0xd2,0xa4,0x28,0x1a,0xa0,0xb3,
  0x81,0x20,0x1d,0x91,0xa1,0xb3,0x81,0x08,0x10,0x3d,0xc8,0xa6,0x48,0x0b,0x92,0x1a,0xd3,0x82,0x39,0x3e,
  0x0a,0x91,0x7a,0x9a,0xc5,0x31,0x1d,0xc1,0xa4,0x48,0x2d,0xb0,0xa4,0x20,0x3c,0x99,0xb3,0x82,0x5b,0x0a,
  0x90,0x92,0x7a,0x1b,0xb1,0xa4,0x69,0x3d,0x89,0xb2,0x11,0x3b,0x99,0xb3,0x41,0x2f,0x09,0x80,0x00,0x3a,
  0xf0,0xa4,0x38,0x2d,0x98,0xa3,0x00,0x18,0x99,0x83,0x6d,0x2b,0xa8,0xb4,0x21,0x4d,0x1b,0xd1,0xa5,0x10,
  0x4b,0x0a,0xc2,0xb3,0x11,0x4b,0x2b,0xa8,0xa4,0x10,0x4b,0x0b,0xd3,0x82,0x80,0x88,0xc3,0x31,0x5f,0x8a,
  0xa1,0xc3,0x82,0x49,0x1b,0xc3,0x01,0x2a,0x2d,0xa8,0xa3,0x01,0x5b,0x0a,0xc2,0xa4,0x20,0x4c,0x1a,0xa0,
  0xa3,0x20,0x3c,0x0b,0xc2,0xb3,0x10,0x2b,0x17,0x3a,0x9a,0x9e,0xc0,0x08,0x01,0x48,0x38,0x3a,0x90,0x11,
  0x09,0x28,0xa2,0x87,0x00,0x3b,0x8d,0xa8,0xa0,0x90,0x09,0x79,0x27,0xc4,0xe8,0x89,0x8a,0x10,0x82,0x33,
  0x1a,0x28,0x08,0x16,0x02,0x11,0x9b,0xa9,0xea,0x81,0x1a,0x3b,0x9d,0x90,0xb8,0x77,0x31,0x9a,0xbf,0xb0,
  0x00,0x32,0x48,0x10,0x99,0x81,0x10,0x24,0x00,0x93,0xbb,0xb0,0xbb,0x22,0x2f,0x3b,0x9e,0xc2,0x11,0x57,
  0x18,0x9a,0xaf,0x99,0x80,0x05,0x20,0x10,0x8a,0x92,0xa2,0x16,0x19,0x00,0xab,0x90,0x9a,0x30,0x1d,0x1a,
  0xfa,0xa2,0x01,0x77,0x08,0x98,0x9d,0x89,0x89,0x13,0x11,0x21,0x99,0x11,0xa2,0x27,0x28,0x3b,0xbb,0xd0,
  0xc3,0x00,0x19,0x1d,0x99,0xa0,0x93,0x77,0x10,0x09,0xdc,0xa8,0x88,0x48,0x18,0x10,0x91,0x02,0x03,0x22,
  0x14,0x09,0xa8,0xdb,0xa0,0x9b,0x0b,0xac,0x09,0x89,0x20,0x71,0x77,0x83,0xc8,0x9c,0x8b,0x0a,0x01,0x81,
  0x13,0x38,0x71,0x21,0x13,0x82,0x00,0x8a,0x9b,0xdb,0xca,0xc9,0x9a,0x89,0x09,0x20,0x70,0x77,0x81,0x90,
  0xcb,0xaa,0x8a,0x80,0x00,0x21,0x33,0x36,0x32,0x12,0x82,0x80,0xa8,0xac,0xac,0xbc,0xba,0xaa,0x89,0x19,
  0x38,0x70,0x77,0x05,0x98,0xbb,0x9a,0x9a,0x90,0x98,0x18,0x43,0x54,0x22,0x12,0x11,0x01,0x80,0xaa,0xcc,
  0xba,0xba,0xbb,0xbc,0x9a,0x18,0x32,0x77,0x37,0x01,0xb9,0xad,0x9a,0x89,0x98,0x99,0x28,0x44,0x24,0x23,
  0x11,0x12,0x21,0x88,0xeb,0xbb,0xbb,0xbb,0xca,0xaa,0x09,0x40,0x43,0x74,0x37,0x01,0xc9,0xcb,0xa9,0x88,
  0x98,0x9a,0x18,0x54,0x33,0x22,0x11,0x22,0x22,0xa1,0xfb,0xab,0xab,0xb9,0xab,0x9d,0x89,0x22,0x43,0x71,
  0x57,0x11,0xa9,0xcb,0xaa,0x99,0x98,0xaa,0x19,0x54,0x43,0x22,0x02,0x12,0x22,0x80,0xdb,0xcb,0xab,0xa9,
  0xaa,0x9c,0x99,0x21,0x42,0x22,0x74,0x57,0x01,0xb9,0xdb,0x99,0x89,0xa8,0x99,0x10,0x44,0x24,0x22,0x11,
  0x21,0x11,0xa0,0xdb,0xcb,0xaa,0x9a,0xba,0xab,0x88,0x42,0x43,0x12,0x74,0x57,0x01,0xaa,0xcb,0xaa,0x89,
  0x99,0x9a,0x18,0x54,0x34,0x22,0x10,0x21,0x22,0x81,0xeb,0xbb,0xab,0x99,0xca,0xbb,0x99,0x41,0x23,0x12,
  0x71,0x67,0x12,0xa8,0xbc,0xab,0x9a,0x99,0xab,0x09,0x73,0x34,0x23,0x12,0x22,0x32,0x01,0xda,0xbc,0xba,
  0x99,0xba,0xac,0x9b,0x20,0x42,0x11,0x18,0x77,0x27,0x80,0xba,0xcb,0x9a,0x99,0xaa,0x8a,0x30,0x46,0x33,
  0x13,0x22,0x33,0x23,0x90,0xdc,0xba,0xaa,0xab,0xdb,0xba,0x09,0x10,0x11,0x81,0x72,0x77,0x13,0xa8,0xdb,
  0xba,0xaa,0x9a,0x89,0x18,0x32,0x36,0x34,0x33,0x33,0x33,0x12,0x80,0xba,0xdc,0xbb,0xbc,0xbc,0xba,0xaa,
  0x98,0x18,0x80,0x77,0x16,0x82,0xa8,0xaa,0xbc,0xaa,0xab,0x98,0x18,0x42,0x53,0x34,0x33,0x34,0x22,0x13,
  0x00,0xa8,0xb9,0xbc,0xae,0xcb,0xca,0xaa,0xaa,0x9a,0xb8,0x77,0x33,0x03,0xa9,0xac,0xac,0xba,0xaa,0x89,
  0x09,0x32,0x63,0x43,0x24,0x33,0x24,0x22,0x21,0x00,0x98,0xbb,0xbd,0xcc,0xcb,0xab,0xac,0xaa,0x9a,0x71,
  0x27,0x00,0x98,0xa9,0xaa,0x9a,0xaa,0x89,0x18,0x41,0x42,0x34,0x34,0x43,0x32,0x23,0x13,0x02,0x90,0xaa,
  0xbe,0xcc,0xcb,0xbb,0xcb,0xba,0xba,0x70,0x01,0x02,0x08,0x08,0x90,0x01,0x11,0x32,0x53,0x23,0x25,0x32,
  0x28,0x02,0x82,0x88,0xbc,0xfa,0xc9,0xaa,0x9c,0xab,0x9b,0xaa,0xa0,0x03,0x53,0x70,0x67,0x01,0x80,0x99,
  0xa9,0xba,0xba,0xaa,0x8a,0x08,0x21,0x25,0x35,0x42,0x32,0x42,0x21,0x20,0xa0,0xb0,0xbc,0xad,0xbc,0xca,
  0xc9,0x99,0x0a,0x1a,0x67,0x29,0x00,0x00,0x88,0x98,0xa0,0x80,0x0a,0x88,0x01,0x21,0x31,0x30,0x32,0x15,
  0xb7,0x12,0xaf,0x31,0xf3,0x10,0x02,0x1a,0xc9,0x2c,0xf8,0xb9,0x81,0x90,0x24,0x29,0x33,0x1a,0x70,0x85,
  0x88,0x04,0xa9,0xba,0x80,0x09,0xb9,0xd9,0x88,0x40,0xcc,0x03,0x91,0x27,0xbb,0x35,0x18,0xc0,0xaa,0x0b,
  0xbe,0x38,0x17,0xa1,0x59,0x01,0xc8,0x50,0x11,0x8a,0xd8,0x08,0xa8,0xab,0x89,0xa0,0x69,0x94,0x0a,0x47,
  0xa5,0x1e,0x35,0xd9,0xbb,0x43,0x13,0xbc,0x8c,0x33,0x13,0xbe,0x28,0x14,0x93,0xbf,0x41,0x02,0xea,0x8a,
  0x73,0xa0,0x0d,0x32,0x92,0xbb,0x8b,0x72,0x81,0x99,0x92,0xa8,0x0a,0x42,0x82,0xb8,0x8c,0x73,0x91,0xcd,
  0x38,0x15,0xa9,0xab,0x60,0x23,0xc9,0x9b,0x11,0x12,0x90,0xab,0x32,0xa3,0xad,0x38,0x27,0xc9,0x0a,0x32,
  0x13,0xfb,0x9c,0x32,0x82,0x29,0xa0,0xbf,0x40,0x24,0xa9,0x8a,0xa0,0x29,0x57,0xb8,0x9c,0x28,0x43,0x91,
  0xae,0x21,0x83,0xb9,0x8c,0x32,0x82,0xbb,0x30,0x42,0x01,0xcd,0x38,0x07,0xba,0x0a,0x21,0x02,0xcc,0x39,
  0x35,0xc0,0x8c,0x13,0x98,0x10,0xab,0x1a,0x55,0xa1,0x9c,0x80,0x51,0x91,0xac,0x38,0x15,0xb8,0x9b,0x30,
  0x83,0x98,0xb5,0x9e,0x73,0x88,0x0b,0x81,0x88,0x02,0x0a,0x42,0xea,0xa0,0x22,0x11,0x0d,0xa1,0x10,0x07,
  0xad,0x12,0x01,0x9c,0x49,0x93,0x9a,0x02,0xa0,0x1b,0x22,0x32,0xcf,0x41,0xc1,0x82,0x0b,0x79,0xb8,0x88,
  0x23,0x0a,0x9b,0x06,0xa3,0x1e,0x39,0xa9,0x02,0xb3,0x89,0x69,0x92,0x8c,0x88,0x89,0x17,0x8a,0x3a,0x04,
  0xcd,0x61,0x89,0x19,0xb1,0x10,0x20,0x8c,0xb2,0x60,0x92,0x8f,0x22,0xb8,0x88,0x19,0x07,0x9c,0x40,0x81,
  0xaa,0x10,0x13,0x8e,0x4a,0xb3,0xba,0x71,0xb3,0x0c,0x40,0x99,0x08,0x92,0x2b,0x13,0x8f,0x23,0xea,0x00,
  0x12,0x0c,0x11,0xc0,0x10,0xb1,0x49,0xb0,0x19,0x32,0xab,0x93,0x7d,0xc0,0x18,0x22,0xab,0x4b,0x91,0xa6,
  0x0a,0x20,0x0a,0x19,0xb1,0x82,0x97,0x1f,0x30,0xc0,0x98,0x63,0xaa,0x1b,0x17,0xba,0x00,0x95,0x0a,0x20,
  0xa0,0x98,0x80,0x61,0x9a,0x80,0x23,0xcb,0x99,0x07,0x88,0x1b,0x32,0xfa,0x20,0x92,0x8b,0x12,0x19,0x0a,
  0xa3,0xdb,0x87,0xa1,0x5b,0x39,0xbb,0x04,0xc3,0x88,0x30,0xb2,0x1d,0x08,0x9a,0x87,0x09,0x39,0xa3,0x9d,
  0x59,0x10,0x90,0x0e,0x14,0xd8,0x00,0x08,0x11,0x8f,0x21,0x91,0x0a,0x92,0x82,0xc9,0x38,0x16,0x0f,0x88,
  0x94,0x8b,0x42,0xb9,0x11,0xb0,0x31,0x1b,0x2b,0x85,0xa9,0x32,0xa9,0x49,0x9f,0x38,0xd1,0x30,0xd2,0x82,
  0x09,0x10,0x8a,0x01,0xb0,0x77,0x9b,0x28,0xb8,0x1a,0x00,0xa0,0x10,0x13,0x89,0x32,0xa2,0x10,0x41,0x0b,
  0xa0,0xb4,0xa8,0x7d,0x77,0xc8,0x89,0xa8,0x9b,0x38,0x11,0x11,0x33,0x03,0x00,0x31,0x08,0x0b,0xa2,0xe2,
  0x9a,0x0a,0x77,0x07,0xbb,0xa9,0xb9,0x9b,0x48,0x23,0x12,0x25,0x02,0x80,0x19,0x88,0xa9,0x88,0x00,0xab,
  0x7b,0x77,0xc0,0x9a,0x99,0xab,0x19,0x23,0x32,0x63,0x23,0x91,0x81,0x80,0xab,0x8b,0x98,0xe9,0x90,0x67,
  0x81,0xac,0xa9,0xda,0x9a,0x31,0x11,0x43,0x25,0x02,0x18,0x91,0xba,0x99,0xa8,0x9c,0x09,0x78,0x17,0xc0,
  0x9b,0xaa,0xad,0x18,0x23,0x32,0x55,0x11,0x08,0x81,0xb9,0x8b,0x99,0xca,0x80,0xa1,0x77,0x01,0xac,0xa8,
  0xd9,0x0a,0x20,0x00,0x34,0x15,0x20,0x20,0xb8,0xb8,0xa0,0x9c,0x0b,0x98,0x89,0x77,0xa2,0x8c,0xa8,0xbd,
  0x08,0x11,0x40,0x25,0x12,0x22,0x80,0x9b,0xca,0xcb,0x99,0x98,0x19,0x70,0x07,0xa8,0x08,0xbc,0x9c,0x01,
  0x10,0x54,0x21,0x21,0x92,0x89,0x9a,0xbd,0xa8,0xa8,0x29,0x38,0x7a,0x27,0xa9,0x09,0xcd,0x8a,0x91,0x20,
  0x44,0x21,0x33,0xa1,0x90,0xba,0x9f,0x99,0x9a,0x01,0x00,0x70,0x07,0x89,0x88,0xad,0x89,0x98,0x41,0x22,
  0x42,0x13,0x80,0x90,0xbc,0xaa,0xcb,0x88,0x08,0x48,0x71,0x87,0x88,0x98,0x9d,0x99,0x98,0x23,0x42,0x51,
  0x02,0x81,0x98,0x8c,0xbb,0xba,0xa1,0x38,0x40,0x50,0x27,0x09,0x88,0xbf,0xa8,0x99,0x22,0x41,0x53,0x02,
  0x03,0x99,0xaa,0xbd,0xaa,0xa9,0x20,0x20,0x15,0x75,0x91,0x80,0xea,0x8a,0x9b,0x18,0x12,0x54,0x22,0x21,
  0x92,0xb9,0xeb,0x9a,0x9b,0x88,0x10,0x53,0x58,0x87,0x28,0x9a,0x8e,0xc9,0x80,0x10,0x68,0x01,0x13,0x81,
  0x10,0x8e,0xa9,0xa9,0x88,0x3a,0x18,0x84,0x45,0x92,0x11,0x9e,0xba,0xbb,0x80,0x59,0x32,0x34,0x05,0x11,
  0x0a,0xab,0xeb,0xa8,0x09,0x19,0x20,0x84,0x75,0x1a,0xb2,0xa9,0xba,0x1e,0xa9,0x84,0x22,0x53,0x20,0x81,
  0x90,0xc9,0x8b,0x8e,0xa8,0x00,0x11,0x31,0x74,0x19,0xe3,0x80,0x8c,0x8b,0xa8,0x84,0x51,0x38,0x12,0xa3,
  0x92,0x0c,0xac,0xaa,0x99,0x80,0x21,0x52,0x78,0xb2,0xa7,0x29,0x8d,0xa9,0xa0,0x82,0x60,0x20,0x12,0x02,
  0x91,0xa8,0xac,0xbb,0xba,0x98,0x12,0x62,0x11,0x27,0x79,0x8b,0xf1,0x88,0x0a,0x08,0x00,0x04,0x33,0x58,
  0x80,0xa1,0xc8,0xb8,0x0b,0x0f,0x90,0x82,0x21,0x70,0x90,0xb6,0x10,0x8d,0xa8,0x90,0x80,0x22,0x60,0x10,
  0x83,0x82,0x0a,0xac,0xd9,0xa8,0x09,0x39,0x38,0x02,0x47,0x39,0xe0,0xb2,0x1c,0xbb,0xa1,0x21,0x21,0x35,
  0x52,0x81,0x92,0x8a,0xbc,0xba,0x8c,0x0a,0x18,0x03,0x87,0x64,0x4b,0xc8,0xb3,0x2b,0x8e,0xa1,0x10,0x20,
  0x13,0x43,0x10,0xb1,0xc1,0x9a,0x8e,0xb9,0x80,0x39,0x28,0x84,0x73,0x80,0xb6,0x28,0x8f,0xc0,0x81,0x19,
  0x10,0x12,0x13,0x32,0x18,0xb9,0xf8,0xa9,0x8b,0x9b,0xa1,0x13,0x41,0x03,0x47,0x7a,0x9a,0xd2,0x19,0x8c,
  0xa1,0x21,0x38,0x13,0x52,0x08,0xb1,0xa0,0x9c,0xbb,0x99,0x3b,0x89,0x87,0x32,0x19,0x27,0x7b,0xaa,0xd4,
  0x29,0x8c,0xa1,0x21,0x38,0x11,0x03,0x93,0x18,0x9c,0xe9,0xa8,0x09,0x1b,0x90,0x86,0x20,0x00,0x65,0x1b,
  0xd5,0x28,0x8d,0xb1,0x10,0x2a,0x01,0x22,0x21,0x20,0xa0,0xb0,0x0d,0xac,0xb8,0x08,0x3a,0x00,0x96,0x33,
  0x7b,0xa7,0x30,0x8e,0xd2,0x08,0x99,0x82,0x38,0x10,0x13,0x02,0x10,0xaa,0xf0,0x89,0x8b,0x99,0x80,0x02,
  0x22,0x32,0x41,0x79,0xc7,0x13,0x0f,0xd0,0x10,0x0a,0x91,0x02,0x21,0x30,0xa1,0x82,0x0c,0xc9,0x99,0x9a,
  0x80,0x39,0x01,0x52,0x18,0x83,0x01,0x77,0x2b,0xf3,0x2a,0x8f,0x91,0x28,0x08,0x12,0x11,0x21,0x89,0xa0,
  0x8d,0xc9,0x08,0x0a,0x01,0x11,0x22,0x01,0x84,0x3b,0xf0,0x37,0x1f,0xe2,0x28,0xab,0x93,0x29,0x01,0x22,
  0x12,0x20,0xd0,0x08,0x9d,0xa0,0x0a,0x91,0x20,0x82,0x60,0x88,0x02,0x0b,0xc2,0x71,0xf3,0x84,0x0f,0xb0,
  0x20,0x0a,0x12,0x11,0x21,0x90,0x10,0x8d,0xa0,0x1b,0xb8,0x10,0x88,0x22,0x80,0x32,0x0b,0x83,0x0c,0xe4,
  0x77,0x9a,0xb5,0x1d,0xc0,0x20,0x09,0x22,0x00,0x21,0xa8,0x10,0xad,0x92,0x0c,0xa2,0x39,0xa0,0x30,0xa0,
  0x28,0x91,0x6a,0xc2,0x40,0x99,0x77,0x0c,0xd2,0x1a,0xb8,0x31,0x88,0x24,0x00,0x20,0xc9,0x10,0xbb,0x84,
  0x0b,0xa3,0x2a,0xa8,0x88,0x11,0x09,0x07,0x19,0xb3,0x39,0x98,0x77,0x0a,0xd7,0x1c,0xc0,0x30,0x90,0x23,
  0x00,0x08,0xa0,0x1c,0xb1,0x5a,0xb1,0x38,0xc8,0x18,0xa8,0x38,0xa1,0x40,0xc1,0x48,0xb8,0x30,0x71,0xa7,
  0x39,0xfd,0x10,0x9a,0x23,0x08,0x13,0x89,0x80,0x9a,0x20,0x80,0x48,0xd8,0x29,0xca,0x20,0x99,0x41,0xa0,
  0x89,0x10,0x09,0x27,0x1a,0x03,0x77,0xca,0xa3,0xaf,0x82,0x2a,0x05,0x19,0x82,0x0a,0x90,0x80,0x21,0xa8,
  0x31,0xfb,0x18,0xba,0x41,0xa8,0x22,0xb8,0x11,0xa8,0x20,0x83,0x3a,0x33,0x77,0xf2,0x81,0xdf,0x12,0x0b,
  0x15,0x0a,0x02,0x0b,0x91,0x28,0x80,0x82,0x8b,0xb2,0x0e,0xa3,0x3b,0xa4,0x3b,0xc2,0x3a,0xa1,0x20,0x80,
  0x91,0x09,0x77,0xb7,0x3a,0xfb,0x3a,0xb1,0x70,0x90,0x28,0xb0,0x29,0x81,0x18,0x02,0xba,0x20,0xeb,0x31,
  0xb8,0x40,0xc0,0x19,0x90,0x19,0x03,0x89,0x23,0xdb,0x31,0x77,0xe3,0x19,0xf9,0x29,0x91,0x48,0xa2,0x29,
  0xa0,0x1a,0x02,0x28,0x01,0xb0,0x0c,0xb1,0x1c,0x86,0x0b,0x94,0x9b,0x03,0x8b,0x33,0x9a,0x21,0xa8,0x19,
  0x73,0x77,0xba,0x92,0xbf,0x22,0x9a,0x26,0x99,0x20,0xb9,0x30,0x81,0x20,0x01,0xcb,0x28,0xda,0x58,0xb0,
  0x38,0xc0,0x2a,0xb2,0x3a,0x93,0x19,0x82,0x89,0x28,0x71,0x77,0xba,0x82,0xcf,0x21,0x99,0x53,0xa8,0x20,
  0xb9,0x30,0x91,0x22,0x80,0x98,0x0d,0xb1,0x2c,0x94,0x1c,0x93,0x0f,0x82,0x0b,0x13,0x8b,0x04,0x8a,0x02,
  0x7a,0x27,0xac,0x82,0xaf,0x21,0xa9,0x53,0xa8,0x30,0xc8,0x38,0x90,0x20,0x81,0x98,0x09,0xb8,0x2b,0x95,
  0x1d,0x93,0x8e,0x03,0x8c,0x13,0x9b,0x24,0xaa,0x22,0x09,0x77,0xd0,0x10,0xfb,0x28,0xa0,0x40,0xa2,0x29,
  0xa2,0x2b,0x82,0x89,0x23,0xb8,0x29,0xd1,0x1d,0x93,0x0d,0x03,0x9c,0x13,0x9c,0x22,0xa9,0x32,0x99,0x10,
  0x02,0x77,0xc4,0x1a,0xf9,0x2a,0xa1,0x49,0x93,0x29,0xa3,0x1b,0x83,0x19,0x12,0x80,0x9b,0xa1,0xaf,0x03,
  0x9c,0x14,0x9d,0x02,0x9b,0x23,0x8a,0x24,0x09,0x01,0x18,0x75,0x87,0x1d,0xd1,0x0c,0x92,0x2a,0x85,0x09,
  0x83,0x8a,0x02,0x88,0x11,0x00,0x9b,0x83,0xaf,0x03,0x9c,0x13,0xbb,0x24,0xab,0x32,0x89,0x30,0x81,0x19,
  0x84,0x71,0x27,0x1f,0xf1,0x1b,0xa2,0x4a,0x82,0x29,0xa3,0x19,0x81,0x00,0x08,0xa3,0x1d,0xd3,0x1c,0xa2,
  0x3c,0xb2,0x4b,0xc1,0x39,0xa0,0x40,0xa0,0x22,0x89,0x82,0x77,0xd1,0x38,0xfb,0x28,0xb9,0x41,0xb0,0x42,
  0x98,0x20,0x89,0x00,0x19,0xa8,0x40,0xd9,0x30,0xca,0x31,0xda,0x31,0xaa,0x22,0x9a,0x13,0x0a,0x92,0x30,
  0x8a,0x77,0xd1,0x06,0x9f,0x82,0x8b,0x03,0x0b,0x06,0x09,0x02,0x1a,0x81,0x09,0x88,0x81,0x0b,0xa3,0x0e,
  0xa3,0x1d,0xb3,0x3b,0xc3,0x4a,0xb2,0x38,0xb1,0x30,0x72,0x97,0x49,0xf8,0x2a,0xe8,0x38,0xa8,0x50,0x98,
  0x31,0x98,0x11,0x98,0x18,0x89,0x89,0x80,0x8b,0x83,0x8d,0x03,0x0e,0x02,0x0c,0x93,0x0a,0x94,0x2a,0x21,
  0x57,0x1b,0xa6,0x0d,0xc2,0x1b,0xc2,0x3a,0xa2,0x58,0x91,0x30,0x91,0x20,0x98,0x00,0x89,0xa9,0x18,0xdb,
  0x12,0xac,0x13,0x8e,0x02,0x8c,0x03,0x0c,0x93,0x46,0x89,0x04,0x9d,0xa2,0x8e,0x91,0x1b,0x82,0x29,0x85,
  0x48,0x81,0x21,0x90,0x08,0xa9,0x99,0xa9,0x1b,0x98,0x29,0x93,0x58,0x92,0x39,0xd1,0x19,0xe8,0x67,0x99,
  0x13,0x9c,0x90,0x9e,0x98,0x0c,0x80,0x18,0x13,0x42,0x14,0x31,0x02,0x08,0xa0,0xaa,0xca,0x9c,0x99,0x89,
  0x81,0x11,0x12,0x30,0x81,0x18,0xdb,0x73,0x97,0x15,0xab,0x98,0xaf,0xa8,0xab,0x80,0x19,0x42,0x32,0x26,
  0x11,0x25,0x00,0x14,0x08,0x20,0xcc,0x08,0xce,0xa8,0xaa,0x98,0x80,0x49,0x01,0x41,0x42,0x13,0x07,0x21,
  0xb1,0xeb,0x54,0x9d,0xa3,0x89,0xa2,0x4d,0x99,0xd3,0x93,0x18,0x4c,0x09,0xa2,0xb3,0x32,0x2a,0x91,0xbb,
  0x7e,0xaa,0xc7,0x93,0x5b,0x09,0x0b,0xb7,0x20,0x09,0x1c,0x11,0x80,0xc7,0x02,0x2c,0x2a,0x99,0x81,0xa0,
  0x11,0x9d,0x97,0x39,0x19,0x82,0x90,0xe0,0x51,0x2e,0x99,0xc2,0x02,0x00,0x08,0xa8,0x49,0x08,0xa6,0x2a,
  0x9a,0x03,0x49,0x4e,0xb8,0xb3,0x20,0xa0,0xa4,0x6a,0x2e,0x88,0xa2,0x18,0x90,0x59,0x2a,0x0a,0xe1,0x11,
  0x90,0xb2,0xa3,0x88,0x58,0x3a,0x4e,0x1c,0x00,0x88,0xb3,0xd0,0x83,0x80,0x00,0x88,0x00,0x88,0x80,0x00,
  0x08,0x88,0x80,0x00,0x08,0x88,0x80,0x00,0x08,0x88,0x00,0x88,0x00,0x88,0x80,0x80,0x80,0x80,0x00,0x08,
  0x08,0x08,0x08,0x08,0x09,0x00,0x00,0x00,0x00,0x00,0x00,0x00,0x00,0x00,0x00,0x00,0x00,0x00,0x00,0x00,
  0x00,0x00,0x00,0x00,0x00,0x00,0x00,0x00,0x00,0x00,0x00,0x00,0x00,0x00,0x00,0x00,0x00,0x00,0x00,0x00,
  0x00,0x00,0x00,0x00,0x00,0x00,0x00,0x00,0x00,0x00,0x00,0x00,0x00,0x00,0x00,0x00,0x00,0x00,0x00,0x00,
  0x00,0x00,0x00,0x00,0x00,0x00,0x00,0x00,0x00,0x00,0x00,0x00,0x00,0x00,0x00,0x00,0x00,0x00,0x00,0x00,
  0x00,0x00,0x00,0x00,0x00,0x00,0x00,0x00,0x00,0x00,0x00,0x00,0x00,0x00,0x00,0x00,0x00,0x00,0x00,0x00,
  0x00,0x00,0x00,0x00,0x00,0x00,0x00,0x00,0x00,0x00,0x00,0x00,0x00,0x00,0x00,0x00,0x00,0x00,0x00,0x00,
  0x00,0x00,0x00,0x00,0x00,0x00,0x00,0x00,0x00,0x00,0x00,0x00,0x00,0x00,0x00,0x00,0x00,0x00,0x00,0x00,
  0x00,0x00,0x00,0x00,0x00,0x00,0x00,0x00,0x00,0x00,0x00,0x00,0x00,0x00,0x00,0x00,0x00,0x00,0x00,0x00,
  0x00,0x00,0x00,0x00,0x00,0x00,0x00,0x00,0x00,0x00,0x00,0x00,
};
static constexpr VoiceClip notificationClearedClip = {
  notificationClearedData, sizeof(notificationClearedData), 10984, 8000
};
// "Advert queued"
static const uint8_t advertQueuedData[] = {
  0x01,0xb0,0x21,0x81,0x18,0x11,0x8b,0xb5,0xb4,0x80,0xd1,0x74,0xf9,0x00,0xb0,0x10,0x81,0x0a,0x48,0x19,
  0x28,0x81,0x20,0x49,0x0a,0xc1,0xb3,0x00,0x2c,0x9a,0xf1,0x77,0xb9,0x88,0xa0,0x0a,0x28,0x00,0x10,0x22,
  0x20,0x28,0x24,0x98,0x18,0xb0,0xcb,0x88,0x1e,0x0b,0x7b,0x77,0xba,0x19,0xc9,0x89,0x12,0x11,0x20,0x23,
  0x81,0x10,0x13,0xaa,0x0b,0xc9,0xcc,0x89,0x89,0xab,0x77,0xb7,0x8b,0x91,0xab,0x30,0x33,0x01,0x43,0x13,
  0xaa,0x21,0xb8,0x9d,0x80,0xca,0x8a,0x88,0xb8,0x77,0x97,0x8d,0x81,0xaa,0x20,0x12,0x01,0x31,0x03,0xab,
  0x11,0xd9,0x9b,0x00,0xa8,0x0a,0x33,0x9a,0x77,0xb7,0x0d,0x91,0xaa,0x22,0x12,0x10,0x42,0x91,0x9b,0x11,
  0xcc,0x19,0x81,0xaa,0x20,0x92,0x4c,0x77,0xc9,0x2a,0xa0,0x8c,0x23,0x01,0x20,0x33,0xd8,0x1a,0xa1,0xac,
  0x20,0xa0,0x89,0x22,0xb1,0x74,0x87,0x9e,0x01,0xba,0x20,0x13,0x10,0x32,0x93,0xad,0x11,0xdb,0x19,0x92,
  0x89,0x21,0x81,0x7a,0x17,0xbd,0x38,0xd9,0x29,0x13,0x18,0x21,0x03,0xac,0x18,0xd9,0x0a,0x83,0x99,0x21,
  0x81,0x3a,0x77,0xf8,0x19,0xa1,0x0c,0x23,0x08,0x21,0x02,0xb9,0x1a,0xb0,0x8f,0x21,0xa9,0x20,0x82,0x3a,
  0x77,0xd9,0x19,0xa0,0x0c,0x33,0x88,0x32,0x01,0xb9,0x0a,0xb0,0x9f,0x22,0xa9,0x40,0x91,0x3a,0x67,0xda,
  0x19,0xb1,0x0b,0x15,0x80,0x21,0x82,0xa9,0x09,0xb0,0x9d,0x23,0xba,0x50,0x91,0x69,0x87,0xcb,0x20,0xd9,
  0x28,0x12,0x19,0x22,0x91,0xaa,0x00,0xda,0x2b,0x03,0x9c,0x43,0xb8,0x72,0xa6,0x9d,0x02,0xbb,0x41,0x82,
  0x28,0x13,0xa8,0x89,0x98,0xcc,0x38,0xa1,0x3b,0x05,0x1a,0x67,0xda,0x18,0xb0,0x1b,0x15,0x89,0x23,0x91,
  0x89,0x98,0xb8,0x0a,0x01,0xab,0x53,0xb8,0x73,0x97,0x8e,0x02,0xac,0x41,0x90,0x20,0x83,0x89,0x88,0xa8,
  0xaa,0x30,0xb8,0x58,0xa3,0x3c,0x57,0xeb,0x28,0xc0,0x2a,0x13,0x0a,0x24,0x98,0x88,0x90,0xba,0x18,0x91,
  0x0b,0x16,0xc9,0x73,0xb4,0x8e,0x02,0xac,0x32,0xa0,0x41,0x82,0x0a,0x80,0xaa,0x0a,0x01,0xaa,0x63,0xc0,
  0x58,0x07,0x9d,0x01,0xbb,0x42,0x80,0x48,0x82,0x99,0x00,0xb9,0x8a,0x02,0xaa,0x44,0xb8,0x79,0x87,0xbb,
  0x21,0xeb,0x38,0x93,0x39,0x05,0x99,0x10,0xaa,0x0a,0x00,0x9a,0x42,0xa8,0x69,0x17,0xcb,0x28,0xe9,0x29,
  0x83,0x19,0x15,0x89,0x01,0xa9,0x9a,0x80,0xa9,0x42,0xa8,0x48,0x46,0xd8,0x2b,0xd0,0x1c,0x03,0x19,0x15,
  0x88,0x01,0xa9,0x99,0x99,0x98,0x30,0xa1,0x48,0x75,0xb2,0x8e,0x91,0x8e,0x12,0x09,0x43,0x88,0x01,0x99,
  0x99,0x8a,0xb8,0x48,0x91,0x59,0x31,0x07,0xae,0x82,0xad,0x22,0x99,0x35,0x88,0x11,0x99,0x98,0x8b,0xb0,
  0x3a,0xa4,0x6b,0x81,0x36,0xdc,0x11,0xcc,0x21,0xa8,0x43,0x80,0x12,0x98,0xa0,0x0b,0xd8,0x29,0xb1,0x49,
  0xb2,0x76,0xc8,0x28,0xe9,0x18,0x90,0x30,0x82,0x21,0x00,0xb0,0x0a,0xf0,0x2a,0xa0,0x3a,0xa2,0x79,0x97,
  0x0b,0xa2,0x8e,0x11,0x8a,0x24,0x80,0x22,0xa0,0x0a,0xb1,0x8f,0x01,0x9b,0x13,0x8b,0x67,0xb9,0x30,0xfb,
  0x28,0x98,0x48,0x81,0x20,0x01,0x99,0x01,0xdb,0x10,0xd9,0x20,0xa8,0x40,0x07,0x9b,0x03,0xaf,0x12,0x9b,
  0x33,0x98,0x34,0xa0,0x38,0xc0,0x0c,0xa1,0x0d,0x82,0x8a,0x24,0x04,0x0b,0xb3,0xbf,0x92,0x0e,0x03,0x29,
  0x14,0x00,0x11,0xa8,0x0a,0xd9,0x0a,0xb1,0x2a,0x13,0x37,0x0c,0xb3,0xaf,0xa1,0x0c,0x82,0x38,0x25,0x11,
  0x23,0x98,0x08,0xeb,0x8a,0xc9,0x19,0x98,0x27,0x8a,0x04,0x8e,0x91,0x8c,0x01,0x09,0x23,0x11,0x24,0x81,
  0x11,0xc9,0x09,0xdb,0x09,0xc8,0x62,0xa9,0x23,0xbc,0x02,0x9e,0x81,0x8a,0x22,0x18,0x34,0x11,0x42,0x88,
  0x00,0xc9,0x88,0xab,0x79,0xc8,0x22,0xca,0x20,0xcc,0x00,0xba,0x20,0x98,0x53,0x11,0x53,0x01,0x31,0x90,
  0x89,0xc0,0x09,0xc1,0x3b,0xe1,0x0a,0xd8,0x8b,0xc8,0x0a,0x91,0x38,0x24,0x52,0x14,0x21,0x13,0x00,0x80,
  0xca,0x71,0x99,0x83,0xcb,0xaa,0xbf,0xb9,0xba,0x89,0x18,0x52,0x43,0x34,0x43,0x22,0x02,0x01,0x99,0xab,
  0x93,0x8f,0xc8,0xba,0xba,0x9e,0xaa,0x89,0x08,0x21,0x43,0x44,0x32,0x33,0x23,0x13,0x81,0xa9,0xda,0x87,
  0x1c,0xa9,0xab,0xf8,0x0c,0xa8,0x38,0x8a,0x92,0x00,0x14,0x52,0x68,0x00,0x83,0x48,0x88,0x83,0xc1,0x08,
  0xbe,0xc8,0x91,0x4c,0x2a,0x8e,0xc3,0x29,0x88,0x28,0xa8,0x37,0x8a,0x34,0x10,0x48,0xa2,0x8c,0xc5,0x0a,
  0xaa,0xb0,0x44,0x0f,0xb0,0x04,0x88,0x41,0x9a,0x33,0xaf,0x92,0xe2,0x22,0xc8,0x85,0x8a,0x7a,0xa8,0x21,
  0x99,0x38,0x3d,0xb8,0x13,0xf3,0x5a,0xd0,0x22,0x9c,0xa2,0x81,0x82,0x28,0x5d,0x99,0x92,0x68,0x8a,0xa2,
  0xd2,0x11,0x8b,0x91,0xa1,0x21,0x3c,0xb7,0x49,0x99,0x18,0xb1,0x02,0x29,0x1a,0xa1,0xc3,0x02,0x3b,0x2b,
  0x1a,0x3b,0x0b,0x09,0xe1,0x92,0xb3,0x21,0x79,0xfa,0x87,0x8b,0x11,0x8b,0xa4,0x01,0x39,0x19,0x00,0xa3,
  0x58,0x1a,0x0a,0xb1,0x08,0x1a,0xab,0xd6,0x01,0x2a,0x97,0x5e,0x89,0x1a,0xa1,0x08,0x00,0x29,0x10,0x18,
  0x11,0x18,0xa3,0x81,0x80,0x0b,0xaa,0xb9,0x2c,0x1e,0xb9,0x74,0xd0,0x02,0x9a,0x08,0xa9,0x81,0x81,0x11,
  0x31,0x50,0x81,0x83,0x93,0x11,0x1b,0x8c,0xc9,0xa9,0x89,0x0a,0x2e,0x37,0x2e,0x99,0xa8,0x99,0x89,0x99,
  0x14,0x38,0x39,0x53,0x11,0x23,0x02,0x02,0x0a,0xab,0xba,0xaf,0xb9,0xe1,0x73,0xc2,0xa1,0x98,0xd9,0x89,
  0x1a,0x09,0xf8,0x07,0x28,0x39,0xa8,0x82,0x04,0x8b,0x61,0x9c,0x02,0xb1,0xa8,0x09,0x93,0x29,0x91,0x8f,
  0x84,0x99,0x00,0x0a,0xc7,0x29,0x00,0x7b,0x90,0x92,0x13,0x1c,0x89,0xd2,0x91,0x0d,0x11,0xd1,0x02,0x82,
  0x28,0xaa,0xb9,0x85,0xf8,0x48,0x2c,0x99,0x03,0x01,0x40,0x10,0x50,0xab,0x89,0xe1,0x00,0xb8,0xa5,0xb8,
  0x7b,0xa1,0x18,0x1b,0x01,0xa2,0x02,0x40,0x84,0x23,0x09,0x8f,0xd3,0x91,0x2a,0xb2,0xc1,0x4b,0x3c,0xa9,
  0x01,0xb2,0x8e,0x10,0x72,0xa9,0x11,0xb3,0xa5,0x40,0x9b,0x00,0x89,0x08,0x83,0x5e,0x8b,0xb2,0xa2,0x12,
  0x1e,0x31,0xa0,0xa2,0x22,0xd9,0x08,0x80,0x89,0x91,0x91,0x91,0x09,0xb9,0x93,0x3b,0xb1,0x32,0x99,0x00,
  0x41,0xa1,0x30,0x31,0xfb,0x80,0x09,0xb0,0x13,0x09,0x00,0x39,0xd1,0x32,0x9b,0x10,0xbc,0x1c,0xa5,0x04,
  0x20,0x2a,0x23,0xf9,0x90,0x1b,0xb0,0x11,0x0b,0x1a,0x11,0xc4,0x51,0x1b,0x70,0xc8,0x40,0xb8,0x95,0x0b,
  0xb9,0x18,0x0c,0x07,0x1e,0x32,0x9d,0x05,0xb1,0x90,0x18,0xa3,0x4a,0xa8,0x0f,0xa4,0x88,0x90,0x40,0x19,
  0x92,0x29,0x7f,0xcf,0x97,0x4a,0x3a,0xb1,0xc2,0xc3,0x79,0x4b,0x9b,0xc5,0x02,0x18,0x0a,0xb0,0x31,0x3a,
  0xe3,0x3a,0x3c,0x5b,0xf2,0xd3,0x04,0x3c,0x1c,0x92,0x08,0x98,0xf3,0x02,0x39,0x0d,0x81,0xc1,0x84,0x88,
  0x19,0x2a,0x91,0x01,0x3c,0x3d,0x09,0xe3,0xb4,0x11,0x2c,0x1a,0x18,0x4b,0x7b,0xa9,0xc4,0x02,0x5b,0x0a,
  0xc2,0x92,0x28,0x3b,0x3b,0x2b,0xd0,0xc7,0xa3,0x38,0x3c,0x1a,0xa0,0x93,0x08,0xa0,0xc1,0x68,0x3b,0xb8,
  0xa6,0x81,0x88,0xc2,0x81,0x48,0x2c,0x09,0xe2,0x93,0x10,0x3c,0x2b,0x29,0x09,0x90,0xe0,0x94,0x10,0x3a,
  0x3d,0x1a,0xc1,0xc5,0x92,0x10,0x89,0xb2,0xc4,0x82,0x2a,0x6b,0x2b,0x89,0xb3,0xb5,0xb5,0x92,0x08,0x3a,
  0x6c,0x2b,0x0a,0x80,0x90,0xd4,0xb4,0xa3,0x01,0x1a,0xa1,0x91,0x69,0x3e,0x4b,0x1a,0xc1,0xb5,0x81,0x39,
  0x3c,0x4b,0x1b,0xa0,0xb3,0xa4,0xa2,0xa2,0x18,0x19,0x21,0x3f,0x4e,0x2b,0x98,0xd4,0xb3,0xa3,0x91,0xb2,
  0x50,0x6b,0xc9,0x01,0x80,0x28,0x4b,0x3c,0x89,0xa1,0x93,0x5b,0x2b,0x89,0x82,0x4b,0x19,0xa8,0x83,0x18,
  0x5e,0x0b,0x80,0x91,0x48,0x4c,0x5d,0x3b,0x0a,0xd2,0xb4,0xa2,0x91,0x10,0x6b,0x5c,0x2c,0x09,0x80,0x00,
  0x19,0xc1,0x92,0xa2,0x28,0x89,0xa8,0xd7,0x94,0x28,0x3c,0x2a,0x1a,0x88,0x80,0x5a,0x4c,0x3b,0x09,0x19,
  0xc0,0xd5,0xb5,0x92,0x91,0x18,0x19,0x29,0x4b,0x2b,0x98,0xb2,0xa4,0xc1,0xb6,0x92,0x01,0x4d,0x3a,0x3d,
  0x8a,0x91,0xe3,0xa4,0x81,0x18,0x19,0x3a,0x2d,0x88,0x01,0x8a,0xe4,0xc5,0xb4,0x82,0x4a,0x3c,0x2b,0x88,
  0x91,0x10,0x2b,0xa0,0xa3,0x39,0xb9,0xa7,0x38,0xb9,0xb7,0xa3,0x49,0x3c,0x2b,0x98,0xa2,0x11,0x98,0x91,
  0xb4,0xa2,0x60,0x3f,0x2b,0xa8,0x93,0x90,0x40,0x1d,0xa1,0x81,0x18,0xb1,0x79,0xd8,0xa4,0x20,0x2b,0x09,
  0xe0,0xb7,0x11,0x3b,0x0a,0xb2,0x11,0xf2,0xa3,0x08,0x18,0x29,0x4d,0x99,0x92,0x81,0x08,0x00,0x19,0xc0,
  0xc4,0xa3,0x69,0x2c,0x28,0xe8,0xb6,0x10,0x3b,0x8a,0x91,0xa3,0x82,0x18,0x29,0x2a,0x98,0xc5,0xa3,0x81,
  0x08,0x3a,0x7c,0x4c,0xf3,0xb3,0x29,0x1c,0x89,0x90,0x81,0x20,0x38,0x11,0x12,0x01,0x92,0x09,0x0c,0xdb,
  0x97,0x7b,0x0b,0xe3,0x00,0x1b,0xa0,0x01,0x29,0x81,0x23,0x69,0x08,0x91,0x91,0x88,0x2d,0x1c,0xc7,0x13,
  0x3d,0xaa,0xb2,0x09,0x8b,0xa1,0x21,0x11,0x15,0x52,0x10,0x92,0x00,0x9b,0xd9,0x5a,0xb9,0xa7,0x39,0x9c,
  0xd2,0x08,0x8a,0x92,0x40,0x00,0x86,0x21,0x18,0x91,0x90,0x99,0x8b,0x7c,0x8a,0xd4,0x11,0x0d,0xa8,0x80,
  0x2a,0x90,0x32,0x30,0x06,0x41,0x19,0xc2,0x80,0x8b,0xaa,0x7a,0x8b,0xc6,0x20,0x1d,0xc0,0x81,0x19,0x80,
  0x12,0x11,0x04,0x31,0x09,0xa0,0xa9,0x9c,0x9c,0x6a,0xb9,0xa7,0x48,0x0d,0xc1,0x01,0x2b,0x08,0x02,0x03,
  0x52,0x39,0x98,0xc2,0x88,0x0d,0xaa,0x31,0x0c,0xb7,0x48,0x8d,0xc2,0x00,0x09,0x10,0x10,0x04,0x32,0x18,
  0xc2,0x00,0xb9,0x8c,0x9d,0x20,0xb9,0x97,0x7a,0xaa,0xb3,0x19,0x09,0x10,0x93,0x17,0x48,0x90,0x92,0x88,
  0x0b,0x9d,0xd1,0x58,0x8a,0xa5,0x39,0xaa,0xa0,0xa8,0x30,0x3c,0x96,0x33,0x20,0x11,0xb0,0xb2,0x0f,0xbb,
  0xa0,0x3a,0xa6,0x61,0x9a,0xb2,0x8a,0x9b,0x0b,0xa4,0x73,0x30,0x23,0x02,0x02,0x8d,0xd8,0x99,0x9b,0x99,
  0x34,0x3a,0x97,0x29,0xbb,0xba,0xe9,0x28,0x18,0x16,0x32,0x33,0x10,0xb1,0x9b,0xcd,0x9b,0xca,0x48,0xa4,
  0x72,0xa9,0xb3,0xaa,0x0a,0x9d,0x84,0x30,0x33,0x32,0x87,0x28,0xa9,0xaa,0xda,0x0a,0x9a,0x72,0xa1,0x24,
  0x0c,0xa0,0xcb,0x08,0x0d,0x83,0x31,0x34,0x40,0x93,0x08,0xc9,0x9b,0xdb,0x89,0x98,0x70,0xa3,0x15,0x9a,
  0x98,0xdc,0x80,0x8a,0x32,0x21,0x27,0x11,0x02,0xa9,0xc0,0x9c,0x9a,0x9b,0x81,0x78,0x86,0x38,0xa8,0xa9,
  0xe8,0x0a,0xa8,0x31,0x23,0x72,0x03,0x11,0x98,0x9b,0xfa,0x89,0x9a,0x19,0x92,0x73,0x94,0x21,0xba,0x8c,
  0xfb,0x08,0x08,0x40,0x12,0x52,0x01,0x18,0xc8,0x99,0xba,0x8b,0xb8,0x30,0x03,0x73,0x97,0x11,0xaa,0x9c,
  0xf8,0x08,0x00,0x20,0x14,0x41,0x01,0x88,0xc1,0x8b,0x9b,0xac,0x81,0x29,0x42,0x00,0x57,0x1a,0x98,0xea,
  0x88,0x8c,0x00,0x01,0x62,0x11,0x12,0x92,0x09,0xca,0xbb,0xc8,0x1b,0x88,0x82,0x26,0x69,0x84,0x09,0x98,
  0xbd,0xb0,0x9b,0x40,0x10,0x45,0x12,0x32,0xa0,0x89,0xea,0xab,0xb8,0x8b,0x21,0x18,0x17,0x01,0x37,0x8b,
  0x90,0xfa,0x0a,0xaa,0x18,0x13,0x71,0x13,0x11,0x83,0x9a,0xaa,0xcd,0x89,0x9a,0x29,0x82,0x32,0x24,0x7a,
  0x87,0x89,0x08,0xcc,0x88,0x9a,0x28,0x83,0x53,0x24,0x20,0x83,0xb9,0x89,0xbf,0x99,0xc0,0x28,0x00,0x10,
  0x05,0x18,0x37,0xaa,0x80,0xf9,0x0c,0xa8,0x09,0x23,0x40,0x34,0x02,0x21,0xb0,0x9c,0xd9,0x9c,0x90,0x99,
  0x22,0x00,0x42,0x82,0x68,0x07,0x9a,0x08,0xfb,0x09,0x99,0x19,0x04,0x31,0x44,0x00,0x02,0xa8,0x8c,0xd9,
  0xa9,0x08,0x0b,0x12,0x01,0x52,0x80,0x00,0x71,0x95,0x99,0x90,0xbf,0x98,0xb8,0x30,0x22,0x44,0x25,0x10,
  0x01,0xb8,0xa9,0xbc,0x9c,0xc8,0x88,0x21,0x18,0x14,0x02,0x30,0x70,0x97,0x98,0x88,0xbe,0x98,0xa8,0x49,
  0x11,0x33,0x27,0x10,0x01,0xc0,0x8a,0xab,0xac,0x90,0x09,0x31,0x12,0x53,0x01,0x09,0x90,0x77,0x89,0x99,
  0xf0,0x8a,0x89,0x99,0x32,0x41,0x52,0x13,0x21,0x18,0xdb,0xa8,0xbb,0x8c,0xb8,0x10,0x31,0x10,0x06,0x01,
  0x29,0xc8,0x67,0x98,0x89,0xe1,0xaa,0x88,0x9a,0x22,0x33,0x72,0x14,0x01,0x01,0xaa,0xb9,0xdb,0x8b,0x99,
  0x88,0x33,0x38,0x23,0x94,0x38,0x8b,0xdb,0x77,0x91,0x09,0xf0,0x8b,0x89,0xaa,0x23,0x32,0x72,0x04,0x11,
  0x11,0xba,0xa8,0xdb,0x9b,0xa8,0x89,0x22,0x01,0x25,0x02,0x18,0xa1,0xe8,0x75,0xa2,0x89,0xb1,0xbf,0x98,
  0xb9,0x30,0x23,0x53,0x26,0x01,0x21,0xb8,0xaa,0xca,0xac,0x89,0x8a,0x20,0x13,0x41,0x12,0xa1,0x01,0x9c,
  0x8c,0x77,0x91,0x09,0xe1,0x8c,0x89,0xaa,0x31,0x32,0x61,0x15,0x10,0x10,0xb8,0xa9,0xab,0xae,0x90,0x88,
  0x38,0x02,0x24,0x11,0x89,0xa0,0xbb,0x9d,0x77,0x92,0x88,0x80,0xaf,0x99,0xb8,0x29,0x23,0x33,0x47,0x01,
  0x11,0xa1,0xab,0xaa,0xbd,0x8a,0x88,0x29,0x33,0x12,0x42,0x91,0xa9,0xa8,0xad,0x7b,0x57,0x89,0x18,0xe9,
  0x9a,0x89,0x9b,0x22,0x14,0x52,0x24,0x01,0x11,0xa9,0xcb,0xb9,0x9d,0x89,0xa0,0x21,0x32,0x01,0x05,0x08,
  0x8a,0xc8,0xa9,0x78,0x37,0xa8,0x20,0xdd,0xaa,0xa0,0x0b,0x31,0x15,0x62,0x22,0x01,0x01,0xa9,0xac,0xd9,
  0x9a,0x0a,0x99,0x12,0x24,0x48,0x12,0x91,0x09,0xaa,0xdb,0x69,0x27,0x89,0x19,0xf8,0xaa,0x89,0xaa,0x20,
  0x25,0x41,0x24,0x03,0x20,0x98,0xdb,0xa9,0xac,0x9b,0x80,0x00,0x41,0x21,0x11,0x02,0x9a,0xaa,0xd9,0x99,
  0x77,0x85,0x88,0x01,0xae,0x9b,0xb8,0x0b,0x41,0x03,0x45,0x33,0x01,0x03,0xa9,0xad,0xd9,0xaa,0x0a,0x89,
  0x10,0x14,0x22,0x21,0x91,0xa8,0xbb,0xae,0xa8,0x77,0x02,0x19,0xc2,0xad,0x8a,0xca,0x08,0x41,0x38,0x35,
  0x14,0x20,0x91,0xc8,0x99,0xbc,0xaa,0x98,0x19,0x30,0x12,0x33,0x12,0x89,0x99,0xbd,0x9b,0x79,0x77,0x08,
  0x18,0xe8,0x9a,0x89,0xab,0x20,0x12,0x73,0x14,0x21,0x21,0xa8,0xa8,0xcb,0xad,0x99,0x9a,0x28,0x11,0x32,
  0x53,0x00,0x82,0xb8,0x8c,0xd9,0x79,0x87,0x88,0x02,0xcc,0x88,0xba,0x0b,0x02,0x21,0x47,0x11,0x32,0x82,
  0x98,0xb0,0xbe,0xa9,0xba,0x0a,0x81,0x11,0x16,0x20,0x30,0xa9,0x98,0xaa,0xac,0x77,0x92,0x10,0xb2,0xaf,
  0xa8,0xcb,0x29,0x88,0x43,0x35,0x31,0x15,0x91,0x00,0xca,0xba,0xca,0x8c,0x98,0x80,0x22,0x12,0x24,0x01,
  0x19,0xc8,0x99,0x9a,0x77,0x18,0x11,0xf8,0x0a,0xbb,0x9b,0x01,0x4b,0x25,0x23,0x54,0x10,0x00,0xa0,0x8c,
  0xba,0xcb,0x88,0x8b,0x12,0x82,0x53,0x81,0x11,0xa8,0x9a,0x8a,0x4f,0x27,0x4b,0x10,0xdc,0x00,0x9d,0x09,
  0xa0,0x50,0x01,0x32,0x33,0x49,0xa2,0x98,0x9a,0xaf,0xa8,0x9a,0x18,0x90,0x52,0x00,0x02,0x81,0x2b,0xda,
  0x89,0x7a,0xb7,0x24,0x0a,0x0c,0xd0,0x1b,0xb8,0x80,0x24,0x5a,0x04,0x11,0x21,0xa9,0x81,0x9e,0xa8,0xc8,
  0x38,0x0b,0x21,0x01,0x30,0xb2,0x49,0xbb,0xbb,0xf3,0x70,0x80,0x04,0xa0,0x1a,0xfb,0x89,0xb9,0x08,0x03,
  0x70,0x22,0x22,0x14,0x08,0xa1,0xba,0xca,0xad,0x98,0x9a,0x11,0x10,0x34,0x02,0x33,0xa0,0x88,0xeb,0x36,
  0x8d,0x03,0xc1,0x99,0xae,0x9a,0xb9,0x18,0x08,0x44,0x23,0x63,0x12,0x31,0x81,0x08,0xa9,0x9d,0xba,0xab,
  0xa9,0x8a,0x01,0x20,0x34,0x30,0x23,0x78,0x86,0x10,0x98,0xac,0xe9,0xaa,0xba,0xaa,0x80,0x38,0x53,0x42,
  0x34,0x22,0x32,0x01,0x01,0x99,0x99,0xac,0xba,0xca,0xa9,0x99,0xa8,0x90,0x3a,0x9b,0x77,0x25,0x93,0xba,
  0xaa,0xbf,0x99,0x0b,0x2b,0xe0,0x32,0x22,0x79,0x12,0x10,0x94,0x0a,0xb3,0x0f,0x9a,0x09,0x49,0xa9,0x05,
  0x89,0x01,0xe7,0x32,0x28,0x39,0x3f,0xca,0xc5,0x40,0x8a,0xa2,0xc1,0x20,0x0c,0x80,0x89,0xb2,0x78,0x90,
  0x29,0x12,0x72,0xb9,0x81,0x1f,0xb6,0x8a,0x04,0x80,0x39,0x9b,0x7a,0xc0,0x91,0x3a,0x88,0x86,0x3b,0xf4,
  0x10,0x29,0xd0,0x11,0xd1,0x79,0x19,0x2b,0xb9,0x14,0xb0,0x95,0xc9,0x42,0x0b,0x00,0x8b,0x97,0x00,0x08,
  0x1b,0x91,0xb1,0xb3,0x60,0x09,0xa2,0xb8,0x7e,0x0a,0xc3,0x82,0x80,0xc8,0x94,0x59,0x2c,0x88,0xc1,0x02,
  0x39,0x3b,0x1a,0x88,0xf2,0x01,0x08,0x08,0x08,0x08,0x08,0x80,0x80,0x08,0x08,0x80,0x08,0x80,0x80,0x08,
  0x80,0x08,0x80,0x08,0x80,0x08,0x80,0x08,0x80,0x80,0x80,0x80,0x80,0x08,0x08,0x08,0x08,0x08,0x08,0x00,
  0x00,0x00,0x00,0x00,0x00,0x00,0x00,0x00,0x00,0x00,0x00,0x00,0x00,0x00,0x00,0x00,0x00,0x00,0x00,0x00,
  0x00,0x00,0x00,0x00,0x00,0x00,0x00,0x00,0x00,0x00,0x00,0x00,0x00,0x00,0x00,0x00,0x00,0x00,0x00,0x00,
  0x00,0x00,0x00,0x00,0x00,0x00,0x00,0x00,0x00,0x00,0x00,0x00,0x00,0x00,0x00,0x00,0x00,0x00,0x00,0x00,
  0x00,0x00,0x00,0x00,0x00,0x00,0x00,0x00,0x00,0x00,0x00,0x00,0x00,0x00,0x00,0x00,0x00,0x00,0x00,0x00,
  0x00,0x00,0x00,0x00,0x00,0x00,0x00,0x00,0x00,0x00,0x00,0x00,0x00,0x00,0x00,0x00,0x00,0x00,0x00,0x00,
  0x00,0x00,0x00,0x00,0x00,0x00,0x00,0x00,0x00,0x00,0x00,0x00,0x00,0x00,0x00,0x00,0x00,0x00,0x00,0x00,
  0x00,0x00,0x00,0x00,0x00,0x00,0x00,0x00,0x00,0x00,0x00,0x00,0x00,0x00,0x00,0x00,0x00,0x00,0x00,0x00,
  0x00,0x00,0x00,0x00,0x00,0x00,0x00,0x00,0x00,0x00,0x00,0x00,0x00,0x00,0x00,0x00,0x00,0x00,0x00,0x00,
  0x00,0x00,0x00,0x00,0x00,
};
static constexpr VoiceClip advertQueuedClip = {
  advertQueuedData, sizeof(advertQueuedData), 7062, 8000, advertPrefixData, sizeof(advertPrefixData)
};
// "Advert failed"
static const uint8_t advertFailedData[] = {
  0x81,0xb1,0x21,0x81,0x18,0x12,0x8b,0xb5,0xb4,0x08,0x80,0x7f,0xd7,0x08,0x80,0x0a,0x82,0x19,0x3a,0x08,
  0x08,0x03,0x18,0x38,0x1a,0xc0,0xb4,0x00,0x2c,0x8a,0xc0,0x74,0xc7,0x98,0x80,0x8b,0x00,0x01,0x18,0x12,
  0x12,0x29,0x23,0x88,0x18,0xb0,0xd9,0x88,0x1c,0x8c,0xa8,0x77,0xd4,0x0a,0xa8,0x9b,0x21,0x12,0x11,0x24,
  0x02,0x08,0x14,0xa8,0x8a,0x98,0xcc,0x99,0x88,0xca,0x77,0xa7,0x9b,0x00,0xb9,0x18,0x23,0x01,0x21,0x24,
  0xa8,0x18,0x91,0xbb,0x08,0xba,0x9e,0x08,0xa8,0x72,0x67,0xad,0x10,0xb9,0x18,0x13,0x01,0x21,0x14,0xa9,
  0x18,0xb0,0xac,0x18,0xa0,0x9a,0x33,0xd0,0x76,0xa6,0xac,0x11,0xbb,0x30,0x13,0x10,0x41,0x83,0xbb,0x30,
  0xea,0x0a,0x01,0xa9,0x18,0x02,0xab,0x77,0xc5,0x8b,0x82,0x9c,0x31,0x11,0x18,0x33,0xb1,0x8c,0x01,0xbd,
  0x28,0x91,0x8a,0x30,0x92,0x7b,0x47,0xcc,0x28,0xc8,0x19,0x22,0x00,0x21,0x13,0xdb,0x28,0xc8,0x0b,0x02,
  0x99,0x10,0x12,0x2b,0x77,0xf0,0x09,0xa1,0x0b,0x33,0x00,0x21,0x23,0xd9,0x1a,0xc1,0x9b,0x22,0xa9,0x20,
  0x11,0xa9,0x77,0xf3,0x8a,0x82,0x9c,0x32,0x91,0x21,0x12,0xb0,0x8b,0x81,0xaf,0x30,0xa0,0x19,0x03,0x99,
  0x77,0xc0,0x8b,0x82,0x9d,0x32,0x81,0x30,0x13,0xb8,0x9b,0x91,0xbe,0x31,0xc1,0x29,0x84,0x89,0x57,0xd0,
  0x0b,0x92,0x9d,0x42,0x80,0x10,0x03,0x99,0x0a,0x90,0xbc,0x31,0xc1,0x29,0x84,0x1a,0x67,0xda,0x29,0xb0,
  0x1b,0x24,0x88,0x32,0x81,0xa9,0x09,0xc8,0x8c,0x22,0xc9,0x41,0xa1,0x79,0x85,0xcc,0x11,0xc9,0x39,0x03,
  0x08,0x33,0xa0,0x99,0x88,0xda,0x1a,0x02,0x8c,0x24,0xa8,0x67,0xc8,0x1b,0xa2,0x8e,0x32,0x88,0x40,0x81,
  0x89,0x88,0x98,0xaa,0x11,0xb8,0x59,0x92,0x7a,0x07,0xbc,0x21,0xda,0x38,0x82,0x29,0x14,0x98,0x88,0x98,
  0xba,0x39,0xa2,0x2b,0x15,0x9c,0x67,0xc8,0x2b,0xa1,0x8d,0x14,0x88,0x31,0x91,0x89,0x80,0xaa,0x8a,0x02,
  0xaa,0x73,0xb8,0x78,0x86,0xac,0x21,0xdb,0x30,0x92,0x39,0x04,0x99,0x00,0xa9,0x9a,0x11,0xb8,0x58,0xa2,
  0x2b,0x77,0xda,0x11,0xba,0x49,0x82,0x29,0x14,0x99,0x08,0xa8,0x9a,0x20,0xb9,0x60,0xa1,0x3a,0x57,0xcb,
  0x39,0xd8,0x2a,0x03,0x09,0x25,0xa8,0x10,0xb8,0x9a,0x10,0xb9,0x50,0x91,0x2b,0x67,0xc8,0x1a,0xc1,0x0c,
  0x23,0x89,0x34,0x98,0x10,0xa8,0xab,0x08,0xb9,0x58,0xa2,0x2a,0x57,0xb1,0x8e,0x92,0x9e,0x13,0x98,0x53,
  0x90,0x10,0x99,0x99,0x89,0x88,0x2a,0x83,0x1a,0x55,0x85,0xad,0x01,0xbe,0x32,0xa8,0x53,0x81,0x10,0x98,
  0x9a,0x9a,0x98,0x1a,0x05,0x2b,0x14,0x27,0xfb,0x28,0xea,0x20,0xa0,0x41,0x92,0x20,0x98,0x89,0xaa,0x80,
  0x0c,0x03,0x1b,0x05,0x71,0xf1,0x29,0xd8,0x29,0x91,0x48,0x01,0x28,0x90,0x80,0x9b,0x90,0x8c,0x03,0x0d,
  0x84,0x78,0xb2,0x2d,0xd1,0x1b,0x92,0x39,0x04,0x10,0x01,0x90,0x9b,0xb2,0x8e,0x82,0x0c,0x83,0x2a,0x57,
  0xac,0x12,0xbd,0x21,0xa8,0x42,0x82,0x20,0x81,0xaa,0x01,0xae,0x20,0xbb,0x31,0xb8,0x73,0xa7,0x3b,0xf1,
  0x1a,0x91,0x29,0x13,0x18,0x23,0xb8,0x39,0xf8,0x1a,0xc0,0x2a,0xa2,0x1a,0x67,0xaa,0x31,0xdc,0x20,0xa9,
  0x40,0x91,0x30,0x82,0x09,0x91,0xac,0x01,0xbc,0x31,0xc9,0x42,0x24,0xab,0x33,0xef,0x10,0xaa,0x22,0x90,
  0x53,0x80,0x11,0x90,0x8a,0xb0,0x9d,0x01,0x8c,0x03,0x70,0xb2,0x38,0xf9,0x1b,0xc9,0x28,0x91,0x62,0x02,
  0x21,0x01,0x98,0x98,0xcc,0x98,0xaa,0x18,0x78,0xb3,0x58,0xd0,0x2a,0xe8,0x18,0x90,0x30,0x82,0x42,0x82,
  0x00,0x91,0x9b,0x99,0x9e,0x88,0x1a,0x87,0x2a,0xb4,0x1c,0xd1,0x1a,0xa0,0x39,0x82,0x41,0x13,0x21,0x03,
  0x89,0x90,0xcb,0x0a,0xcc,0x72,0xb9,0x33,0xcc,0x11,0xcc,0x10,0xab,0x21,0x98,0x44,0x01,0x33,0x02,0x21,
  0xb0,0x99,0xc1,0x2e,0xd2,0x19,0xb1,0x0d,0xc0,0x8b,0xa0,0x0b,0x03,0x38,0x27,0x21,0x34,0x10,0x12,0xa8,
  0x80,0xfb,0x30,0xca,0x11,0xda,0x09,0xdb,0x89,0xaa,0x19,0x01,0x52,0x33,0x43,0x24,0x21,0x01,0x88,0x99,
  0xcc,0x72,0xa8,0x01,0xcb,0x9b,0xcd,0xa9,0x99,0x19,0x21,0x63,0x42,0x32,0x23,0x22,0x01,0x98,0xc9,0xca,
  0x78,0xaa,0xa8,0xda,0xaa,0xbb,0xa9,0x08,0x31,0x44,0x25,0x43,0x32,0x22,0x02,0x80,0x9b,0xbd,0xdb,0x7a,
  0xb8,0x98,0xb1,0x1c,0x29,0xce,0x82,0x89,0x01,0x18,0xb2,0x57,0xa0,0x50,0x13,0x09,0x13,0xbc,0x13,0xbd,
  0xaa,0xb0,0x74,0xbc,0xb0,0x44,0xa0,0x48,0xa0,0x50,0xea,0x08,0xb3,0x48,0xb2,0x22,0xad,0x7c,0xb3,0x1a,
  0x82,0x1a,0x4b,0xb0,0x48,0xc6,0x2b,0xa5,0x29,0xc9,0x90,0x11,0x02,0x18,0x4e,0x90,0x91,0x79,0x98,0x81,
  0xc0,0x29,0xa9,0xa1,0x12,0xb0,0xe2,0x04,0x58,0x0a,0x81,0xf2,0x20,0x08,0x1a,0x80,0x1c,0x00,0xc1,0x94,
  0x18,0x8b,0x18,0x92,0x2f,0x09,0x40,0x98,0x02,0xd9,0x53,0x9a,0x28,0x8a,0x82,0x01,0x1e,0x09,0x88,0xa3,
  0x4f,0x89,0xc2,0x94,0x29,0xa1,0xb1,0x60,0x3c,0x89,0x91,0xb1,0x7c,0x19,0x09,0x00,0x1b,0x81,0xc2,0x22,
  0x4c,0x0b,0xb0,0xa2,0x92,0x39,0x4c,0xc7,0x5b,0x19,0x0a,0xa3,0x08,0x48,0x8a,0x01,0xb1,0x01,0xb2,0x90,
  0x11,0x2f,0x98,0xe1,0xa4,0x00,0x39,0x1b,0x10,0x07,0x0f,0x18,0x8b,0x86,0x8a,0x30,0x90,0x38,0x88,0x1a,
  0xa4,0x99,0x40,0x8e,0x91,0xb2,0x00,0x91,0x28,0x20,0x6c,0x87,0x8f,0x01,0x99,0x23,0x9c,0x11,0xb4,0x20,
  0x90,0xb8,0x10,0x97,0x4c,0x4b,0xab,0x84,0xa1,0x3c,0x02,0x0f,0x13,0xca,0x02,0x90,0x83,0x88,0x99,0x4d,
  0xa3,0x8a,0x01,0x2b,0xc7,0x00,0x00,0x7b,0xa8,0xa2,0xa4,0x3a,0x09,0xe0,0x94,0x2a,0x20,0xe9,0x03,0xa0,
  0x48,0xaa,0x10,0xa5,0x9a,0x05,0x2c,0x18,0xa0,0x10,0x81,0x2c,0x82,0x0f,0x20,0xca,0x14,0xaa,0xa5,0xc1,
  0x71,0x9a,0x20,0x1a,0x39,0xb8,0x91,0x04,0x9a,0x94,0x8a,0x79,0xc8,0x93,0x91,0x90,0xd2,0x02,0x69,0x0c,
  0x81,0xa0,0x30,0x89,0x31,0x9f,0x23,0xe9,0xb4,0x93,0x4b,0x80,0x0b,0x95,0x89,0x68,0x1c,0xa1,0xb2,0x83,
  0x4b,0x08,0xb9,0x94,0x02,0x0d,0x02,0x98,0x49,0x98,0x0a,0xa7,0x2a,0x00,0xc0,0x23,0xad,0x15,0x0c,0x11,
  0xa8,0x00,0x10,0x4e,0xaa,0x84,0x18,0xa9,0xb6,0x93,0x4a,0x89,0xb9,0x07,0x2c,0x28,0x8c,0x13,0xba,0x96,
  0x91,0x4a,0x88,0x1b,0xa3,0x5b,0x88,0xb0,0x83,0x18,0x5a,0xf8,0x03,0x2b,0x59,0xac,0x15,0x8b,0x92,0x19,
  0x29,0x90,0x1a,0xb7,0x5a,0x00,0x2e,0x81,0xa9,0x94,0x88,0xa3,0x90,0x00,0x6c,0xa8,0x80,0xa2,0x12,0x1b,
  0xc0,0x93,0x21,0x1f,0xe3,0x10,0x10,0x8a,0x91,0xf4,0x13,0x2d,0x3c,0xa0,0x81,0x91,0x2a,0xe2,0x01,0x10,
  0xc8,0x40,0x89,0x6a,0x8a,0x91,0xa6,0x2a,0x29,0x90,0x4a,0x2b,0xb8,0xa6,0x81,0x3b,0x20,0xad,0x87,0xa8,
  0x02,0x89,0x92,0x90,0x38,0x3b,0x3d,0xc0,0xc4,0xa4,0x88,0x92,0x80,0x49,0x7c,0x0c,0xa2,0x82,0x3a,0x2b,
  0xf2,0x92,0x01,0x1a,0x49,0x2c,0x89,0xe3,0xb3,0x21,0x3b,0x2b,0x98,0x22,0x1e,0xa0,0xc2,0x62,0x1d,0x90,
  0x92,0x08,0x98,0xd5,0x02,0x18,0x0c,0x83,0xf0,0x03,0x99,0x48,0x8a,0x40,0x0c,0x00,0xb8,0x86,0x89,0x38,
  0x2b,0x80,0xd8,0xa5,0x38,0x88,0xba,0x87,0xa0,0x21,0x0e,0x22,0x0e,0x01,0xa0,0x81,0xf3,0x20,0x98,0x39,
  0x18,0x1d,0x91,0x18,0xd2,0xd3,0x83,0x4b,0x08,0x9b,0x87,0x3c,0x18,0x0c,0x03,0xab,0xa7,0x91,0x38,0x2b,
  0x0a,0x10,0xf8,0x84,0x09,0x11,0x9b,0x22,0x1f,0x01,0x08,0x1e,0x82,0xd0,0xa6,0x00,0x3a,0x09,0x89,0x93,
  0x89,0x60,0x0d,0x92,0x00,0x3c,0xa0,0xa0,0x87,0x4d,0x19,0x9a,0x95,0x19,0x39,0xca,0x05,0x89,0x6a,0x99,
  0x00,0xb2,0x6b,0x88,0x19,0x92,0x2c,0xa2,0xb1,0x14,0x2e,0x09,0x98,0x21,0x0b,0x38,0xf7,0x11,0x1a,0x19,
  0xc1,0x02,0x3b,0x88,0xd1,0x85,0x0b,0x21,0x0d,0x11,0x89,0x10,0x90,0x19,0x82,0x0f,0x01,0xc9,0x16,0x9b,
  0x95,0xa9,0x53,0x8d,0x03,0xaa,0x23,0x8d,0x02,0xa0,0x38,0xaa,0x11,0xe4,0x48,0x99,0x30,0xe8,0x41,0xaa,
  0x03,0xaa,0x42,0x8d,0x83,0x89,0x23,0x8d,0xa2,0x0a,0x40,0xc0,0x12,0xa0,0x5c,0x88,0x98,0x82,0x0b,0x21,
  0x88,0x59,0xd1,0x10,0xa9,0x18,0x90,0x77,0x8a,0xa0,0xca,0x10,0x0a,0x14,0x01,0x31,0x8a,0x91,0x98,0x30,
  0x9b,0x02,0xd4,0x2a,0x8e,0x57,0x0c,0xb0,0x9b,0x01,0x4a,0x03,0x22,0x02,0x0b,0xd1,0x09,0x80,0x29,0xd2,
  0x08,0x9a,0x0a,0x77,0x2b,0xd8,0x9a,0x91,0x48,0x84,0x22,0x91,0x0a,0xe0,0x29,0x88,0x10,0xb1,0x19,0xda,
  0x18,0x37,0x2e,0xe1,0x09,0x08,0x39,0x94,0x22,0x98,0x89,0xe8,0x10,0x19,0x10,0xc1,0x10,0x8c,0x90,0x47,
  0x8a,0xb1,0xad,0x81,0x49,0x13,0x30,0xa1,0x8b,0xc9,0x19,0x82,0x41,0xa8,0x89,0xcb,0x38,0x71,0xa7,0x92,
  0x9f,0x09,0x00,0x24,0x28,0x91,0xc9,0x90,0x2a,0x01,0x02,0x91,0x0e,0xc8,0x11,0x78,0xa5,0x08,0xdb,0x09,
  0x80,0x53,0x01,0x01,0xbb,0x98,0x0a,0x32,0x11,0xa3,0xad,0xa8,0x2a,0x14,0x77,0x1b,0xca,0x9a,0x82,0x71,
  0x00,0x01,0xb8,0x09,0x0b,0x02,0x83,0x11,0x8f,0xb0,0x81,0x22,0x74,0xa9,0xf2,0x8a,0x18,0x38,0x05,0x10,
  0xa9,0x8a,0xa9,0x14,0x30,0x18,0xdb,0xb0,0x29,0x30,0x72,0xc6,0x91,0x8e,0x08,0x00,0x05,0x10,0x98,0x9a,
  0xa0,0x31,0x00,0x01,0xda,0x88,0x2b,0x32,0x38,0x57,0x1e,0xd9,0x09,0x81,0x52,0x08,0x81,0xaa,0x80,0x1a,
  0x04,0x18,0xa9,0x8a,0xb0,0x53,0x10,0x71,0xf2,0xa1,0x8e,0x00,0x20,0x84,0x10,0x99,0x0a,0xb8,0x15,0x29,
  0x09,0xca,0xc3,0x20,0x49,0x2a,0x87,0x2a,0xbd,0x1a,0x90,0x27,0x18,0x80,0x9b,0xb1,0x48,0x00,0x01,0xd8,
  0x08,0x1c,0x02,0x20,0x60,0xd5,0x08,0x9d,0x08,0x10,0x05,0x20,0xa9,0x98,0x98,0x41,0x19,0xb2,0xc8,0x88,
  0x4b,0x81,0x84,0x71,0xd0,0xc2,0x8c,0x00,0x58,0x82,0x01,0x99,0x1a,0x8a,0x04,0x28,0xa8,0x0c,0xb9,0x22,
  0x01,0x96,0x70,0xc0,0xd3,0x0c,0x88,0x30,0x94,0x13,0x8b,0x89,0x8a,0x96,0x30,0x0a,0x0c,0xd8,0x83,0x28,
  0x38,0x6c,0xe4,0x01,0x8c,0x08,0x19,0x84,0x30,0x99,0x88,0xa9,0x13,0x5a,0x90,0x89,0xd8,0x10,0x2a,0x02,
  0x90,0x67,0x1c,0xd8,0x88,0x89,0x42,0x18,0xa4,0x80,0x89,0x3b,0xa0,0x05,0x09,0xa8,0x0b,0xa0,0x41,0x00,
  0x31,0x17,0x3f,0xbd,0x91,0x19,0x33,0x58,0xb1,0x91,0x9a,0x20,0x2a,0x95,0x08,0xc9,0x1a,0xa9,0x87,0x10,
  0x10,0x87,0x2a,0xbe,0x98,0x19,0x24,0x50,0x90,0x90,0xb8,0x10,0x4a,0x01,0x90,0xd0,0x1a,0x0b,0x02,0x83,
  0x94,0x77,0x1c,0xe0,0x88,0x09,0x21,0x10,0x94,0x08,0x99,0x09,0x90,0x14,0x29,0xa9,0xaa,0xa8,0x7a,0x18,
  0x82,0x79,0xc6,0x01,0x8e,0x88,0x18,0x82,0x32,0x98,0x80,0x8c,0x91,0x30,0x10,0x18,0xeb,0xb1,0x19,0x10,
  0x40,0x90,0x7a,0xc7,0x02,0x0f,0x98,0x18,0x01,0x41,0x89,0xa2,0x0a,0x88,0x38,0xb2,0x23,0x8f,0xa0,0x98,
  0x93,0x50,0x89,0x01,0x07,0x7b,0xac,0xa0,0x88,0x23,0x68,0x90,0x92,0x99,0x29,0x2b,0xa5,0x02,0x0a,0x0c,
  0xaa,0x94,0x48,0x08,0x00,0x79,0xc6,0x01,0x8e,0x98,0x00,0x03,0x40,0x88,0x90,0xa9,0x11,0x3a,0x94,0x28,
  0x9c,0x99,0xa0,0x23,0x39,0x09,0xdb,0xe4,0x47,0x1b,0xe0,0x89,0x98,0x50,0x00,0x02,0x99,0x80,0x1c,0x92,
  0x12,0x91,0x2b,0xbd,0x92,0x11,0x50,0x9a,0xc4,0x08,0x89,0x77,0x0a,0xc0,0x8a,0x88,0x50,0x81,0x02,0xa9,
  0x08,0x8a,0x05,0x10,0x80,0x8c,0xb8,0x10,0x02,0x30,0xaa,0xaa,0xe1,0x51,0x7b,0xa7,0x80,0x9c,0x1a,0x80,
  0x25,0x29,0x09,0xba,0x93,0x59,0x11,0x98,0xd1,0x1a,0x19,0x28,0xa4,0x18,0xbb,0x08,0x81,0x43,0x73,0xc7,
  0xb1,0x9d,0x28,0x00,0x06,0x88,0x88,0x8a,0x03,0x21,0x02,0x9c,0xc0,0x09,0x02,0x20,0xc1,0x0b,0xaa,0x58,
  0x81,0x13,0x78,0x87,0x8d,0xaa,0x1b,0x85,0x41,0x80,0x9a,0xc2,0x40,0x20,0x19,0xe1,0x90,0x08,0x39,0xa1,
  0xa2,0x98,0x2f,0x90,0x02,0x81,0x2b,0x7a,0x97,0x99,0x9b,0x0e,0x84,0x11,0x11,0x0d,0xa0,0x81,0x14,0x19,
  0x98,0xc9,0x01,0x18,0x21,0xc8,0x98,0x99,0x59,0x00,0x81,0xa0,0x8b,0x77,0xd3,0xa9,0xd9,0x30,0x21,0x38,
  0xd1,0x89,0x20,0x3a,0x85,0xb0,0x18,0x8d,0x01,0xa3,0x10,0x9a,0x1e,0x80,0x81,0x84,0x8a,0x08,0x19,0x77,
  0xc0,0x0c,0xb9,0x31,0x15,0x2a,0x98,0xbb,0x24,0x02,0x41,0xc9,0x9a,0x92,0x10,0x04,0xaa,0x0a,0xca,0x13,
  0x04,0x1a,0x89,0xac,0x84,0x77,0xb2,0x9f,0x90,0x00,0x52,0x90,0x99,0xa0,0x10,0x63,0x88,0x98,0xb8,0x29,
  0x31,0x09,0xa0,0xea,0x18,0x21,0x18,0xa1,0xc9,0x29,0x20,0x41,0x77,0xe0,0x0d,0x00,0x80,0x33,0xa8,0x0c,
  0x80,0x10,0x16,0xa8,0x8b,0x80,0x08,0x25,0xa8,0x8c,0x88,0x00,0x32,0xb2,0xbb,0x18,0x2b,0x54,0x51,0x47,
  0xfb,0x0c,0x11,0x80,0x11,0x91,0x9d,0x20,0x83,0x01,0x81,0xac,0x2a,0x03,0x91,0x81,0xbb,0x0e,0x12,0x82,
  0x80,0x99,0x9b,0x11,0x05,0xa1,0x77,0x86,0xbe,0x19,0x22,0x80,0x10,0xa8,0xac,0x42,0x04,0x09,0x89,0xb9,
  0x18,0x25,0x98,0x8b,0x98,0xa0,0x33,0x03,0xeb,0x89,0x10,0x01,0x83,0xd2,0x74,0x17,0xce,0x09,0x22,0x81,
  0x09,0x80,0xcb,0x30,0x27,0x98,0x8b,0x08,0x00,0x10,0x03,0xda,0x9b,0x31,0x02,0xa0,0xa1,0xba,0x4b,0x62,
  0x91,0xb8,0x79,0x47,0xd9,0x9c,0x20,0x13,0x98,0x09,0x90,0x9a,0x53,0x14,0xaa,0x8b,0x10,0x81,0x21,0x80,
  0xad,0x0c,0x23,0xa4,0xaa,0x1a,0x18,0x80,0x04,0x93,0xab,0x77,0x07,0xcd,0x0a,0x32,0x82,0x98,0x88,0x98,
  0x19,0x64,0x81,0xba,0x89,0x21,0x10,0x18,0x98,0xdb,0x09,0x32,0x02,0xba,0x9a,0x08,0x01,0x06,0x93,0x4c,
  0x77,0xb2,0xcf,0x08,0x32,0x82,0x9a,0x88,0x80,0x19,0x63,0x01,0xcb,0x89,0x31,0x10,0x89,0x98,0xc9,0x89,
  0x42,0x02,0xcb,0x8a,0x24,0x02,0x0a,0x19,0x78,0x77,0xc0,0xdb,0x08,0x32,0x82,0x99,0x89,0x80,0x28,0x53,
  0x02,0xbb,0x0c,0x11,0x92,0x99,0x08,0xa0,0x9c,0x29,0x24,0xa0,0xab,0x28,0x41,0x88,0xb2,0x77,0x57,0xd9,
  0xac,0x28,0x23,0x92,0xa9,0x08,0x10,0x88,0x32,0x15,0xc8,0xab,0x28,0x23,0xa0,0xba,0x98,0x89,0x0a,0x31,
  0x96,0xe1,0xa8,0x38,0x62,0x00,0x72,0x27,0xd9,0xbd,0x08,0x33,0x03,0xaa,0x89,0x10,0x01,0x20,0x43,0xa1,
  0xcc,0x0a,0x51,0x81,0xb9,0xa9,0x81,0x81,0x0a,0x20,0x83,0xe0,0x89,0x50,0x20,0x74,0x37,0xd9,0xbd,0x0a,
  0x43,0x12,0xa8,0x89,0x00,0x81,0x08,0x42,0x12,0xd9,0xab,0x10,0x14,0x98,0x9b,0x18,0x08,0xba,0x80,0x25,
  0x81,0xab,0x0c,0x32,0x77,0x37,0xda,0xad,0x19,0x22,0x12,0x98,0x08,0x00,0x88,0x19,0x53,0x83,0xd9,0x9a,
  0x28,0x01,0xa9,0x8b,0x22,0xa3,0xf9,0x09,0x31,0x10,0x9b,0x19,0x72,0x77,0x84,0xeb,0xab,0x18,0x32,0x01,
  0x80,0x02,0x92,0xa9,0x29,0x73,0x01,0xa9,0x9a,0x00,0x89,0xac,0x09,0x03,0xc1,0xc9,0x10,0x32,0x18,0x0b,
  0x22,0x77,0x77,0x90,0xdb,0xaa,0x00,0x11,0x00,0x31,0x33,0x81,0xaa,0x28,0x33,0x98,0xac,0x08,0xb3,0xf9,
  0xab,0x39,0x29,0x8c,0x89,0x85,0x94,0x88,0x49,0x28,0x77,0x15,0xb8,0xcd,0x8a,0x08,0x00,0x28,0x42,0x23,
  0x90,0x88,0x11,0x82,0xaa,0x0b,0x21,0xc8,0xeb,0x98,0x00,0x8a,0x0d,0x29,0x01,0xb1,0x91,0x15,0x32,0x77,
  0x37,0xba,0xae,0x89,0x88,0x88,0x10,0x34,0x13,0x00,0x10,0x02,0xa0,0xba,0x80,0x01,0x9b,0x8e,0x88,0xc1,
  0xb8,0x0a,0x19,0x99,0x88,0x30,0x40,0x7b,0x77,0x94,0xa9,0x9a,0xaa,0xab,0x09,0x30,0x32,0x34,0x15,0x13,
  0x03,0x11,0x08,0x09,0xaa,0xba,0x9c,0x9d,0xaa,0xc9,0xc1,0xa1,0x80,0x90,0x02,0x10,0x77,0x47,0x98,0xa9,
  0x8b,0xbb,0xab,0x99,0x00,0x32,0x63,0x42,0x32,0x23,0x22,0x11,0x00,0x98,0xca,0xda,0xc9,0xa9,0xaa,0xaa,
  0x8a,0xa9,0x4a,0x2a,0xb3,0x77,0x26,0x08,0x98,0xb9,0xaa,0xda,0xa8,0x89,0x08,0x20,0x32,0x43,0x15,0x23,
  0x32,0x41,0x3a,0x89,0xe1,0xb1,0x99,0x9b,0xab,0x8b,0x0d,0x9a,0x90,0x7c,0x17,0x28,0x09,0x8c,0x9a,0xb9,
  0xd0,0xc1,0x11,0x5d,0x8a,0x31,0x04,0x6a,0x30,0x1a,0xa1,0x9b,0xc5,0xaa,0x19,0x19,0x79,0x0a,0x82,0xb0,
  0x02,0x07,0x4a,0x3a,0x9d,0x81,0xa1,0x80,0x08,0x95,0x10,0x99,0xaf,0xa5,0x00,0x28,0x82,0x89,0x4f,0x2b,
  0xa1,0x91,0x0c,0x40,0x84,0x90,0xf4,0x12,0x29,0x1f,0x98,0x00,0x01,0x99,0xe0,0x18,0x21,0xb5,0x99,0x14,
  0x4b,0x89,0x3d,0x33,0x8e,0xda,0x42,0x28,0xac,0x01,0x31,0xa0,0xf3,0x81,0x2a,0x01,0xec,0x23,0x8b,0x48,
  0xab,0x70,0x03,0x0a,0xda,0x00,0x20,0xf3,0x09,0x82,0x7a,0x90,0x98,0xa4,0x0a,0x10,0xd8,0x94,0x2a,0x42,
  0xe8,0x92,0xb0,0x51,0x08,0x99,0xb8,0x01,0x43,0xac,0x93,0xa0,0x37,0x9e,0x22,0x0b,0xb1,0xba,0x50,0x51,
  0x29,0x0c,0xa2,0xf2,0x01,0x00,0xb1,0xab,0x16,0x4b,0x4a,0xb9,0x08,0xa5,0x28,0x31,0x9f,0xa2,0x91,0x21,
  0x5b,0x8b,0x00,0x80,0x97,0xb8,0x39,0x94,0x09,0x20,0x9f,0x21,0xd3,0x08,0x12,0x0f,0x31,0xca,0x01,0xa1,
  0x11,0x81,0x0c,0x19,0x2c,0x83,0xd2,0x02,0xc1,0x98,0x82,0x5a,0x19,0x99,0xf4,0x00,0x12,0x3b,0x3a,0x9d,
  0x82,0xd5,0x02,0x09,0x1c,0x31,0x0b,0x30,0x9b,0x08,0x08,0x08,0x08,0x08,0x88,0x00,0x88,0x00,0x88,0x00,
  0x88,0x00,0x08,0x88,0x00,0x88,0x00,0x88,0x00,0x08,0x08,0x08,0x88,0x80,0x80,0x90,0x00,0x00,0x00,0x00,
  0x00,0x00,0x00,0x00,0x00,0x00,0x00,0x00,0x00,0x00,0x00,0x00,0x00,0x00,0x00,0x00,0x00,0x00,0x00,0x00,
  0x00,0x00,0x00,0x00,0x00,0x00,0x00,0x00,0x00,0x00,0x00,0x00,0x00,0x00,0x00,0x00,0x00,0x00,0x00,0x00,
  0x00,0x00,0x00,0x00,0x00,0x00,0x00,0x00,0x00,0x00,0x00,0x00,0x00,0x00,0x00,0x00,0x00,0x00,0x00,0x00,
  0x00,0x00,0x00,0x00,0x00,0x00,0x00,0x00,0x00,0x00,0x00,0x00,0x00,0x00,0x00,0x00,0x00,0x00,0x00,0x00,
  0x00,0x00,0x00,0x00,0x00,0x00,0x00,0x00,0x00,0x00,0x00,0x00,0x00,0x00,0x00,0x00,0x00,0x00,0x00,0x00,
  0x00,0x00,0x00,0x00,0x00,0x00,0x00,0x00,0x00,0x00,0x00,0x00,0x00,0x00,0x00,0x00,0x00,0x00,0x00,0x00,
  0x00,0x00,0x00,0x00,0x00,0x00,0x00,0x00,0x00,0x00,0x00,0x00,0x00,0x00,0x00,0x00,0x00,0x00,0x00,0x00,
  0x00,0x00,0x00,0x00,0x00,0x00,0x00,0x00,0x00,0x00,0x00,0x00,0x00,0x00,0x00,0x00,0x00,0x00,0x00,0x00,
  0x00,0x00,0x00,0x00,0x00,0x00,0x00,0x00,0x00,
};
static constexpr VoiceClip advertFailedClip = {
  advertFailedData, sizeof(advertFailedData), 7429, 8000, advertPrefixData, sizeof(advertPrefixData)
};
// "Sound on"
static const uint8_t soundOnData[] = {
  0x00,0x00,0x00,0x00,0x00,0x00,0x00,0x00,0x00,0x00,0x00,0x00,0x00,0x00,0x00,0x00,0x00,0x00,0x00,0xf0,
  0x7f,0x77,0x8f,0x70,0x0e,0x83,0xd0,0x92,0x39,0x02,0xab,0xc0,0x41,0x80,0x12,0x0f,0xc3,0x29,0x01,0x3a,
  0x8c,0xf2,0x84,0x90,0x4b,0x1a,0x81,0xc4,0x00,0x2b,0x6c,0xb0,0xb3,0xa4,0x39,0x2b,0xc0,0xb5,0x00,0x41,
  0x8c,0x91,0xd3,0x11,0x1b,0x6a,0xa9,0xa3,0x83,0x80,0x38,0x2f,0x89,0xc1,0xa1,0x13,0x2b,0x11,0xaa,0xd5,
  0x11,0x3a,0xb0,0x29,0xc4,0x79,0xb8,0x81,0xd3,0x10,0x08,0x2c,0x90,0x14,0x99,0x10,0x9f,0x14,0x99,0x00,
  0x2c,0x93,0x80,0xb8,0x49,0x29,0xd4,0x39,0x99,0x01,0xa2,0x91,0x11,0xd8,0x08,0x0f,0x14,0x40,0x8f,0x38,
  0xa8,0xb5,0x91,0x2a,0x58,0x8b,0xa5,0xc2,0x30,0x2f,0x90,0x90,0xa5,0x38,0x2c,0x0a,0xb0,0x96,0x08,0x28,
  0x2c,0x98,0xa2,0x82,0x90,0x5a,0xa8,0x60,0xaa,0x82,0xf1,0x12,0x19,0x2a,0x89,0x80,0x91,0xc3,0xa3,0x18,
  0xa9,0x28,0x48,0x3d,0x7e,0xb8,0x81,0x00,0x28,0x4a,0x8d,0x41,0x9a,0xb4,0x91,0x08,0x7a,0x89,0x18,0xb0,
  0x82,0x2a,0x80,0x12,0x0f,0x02,0x8b,0xa7,0x08,0x18,0x5a,0x8c,0x32,0x9d,0x04,0xc8,0x92,0x80,0x84,0x0a,
  0xa1,0x2c,0x96,0x89,0xb2,0x48,0x90,0xb1,0xd2,0x83,0x90,0x49,0x98,0x6b,0xb1,0x19,0x28,0x09,0x02,0x0f,
  0xb5,0x19,0x02,0x19,0xba,0xe7,0x94,0x00,0x3c,0xa9,0x03,0xc6,0x00,0x29,0x1b,0x81,0xd2,0x00,0x11,0x2f,
  0x00,0x8a,0xa2,0x20,0xb2,0x29,0xd8,0x79,0x90,0x09,0xa0,0x94,0xa1,0x50,0x8b,0xa8,0x15,0xe1,0x91,0xa2,
  0x39,0x10,0xe8,0x81,0xc5,0x38,0x08,0x2c,0x98,0x82,0xb3,0x5a,0x0c,0x11,0xe2,0x28,0x29,0x3c,0xa9,0x00,
  0xb7,0x18,0x00,0x18,0x19,0x0c,0x11,0x9a,0x13,0xd3,0xb8,0xc3,0x51,0x98,0xb1,0xd1,0x03,0x20,0xf8,0x82,
  0xa0,0x44,0x9f,0x22,0x8b,0xa4,0x3b,0x39,0x5a,0xd8,0xb3,0x10,0x11,0x3f,0xc0,0xa2,0x94,0x2a,0x09,0xb1,
  0xa5,0x08,0x21,0xe9,0x93,0xb2,0x20,0x8b,0x79,0x88,0x09,0xa0,0xb6,0x10,0x30,0x8e,0x11,0xf1,0x02,0xa0,
  0x29,0x1a,0x22,0xab,0x02,0x9e,0x16,0x9a,0x01,0x3c,0x82,0xaa,0xe3,0x38,0x01,0xa2,0x8f,0x61,0x2c,0x98,
  0xa1,0x81,0x11,0x3d,0x88,0xf1,0xa4,0x28,0x19,0x1a,0xa1,0xc6,0x18,0x91,0x49,0xba,0x93,0xa3,0x85,0x2b,
  0x4c,0x99,0xb3,0x68,0x0a,0x08,0xe1,0x11,0x19,0x29,0xb8,0x10,0x93,0x85,0x8f,0x50,0x2b,0xc0,0xa2,0x00,
  0x21,0x2e,0x90,0xe2,0xa3,0x59,0x2a,0x0a,0xf3,0x92,0x30,0x2c,0x8a,0x80,0xa4,0x10,0x2c,0x3b,0xa1,0xc5,
  0x28,0x3a,0x6b,0xd8,0x01,0xa1,0x31,0x8f,0x81,0x81,0x94,0x1b,0x00,0x29,0xc9,0x10,0x38,0x98,0x80,0xe4,
  0x52,0x0c,0x08,0xe1,0x82,0x39,0x3b,0xb8,0xa3,0xa7,0x5a,0x2a,0x1a,0xb0,0x91,0x81,0x21,0x09,0x29,0x9c,
  0x39,0x5c,0x1a,0x4a,0xc7,0x80,0x29,0x4a,0xb8,0xa6,0x08,0x40,0x0b,0xd0,0x18,0x83,0x90,0x99,0x11,0x96,
  0x00,0x1d,0x0b,0x93,0xe4,0x48,0x0a,0x28,0xf1,0x82,0x81,0x5a,0x1a,0x89,0xe2,0x02,0x19,0x19,0x9b,0x21,
  0xa1,0x96,0x18,0x88,0xba,0xa6,0x30,0x1a,0x3b,0xf0,0x90,0x22,0x79,0x89,0xb1,0xd3,0x10,0x39,0x8d,0xb4,
  0x91,0x21,0x2e,0x18,0x90,0xa6,0x00,0x2b,0x3d,0x99,0xb4,0x93,0x28,0x3d,0x8a,0xe3,0x92,0x18,0x29,0x0a,
  0x93,0x91,0x97,0x18,0x38,0x0d,0xb0,0xb2,0x20,0x8e,0x28,0x29,0x93,0xa4,0x71,0x91,0xa9,0xfa,0x08,0x08,
  0x30,0x81,0x81,0xa0,0x20,0x28,0x50,0xa0,0x80,0xba,0x19,0xaa,0x70,0x27,0x9b,0xcc,0x8c,0x82,0x22,0x14,
  0x08,0x90,0x0a,0x03,0x30,0x82,0x9d,0xc9,0x9a,0xa2,0x29,0x77,0x98,0xb9,0xae,0x21,0x38,0x33,0x90,0x91,
  0x9c,0x41,0x18,0x84,0xb9,0xa9,0x8e,0x10,0x80,0x77,0xa8,0x99,0xda,0x20,0x10,0x32,0xa1,0x80,0xaa,0x48,
  0x81,0x13,0xc9,0x0b,0xad,0x11,0x82,0x71,0x97,0x8a,0xea,0x19,0x01,0x41,0x92,0x09,0xb0,0x39,0x12,0x59,
  0xb8,0x9b,0xc0,0x28,0x12,0x7a,0x07,0x8c,0xa9,0x0d,0x03,0x11,0x03,0x0c,0x88,0x09,0x86,0x80,0x00,0x8d,
  0x80,0x90,0x04,0x0a,0x37,0xbc,0x98,0xbb,0x34,0x20,0x42,0xca,0x91,0x90,0x71,0x88,0x88,0xd0,0x18,0x18,
  0x39,0xb0,0x73,0xf3,0x89,0xa9,0x59,0x01,0x10,0xb1,0x09,0x81,0x49,0x93,0xaa,0xd3,0x1b,0x31,0x0b,0xa6,
  0x09,0x47,0x8e,0x88,0x9a,0x14,0x00,0x21,0xac,0x01,0xa0,0x34,0x99,0x1a,0xe9,0x20,0x81,0x39,0xb9,0x70,
  0xc6,0x8a,0xa0,0x5a,0x02,0x08,0xa2,0x0c,0x02,0x18,0x04,0xac,0x81,0x8a,0x42,0xa8,0x10,0xab,0x77,0xab,
  0x19,0x9c,0x24,0xa2,0x30,0xab,0x4b,0x93,0x11,0xd3,0x1d,0x80,0x19,0x84,0x9a,0x00,0x79,0xc6,0xa9,0x81,
  0x3a,0x33,0xaa,0xa4,0xaa,0x72,0x88,0x01,0xd8,0x18,0x08,0x28,0xb2,0x0a,0x39,0x67,0xac,0x09,0xa8,0x43,
  0xb3,0x19,0xa8,0x4b,0x04,0x88,0xa2,0x9d,0x21,0x90,0x03,0xba,0x2d,0x71,0xc6,0x9a,0x01,0x2a,0x42,0xc8,
  0x00,0x98,0x58,0x81,0x89,0xa1,0x8a,0x41,0x89,0x81,0xd8,0x28,0x57,0x9d,0x19,0xa0,0x21,0x03,0x0d,0x80,
  0x98,0x33,0x90,0x1b,0xb8,0x89,0x07,0x09,0x19,0xba,0x72,0xa7,0x9d,0x02,0x89,0x51,0xa0,0x89,0x82,0x19,
  0x32,0xba,0x80,0xb0,0x6a,0x01,0xaa,0x92,0x89,0x77,0xe9,0x2a,0x81,0x09,0x15,0xaa,0x18,0x91,0x10,0x84,
  0xaa,0x38,0x8a,0x48,0xa2,0xab,0x82,0x79,0x97,0xcd,0x12,0xa0,0x58,0x81,0xab,0x13,0x90,0x58,0x80,0x9b,
  0x82,0x90,0x40,0x98,0x9b,0x02,0x77,0xca,0x1c,0x02,0x98,0x23,0xb8,0x2d,0x01,0x80,0x03,0xc0,0x0a,0x20,
  0x88,0x83,0xc9,0x1b,0x77,0xc0,0x9d,0x03,0x90,0x40,0x91,0x9c,0x21,0x81,0x39,0x91,0xcb,0x11,0x82,0x28,
  0x09,0x8e,0x78,0xa6,0xbc,0x21,0x81,0x2a,0x04,0xca,0x28,0x12,0x09,0x01,0xf0,0x08,0x11,0x19,0x19,0xc9,
  0x71,0x94,0xbe,0x20,0x82,0x0a,0x23,0xe9,0x29,0x12,0x09,0x28,0xa8,0x8a,0x03,0x81,0x88,0xba,0x7a,0x27,
  0xdf,0x10,0x02,0x0a,0x11,0xa8,0x0a,0x14,0x00,0x19,0x89,0x9a,0x82,0x13,0x29,0x9f,0x73,0xd3,0xbd,0x22,
  0x82,0x0a,0x12,0xc9,0x19,0x33,0x81,0x8a,0x09,0x99,0x91,0x16,0x91,0x8e,0x47,0xd9,0x8c,0x31,0xa1,0x09,
  0x22,0xab,0x2a,0x25,0x80,0x8a,0x08,0x88,0x18,0x22,0xa0,0x1f,0x37,0xfa,0x0d,0x31,0x98,0x19,0x82,0xb9,
  0x28,0x15,0xa1,0x89,0x18,0x88,0x19,0x13,0xf0,0x72,0xa1,0xcf,0x20,0x82,0x98,0x20,0xa0,0xa9,0x42,0x23,
  0x9b,0x8a,0x82,0xa0,0x31,0x22,0x7d,0x95,0xfd,0x08,0x22,0x89,0x08,0x81,0x9a,0x38,0x24,0xa0,0x9a,0x38,
  0x08,0x1a,0x05,0x00,0x27,0xfd,0x0b,0x22,0x91,0x08,0x10,0xaa,0x88,0x26,0x02,0x9b,0x09,0x81,0x90,0x32,
  0x60,0x07,0xfc,0x0a,0x21,0x91,0x08,0x01,0xaa,0x1a,0x44,0x02,0x9a,0x0a,0x00,0x88,0x32,0x74,0xb4,0xde,
  0x19,0x21,0x80,0x08,0x91,0xab,0x39,0x36,0xa2,0xa9,0x09,0x18,0x28,0x33,0x67,0xc8,0xae,0x18,0x12,0x80,
  0x00,0xa8,0xaa,0x40,0x25,0x91,0x9a,0x88,0x08,0x30,0x25,0x17,0xdb,0x9e,0x10,0x11,0x80,0x00,0xa9,0x8a,
  0x42,0x14,0x80,0x99,0x89,0x19,0x31,0x73,0x87,0xdc,0x0a,0x11,0x00,0x11,0x88,0xbb,0x18,0x34,0x12,0x80,
  0xa9,0x9b,0x20,0x35,0x77,0xa9,0xae,0x00,0x01,0x10,0x81,0xb9,0x19,0x31,0x22,0x13,0xc0,0xaa,0x20,0x11,
  0x76,0x95,0xcd,0x88,0x80,0x28,0x31,0xa9,0x9a,0x20,0x11,0x44,0x02,0x9a,0x19,0x89,0x78,0x27,0xda,0x9a,
  0xa8,0x09,0x33,0xa1,0x09,0x81,0x8a,0x54,0x03,0x18,0x02,0xba,0x78,0x37,0xba,0x9b,0xda,0x9a,0x22,0x90,
  0x20,0x82,0x0b,0x34,0x92,0x31,0x84,0x99,0x32,0x77,0x96,0x9a,0xc9,0xba,0x18,0x98,0x28,0x22,0x18,0x44,
  0x02,0x21,0x13,0x89,0x11,0x76,0x93,0xbc,0xca,0xcb,0x88,0x88,0x19,0x21,0x10,0x35,0x13,0x32,0x33,0x88,
  0x10,0x78,0x37,0xda,0xaa,0xcc,0x8a,0x80,0x89,0x31,0x01,0x43,0x15,0x21,0x32,0x80,0x18,0x70,0x86,0xb9,
  0xca,0xdb,0x8a,0x89,0x0a,0x21,0x11,0x44,0x23,0x32,0x43,0x18,0x00,0x70,0x84,0xca,0xba,0xbe,0x9a,0x99,
  0x09,0x11,0x12,0x54,0x23,0x32,0x24,0x00,0x01,0x50,0x04,0xcb,0xdb,0xcc,0x8b,0x99,0x89,0x11,0x21,0x63,
  0x23,0x42,0x23,0x01,0x11,0x59,0x84,0xda,0xbb,0xce,0x9a,0x98,0x09,0x11,0x11,0x53,0x33,0x52,0x13,0x01,
  0x02,0x28,0x86,0xca,0xbc,0xcd,0xaa,0x98,0x89,0x02,0x11,0x63,0x32,0x33,0x15,0x12,0x01,0x08,0x15,0xc9,
  0xcb,0xec,0xaa,0x99,0x8a,0x01,0x10,0x42,0x33,0x44,0x33,0x31,0x22,0x88,0x45,0x99,0xbb,0xde,0xac,0xa9,
  0x9a,0x08,0x80,0x32,0x14,0x44,0x33,0x42,0x22,0x81,0x53,0x90,0x99,0xdd,0xbc,0xba,0x9c,0x89,0x88,0x22,
  0x22,0x45,0x32,0x33,0x24,0x11,0x51,0x83,0x90,0xcc,0xbe,0xbb,0xcb,0x99,0x89,0x20,0x32,0x44,0x43,0x23,
  0x14,0x12,0x21,0x25,0x00,0xc9,0xcd,0xbc,0xca,0x9a,0x89,0x18,0x21,0x43,0x24,0x33,0x24,0x21,0x11,0x44,
  0x11,0x90,0xdc,0xcc,0xbb,0xac,0xa9,0x88,0x11,0x43,0x34,0x34,0x23,0x13,0x02,0x41,0x11,0x90,0xfb,0xbd,
  0xbc,0xbb,0xab,0x9a,0x11,0x43,0x35,0x35,0x22,0x22,0x13,0x42,0x11,0x80,0xda,0xcd,0xcb,0xcb,0xaa,0x9a,
  0x88,0x21,0x53,0x43,0x43,0x32,0x22,0x41,0x24,0x01,0xb8,0xec,0xca,0xbb,0xbb,0xaa,0x09,0x00,0x15,0x24,
  0x43,0x32,0x23,0x61,0x87,0x00,0x98,0xab,0xbb,0xae,0x9b,0x1a,0x28,0x31,0x33,0x43,0x43,0x50,0x20,0xb0,
  0x77,0x0a,0x0b,0x8d,0x88,0x19,0x00,0x1b,0x91,0xb0,0x27,0x90,0x7c,0x1a,0xa1,0x94,0x02,0x3b,0xc0,0x00,
  0xf8,0x99,0xd4,0x11,0xb1,0x13,0xaa,0x7d,0xa1,0x20,0xb8,0x38,0xd0,0x22,0x8a,0x31,0xab,0x84,0x9e,0x93,
  0x1a,0x21,0x1b,0xa3,0x3f,0x2b,0x88,0x96,0x10,0x0d,0x09,0x12,0x96,0x88,0xa2,0x3c,0x5b,0x9b,0x91,0xc8,
  0x58,0x28,0x3a,0xf3,0x80,0x08,0x7b,0x98,0x02,0xb3,0x2a,0x0b,0xba,0xb0,0x72,0x81,0x41,0xc1,0x3a,0xc8,
  0x8a,0x92,0x2d,0x84,0x3a,0x94,0x8c,0x13,0x0b,0x23,0xe0,0x91,0x9f,0x19,0x81,0x62,0x20,0x90,0x91,0xaa,
  0x0f,0xa1,0x98,0x03,0x8d,0x32,0x08,0x63,0xa2,0x08,0xb1,0x9f,0x98,0x88,0x42,0x10,0x00,0xc1,0x0a,0x9b,
  0x80,0x25,0x25,0x0a,0x93,0xab,0xac,0xec,0x09,0x21,0x40,0x14,0x81,0x90,0x38,0xba,0xaa,0xb1,0x8f,0x00,
  0x90,0x31,0x80,0x28,0x92,0x1a,0x14,0x88,0x61,0x90,0x89,0xf9,0x76,0x99,0xaa,0xb0,0x0c,0x31,0x01,0x25,
  0x80,0x0a,0xa9,0x19,0x14,0x10,0x02,0xbc,0xba,0xe9,0x77,0xa1,0xba,0xa0,0x0e,0x11,0x02,0x33,0x88,0x9b,
  0xa0,0x09,0x35,0x81,0x00,0xdb,0x8d,0x88,0x78,0x86,0xaa,0x89,0x9b,0x30,0x05,0x11,0x82,0xba,0x80,0x80,
  0x70,0x81,0x98,0x98,0xab,0x08,0x61,0x57,0xaa,0x8c,0xaa,0x28,0x43,0x10,0x02,0xc8,0x89,0x82,0x30,0x43,
  0xb9,0xb9,0xea,0x1a,0x12,0x77,0x98,0xac,0xa8,0x18,0x52,0x01,0x00,0xa8,0x0b,0x21,0x03,0x24,0xb8,0x9f,
  0x89,0x88,0x22,0x72,0x96,0xdb,0x0a,0x89,0x31,0x15,0x08,0x88,0xb9,0x20,0x43,0x18,0xa0,0xfa,0x0a,0x00,
  0x01,0x83,0x67,0xba,0xad,0x81,0x28,0x52,0x81,0x99,0x88,0x09,0x33,0x84,0x89,0xbb,0xac,0x30,0x12,0x00,
  0x29,0x77,0xea,0x0c,0x00,0x00,0x43,0x88,0x8a,0x80,0x08,0x43,0x91,0x9a,0x8b,0x8c,0x22,0x02,0x8a,0x7b,
  0x17,0xdd,0x19,0x00,0x10,0x23,0x99,0x8b,0x91,0x12,0x44,0xa0,0xbb,0x98,0x19,0x42,0xa1,0xc9,0x7a,0x17,
  0xdc,0x09,0x01,0x00,0x23,0xa8,0x9a,0x11,0x21,0x52,0xb0,0xdb,0x08,0x28,0x11,0xc2,0xb9,0x5b,0x67,0xc9,
  0x8c,0x11,0x81,0x20,0x81,0xab,0x18,0x23,0x31,0x89,0xbc,0x8a,0x31,0x32,0xc0,0xeb,0x89,0x74,0x97,0xbc,
  0x18,0x12,0x08,0x11,0xb0,0x9b,0x51,0x22,0x90,0x8a,0x8b,0x8b,0x43,0x85,0xba,0x8c,0x10,0x77,0xa0,0x9f,
  0x10,0x02,0x08,0x00,0xa8,0x8a,0x42,0x12,0xb9,0x99,0x80,0x80,0x31,0x12,0xce,0x8a,0x13,0x77,0xa8,0xae,
  0x11,0x02,0x80,0x00,0x98,0x9b,0x52,0x13,0xc8,0x8a,0x00,0x80,0x20,0x02,0xeb,0x9a,0x13,0x67,0x91,0xbf,
  0x18,0x22,0x80,0x08,0x90,0xb9,0x30,0x35,0xa0,0xab,0x00,0x88,0x29,0x24,0xd8,0x9c,0x38,0x51,0x27,0xf9,
  0x9b,0x30,0x03,0x88,0x08,0x98,0x8b,0x72,0x12,0xb9,0x9a,0x20,0x08,0x01,0xa3,0xe9,0x8b,0x41,0x32,0x47,
  0xf9,0x8d,0x20,0x02,0x90,0x08,0x88,0x8a,0x41,0x04,0xb9,0x0a,0x38,0x80,0x90,0x93,0xc9,0x0d,0x30,0x83,
  0x67,0xb0,0xbf,0x28,0x23,0x90,0x89,0x00,0x9a,0x20,0x17,0x91,0x9c,0x19,0x12,0x90,0x08,0x88,0xac,0x19,
  0x15,0x71,0x04,0xfc,0x9a,0x32,0x02,0x99,0x08,0x80,0x89,0x51,0x03,0xd8,0x9a,0x31,0x01,0x99,0x88,0xa0,
  0xaa,0x58,0x32,0x79,0x17,0xfa,0x8c,0x21,0x03,0x99,0x88,0x80,0x89,0x50,0x23,0xc9,0x9b,0x30,0x12,0x99,
  0x09,0x98,0xbb,0x38,0x27,0x88,0x77,0xc8,0xad,0x38,0x14,0xa0,0x8a,0x20,0x08,0x09,0x24,0xa2,0xbc,0x29,
  0x24,0xa0,0xaa,0x00,0xa0,0x0b,0x61,0xa2,0x70,0x87,0xdc,0x0a,0x33,0x82,0xab,0x18,0x01,0x89,0x42,0x14,
  0xda,0x8a,0x31,0x02,0xaa,0x09,0x80,0xbb,0x30,0x35,0xc9,0x79,0x27,0xdd,0x8a,0x33,0x82,0xaa,0x10,0x81,
  0x99,0x51,0x13,0xc9,0xab,0x23,0x84,0x9a,0x19,0xa8,0xbb,0x42,0x16,0xaa,0x1c,0x77,0xb0,0x9e,0x28,0x13,
  0xa8,0x09,0x11,0x99,0x19,0x35,0xa1,0xac,0x18,0x23,0xa8,0x0b,0x00,0xd8,0x99,0x52,0x00,0xbb,0x79,0x37,
  0xfa,0x8b,0x31,0x02,0xa9,0x18,0x01,0xaa,0x50,0x24,0xc0,0xab,0x30,0x12,0xa9,0x08,0x91,0xeb,0x08,0x24,
  0x90,0x9c,0x59,0x47,0xc8,0x9e,0x20,0x12,0x99,0x18,0x81,0xaa,0x39,0x36,0xa0,0xbb,0x20,0x12,0x99,0x18,
  0x92,0xcd,0x1a,0x33,0x91,0xbc,0x00,0x76,0x86,0xcc,0x0a,0x23,0x91,0x09,0x10,0xa8,0x1b,0x73,0x02,0xc9,
  0x09,0x11,0x88,0x08,0x81,0xc8,0x8c,0x48,0x01,0xb8,0x98,0x10,0x77,0xa3,0xcf,0x18,0x22,0x88,0x09,0x01,
  0xb9,0x18,0x35,0x82,0xac,0x09,0x12,0x98,0x00,0x01,0xeb,0x9b,0x42,0x01,0xba,0x08,0x00,0x78,0x77,0xd9,
  0x9a,0x22,0x02,0x99,0x10,0x98,0x9a,0x61,0x13,0xc8,0x9a,0x21,0x81,0x89,0x21,0xd8,0xab,0x48,0x22,0xba,
  0x9a,0x02,0xb0,0x77,0x07,0xcc,0x0a,0x23,0x81,0x89,0x01,0xb9,0x0a,0x55,0x01,0xba,0x88,0x02,0x08,0x39,
  0x01,0xfb,0x9a,0x32,0x81,0x9a,0x09,0xa0,0xa8,0x74,0x77,0xda,0x8a,0x22,0x81,0x08,0x10,0xb9,0x9a,0x54,
  0x03,0xba,0x09,0x01,0x98,0x30,0x84,0xfa,0x99,0x21,0x01,0x9a,0x19,0xb0,0xaa,0x54,0x72,0x17,0xdc,0x0a,
  0x22,0x80,0x08,0x01,0xc9,0x1a,0x53,0x02,0xaa,0x89,0x80,0x00,0x42,0x91,0xcc,0x8a,0x12,0x81,0x19,0x89,
  0xbc,0x08,0x44,0x60,0x47,0xe9,0x8c,0x20,0x01,0x08,0x00,0xa8,0x9b,0x63,0x03,0xb8,0x88,0x80,0x99,0x42,
  0x03,0xcc,0x9a,0x11,0x80,0x19,0x01,0xea,0x8a,0x23,0xa3,0x77,0x97,0xdb,0x08,0x02,0x80,0x20,0x90,0xbb,
  0x38,0x35,0x80,0x89,0x90,0xaa,0x38,0x16,0xc0,0xa9,0x00,0x8b,0x39,0x83,0xd8,0x89,0x59,0x3a,0x18,0x73,
  0x57,0xfb,0x89,0x02,0x08,0x20,0x91,0xba,0x29,0x43,0x00,0x01,0xb0,0xab,0x30,0x33,0x99,0x9b,0xbd,0x9b,
  0x12,0x94,0xc0,0x89,0x9a,0x02,0x07,0x02,0x77,0xa7,0x9d,0x18,0x88,0x21,0x12,0xab,0x1b,0x11,0x03,0x15,
  0x80,0x9c,0x88,0x83,0x02,0x08,0x8e,0x0c,0x88,0x82,0xa2,0xaa,0x8a,0x09,0x23,0x07,0x80,0x77,0xa7,0x9d,
  0x00,0x88,0x21,0x02,0x9b,0x09,0x01,0x31,0x24,0x88,0x9b,0x9a,0x00,0x22,0x00,0x9e,0xab,0x98,0x11,0x21,
  0x8b,0x9b,0x0a,0x72,0x30,0xa2,0x77,0x27,0xbf,0x00,0xa8,0x40,0x83,0xb9,0x10,0x98,0x58,0x13,0xa0,0x18,
  0x9a,0x2a,0x04,0xb1,0x98,0x8c,0x0d,0x00,0x80,0x88,0x8a,0x0c,0x82,0x96,0x02,0x79,0x77,0xc8,0x8a,0x98,
  0x2a,0x24,0xa0,0x08,0xa0,0x2a,0x54,0x08,0x80,0xa0,0x0b,0x22,0x88,0x01,0xf9,0x8a,0x00,0x89,0x11,0xd0,
  0x98,0x01,0x29,0x78,0x88,0x76,0x95,0x9c,0xa8,0xaa,0x42,0x01,0x29,0x91,0xaa,0x34,0x82,0x48,0x00,0x9d,
  0x01,0xb0,0x10,0x80,0x0f,0x08,0xa9,0x01,0xa2,0x29,0x20,0x8c,0x11,0xc2,0x82,0x77,0x07,0x0a,0xcb,0xab,
  0x82,0x90,0x31,0x88,0x49,0x05,0x02,0x33,0x08,0x3a,0x90,0xc9,0x92,0xcc,0x1b,0x9c,0x9b,0xa1,0xa8,0x13,
  0x83,0x71,0x32,0x01,0x77,0x07,0x88,0xa8,0xbc,0x8a,0xb9,0x09,0x01,0x10,0x44,0x22,0x53,0x13,0x11,0x12,
  0xa9,0x99,0xfb,0xab,0xba,0x9d,0x8a,0xa9,0x00,0x23,0x43,0x63,0x21,0x31,0x77,0x81,0x00,0xba,0xac,0xb9,
  0xbc,0x88,0x9a,0x28,0x13,0x43,0x36,0x22,0x43,0x12,0x20,0x81,0xa9,0xa8,0xbe,0xab,0xbc,0xac,0xb9,0xba,
  0x08,0x08,0x40,0x75,0x27,0x10,0x81,0xab,0x9a,0xdb,0x9a,0xb0,0x89,0x21,0x29,0x73,0x02,0x23,0x15,0x11,
  0x22,0x80,0x00,0xc8,0xaa,0xca,0xad,0xaa,0xcb,0xaa,0xb8,0x09,0x48,0x77,0x04,0x21,0xb9,0xab,0xd9,0x9d,
  0x88,0x8a,0x11,0x02,0x53,0x24,0x31,0x33,0x01,0x82,0xa1,0x8a,0x8d,0x9d,0xb9,0xca,0xa9,0x9b,0x8c,0x99,
  0xa0,0xa4,0x77,0x06,0x10,0xa0,0xab,0xa9,0x9f,0x89,0x99,0x00,0x03,0x42,0x34,0x21,0x15,0x82,0x12,0x80,
  0x0a,0xba,0xcc,0xb9,0xac,0x9b,0x9c,0x9a,0xb1,0x31,0x11,0x77,0x07,0x10,0x90,0xab,0xa9,0xae,0x98,0x99,
  0x10,0x11,0x52,0x33,0x32,0x25,0x11,0x22,0x90,0x08,0xca,0x9c,0xda,0xbb,0xb9,0xcb,0x89,0xa9,0x28,0x20,
  0x77,0x07,0x11,0xa8,0x9a,0xc9,0x9c,0x98,0x9a,0x11,0x10,0x44,0x22,0x43,0x33,0x21,0x13,0x98,0x80,0xcc,
  0x9b,0xcc,0xab,0xba,0x9c,0x0a,0x9b,0x11,0x78,0x67,0x10,0x01,0xaa,0x99,0xcc,0x9a,0xa9,0x0a,0x11,0x21,
  0x27,0x22,0x43,0x12,0x22,0x82,0x08,0xa8,0xbc,0xb8,0xcd,0x8a,0xcb,0x8b,0xba,0x99,0xa1,0x77,0x05,0x11,
  0xa1,0xaa,0xba,0xaf,0x99,0xaa,0x01,0x02,0x62,0x22,0x42,0x14,0x11,0x22,0x08,0x18,0xab,0xab,0xfb,0xaa,
  0xaa,0xab,0xa9,0xaa,0x80,0x73,0x77,0x10,0x81,0xab,0xa9,0xbd,0x9a,0xba,0x19,0x02,0x60,0x33,0x42,0x34,
  0x21,0x32,0x81,0x01,0xb1,0x9b,0xbb,0xbf,0xb9,0xcb,0x99,0x9b,0x0b,0x7b,0x87,0x08,0x08,0x08,0x08,0x08,
  0x08,0x08,0x80,0x08,0x08,0x80,0x08,0x80,0x08,0x08,0x08,0x08,0x08,0x80,0x80,0x80,0x80,0x80,0x90,0x00,
  0x00,0x00,0x00,0x00,0x00,0x00,0x00,0x00,0x00,0x00,0x00,0x00,0x00,0x00,0x00,0x00,0x00,0x00,0x00,0x00,
  0x00,0x00,0x00,0x00,0x00,0x00,0x00,0x00,0x00,0x00,0x00,0x00,0x00,0x00,0x00,0x00,0x00,0x00,0x00,0x00,
  0x00,0x00,0x00,0x00,0x00,0x00,0x00,0x00,0x00,0x00,0x00,0x00,0x00,0x00,0x00,0x00,0x00,0x00,0x00,0x00,
  0x00,0x00,0x00,0x00,0x00,0x00,0x00,0x00,0x00,0x00,0x00,0x00,0x00,0x00,0x00,0x00,0x00,0x00,0x00,0x00,
  0x00,0x00,0x00,0x00,0x00,0x00,0x00,0x00,0x00,0x00,0x00,0x00,0x00,0x00,0x00,0x00,0x00,0x00,0x00,0x00,
  0x00,0x00,0x00,0x00,0x00,0x00,0x00,0x00,0x00,0x00,0x00,0x00,0x00,0x00,0x00,0x00,0x00,0x00,0x00,0x00,
  0x00,0x00,0x00,0x00,0x00,0x00,0x00,0x00,0x00,0x00,0x00,0x00,0x00,0x00,0x00,0x00,0x00,0x00,0x00,0x00,
  0x00,0x00,0x00,0x00,0x00,0x00,0x00,0x00,0x00,0x00,0x00,0x00,0x00,0x00,0x00,0x00,0x00,0x00,0x00,0x00,
  0x00,0x00,0x00,0x00,0x00,0x00,0x00,0x00,0x00,0x00,0x00,0x00,0x00,0x00,0x00,
};
static constexpr VoiceClip soundOnClip = {
  soundOnData, sizeof(soundOnData), 6229, 8000
};
// "Sound off"
#ifdef HAS_DRV2605
static const uint8_t soundOffData[] = {
  0x04,0x72,0xc2,0xdf,0x18,0x12,0x88,0x18,0x90,0xaa,0x40,0x24,0x90,0xaa,0x00,0x80,0x10,0x14,0x73,0xc1,
  0xdf,0x00,0x12,0x88,0x18,0x88,0xaa,0x31,0x34,0x90,0xaa,0x08,0x00,0x20,0x24,0x57,0xca,0xaf,0x11,0x82,
  0x80,0x00,0xa8,0x9a,0x51,0x23,0x90,0xaa,0x08,0x01,0x20,0x61,0x27,0xdc,0x8c,0x20,0x81,0x00,0x00,0xb9,
  0x89,0x43,0x14,0x88,0x99,0x89,0x08,0x23,0x74,0x96,0xfb,0x0a,0x10,0x00,0x11,0x90,0xaa,0x08,0x24,0x22,
  0x80,0xa9,0xa9,0x48,0x31,0x75,0xb3,0xcf,0x0a,0x01,0x20,0x12,0xb9,0x8b,0x12,0x13,0x34,0x81,0x9d,0x19,
  0x10,0x70,0x17,0xea,0x8a,0x08,0x08,0x31,0x91,0x9a,0x00,0x80,0x51,0x22,0x99,0x00,0x98,0x09,0x77,0xa3,
  0xae,0x88,0x9a,0x20,0x13,0x99,0x00,0x98,0x49,0x15,0x91,0x12,0x90,0x1b,0x72,0x27,0xca,0xa9,0xbb,0x1a,
  0x21,0x88,0x22,0xa1,0x29,0x26,0x10,0x41,0x30,0x81,0xa2,0x77,0xb2,0x9c,0xba,0xad,0x18,0x90,0x28,0x13,
  0x10,0x63,0x11,0x10,0x03,0x98,0x10,0x78,0x37,0xba,0xab,0xcd,0x8b,0x08,0x99,0x21,0x03,0x42,0x25,0x11,
  0x32,0x81,0x08,0xa1,0x77,0xa1,0xbb,0xca,0xad,0x88,0x98,0x00,0x22,0x30,0x54,0x12,0x31,0x02,0x80,0x81,
  0x7a,0x05,0xca,0xab,0xdc,0x9a,0x90,0x88,0x21,0x11,0x53,0x24,0x21,0x33,0x81,0x00,0xb8,0x56,0xb0,0xad,
  0xcb,0xbc,0x89,0x98,0x28,0x22,0x41,0x35,0x13,0x43,0x02,0x00,0x81,0x3c,0x07,0xda,0xaa,0xbc,0x9c,0x88,
  0x89,0x22,0x11,0x63,0x33,0x41,0x23,0x00,0x01,0xba,0x73,0xa1,0xbc,0xfb,0xac,0x89,0x99,0x10,0x11,0x31,
  0x26,0x22,0x53,0x01,0x11,0x90,0x2a,0x87,0xba,0xbb,0xcf,0x9a,0x98,0x09,0x12,0x28,0x63,0x21,0x33,0x05,
  0x11,0x02,0x8a,0x62,0xb8,0xba,0xfc,0x9c,0x99,0x99,0x01,0x81,0x32,0x23,0x73,0x23,0x21,0x23,0x90,0x40,
  0x94,0x9a,0xec,0xcc,0xaa,0xaa,0x08,0x08,0x20,0x33,0x63,0x24,0x23,0x24,0x01,0x01,0x30,0x82,0xda,0xdd,
  0xbc,0xbb,0xba,0x89,0x08,0x22,0x44,0x43,0x43,0x33,0x23,0x12,0x00,0x53,0x81,0xc9,0xed,0xbb,0xbc,0xaa,
  0x99,0x18,0x31,0x43,0x35,0x33,0x43,0x13,0x12,0x01,0x25,0x00,0xca,0xed,0xbb,0xcb,0x9b,0x8a,0x18,0x32,
  0x44,0x43,0x33,0x23,0x13,0x11,0x09,0x25,0x00,0xb8,0xdf,0xac,0xbc,0xaa,0x9a,0x08,0x21,0x53,0x34,0x24,
  0x24,0x11,0x11,0x08,0x13,0x80,0xea,0xea,0xaa,0xbe,0xaa,0xaa,0x18,0x11,0x34,0x34,0x34,0x23,0x22,0x02,
  0x08,0x23,0x01,0x98,0xef,0xca,0xcb,0xab,0xbb,0x99,0x00,0x43,0x53,0x43,0x33,0x23,0x04,0x82,0x74,0x88,
  0x90,0xca,0xba,0xbc,0xab,0x9a,0x09,0x20,0x31,0x70,0x41,0x31,0x23,0x33,0x21,0x7d,0xa7,0x98,0xc9,0x09,
  0x99,0x20,0x8b,0x01,0x88,0x42,0x4a,0x82,0x03,0x22,0x5c,0xb0,0xd5,0x74,0x9b,0x98,0x9a,0x02,0x0a,0xb3,
  0x10,0x13,0x79,0x80,0x82,0xd3,0x93,0xa0,0x82,0xac,0xf4,0x86,0x2b,0x1b,0xab,0xb5,0x11,0x28,0x4a,0xb1,
  0x04,0x00,0x38,0xc8,0x93,0x89,0x3a,0x0f,0xa8,0x37,0x0c,0x0a,0xbc,0xa2,0x18,0x23,0x00,0x87,0x00,0x21,
  0x3d,0x08,0x98,0xc3,0x08,0x1b,0x9c,0x47,0x8c,0x90,0xbb,0x81,0x0a,0x34,0x28,0x24,0x08,0x02,0x99,0x84,
  0x99,0x81,0x8d,0x98,0xbb,0x71,0xb7,0xa1,0xf8,0x1a,0x89,0x30,0x84,0x32,0x82,0x18,0xa0,0x8a,0xa1,0x3b,
  0x0a,0xad,0xe3,0x99,0x77,0x0b,0x88,0xdb,0x81,0x88,0x50,0x00,0x12,0x82,0x28,0x99,0x89,0xb2,0x19,0x8a,
  0x8d,0xb8,0x7c,0x97,0x98,0xb8,0x8d,0x80,0x20,0x15,0x02,0x02,0x99,0x0a,0x8a,0x00,0xa3,0x81,0x9c,0x8e,
  0xaa,0x73,0x97,0x98,0xd8,0x8a,0x20,0x10,0x25,0x01,0x80,0x9a,0x89,0x00,0x11,0x88,0xad,0xcb,0x99,0x21,
  0x77,0x90,0x9b,0xe9,0x00,0x41,0x30,0x82,0xb8,0x89,0x0a,0x11,0x04,0xa9,0xad,0xaa,0x01,0x63,0x10,0x37,
  0xda,0x8d,0x80,0x10,0x42,0x00,0xa9,0xa8,0x18,0x42,0x91,0xb9,0x8b,0x0c,0x22,0x05,0x98,0x9a,0x77,0xb0,
  0x9f,0x01,0x01,0x20,0x01,0xd9,0x08,0x11,0x18,0x00,0xc8,0x9a,0x30,0x11,0x00,0xb8,0xd9,0x74,0x85,0xbe,
  0x18,0x12,0x18,0x11,0xc0,0x8b,0x40,0x01,0x80,0xa0,0xbc,0x29,0x24,0x01,0x8a,0x9b,0x7a,0x27,0xfb,0x0a,
  0x21,0x81,0x01,0x81,0xac,0x28,0x23,0x90,0x99,0xba,0x8a,0x44,0x02,0x9a,0x8c,0x49,0x77,0xb9,0x8e,0x20,
  0x82,0x00,0x00,0xb9,0x09,0x34,0x00,0x9b,0xb9,0x98,0x62,0x02,0xc8,0xa9,0x00,0x74,0x94,0xdd,0x08,0x22,
  0x00,0x80,0xa0,0x9a,0x30,0x15,0xa8,0x9a,0x0a,0x00,0x14,0x81,0xbb,0x0c,0x61,0x37,0xe9,0x8d,0x20,0x02,
  0x80,0x08,0xa9,0x88,0x53,0x00,0xba,0x99,0x10,0x30,0x12,0xd8,0x9b,0x39,0x76,0x94,0xcd,0x09,0x32,0x01,
  0x98,0xa0,0x8a,0x40,0x04,0xa0,0xab,0x09,0x12,0x13,0xa0,0x9e,0x0a,0x04,0x77,0x98,0xae,0x18,0x23,0x00,
  0x99,0x98,0x09,0x51,0x82,0xc8,0x8a,0x18,0x11,0x02,0x99,0xac,0x00,0x15,0x47,0xb8,0xcf,0x10,0x23,0x90,
  0x98,0x98,0x19,0x32,0x84,0xca,0x8a,0x28,0x22,0x82,0xcc,0x9a,0x32,0x04,0x47,0xc8,0xaf,0x10,0x33,0x88,
  0xa9,0x88,0x18,0x42,0x92,0xda,0x89,0x20,0x11,0x81,0xca,0x0b,0x31,0x14,0x72,0xa4,0xdf,0x19,0x33,0x80,
  0xa9,0x88,0x08,0x32,0x13,0xeb,0x9a,0x11,0x22,0x80,0xca,0x9a,0x40,0x13,0x81,0x77,0xca,0x9e,0x31,0x13,
  0x99,0x8a,0x90,0x20,0x43,0xa8,0xdb,0x18,0x31,0x81,0xc9,0x8b,0x38,0x23,0x93,0x7b,0x17,0xfb,0x0d,0x31,
  0x82,0x99,0x09,0x08,0x11,0x23,0xc9,0x9c,0x20,0x12,0x88,0xaa,0xa9,0x40,0x51,0x88,0x6a,0x07,0xfa,0x0c,
  0x22,0x83,0x9a,0x09,0x80,0x11,0x23,0xc9,0xcb,0x30,0x42,0x98,0xc9,0x88,0x38,0x12,0xa1,0x0b,0x77,0xd0,
  0x9e,0x21,0x13,0xa9,0x89,0x01,0x28,0x21,0xc1,0xbb,0x38,0x33,0xc1,0x99,0x0b,0x08,0x06,0x01,0x9c,0x70,
  0x87,0xdc,0x19,0x33,0x91,0xaa,0x18,0x08,0x12,0x13,0xcc,0x9b,0x43,0x02,0xaa,0xa9,0x00,0x31,0x13,0xd9,
  0xab,0x77,0xa4,0xbf,0x20,0x33,0xa8,0xaa,0x11,0x10,0x18,0x01,0xbb,0x0c,0x33,0x84,0xbb,0x8a,0x11,0x13,
  0x20,0xad,0xb9,0x77,0x96,0xaf,0x28,0x33,0xa8,0x9b,0x10,0x11,0x20,0x91,0xeb,0x19,0x41,0x91,0xb9,0x09,
  0x10,0x12,0x92,0xab,0x0d,0x72,0x27,0xfb,0x0c,0x31,0x03,0xaa,0x0b,0x11,0x12,0x11,0xca,0xbb,0x42,0x33,
  0xc9,0xba,0x10,0x41,0x81,0xc0,0x9a,0x38,0x76,0xa4,0xdd,0x19,0x43,0x90,0xb9,0x00,0x11,0x11,0x81,0xcb,
  0x0a,0x52,0x92,0xb9,0x8a,0x20,0x22,0x80,0xfa,0x89,0x43,0x71,0x93,0xfd,0x0a,0x42,0x82,0xba,0x09,0x12,
  0x02,0x01,0xca,0x9b,0x53,0x02,0xba,0x9b,0x31,0x31,0xa8,0xd8,0x09,0x50,0x11,0x79,0x06,0xec,0x0b,0x43,
  0x93,0xab,0x1a,0x12,0x02,0x11,0xcb,0x9b,0x44,0x02,0xbc,0x89,0x22,0x10,0xa0,0xb8,0x0a,0x42,0x85,0x09,
  0x67,0xe8,0xac,0x32,0x14,0xba,0x0a,0x12,0x11,0x10,0xd8,0xaa,0x42,0x03,0xc9,0x8a,0x10,0x11,0x81,0xb9,
  0x9b,0x51,0x04,0xa8,0x7c,0x07,0xea,0x0b,0x42,0x82,0xba,0x19,0x02,0x02,0x11,0xbb,0x9c,0x34,0x03,0xad,
  0x89,0x02,0x11,0x80,0xba,0x0b,0x62,0x82,0xb8,0x5b,0x77,0xc8,0x9d,0x21,0x04,0xa9,0x89,0x11,0x10,0x21,
  0xb9,0xbb,0x52,0x13,0xca,0x8a,0x10,0x01,0x02,0xc8,0x9c,0x58,0x12,0xb8,0x8a,0x78,0x37,0xe9,0x9d,0x21,
  0x04,0x99,0x8a,0x01,0x11,0x21,0xb9,0xac,0x32,0x24,0xaa,0xab,0x00,0x41,0x01,0xe9,0x99,0x31,0x12,0xc8,
  0x99,0x28,0x77,0xb4,0xbf,0x20,0x33,0xb8,0x9b,0x11,0x21,0x22,0xc1,0x9e,0x38,0x14,0xb8,0x8b,0x18,0x02,
  0x02,0xba,0x9d,0x31,0x15,0x9a,0x9b,0x12,0x72,0x37,0xfc,0x0b,0x42,0x92,0xaa,0x19,0x11,0x21,0x01,0xcc,
  0x1a,0x25,0x91,0x9c,0x08,0x01,0x01,0xa0,0xca,0x28,0x33,0xa8,0xcb,0x01,0x32,0x78,0x37,0xfa,0x9d,0x32,
  0x83,0xba,0x1a,0x11,0x11,0x23,0xdb,0x8c,0x43,0x82,0xba,0x09,0x00,0x20,0x01,0xf9,0x8a,0x41,0x81,0xb9,
  0x08,0x39,0x10,0x77,0xb4,0xbf,0x38,0x14,0x99,0x8a,0x00,0x10,0x42,0xa0,0xbc,0x40,0x23,0xb8,0x8b,0x08,
  0x18,0x23,0xb0,0xbf,0x39,0x14,0xa8,0x9a,0x90,0x02,0x73,0x57,0xfb,0x0b,0x33,0xa2,0xa9,0x19,0x88,0x32,
  0x15,0xca,0x8b,0x34,0x01,0xaa,0x98,0xa0,0x41,0x22,0xfb,0x9a,0x22,0x01,0x99,0x89,0x8a,0x21,0x77,0x97,
  0xcc,0x08,0x33,0x98,0x99,0x08,0x19,0x42,0x84,0xcb,0x19,0x32,0x92,0x98,0x8a,0x9b,0x43,0x04,0xbc,0x9b,
  0x13,0x12,0x1b,0xd9,0xc8,0x31,0x77,0x94,0xdd,0x08,0x22,0x80,0x89,0x88,0x1b,0x51,0x03,0xba,0x0b,0x23,
  0x83,0x01,0xb9,0xae,0x31,0x15,0xaa,0xca,0x10,0x01,0x08,0xa0,0xdb,0x08,0x77,0x95,0xeb,0x09,0x31,0x80,
  0x88,0x88,0x8b,0x41,0x15,0x99,0x1b,0x80,0x00,0x88,0x00,0x08,0x88,0x80,0x00,0x08,0x88,0x80,0x00,0x88,
  0x00,0x88,0x00,0x08,0x08,0x08,0x08,0x88,0x80,0x80,0x80,0x80,0x80,0x00,0x00,0x00,0x00,0x00,0x00,0x00,
  0x00,0x00,0x00,0x00,0x00,0x00,0x00,0x00,0x00,0x00,0x00,0x00,0x00,0x00,0x00,0x00,0x00,0x00,0x00,0x00,
  0x00,0x00,0x00,0x00,0x00,0x00,0x00,0x00,0x00,0x00,0x00,0x00,0x00,0x00,0x00,0x00,0x00,0x00,0x00,0x00,
  0x00,0x00,0x00,0x00,0x00,0x00,0x00,0x00,0x00,0x00,0x00,0x00,0x00,0x00,0x00,0x00,0x00,0x00,0x00,0x00,
  0x00,0x00,0x00,0x00,0x00,0x00,0x00,0x00,0x00,0x00,0x00,0x00,0x00,0x00,0x00,0x00,0x00,0x00,0x00,0x00,
  0x00,0x00,0x00,0x00,0x00,0x00,0x00,0x00,0x00,0x00,0x00,0x00,0x00,0x00,0x00,0x00,0x00,0x00,0x00,0x00,
  0x00,0x00,0x00,0x00,0x00,0x00,0x00,0x00,0x00,0x00,0x00,0x00,0x00,0x00,0x00,0x00,0x00,0x00,0x00,0x00,
  0x00,0x00,0x00,0x00,0x00,0x00,0x00,0x00,0x00,0x00,0x00,0x00,0x00,0x00,0x00,0x00,0x00,0x00,0x00,0x00,
  0x00,0x00,0x00,0x00,0x00,0x00,0x00,0x00,0x00,0x00,0x00,0x00,0x00,0x00,0x00,0x00,0x00,0x00,0x00,0x00,
  0x00,0x00,0x00,0x00,0x00,0x00,0x00,
};
static constexpr VoiceClip soundOffClip = {
  soundOffData, sizeof(soundOffData), 5393, 8000, soundPrefixData, sizeof(soundPrefixData)
};
#else
static const uint8_t soundOffData[] = {
  0x00,0x00,0x00,0x00,0x00,0x00,0x00,0x00,0x00,0x00,0x00,0x00,0x00,0x00,0x00,0x00,0x00,0x00,0x00,0x70,
  0x77,0xf0,0x97,0xec,0x4f,0x22,0x1d,0x88,0xa9,0x04,0x82,0x1e,0x48,0x8c,0x84,0xb8,0x82,0x4b,0x02,0xaa,
  0xb0,0x68,0x80,0x11,0x8d,0xb5,0x29,0x01,0x29,0xab,0xf4,0x84,0x08,0x3d,0x89,0x82,0xb3,0x29,0x2e,0x5b,
  0xb0,0xb4,0x93,0x5b,0x1a,0xb0,0xb5,0x00,0x40,0x8b,0xa1,0xc4,0x11,0x1b,0x7b,0xb8,0x93,0x82,0x80,0x38,
  0x2f,0x89,0xd2,0xa2,0x12,0x1b,0x10,0x99,0xe3,0x11,0x29,0xc1,0x08,0xb4,0x7a,0xb8,0x92,0xc4,0x10,0x18,
  0x2d,0x88,0x12,0xa8,0x20,0xae,0x24,0xa9,0x01,0x2d,0x82,0x80,0xa9,0x5a,0x18,0xc2,0x4a,0x89,0x00,0xa2,
  0x80,0x21,0xd9,0x08,0x8f,0x15,0x48,0x8e,0x38,0xc0,0xa5,0x80,0x2a,0x49,0x9a,0xa5,0xb2,0x58,0x2d,0x90,
  0xa0,0x96,0x39,0x1b,0x89,0xd2,0x94,0x08,0x28,0x1b,0xb0,0x94,0x81,0xa1,0x4a,0xb1,0x79,0xc8,0x82,0xd1,
  0x21,0x29,0x2b,0x89,0x88,0x92,0xb4,0x92,0x29,0xaa,0x49,0x6a,0x3c,0x5d,0xd1,0x80,0x10,0x29,0x39,0x9d,
  0x41,0xb8,0xb5,0x81,0x2a,0x6c,0x89,0x18,0xa0,0x01,0x2b,0x00,0x30,0x0f,0x11,0xaa,0x97,0x2a,0x19,0x4a,
  0x9b,0x43,0xdb,0x14,0xc8,0x92,0x08,0x84,0x1b,0xa1,0x0c,0x87,0x89,0x91,0x49,0xa0,0x91,0xc0,0x12,0x90,
  0x6b,0x88,0x4b,0xb2,0x2a,0x29,0x88,0x03,0x8f,0xa6,0x1a,0x02,0x09,0xc8,0xd5,0x03,0x19,0x2e,0xb0,0x83,
  0xb7,0x28,0x3b,0x1b,0x91,0xc4,0x18,0x30,0x1f,0x00,0xa9,0xa3,0x20,0xb3,0x2a,0xd0,0x7b,0xa2,0x89,0xc2,
  0x83,0x90,0x79,0xa9,0xb1,0x04,0xe3,0x91,0x81,0x2a,0x10,0xe0,0x81,0xb4,0x5a,0x18,0x1c,0xa0,0x82,0x82,
  0x4d,0x8a,0x20,0xc1,0x49,0x2a,0x2b,0xb0,0x80,0xb7,0x18,0x10,0x18,0x3a,0x0e,0x01,0xa9,0x13,0xc3,0xc8,
  0xa2,0x60,0xa0,0xc2,0xb1,0x03,0x10,0xf1,0x01,0x98,0x72,0x9d,0x32,0xab,0x96,0x1b,0x10,0x49,0xe0,0xa3,
  0x18,0x20,0x1e,0xe3,0x92,0x81,0x2a,0x88,0xc2,0x93,0x09,0x21,0xf8,0x82,0x91,0x39,0x8b,0x79,0x88,0x89,
  0xb1,0xa6,0x28,0x38,0x9d,0x02,0xf3,0x01,0x80,0x3b,0x0a,0x32,0xab,0x11,0xae,0x26,0x9a,0x28,0x2d,0x93,
  0xa9,0xb2,0x6c,0x00,0x81,0x0f,0x40,0x2b,0xa8,0xb2,0x81,0x22,0x2e,0x90,0xf3,0xa3,0x39,0x3a,0x0b,0xd3,
  0xb6,0x29,0x81,0x4b,0xe8,0x82,0x81,0x11,0x2c,0x3c,0xa8,0xa3,0x59,0x89,0x80,0xf2,0x20,0x09,0x18,0xb0,
  0x10,0x02,0x32,0xbf,0x78,0x0a,0xc2,0xa2,0x18,0x30,0x0d,0xb3,0xe4,0x82,0x5b,0x19,0x89,0xd4,0x81,0x30,
  0x2c,0x8a,0x90,0x95,0x18,0x2b,0x2b,0xa2,0xb5,0x5b,0x2a,0x39,0xf3,0x19,0xb2,0x60,0x9c,0x01,0x91,0x85,
  0x1c,0x80,0x18,0xb8,0x10,0x38,0x98,0x90,0xc5,0x70,0x0b,0x88,0xe3,0x82,0x29,0x2a,0xd1,0x92,0x94,0x5c,
  0x1a,0x88,0xc2,0x81,0x08,0x10,0x08,0x19,0x9a,0x39,0x4b,0x09,0x09,0xa7,0x18,0x3d,0x5b,0xe1,0xa4,0x08,
  0x68,0x8a,0xc1,0x18,0x02,0x90,0x99,0x20,0x84,0x18,0x1f,0x8a,0x82,0xd3,0x69,0x0a,0x18,0xf2,0x01,0x00,
  0x5a,0x0a,0x90,0xd2,0x11,0x19,0x19,0xba,0x21,0xb2,0x87,0x08,0x90,0xb9,0x94,0x69,0x1a,0x09,0xe2,0x80,
  0x20,0x79,0x98,0xb1,0xa2,0x4a,0x3a,0xbb,0xa7,0x80,0x40,0x1d,0x00,0xa1,0x95,0x08,0x2b,0x2d,0xa0,0xa4,
  0x82,0x4a,0x2c,0x99,0xc3,0x81,0x29,0x3a,0x8a,0x95,0x91,0x85,0x29,0x49,0x8c,0xb1,0xa1,0x49,0x9c,0x38,
  0x09,0x96,0x82,0x78,0x80,0x99,0xe9,0x09,0x00,0x20,0x92,0x01,0xa0,0x28,0x28,0x40,0xb1,0x81,0xbb,0x09,
  0xb9,0x60,0x77,0x8b,0xaa,0x8d,0x01,0x21,0x13,0x08,0x90,0x0a,0x13,0x30,0x84,0x9c,0xd9,0x9a,0x91,0x19,
  0x77,0xa0,0xb8,0xae,0x11,0x20,0x33,0x90,0x91,0x8c,0x30,0x10,0x05,0xc9,0x99,0x8c,0x28,0x80,0x75,0xc2,
  0x99,0xdb,0x28,0x20,0x42,0x91,0x08,0xaa,0x38,0x82,0x33,0xd9,0x0c,0xbb,0x11,0x83,0x78,0x07,0x8b,0xfa,
  0x1a,0x01,0x41,0x82,0x89,0xa0,0x2a,0x13,0x38,0xc1,0xac,0xb0,0x3a,0x14,0x4a,0x57,0x8d,0x99,0x8c,0x13,
  0x10,0x04,0x8b,0x80,0x89,0x06,0x80,0x00,0x9d,0x80,0x90,0x14,0x0a,0x65,0xbb,0x88,0xcb,0x42,0x28,0x31,
  0xe8,0x00,0x88,0x58,0x88,0x80,0xc8,0x18,0x18,0x39,0xb1,0x79,0xa7,0x0b,0x99,0x1c,0x04,0x10,0x82,0x8c,
  0x01,0x89,0x06,0x99,0x00,0x8c,0x20,0x98,0x84,0xc8,0x75,0xaa,0x88,0xc9,0x41,0x00,0x38,0xc8,0x80,0x81,
  0x58,0x80,0x8a,0xc1,0x19,0x21,0x1a,0xa1,0x5c,0x87,0x8d,0x88,0x0b,0x06,0x80,0x11,0x9c,0x11,0x90,0x32,
  0xaa,0x1a,0xb9,0x41,0xa3,0x2b,0xf0,0x74,0xc8,0x0a,0xb0,0x40,0x83,0x29,0xb0,0x0c,0x04,0x08,0x83,0x9d,
  0x10,0x89,0x23,0xd8,0x18,0x6b,0x97,0xba,0x18,0x0c,0x24,0xb1,0x01,0xaa,0x69,0x81,0x00,0xb0,0x0b,0x01,
  0x08,0x86,0x8b,0x19,0x76,0xb9,0x8b,0xa1,0x58,0x03,0x8a,0x80,0x0c,0x33,0xa0,0x82,0xdb,0x39,0x81,0x11,
  0xb1,0x0f,0x79,0x96,0xab,0x28,0x0b,0x42,0xb2,0x09,0x88,0x3b,0x07,0xa8,0x01,0x9b,0x48,0xa1,0x00,0xb0,
  0x0c,0x77,0xc8,0x8a,0xa3,0x18,0x43,0x9b,0x08,0xb1,0x60,0x10,0x8b,0xa1,0xa8,0x43,0x89,0x2a,0xd8,0x69,
  0x07,0xbc,0x38,0xa8,0x40,0x93,0xab,0x12,0x99,0x53,0xb1,0x8a,0x81,0x1d,0x13,0xc8,0x00,0xb8,0x75,0xd2,
  0x8d,0x02,0x98,0x42,0xa8,0x8a,0x83,0x08,0x43,0xb9,0x2b,0x80,0x3b,0x05,0xca,0x00,0x59,0x17,0xec,0x18,
  0x81,0x2a,0x13,0xca,0x28,0x81,0x39,0x03,0xdb,0x10,0x90,0x28,0x82,0xac,0x00,0x76,0xb0,0x9f,0x02,0x90,
  0x30,0x81,0x9d,0x12,0x91,0x11,0x91,0x9c,0x20,0x80,0x10,0xa0,0x8d,0x79,0x07,0xeb,0x18,0x10,0x1a,0x13,
  0xd9,0x19,0x12,0x09,0x02,0xd0,0x09,0x21,0x09,0x10,0xb9,0x8b,0x77,0xc8,0x0d,0x12,0xa8,0x22,0xa1,0x8d,
  0x31,0x91,0x80,0xa3,0x9b,0x69,0x08,0x88,0xa1,0xb8,0x74,0xc3,0x9f,0x11,0x91,0x18,0x12,0xac,0x28,0x03,
  0x08,0x00,0xb9,0x09,0x84,0x81,0x80,0x9d,0x72,0xa7,0x9e,0x20,0x81,0x09,0x12,0xc9,0x08,0x23,0x08,0x19,
  0xb9,0x90,0x22,0x59,0x0a,0xea,0x73,0xb4,0xaf,0x21,0x81,0x89,0x12,0xb8,0x0a,0x24,0x81,0x09,0x99,0x98,
  0x02,0x32,0x09,0xaf,0x57,0xc8,0x9d,0x31,0x91,0x09,0x21,0xba,0x19,0x34,0x81,0x9a,0x08,0x88,0x08,0x43,
  0xb0,0x8f,0x47,0xf9,0x0b,0x32,0x98,0x19,0x02,0xaa,0x2a,0x25,0x91,0x99,0x08,0x80,0x89,0x05,0xd2,0x79,
  0x93,0xcf,0x18,0x03,0x98,0x28,0xa1,0xa9,0x41,0x32,0xa9,0x9a,0x82,0x80,0x49,0x21,0xba,0x77,0xf9,0x0b,
  0x31,0x91,0x89,0x12,0xaa,0x0a,0x26,0x82,0x9a,0x2a,0x80,0xa0,0x33,0x81,0x76,0xd9,0x9e,0x20,0x02,0x0a,
  0x10,0xb1,0x9a,0x62,0x12,0xa9,0x89,0x01,0x98,0x38,0x04,0x72,0xc2,0xdf,0x18,0x12,0x88,0x18,0x90,0xaa,
  0x40,0x24,0x90,0xaa,0x00,0x80,0x10,0x14,0x73,0xc1,0xdf,0x00,0x12,0x88,0x18,0x88,0xaa,0x31,0x34,0x90,
  0xaa,0x08,0x00,0x20,0x24,0x57,0xca,0xaf,0x11,0x82,0x80,0x00,0xa8,0x9a,0x51,0x23,0x90,0xaa,0x08,0x01,
  0x20,0x61,0x27,0xdc,0x8c,0x20,0x81,0x00,0x00,0xb9,0x89,0x43,0x14,0x88,0x99,0x89,0x08,0x23,0x74,0x96,
  0xfb,0x0a,0x10,0x00,0x11,0x90,0xaa,0x08,0x24,0x22,0x80,0xa9,0xa9,0x48,0x31,0x75,0xb3,0xcf,0x0a,0x01,
  0x20,0x12,0xb9,0x8b,0x12,0x13,0x34,0x81,0x9d,0x19,0x10,0x70,0x17,0xea,0x8a,0x08,0x08,0x31,0x91,0x9a,
  0x00,0x80,0x51,0x22,0x99,0x00,0x98,0x09,0x77,0xa3,0xae,0x88,0x9a,0x20,0x13,0x99,0x00,0x98,0x49,0x15,
  0x91,0x12,0x90,0x1b,0x72,0x27,0xca,0xa9,0xbb,0x1a,0x21,0x88,0x22,0xa1,0x29,0x26,0x10,0x41,0x30,0x81,
  0xa2,0x77,0xb2,0x9c,0xba,0xad,0x18,0x90,0x28,0x13,0x10,0x63,0x11,0x10,0x03,0x98,0x10,0x78,0x37,0xba,
  0xab,0xcd,0x8b,0x08,0x99,0x21,0x03,0x42,0x25,0x11,0x32,0x81,0x08,0xa1,0x77,0xa1,0xbb,0xca,0xad,0x88,
  0x98,0x00,0x22,0x30,0x54,0x12,0x31,0x02,0x80,0x81,0x7a,0x05,0xca,0xab,0xdc,0x9a,0x90,0x88,0x21,0x11,
  0x53,0x24,0x21,0x33,0x81,0x00,0xb8,0x56,0xb0,0xad,0xcb,0xbc,0x89,0x98,0x28,0x22,0x41,0x35,0x13,0x43,
  0x02,0x00,0x81,0x3c,0x07,0xda,0xaa,0xbc,0x9c,0x88,0x89,0x22,0x11,0x63,0x33,0x41,0x23,0x00,0x01,0xba,
  0x73,0xa1,0xbc,0xfb,0xac,0x89,0x99,0x10,0x11,0x31,0x26,0x22,0x53,0x01,0x11,0x90,0x2a,0x87,0xba,0xbb,
  0xcf,0x9a,0x98,0x09,0x12,0x28,0x63,0x21,0x33,0x05,0x11,0x02,0x8a,0x62,0xb8,0xba,0xfc,0x9c,0x99,0x99,
  0x01,0x81,0x32,0x23,0x73,0x23,0x21,0x23,0x90,0x40,0x94,0x9a,0xec,0xcc,0xaa,0xaa,0x08,0x08,0x20,0x33,
  0x63,0x24,0x23,0x24,0x01,0x01,0x30,0x82,0xda,0xdd,0xbc,0xbb,0xba,0x89,0x08,0x22,0x44,0x43,0x43,0x33,
  0x23,0x12,0x00,0x53,0x81,0xc9,0xed,0xbb,0xbc,0xaa,0x99,0x18,0x31,0x43,0x35,0x33,0x43,0x13,0x12,0x01,
  0x25,0x00,0xca,0xed,0xbb,0xcb,0x9b,0x8a,0x18,0x32,0x44,0x43,0x33,0x23,0x13,0x11,0x09,0x25,0x00,0xb8,
  0xdf,0xac,0xbc,0xaa,0x9a,0x08,0x21,0x53,0x34,0x24,0x24,0x11,0x11,0x08,0x13,0x80,0xea,0xea,0xaa,0xbe,
  0xaa,0xaa,0x18,0x11,0x34,0x34,0x34,0x23,0x22,0x02,0x08,0x23,0x01,0x98,0xef,0xca,0xcb,0xab,0xbb,0x99,
  0x00,0x43,0x53,0x43,0x33,0x23,0x04,0x82,0x74,0x88,0x90,0xca,0xba,0xbc,0xab,0x9a,0x09,0x20,0x31,0x70,
  0x41,0x31,0x23,0x33,0x21,0x7d,0xa7,0x98,0xc9,0x09,0x99,0x20,0x8b,0x01,0x88,0x42,0x4a,0x82,0x03,0x22,
  0x5c,0xb0,0xd5,0x74,0x9b,0x98,0x9a,0x02,0x0a,0xb3,0x10,0x13,0x79,0x80,0x82,0xd3,0x93,0xa0,0x82,0xac,
  0xf4,0x86,0x2b,0x1b,0xab,0xb5,0x11,0x28,0x4a,0xb1,0x04,0x00,0x38,0xc8,0x93,0x89,0x3a,0x0f,0xa8,0x37,
  0x0c,0x0a,0xbc,0xa2,0x18,0x23,0x00,0x87,0x00,0x21,0x3d,0x08,0x98,0xc3,0x08,0x1b,0x9c,0x47,0x8c,0x90,
  0xbb,0x81,0x0a,0x34,0x28,0x24,0x08,0x02,0x99,0x84,0x99,0x81,0x8d,0x98,0xbb,0x71,0xb7,0xa1,0xf8,0x1a,
  0x89,0x30,0x84,0x32,0x82,0x18,0xa0,0x8a,0xa1,0x3b,0x0a,0xad,0xe3,0x99,0x77,0x0b,0x88,0xdb,0x81,0x88,
  0x50,0x00,0x12,0x82,0x28,0x99,0x89,0xb2,0x19,0x8a,0x8d,0xb8,0x7c,0x97,0x98,0xb8,0x8d,0x80,0x20,0x15,
  0x02,0x02,0x99,0x0a,0x8a,0x00,0xa3,0x81,0x9c,0x8e,0xaa,0x73,0x97,0x98,0xd8,0x8a,0x20,0x10,0x25,0x01,
  0x80,0x9a,0x89,0x00,0x11,0x88,0xad,0xcb,0x99,0x21,0x77,0x90,0x9b,0xe9,0x00,0x41,0x30,0x82,0xb8,0x89,
  0x0a,0x11,0x04,0xa9,0xad,0xaa,0x01,0x63,0x10,0x37,0xda,0x8d,0x80,0x10,0x42,0x00,0xa9,0xa8,0x18,0x42,
  0x91,0xb9,0x8b,0x0c,0x22,0x05,0x98,0x9a,0x77,0xb0,0x9f,0x01,0x01,0x20,0x01,0xd9,0x08,0x11,0x18,0x00,
  0xc8,0x9a,0x30,0x11,0x00,0xb8,0xd9,0x74,0x85,0xbe,0x18,0x12,0x18,0x11,0xc0,0x8b,0x40,0x01,0x80,0xa0,
  0xbc,0x29,0x24,0x01,0x8a,0x9b,0x7a,0x27,0xfb,0x0a,0x21,0x81,0x01,0x81,0xac,0x28,0x23,0x90,0x99,0xba,
  0x8a,0x44,0x02,0x9a,0x8c,0x49,0x77,0xb9,0x8e,0x20,0x82,0x00,0x00,0xb9,0x09,0x34,0x00,0x9b,0xb9,0x98,
  0x62,0x02,0xc8,0xa9,0x00,0x74,0x94,0xdd,0x08,0x22,0x00,0x80,0xa0,0x9a,0x30,0x15,0xa8,0x9a,0x0a,0x00,
  0x14,0x81,0xbb,0x0c,0x61,0x37,0xe9,0x8d,0x20,0x02,0x80,0x08,0xa9,0x88,0x53,0x00,0xba,0x99,0x10,0x30,
  0x12,0xd8,0x9b,0x39,0x76,0x94,0xcd,0x09,0x32,0x01,0x98,0xa0,0x8a,0x40,0x04,0xa0,0xab,0x09,0x12,0x13,
  0xa0,0x9e,0x0a,0x04,0x77,0x98,0xae,0x18,0x23,0x00,0x99,0x98,0x09,0x51,0x82,0xc8,0x8a,0x18,0x11,0x02,
  0x99,0xac,0x00,0x15,0x47,0xb8,0xcf,0x10,0x23,0x90,0x98,0x98,0x19,0x32,0x84,0xca,0x8a,0x28,0x22,0x82,
  0xcc,0x9a,0x32,0x04,0x47,0xc8,0xaf,0x10,0x33,0x88,0xa9,0x88,0x18,0x42,0x92,0xda,0x89,0x20,0x11,0x81,
  0xca,0x0b,0x31,0x14,0x72,0xa4,0xdf,0x19,0x33,0x80,0xa9,0x88,0x08,0x32,0x13,0xeb,0x9a,0x11,0x22,0x80,
  0xca,0x9a,0x40,0x13,0x81,0x77,0xca,0x9e,0x31,0x13,0x99,0x8a,0x90,0x20,0x43,0xa8,0xdb,0x18,0x31,0x81,
  0xc9,0x8b,0x38,0x23,0x93,0x7b,0x17,0xfb,0x0d,0x31,0x82,0x99,0x09,0x08,0x11,0x23,0xc9,0x9c,0x20,0x12,
  0x88,0xaa,0xa9,0x40,0x51,0x88,0x6a,0x07,0xfa,0x0c,0x22,0x83,0x9a,0x09,0x80,0x11,0x23,0xc9,0xcb,0x30,
  0x42,0x98,0xc9,0x88,0x38,0x12,0xa1,0x0b,0x77,0xd0,0x9e,0x21,0x13,0xa9,0x89,0x01,0x28,0x21,0xc1,0xbb,
  0x38,0x33,0xc1,0x99,0x0b,0x08,0x06,0x01,0x9c,0x70,0x87,0xdc,0x19,0x33,0x91,0xaa,0x18,0x08,0x12,0x13,
  0xcc,0x9b,0x43,0x02,0xaa,0xa9,0x00,0x31,0x13,0xd9,0xab,0x77,0xa4,0xbf,0x20,0x33,0xa8,0xaa,0x11,0x10,
  0x18,0x01,0xbb,0x0c,0x33,0x84,0xbb,0x8a,0x11,0x13,0x20,0xad,0xb9,0x77,0x96,0xaf,0x28,0x33,0xa8,0x9b,
  0x10,0x11,0x20,0x91,0xeb,0x19,0x41,0x91,0xb9,0x09,0x10,0x12,0x92,0xab,0x0d,0x72,0x27,0xfb,0x0c,0x31,
  0x03,0xaa,0x0b,0x11,0x12,0x11,0xca,0xbb,0x42,0x33,0xc9,0xba,0x10,0x41,0x81,0xc0,0x9a,0x38,0x76,0xa4,
  0xdd,0x19,0x43,0x90,0xb9,0x00,0x11,0x11,0x81,0xcb,0x0a,0x52,0x92,0xb9,0x8a,0x20,0x22,0x80,0xfa,0x89,
  0x43,0x71,0x93,0xfd,0x0a,0x42,0x82,0xba,0x09,0x12,0x02,0x01,0xca,0x9b,0x53,0x02,0xba,0x9b,0x31,0x31,
  0xa8,0xd8,0x09,0x50,0x11,0x79,0x06,0xec,0x0b,0x43,0x93,0xab,0x1a,0x12,0x02,0x11,0xcb,0x9b,0x44,0x02,
  0xbc,0x89,0x22,0x10,0xa0,0xb8,0x0a,0x42,0x85,0x09,0x67,0xe8,0xac,0x32,0x14,0xba,0x0a,0x12,0x11,0x10,
  0xd8,0xaa,0x42,0x03,0xc9,0x8a,0x10,0x11,0x81,0xb9,0x9b,0x51,0x04,0xa8,0x7c,0x07,0xea,0x0b,0x42,0x82,
  0xba,0x19,0x02,0x02,0x11,0xbb,0x9c,0x34,0x03,0xad,0x89,0x02,0x11,0x80,0xba,0x0b,0x62,0x82,0xb8,0x5b,
  0x77,0xc8,0x9d,0x21,0x04,0xa9,0x89,0x11,0x10,0x21,0xb9,0xbb,0x52,0x13,0xca,0x8a,0x10,0x01,0x02,0xc8,
  0x9c,0x58,0x12,0xb8,0x8a,0x78,0x37,0xe9,0x9d,0x21,0x04,0x99,0x8a,0x01,0x11,0x21,0xb9,0xac,0x32,0x24,
  0xaa,0xab,0x00,0x41,0x01,0xe9,0x99,0x31,0x12,0xc8,0x99,0x28,0x77,0xb4,0xbf,0x20,0x33,0xb8,0x9b,0x11,
  0x21,0x22,0xc1,0x9e,0x38,0x14,0xb8,0x8b,0x18,0x02,0x02,0xba,0x9d,0x31,0x15,0x9a,0x9b,0x12,0x72,0x37,
  0xfc,0x0b,0x42,0x92,0xaa,0x19,0x11,0x21,0x01,0xcc,0x1a,0x25,0x91,0x9c,0x08,0x01,0x01,0xa0,0xca,0x28,
  0x33,0xa8,0xcb,0x01,0x32,0x78,0x37,0xfa,0x9d,0x32,0x83,0xba,0x1a,0x11,0x11,0x23,0xdb,0x8c,0x43,0x82,
  0xba,0x09,0x00,0x20,0x01,0xf9,0x8a,0x41,0x81,0xb9,0x08,0x39,0x10,0x77,0xb4,0xbf,0x38,0x14,0x99,0x8a,
  0x00,0x10,0x42,0xa0,0xbc,0x40,0x23,0xb8,0x8b,0x08,0x18,0x23,0xb0,0xbf,0x39,0x14,0xa8,0x9a,0x90,0x02,
  0x73,0x57,0xfb,0x0b,0x33,0xa2,0xa9,0x19,0x88,0x32,0x15,0xca,0x8b,0x34,0x01,0xaa,0x98,0xa0,0x41,0x22,
  0xfb,0x9a,0x22,0x01,0x99,0x89,0x8a,0x21,0x77,0x97,0xcc,0x08,0x33,0x98,0x99,0x08,0x19,0x42,0x84,0xcb,
  0x19,0x32,0x92,0x98,0x8a,0x9b,0x43,0x04,0xbc,0x9b,0x13,0x12,0x1b,0xd9,0xc8,0x31,0x77,0x94,0xdd,0x08,
  0x22,0x80,0x89,0x88,0x1b,0x51,0x03,0xba,0x0b,0x23,0x83,0x01,0xb9,0xae,0x31,0x15,0xaa,0xca,0x10,0x01,
  0x08,0xa0,0xdb,0x08,0x77,0x95,0xeb,0x09,0x31,0x80,0x88,0x88,0x8b,0x41,0x15,0x99,0x1b,0x80,0x00,0x88,
  0x00,0x08,0x88,0x80,0x00,0x08,0x88,0x80,0x00,0x88,0x00,0x88,0x00,0x08,0x08,0x08,0x08,0x88,0x80,0x80,
  0x80,0x80,0x80,0x00,0x00,0x00,0x00,0x00,0x00,0x00,0x00,0x00,0x00,0x00,0x00,0x00,0x00,0x00,0x00,0x00,
  0x00,0x00,0x00,0x00,0x00,0x00,0x00,0x00,0x00,0x00,0x00,0x00,0x00,0x00,0x00,0x00,0x00,0x00,0x00,0x00,
  0x00,0x00,0x00,0x00,0x00,0x00,0x00,0x00,0x00,0x00,0x00,0x00,0x00,0x00,0x00,0x00,0x00,0x00,0x00,0x00,
  0x00,0x00,0x00,0x00,0x00,0x00,0x00,0x00,0x00,0x00,0x00,0x00,0x00,0x00,0x00,0x00,0x00,0x00,0x00,0x00,
  0x00,0x00,0x00,0x00,0x00,0x00,0x00,0x00,0x00,0x00,0x00,0x00,0x00,0x00,0x00,0x00,0x00,0x00,0x00,0x00,
  0x00,0x00,0x00,0x00,0x00,0x00,0x00,0x00,0x00,0x00,0x00,0x00,0x00,0x00,0x00,0x00,0x00,0x00,0x00,0x00,
  0x00,0x00,0x00,0x00,0x00,0x00,0x00,0x00,0x00,0x00,0x00,0x00,0x00,0x00,0x00,0x00,0x00,0x00,0x00,0x00,
  0x00,0x00,0x00,0x00,0x00,0x00,0x00,0x00,0x00,0x00,0x00,0x00,0x00,0x00,0x00,0x00,0x00,0x00,0x00,0x00,
  0x00,0x00,0x00,0x00,0x00,0x00,0x00,0x00,0x00,0x00,0x00,0x00,0x00,0x00,0x00,0x00,0x00,
};
static constexpr VoiceClip soundOffClip = {
  soundOffData, sizeof(soundOffData), 5393, 8000
};
#endif // HAS_DRV2605
// "Action failed"
static const uint8_t actionFailedData[] = {
  0x00,0x00,0x00,0x00,0x00,0x00,0x00,0x00,0x00,0x00,0x00,0x00,0x00,0x00,0x00,0x00,0x00,0x00,0x00,0x70,
  0xf7,0xff,0xff,0x71,0x90,0x80,0xb0,0x30,0x18,0x00,0xe0,0x18,0x19,0x28,0xb1,0x99,0xb3,0x21,0x12,0x77,
  0x9f,0x88,0x80,0x34,0x0a,0x98,0xc8,0x33,0x19,0x19,0xfa,0x01,0x18,0x38,0xb9,0x90,0x01,0x68,0x18,0x97,
  0x8f,0x08,0x08,0x86,0x88,0x88,0x89,0x04,0x08,0x88,0x9b,0x22,0x19,0x11,0xfa,0x02,0x1b,0x40,0x99,0x17,
  0x9f,0x18,0x88,0x07,0x89,0x19,0x99,0x04,0x88,0x18,0xbb,0x23,0x80,0x28,0xf9,0x20,0x88,0x48,0x98,0x07,
  0x9f,0x18,0x80,0x05,0x99,0x18,0xa9,0x15,0x98,0x29,0xab,0x32,0x91,0x4a,0xda,0x18,0x84,0x28,0x98,0x07,
  0x9f,0x18,0x08,0x05,0x99,0x19,0x98,0x24,0xa8,0x09,0xb9,0x51,0xa1,0x08,0xb8,0x2c,0x87,0x00,0x29,0x97,
  0x9e,0x18,0x00,0x04,0xa9,0x18,0x89,0x24,0xa8,0x2a,0xab,0x33,0xb3,0x2b,0xbb,0x4b,0x07,0x19,0x29,0x27,
  0xbf,0x19,0x81,0x16,0x9a,0x19,0x88,0x33,0xb8,0x1b,0xb9,0x63,0xa1,0x89,0xb0,0x7b,0x82,0x99,0xc2,0x57,
  0xac,0x09,0x81,0x42,0xa8,0x8a,0x92,0x50,0x91,0x9b,0x91,0x28,0x86,0xaa,0x00,0x89,0x44,0xba,0x91,0x73,
  0xf4,0x8a,0x10,0x48,0xa2,0xb9,0x11,0x49,0x82,0xba,0x18,0x2a,0x14,0xe8,0x08,0x19,0x31,0xd1,0x88,0x78,
  0xb5,0xbb,0x28,0x38,0x87,0xa9,0x18,0x08,0x14,0xb8,0x1b,0x88,0x33,0xd2,0x1c,0x08,0x28,0x83,0x0e,0x29,
  0x37,0xaf,0x19,0x00,0x24,0xa9,0x1b,0x80,0x24,0xa0,0x8d,0x91,0x12,0x82,0x8e,0x00,0x90,0x13,0x9b,0x88,
  0x77,0xc9,0x8a,0x01,0x52,0x98,0xaa,0x02,0x31,0x82,0xae,0x00,0x10,0x22,0xdb,0x98,0x02,0x52,0x9a,0x9a,
  0x74,0xe3,0x9b,0x10,0x40,0x82,0xbb,0x20,0x28,0x05,0xc9,0x09,0x00,0x22,0xc0,0x9b,0x12,0x21,0x93,0x9f,
  0x79,0xa6,0xab,0x18,0x20,0x05,0xb9,0x19,0x00,0x14,0xb0,0x8c,0x00,0x12,0xa3,0x9e,0x10,0x10,0x02,0xca,
  0x7a,0x97,0x9c,0x18,0x10,0x04,0xb9,0x2a,0x81,0x23,0xd1,0x0c,0x81,0x01,0x93,0x9d,0x10,0x91,0x13,0xba,
  0x7c,0x97,0x9c,0x18,0x10,0x13,0xd9,0x19,0x01,0x12,0xb1,0x8e,0x01,0x10,0x01,0xac,0x28,0x00,0x12,0xd0,
  0x7b,0x97,0xac,0x10,0x01,0x13,0xca,0x29,0x81,0x22,0xc1,0x8d,0x11,0x00,0x82,0xac,0x28,0x81,0x22,0xca,
  0x79,0xb7,0x9c,0x21,0x39,0x94,0xba,0x38,0x81,0x14,0xc9,0x1c,0x01,0x01,0xa2,0x8e,0x01,0x00,0x21,0xdb,
  0x66,0xd9,0x09,0x81,0x30,0xa2,0x9c,0x12,0x08,0x04,0xda,0x00,0x00,0x20,0xc0,0x8a,0x12,0x28,0x93,0x9e,
  0x47,0xad,0x08,0x81,0x51,0xa8,0x89,0x01,0x38,0xa3,0xac,0x01,0x19,0x14,0xca,0x09,0x00,0x42,0xb1,0x5d,
  0xa7,0x8c,0x08,0x00,0x14,0xb9,0x18,0x88,0x52,0xb0,0x0a,0x88,0x38,0x84,0x9c,0x00,0x89,0x24,0xc9,0x76,
  0xca,0x88,0x80,0x41,0xa1,0x8a,0x81,0x28,0x86,0x9a,0x80,0x0a,0x24,0xa9,0x09,0xa9,0x70,0x80,0x59,0xb6,
  0x0d,0x88,0x18,0x14,0x9a,0x80,0x09,0x62,0xa8,0x80,0xa9,0x40,0x91,0x09,0xc8,0x28,0x82,0x80,0x77,0xda,
  0x80,0x0a,0x32,0xa1,0x18,0xab,0x41,0x84,0x18,0xd9,0x19,0x11,0x18,0xa0,0x8f,0x82,0x28,0x61,0xb5,0x0d,
  0xaa,0x20,0x23,0x88,0xc1,0x1c,0x13,0x31,0xa2,0x9e,0x08,0x28,0x13,0xcb,0xb8,0x1a,0x04,0x77,0xb9,0xa0,
  0x8c,0x21,0x01,0x12,0xdb,0x11,0x18,0x24,0xa0,0x88,0xac,0x32,0x90,0x11,0xcd,0x19,0x59,0x87,0x1a,0xda,
  0x09,0x10,0x10,0x93,0x1a,0xb0,0x51,0x11,0x10,0xb2,0x1b,0xb1,0x40,0xa0,0x8a,0xfa,0x73,0xaa,0x93,0x8f,
  0x90,0x08,0x11,0x09,0x82,0x1a,0x84,0x38,0x83,0x08,0x94,0x2a,0x92,0x2a,0x91,0x70,0xe3,0x28,0xcc,0x88,
  0xaa,0x00,0x98,0x30,0xa8,0x43,0x08,0x33,0x01,0x52,0x98,0x23,0x89,0x21,0x2b,0x67,0x1b,0xe1,0x0a,0xa9,
  0x0a,0xa8,0x1a,0x91,0x28,0x83,0x51,0x12,0x30,0x84,0x21,0x01,0x00,0xd3,0x74,0xe4,0x01,0xbb,0x01,0xab,
  0x11,0xbb,0x43,0xba,0x72,0xa8,0x31,0xc9,0x30,0xb0,0x73,0x08,0x11,0x89,0x02,0xaa,0x39,0xda,0x5a,0xc0,
  0x00,0xaa,0x88,0x20,0x8f,0x13,0x9b,0x27,0x2b,0x42,0xab,0x03,0x8c,0x38,0xfb,0x6c,0x12,0xfb,0x70,0xb9,
  0x31,0xf9,0x30,0xc1,0x50,0x0a,0x08,0x88,0x81,0x8a,0xa5,0x09,0xa0,0x00,0x30,0xf7,0x38,0x5c,0xe2,0x01,
  0xa0,0x5a,0xb8,0x21,0xa9,0x31,0x0b,0x95,0x1c,0x85,0x9a,0x22,0x9c,0x50,0xb9,0x7a,0xf1,0x02,0x98,0x59,
  0x89,0x00,0xa0,0x21,0xb9,0x93,0xaa,0x70,0xb8,0x95,0x00,0xa0,0xb0,0x85,0x7b,0x8a,0xa2,0x11,0xb8,0xd2,
  0x94,0x69,0x1b,0x80,0xc8,0x33,0x1c,0x39,0x9a,0x38,0x99,0xc5,0xa3,0x10,0x0c,0x39,0xa0,0x7b,0x81,0x1d,
  0xa5,0xa0,0xb3,0x28,0xb2,0x7a,0x8a,0x6b,0xa0,0x10,0xc0,0x31,0x0b,0x92,0x89,0xd2,0xd4,0x12,0x4c,0x2a,
  0xa9,0x84,0x88,0x80,0x0b,0xa6,0x38,0x2e,0x80,0x28,0x1a,0xc0,0xc5,0x11,0x09,0x88,0x09,0xc6,0x20,0x89,
  0x39,0x08,0x5b,0xe0,0xa4,0x18,0x19,0x09,0x10,0x3c,0xa8,0x82,0x08,0xa2,0x7c,0xd8,0x84,0x4b,0x1a,0xa8,
  0xa6,0x18,0x19,0x89,0xb5,0x48,0x2c,0xa0,0x02,0x3c,0x99,0xd4,0x02,0x2a,0x89,0xc4,0x20,0x8a,0x92,0x80,
  0xa2,0x7a,0x1b,0x00,0xf1,0x83,0x4a,0x2c,0xb0,0x93,0x59,0x2c,0xb0,0x93,0x38,0x3f,0x99,0x01,0x88,0xa1,
  0x82,0x2a,0x29,0xf2,0x83,0x3c,0x3b,0xa8,0x78,0x9b,0xb7,0x01,0x3a,0x0a,0xa2,0x69,0x2c,0x98,0xa2,0x01,
  0x5a,0x1c,0xa1,0x91,0x12,0x1f,0xd3,0x30,0x0b,0xc2,0xb3,0x11,0x4a,0x3d,0xb8,0xb4,0x83,0x4c,0x89,0x10,
  0x0a,0xe2,0xa5,0x38,0x3d,0x99,0xb3,0x01,0x3a,0x8a,0xc5,0x11,0x4c,0x8a,0xc4,0x11,0x4b,0x0a,0xc2,0x82,
  0x19,0x19,0xc1,0x02,0x4b,0x8a,0xc3,0xb3,0x31,0x2e,0xc0,0x94,0x39,0xa9,0x02,0xa8,0xb4,0x82,0x7e,0x8a,
  0xd3,0x93,0x49,0x2c,0x98,0x92,0x29,0xb0,0xa4,0x10,0x2a,0x4b,0x1b,0xa1,0xa2,0x81,0x38,0x6f,0x1c,0xd2,
  0x02,0x4b,0xa9,0xb6,0x11,0x3c,0x99,0xb4,0x11,0x4c,0x8a,0xb3,0x01,0x3a,0x99,0xa3,0x39,0x0a,0x81,0xa9,
  0xc7,0xb4,0x93,0x7b,0x2c,0xb0,0xa4,0x20,0x3b,0x1a,0x99,0xd7,0x82,0x39,0x3c,0xc8,0x94,0x39,0x2b,0x98,
  0xa2,0x10,0x09,0x80,0x08,0xf3,0xa4,0x00,0x6b,0xa9,0x83,0x2b,0xc2,0x11,0x6b,0x3d,0x89,0x80,0xb1,0xa5,
  0x59,0x1b,0xc1,0xa4,0x48,0x3d,0x99,0xc4,0x82,0x4a,0x2b,0xb0,0x93,0x28,0x3c,0xb8,0xb5,0x11,0x1a,0xb0,
  0xa5,0x20,0x4f,0x8a,0xc3,0x02,0x5c,0x8a,0xc3,0x82,0x3a,0x99,0xb4,0x30,0x2d,0xc0,0xa4,0x48,0x2c,0xa8,
  0xa4,0x10,0x3b,0xa8,0xb4,0x20,0x3c,0xb8,0xb7,0x11,0x2b,0xb0,0xa5,0x59,0x2c,0xb0,0xa4,0x20,0x2b,0x89,
  0xc3,0x01,0x08,0x4a,0x0a,0x88,0xc3,0x11,0xd0,0x03,0x4e,0x2b,0xc0,0x84,0x4b,0x1a,0xa0,0x82,0x4a,0x8a,
  0xb2,0x12,0x3e,0x98,0x81,0x80,0x19,0xd5,0x40,0x3d,0x9a,0xc6,0x11,0x4b,0x8a,0xc4,0x02,0x2a,0x0a,0xd3,
  0x01,0x29,0x1a,0xd1,0x93,0x29,0x89,0xc3,0x82,0x6a,0x0b,0xd4,0x83,0x4c,0x89,0xb1,0xb4,0x21,0x3d,0x09,
  0xe2,0x93,0x29,0x2b,0xa8,0xa5,0x00,0x29,0x0a,0xc3,0x82,0x28,0x3c,0xa8,0xc3,0x82,0x4a,0x30,0x2c,0xc0,
  0xa9,0x90,0x2c,0x80,0x82,0x03,0x6b,0x09,0x08,0x92,0x21,0x5b,0x3b,0xa8,0x71,0x97,0x01,0xbb,0x8e,0xb9,
  0x81,0x02,0x22,0x01,0x20,0x08,0x41,0x00,0x23,0x09,0x4b,0xfb,0x37,0x09,0xa8,0xbf,0x99,0x0a,0x23,0x30,
  0x03,0x1a,0x80,0x3a,0x05,0x30,0x92,0x0a,0xc8,0x7c,0x87,0x01,0xba,0x8f,0xb9,0x00,0x12,0x68,0x08,0x08,
  0xa1,0x21,0x81,0x21,0xc1,0x18,0xaa,0x72,0x84,0x91,0xee,0x98,0x89,0x20,0x81,0x04,0x88,0x38,0x1b,0x23,
  0x92,0x24,0x0d,0x2a,0x8b,0x47,0x80,0x99,0xbf,0x9a,0x09,0x04,0x20,0x11,0x1b,0x93,0x02,0x17,0x19,0x80,
  0xab,0xc4,0x72,0x01,0x09,0xfb,0xaa,0x98,0x38,0x11,0x30,0xa0,0x10,0x83,0x44,0x84,0x01,0x90,0x2d,0x2a,
  0x17,0xa1,0xb9,0xbf,0x9b,0x89,0x83,0x82,0x13,0x4a,0x78,0x10,0x13,0x92,0x01,0x0a,0x3b,0x78,0x84,0xc0,
  0xf9,0x9b,0x8a,0x2a,0x80,0x81,0x83,0x41,0x53,0x51,0x11,0x00,0x90,0x88,0x19,0x17,0x88,0xda,0xbe,0xaa,
  0x89,0x10,0x00,0x11,0x20,0x54,0x33,0x34,0x11,0x00,0x99,0xb8,0x31,0x08,0x8b,0xff,0xbf,0x89,0x09,0x00,
  0x10,0x11,0x43,0x34,0x32,0x22,0x00,0x91,0xa9,0x0c,0x84,0xaa,0xdf,0xad,0xaa,0x88,0x11,0x08,0x21,0x52,
  0x34,0x24,0x12,0x01,0x80,0x90,0xba,0x68,0xa0,0xd9,0xce,0xbb,0x8a,0x19,0x01,0x21,0x43,0x63,0x43,0x12,
  0x02,0x80,0x80,0xaa,0xdb,0x43,0xa9,0xfa,0xae,0x9b,0x89,0x20,0x00,0x21,0x43,0x35,0x24,0x12,0x01,0x88,
  0x98,0xca,0x8b,0x16,0x9a,0xed,0xcb,0x99,0x88,0x21,0x18,0x22,0x34,0x45,0x12,0x21,0x80,0x88,0xa8,0xbb,
  0x3c,0xa5,0xb8,0xdf,0x9c,0x8a,0x08,0x11,0x10,0x32,0x62,0x43,0x13,0x21,0x88,0x09,0xba,0xea,0x40,0x90,
  0xd9,0xcd,0xab,0x99,0x28,0x01,0x21,0x43,0x44,0x34,0x21,0x12,0x88,0x88,0xca,0xbc,0x33,0x99,0xfa,0xbf,
  0xaa,0x99,0x10,0x01,0x32,0x43,0x44,0x24,0x21,0x02,0x88,0x88,0xcb,0x8b,0x07,0x89,0xdb,0xae,0xaa,0x99,
  0x10,0x10,0x31,0x34,0x35,0x24,0x32,0x01,0x80,0xa0,0xbb,0x8d,0x23,0xaa,0xee,0xbd,0xaa,0x99,0x00,0x01,
  0x42,0x43,0x53,0x23,0x32,0x02,0x00,0x98,0xbb,0x9d,0x15,0x89,0xdc,0xbe,0xaa,0xaa,0x00,0x18,0x31,0x25,
  0x44,0x23,0x32,0x12,0x11,0x90,0xaa,0x8c,0x16,0x88,0xeb,0xbe,0xab,0xab,0x8a,0x08,0x21,0x44,0x43,0x43,
  0x32,0x23,0x12,0x01,0xa0,0xa9,0x64,0x80,0xd9,0xdc,0xbb,0xbb,0x9c,0x99,0x08,0x32,0x53,0x34,0x43,0x23,
  0x23,0x13,0x01,0x90,0x71,0x83,0xb9,0xce,0xbc,0xcb,0xab,0xaa,0x99,0x20,0x32,0x45,0x33,0x25,0x33,0x32,
  0x12,0x02,0x70,0x03,0xa8,0xeb,0xbc,0xac,0xac,0xab,0xa9,0x88,0x10,0x33,0x35,0x44,0x33,0x33,0x24,0x22,
  0x51,0x05,0x89,0xb9,0xeb,0xbb,0xcb,0xbb,0xba,0x9a,0x09,0x20,0x43,0x35,0x44,0x43,0x32,0x32,0x32,0x17,
  0x99,0xa8,0xdb,0xaa,0xbc,0xab,0xba,0x9a,0x08,0x20,0x52,0x43,0x53,0x13,0x03,0x32,0x21,0x17,0x1c,0x89,
  0xcb,0xa8,0x9a,0xaa,0xa8,0x80,0x3a,0x3a,0x91,0x06,0x40,0x29,0x82,0x83,0x12,0x71,0xf7,0x82,0xb0,0x29,
  0x0a,0x88,0x00,0xb2,0x02,0x11,0x18,0x01,0xa2,0xa3,0xb6,0xa2,0x58,0x3f,0x87,0x1f,0x80,0x1c,0x80,0xa0,
  0x92,0x82,0x29,0x30,0x1a,0x21,0x19,0x91,0xb5,0x48,0x3e,0xaa,0x74,0xfa,0xb3,0x08,0x10,0xf3,0x2a,0x22,
  0x2f,0x08,0xc1,0x11,0xa1,0x5a,0x91,0xa9,0xa6,0x29,0x3a,0x2b,0xf0,0x02,0x90,0x4a,0x1a,0xa1,0x2a,0x84,
  0x9a,0x33,0xcb,0x79,0xc0,0x10,0x00,0x0b,0x95,0x2b,0xd4,0x18,0x01,0x98,0x08,0xc4,0x91,0x5c,0x88,0x10,
  0x4b,0x2b,0xe1,0x83,0x98,0x7d,0xc0,0x01,0xa1,0x3a,0x82,0x3d,0x19,0xd1,0x11,0xb0,0x49,0xb8,0x83,0x28,
  0x8b,0x92,0xc3,0x32,0x0f,0xd3,0x01,0xc3,0x5c,0xb1,0x49,0xa9,0x92,0x10,0xa0,0x78,0xc9,0x13,0xf0,0x21,
  0x98,0x3a,0x88,0x28,0x99,0x91,0xc8,0x16,0x0c,0x10,0x0a,0xa3,0x10,0x2c,0x88,0xf2,0x51,0x8c,0x82,0x91,
  0x19,0x59,0x1d,0xc4,0xa1,0x12,0x1c,0x00,0xb0,0x21,0x0c,0xa3,0x12,0x8f,0x84,0xa8,0x83,0x3b,0x7b,0xb9,
  0x92,0x23,0xdb,0x94,0x00,0x4c,0x88,0xc0,0x12,0xa0,0x7c,0x88,0x1a,0x91,0x10,0x89,0x80,0xa1,0xb3,0x31,
  0x4e,0x2b,0xa8,0x10,0x88,0xe1,0xa4,0xb7,0x5a,0x09,0xa0,0xa3,0x40,0x1d,0x08,0xa1,0x90,0xb4,0x82,0x7b,
  0x2b,0x99,0xb5,0x92,0x00,0x19,0xa1,0x38,0x1d,0x89,0xb7,0x20,0x3b,0x98,0x18,0x7c,0x0b,0x92,0xc2,0x59,
  0x08,0x2d,0x92,0x9a,0x94,0x08,0xb3,0x28,0x0a,0x6d,0xb0,0x00,0xa1,0x21,0x1a,0x4e,0x99,0x83,0x98,0x6d,
  0x88,0x89,0xb3,0x39,0xd4,0x29,0x20,0x1b,0x49,0x8c,0x94,0xb8,0x04,0xb1,0x4a,0x19,0x19,0x5c,0x1b,0xc1,
  0x94,0xa0,0x7a,0xc0,0x82,0xa1,0x39,0xa2,0x5c,0x1a,0xc0,0xa3,0xa3,0x2a,0x83,0x2f,0xa1,0x08,0xa3,0x89,
  0xd2,0x12,0x18,0xf3,0x4a,0x00,0x4f,0x0a,0xb1,0x02,0xa0,0x48,0x98,0x89,0xb7,0x10,0x29,0xc9,0x13,0x99,
  0x7a,0xb9,0x95,0xa2,0x4a,0x09,0xc0,0x95,0x3a,0x08,0xb9,0x97,0x08,0x39,0x9b,0x95,0xa1,0x28,0xa8,0x02,
  0x28,0x3f,0xa8,0xc3,0x81,0x80,0xc2,0xa2,0x34,0x1f,0x98,0xb3,0x11,0x5d,0xb9,0x84,0x90,0x7a,0x8a,0x28,
  0xe1,0x01,0x00,0x09,0x81,0x98,0x21,0xea,0x02,0x91,0x6c,0x98,0x49,0x89,0x3a,0xf4,0x20,0x98,0x29,0xc1,
  0x11,0x08,0x0a,0xb2,0x81,0x41,0x0f,0xb3,0x00,0x93,0x2f,0xc3,0x39,0xb8,0x48,0xe0,0x12,0x89,0x20,0xb8,
  0x11,0x1d,0x00,0x83,0x1e,0x28,0xab,0x87,0x88,0x39,0x9a,0x10,0x94,0x8a,0x04,0x0f,0x83,0x8a,0x51,0xcb,
  0x03,0x1a,0x28,0xc2,0xa3,0x5b,0x8c,0x91,0x91,0x48,0x0a,0xa4,0x18,0x22,0xbb,0x06,0x0a,0x01,0xa9,0x71,
  0xc6,0x80,0xba,0x1a,0xb0,0x42,0x01,0x31,0x91,0x38,0x99,0x28,0xb1,0x29,0x90,0x0c,0xcc,0x70,0xb7,0x11,
  0xaf,0x09,0x90,0x42,0x10,0x12,0xa1,0x10,0x9c,0x80,0x90,0x40,0x9c,0xa1,0xc8,0x7a,0xa7,0x10,0xd9,0x88,
  0x98,0x41,0x00,0x23,0x90,0x19,0xcb,0x00,0x89,0x21,0xc0,0x01,0x9d,0x90,0x47,0x3d,0xc8,0x99,0x80,0x59,
  0x82,0x22,0x80,0x0a,0xe9,0x00,0x19,0x28,0xb1,0x01,0x8d,0x98,0x67,0x8a,0xa2,0x9d,0x08,0x19,0x14,0x30,
  0x82,0x9a,0xb8,0x1c,0x80,0x30,0x92,0x8a,0xf8,0x09,0x78,0xb6,0x82,0x9d,0x09,0xa0,0x25,0x28,0x01,0xb9,
  0x81,0x1e,0x91,0x81,0x02,0x1d,0xb8,0x00,0x70,0x96,0x2a,0xdb,0x09,0x80,0x61,0x00,0x82,0x99,0x0a,0x9a,
  0x83,0x11,0x30,0xad,0xd2,0x18,0x28,0x37,0x0b,0xf9,0x8a,0x80,0x41,0x12,0x01,0xa8,0x0c,0xa9,0x13,0x11,
  0x18,0xcc,0xa0,0x19,0x22,0x77,0x99,0xc1,0x8d,0x00,0x38,0x85,0x11,0x99,0x0b,0xa9,0x31,0x10,0x01,0xda,
  0x90,0x1a,0x50,0x79,0xb6,0x18,0x9d,0x09,0x91,0x34,0x18,0x80,0xca,0x91,0x2a,0x12,0x28,0xd2,0x0a,0xb9,
  0x21,0xa3,0x77,0xa9,0xd2,0x9b,0x01,0x58,0x84,0x10,0xa9,0x0a,0xb8,0x24,0x29,0x08,0xea,0xb2,0x38,0x38,
  0x79,0xb6,0x19,0x9d,0x19,0x80,0x16,0x29,0x88,0xaa,0xa2,0x59,0x08,0x81,0xb0,0x09,0x0b,0x11,0xa3,0x77,
  0x8a,0xf1,0x8a,0x81,0x60,0x00,0x81,0xb8,0x08,0x0a,0x03,0x01,0xa1,0x0e,0xa8,0x11,0x02,0x48,0x07,0x1d,
  0xea,0x08,0x08,0x43,0x00,0xa2,0x9a,0x98,0x4a,0x92,0x02,0xc9,0x09,0x0c,0x03,0x02,0x70,0xb7,0x08,0x9f,
  0x00,0x18,0x04,0x10,0x98,0x8a,0xa8,0x23,0x08,0x82,0x8e,0xa8,0x18,0x83,0x61,0x6b,0xc4,0x08,0xad,0x00,
  0x18,0x05,0x20,0xa8,0x89,0xa8,0x42,0x19,0x81,0x9c,0xb8,0x38,0x01,0x23,0x90,0x77,0x3d,0xcc,0x90,0x80,
  0x34,0x29,0xb2,0x98,0xa8,0x69,0x08,0x81,0x99,0xa8,0x2b,0x81,0x42,0xc1,0x73,0xd0,0xc4,0x8b,0x90,0x68,
  0x81,0x12,0x8a,0x88,0x0b,0xa4,0x31,0x89,0x89,0xcb,0x02,0x5a,0x00,0xb1,0x77,0x1c,0xd0,0x08,0x89,0x31,
  0x18,0x95,0x19,0x8a,0x19,0xb1,0x05,0x09,0x89,0x9b,0xc3,0x41,0x19,0x91,0x47,0x0c,0xf0,0x88,0x88,0x31,
  0x18,0x94,0x08,0x99,0x2a,0xa0,0x05,0x08,0x89,0x9c,0xc2,0x31,0x29,0x10,0x70,0xe2,0xc3,0x0d,0x98,0x20,
  0x12,0x32,0x0b,0xc0,0x89,0x00,0x50,0x90,0x91,0x0d,0x8a,0x19,0x94,0x13,0x0a,0x47,0x3e,0xdb,0x90,0x09,
  0x23,0x58,0x91,0x18,0xba,0x01,0x2a,0x13,0x09,0xf2,0x1a,0x0c,0x20,0x08,0x94,0x7a,0xc5,0x01,0x8e,0x90,
  0x29,0x82,0x51,0x98,0x91,0x8a,0x91,0x38,0x81,0x10,0xdb,0xa1,0x1b,0x02,0x11,0x93,0x6a,0x17,0x6c,0xbc,
  0xa1,0x09,0x32,0x79,0x91,0x00,0xaa,0x00,0x19,0x94,0x20,0xc9,0x90,0x8a,0x40,0x3a,0xa2,0xa0,0x72,0xc2,
  0xc7,0x0b,0xa9,0x21,0x03,0x25,0x89,0xa0,0x0b,0x80,0x50,0x91,0x81,0xac,0xa8,0x08,0x23,0x59,0xc1,0x80,
  0x2c,0x47,0x4c,0xdb,0x88,0x98,0x52,0x18,0xa3,0xa0,0xa0,0x5b,0x88,0x04,0x98,0x08,0x8d,0x80,0x10,0x12,
  0x2b,0xe8,0x91,0x70,0xa6,0x18,0xad,0x98,0x00,0x43,0x28,0xa2,0x9a,0xa8,0x58,0x82,0x11,0xd9,0x09,0x9b,
  0x23,0x81,0x84,0x8c,0xa8,0x08,0x62,0x47,0x1c,0xea,0x89,0x81,0x41,0x81,0x01,0xba,0x18,0x09,0x15,0x08,
  0x90,0x8d,0x90,0x28,0x03,0x09,0xb8,0x1c,0xa0,0x42,0x71,0x97,0x89,0x9e,0x1a,0x92,0x34,0x88,0x1a,0xca,
  0x13,0x20,0x41,0xaa,0xb8,0xb9,0x33,0x28,0x02,0xae,0xa8,0x09,0x63,0x19,0x92,0x77,0x0c,0xaa,0xab,0x15,
  0x48,0x81,0xb8,0x92,0x3c,0x12,0x91,0xa5,0x8b,0x09,0x1a,0x85,0x08,0x98,0x9d,0x02,0x18,0x05,0x89,0x19,
  0x77,0x8b,0xaa,0xbb,0x15,0x30,0x21,0xda,0x81,0x2a,0x51,0xa0,0x83,0x8d,0x19,0xa0,0x14,0x89,0x0a,0xd8,
  0x11,0x10,0x39,0xd0,0xa0,0x74,0xb5,0xa9,0xba,0x4c,0x02,0x12,0xa2,0x0d,0x08,0x80,0x16,0x89,0x88,0xc9,
  0x21,0x10,0x2a,0xe0,0x88,0x10,0x4b,0x81,0xc0,0x92,0x89,0x77,0xb0,0xaa,0xe0,0x38,0x22,0x88,0xa3,0xac,
  0x58,0x00,0x02,0xc2,0x0b,0x88,0x19,0x05,0xa8,0x19,0x9c,0x20,0x94,0x10,0x99,0x8d,0x22,0x72,0x87,0xcc,
  0x08,0x09,0x51,0x92,0x99,0x88,0x0a,0x44,0x80,0x88,0xa9,0x0b,0x14,0x00,0x20,0xcc,0x9a,0x03,0x01,0x22,
  0xda,0x0a,0x11,0x00,0x77,0xb5,0xae,0x81,0x00,0x51,0x80,0x9b,0x81,0x08,0x63,0x98,0x99,0x90,0x08,0x42,
  0x88,0xab,0xa0,0x88,0x62,0x80,0x99,0x98,0x09,0x52,0x81,0x74,0x97,0xbe,0x10,0x82,0x19,0x13,0xe9,0x19,
  0x22,0x88,0x11,0xc0,0x8b,0x22,0x91,0x10,0xa8,0xae,0x11,0x83,0x08,0x80,0xeb,0x10,0x23,0x19,0x7b,0x57,
  0xd9,0x9c,0x30,0x01,0x80,0x01,0xbb,0x2a,0x17,0x91,0x08,0x99,0x8b,0x33,0xa3,0xba,0x48,0x8a,0x8a,0x06,
  0xa1,0x0c,0x29,0x80,0x91,0x84,0x4a,0x77,0xd1,0xad,0x20,0x03,0x90,0x00,0xb8,0x8b,0x45,0x03,0xab,0x0a,
  0x80,0x00,0x24,0xa0,0x9f,0x29,0x01,0x81,0x80,0x8a,0x8c,0x21,0x85,0x90,0x2a,0x77,0xa2,0xce,0x09,0x23,
  0x81,0x89,0x80,0xb9,0x30,0x36,0x90,0xac,0x80,0x02,0x10,0x20,0xda,0xaa,0x21,0x33,0x9b,0xab,0xa0,0x91,
  0x73,0x20,0xaa,0x7a,0x77,0xc8,0xac,0x20,0x23,0x88,0x89,0x90,0x9a,0x52,0x14,0xa9,0x9b,0x21,0x01,0x19,
  0x00,0xe9,0x9a,0x31,0x12,0xaa,0x9a,0xa1,0x91,0x53,0x30,0xbb,0x74,0x77,0xda,0x9b,0x31,0x14,0x98,0x8a,
  0x80,0x88,0x41,0x33,0xc9,0xac,0x20,0x12,0x80,0x88,0xaa,0xac,0x30,0x06,0x91,0x9a,0x8a,0x1a,0x40,0x14,
  0xb0,0x71,0x67,0xd9,0xbb,0x20,0x24,0x80,0x8a,0x08,0x98,0x21,0x35,0x90,0xad,0x09,0x23,0x81,0x99,0x99,
  0x8a,0x0b,0x41,0x83,0xe8,0x99,0x20,0x21,0x00,0x90,0x77,0x27,0xda,0xad,0x18,0x33,0x01,0x9a,0x09,0x00,
  0x80,0x33,0x14,0xba,0x9e,0x28,0x12,0x90,0xaa,0x98,0x98,0x19,0x41,0x81,0xd8,0x98,0x31,0x39,0x09,0x77,
  0x47,0xd8,0xbc,0x19,0x33,0x03,0xa9,0x8a,0x10,0x00,0x31,0x34,0xb0,0xcd,0x19,0x32,0x91,0xca,0x99,0x00,
  0x80,0x1a,0x30,0x82,0xcb,0x09,0x53,0x83,0x76,0x47,0xb9,0xbf,0x09,0x32,0x13,0xa9,0x8a,0x21,0x82,0x98,
  0x42,0x13,0xda,0x9c,0x10,0x13,0xa8,0x9c,0x18,0x00,0x9a,0x19,0x33,0x92,0xcd,0x09,0x34,0x77,0x34,0xc9,
  0xbf,0x99,0x32,0x23,0x88,0x8a,0x18,0x81,0x88,0x42,0x23,0xc8,0xbc,0x19,0x32,0x98,0xab,0x08,0x82,0xda,
  0x99,0x33,0x85,0xa8,0x1b,0x50,0x77,0x17,0xba,0xae,0x09,0x31,0x12,0x88,0x08,0x11,0x98,0x9a,0x42,0x24,
  0xa8,0xac,0x08,0x82,0xb8,0x9a,0x30,0x01,0xeb,0x8a,0x41,0x21,0x9a,0x89,0x74,0x77,0x82,0xdb,0xac,0x19,
  0x11,0x01,0x10,0x23,0x12,0x9b,0x1b,0x33,0x84,0xb9,0x9a,0x02,0xba,0xaf,0x09,0x12,0xb8,0xcb,0x10,0x23,
  0x88,0x1b,0x25,0x77,0x47,0x90,0xcc,0xab,0x18,0x00,0x00,0x32,0x25,0x81,0x99,0x29,0x21,0x80,0x99,0x10,
  0x92,0xfb,0x9b,0x1a,0x89,0xab,0x0b,0x12,0xa4,0xa1,0x41,0x42,0x77,0x47,0x98,0xbc,0x9a,0x99,0x98,0x18,
  0x62,0x22,0x11,0x00,0x12,0x00,0xa9,0x89,0x01,0x98,0x9c,0x0a,0x8a,0xdb,0xc9,0xa8,0x90,0x09,0x18,0x12,
  0x52,0x77,0x17,0x9a,0x9a,0xaa,0xba,0x99,0x02,0x24,0x32,0x43,0x32,0x11,0x82,0x81,0x08,0x8b,0xab,0xcb,
  0xab,0x9d,0xaa,0xaa,0xa9,0x89,0x2a,0x5b,0x7a,0x7c,0x37,0x91,0xc9,0x99,0xca,0xaa,0x89,0x19,0x21,0x43,
  0x43,0x33,0x32,0x32,0x20,0x88,0xa9,0xea,0xb9,0xba,0x9c,0x9b,0x9a,0xb9,0xb3,0x12,0x59,0x08,0x77,0x06,
  0x01,0x90,0xba,0xcb,0xbb,0xac,0x9a,0x88,0x12,0x25,0x24,0x53,0x31,0x22,0x11,0x81,0xa1,0xb0,0xbb,0xbd,
  0xdb,0xb9,0x9b,0xab,0xc8,0xa2,0xb2,0x77,0x33,0x01,0xa8,0xb9,0xbc,0xdb,0xa9,0x99,0x00,0x40,0x48,0x12,
  0x05,0x13,0x32,0x38,0x10,0x00,0x09,0xba,0xd9,0xba,0x0d,0x8d,0xa8,0xa8,0xf8,0x0d,0x41,0x10,0x78,0x2b,
  0x94,0xe4,0x81,0x09,0x18,0x90,0x08,0xad,0x80,0x70,0x9a,0x28,0xc2,0x94,0xb0,0x42,0xa2,0x90,0x1f,0x93,
  0xb4,0x2a,0x81,0x13,0x7a,0x2b,0xd8,0x01,0xa8,0x2f,0xb1,0x98,0xb2,0x0c,0x44,0x81,0x82,0x1c,0x88,0x52,
  0x0d,0x10,0xc9,0x87,0x19,0x4a,0xaa,0x91,0x00,0x3c,0xb9,0x32,0x13,0x3f,0x99,0x3b,0x87,0x10,0x9b,0x1b,
  0x21,0xc4,0x3f,0x89,0x68,0xd1,0x39,0xc2,0x11,0xab,0x98,0x84,0x95,0xb1,0x41,0x19,0x9f,0x12,0x61,0xac,
  0x28,0xc2,0xa4,0x82,0x8d,0x21,0x98,0x22,0xd1,0x4a,0x0c,0x81,0xb2,0x84,0x8b,0x81,0x63,0x99,0x8e,0x42,
  0xa8,0x91,0xf3,0x19,0x32,0xac,0x21,0xf2,0x28,0x93,0x1d,0x08,0x28,0x80,0x98,0xb0,0xd0,0x24,0x3a,0x3c,
  0x08,0x0a,0x1b,0xb0,0x97,0x91,0x48,0x8f,0x02,0xc3,0x81,0xa1,0x2a,0x50,0x0d,0x92,0xb8,0x30,0xa5,0x88,
  0xa3,0x0f,0x10,0x89,0x02,0x98,0x5a,0x23,0xae,0x14,0xc0,0x39,0xa0,0x1f,0xa4,0x98,0x02,0x19,0x00,0x91,
  0xb2,0x18,0x8c,0x5d,0xb0,0xa0,0x87,0x80,0x22,0x0e,0x18,0xa9,0x12,0xd4,0x08,0x00,0x08,0x08,0x08,0x08,
  0x08,0x08,0x08,0x08,0x08,0x88,0x00,0x88,0x00,0x88,0x00,0x88,0x00,0x08,0x88,0x00,0x88,0x00,0x88,0x00,
  0x08,0x08,0x08,0x88,0x80,0x80,0x90,0x00,0x00,0x00,0x00,0x00,0x00,0x00,0x00,0x00,0x00,0x00,0x00,0x00,
  0x00,0x00,0x00,0x00,0x00,0x00,0x00,0x00,0x00,0x00,0x00,0x00,0x00,0x00,0x00,0x00,0x00,0x00,0x00,0x00,
  0x00,0x00,0x00,0x00,0x00,0x00,0x00,0x00,0x00,0x00,0x00,0x00,0x00,0x00,0x00,0x00,0x00,0x00,0x00,0x00,
  0x00,0x00,0x00,0x00,0x00,0x00,0x00,0x00,0x00,0x00,0x00,0x00,0x00,0x00,0x00,0x00,0x00,0x00,0x00,0x00,
  0x00,0x00,0x00,0x00,0x00,0x00,0x00,0x00,0x00,0x00,0x00,0x00,0x00,0x00,0x00,0x00,0x00,0x00,0x00,0x00,
  0x00,0x00,0x00,0x00,0x00,0x00,0x00,0x00,0x00,0x00,0x00,0x00,0x00,0x00,0x00,0x00,0x00,0x00,0x00,0x00,
  0x00,0x00,0x00,0x00,0x00,0x00,0x00,0x00,0x00,0x00,0x00,0x00,0x00,0x00,0x00,0x00,0x00,0x00,0x00,0x00,
  0x00,0x00,0x00,0x00,0x00,0x00,0x00,0x00,0x00,0x00,0x00,0x00,0x00,0x00,0x00,0x00,0x00,0x00,0x00,0x00,
  0x00,0x00,0x00,0x00,0x00,0x00,0x00,0x00,0x00,0x00,0x00,0x00,0x00,0x00,0x00,
};
static constexpr VoiceClip actionFailedClip = {
  actionFailedData, sizeof(actionFailedData), 7470, 8000
};
// "USB setup"
static const uint8_t usbSetupData[] = {
  0x00,0x00,0x00,0x00,0x00,0x00,0x00,0x00,0x00,0x00,0x00,0x00,0x00,0x00,0x00,0x00,0x00,0x00,0x00,0x70,
  0x77,0x77,0xca,0x71,0x79,0x91,0x92,0xba,0xf0,0x99,0x8c,0x98,0x00,0x11,0x15,0x42,0x21,0x02,0x81,0xb1,
  0xa8,0x8d,0xbb,0xf1,0x52,0x5b,0x90,0x93,0xa9,0xe8,0x99,0x9b,0xb0,0x20,0x30,0x35,0x62,0x11,0x83,0x82,
  0xa8,0x99,0x0f,0x9b,0xd0,0x86,0x48,0x09,0x81,0x0b,0xda,0xb0,0x9a,0xa8,0x12,0x60,0x22,0x24,0x12,0x94,
  0x01,0x1b,0x8d,0x8c,0x9a,0xa8,0x97,0x24,0x4b,0x89,0x8a,0xad,0xd0,0x88,0x19,0x20,0x60,0x11,0x04,0x82,
  0xa3,0x00,0x1e,0x9b,0xa9,0xa8,0x30,0xb6,0x87,0x28,0xa9,0xc1,0xa9,0xc9,0x08,0x3a,0x11,0x25,0x33,0x04,
  0x13,0x19,0xaa,0x9d,0x8d,0xba,0xc2,0x25,0x7c,0x88,0xa2,0x08,0xba,0xa8,0x1d,0x99,0x12,0x78,0x10,0x13,
  0x12,0x81,0x29,0x8e,0xb9,0xa9,0xaa,0x48,0xb4,0x07,0x59,0x9a,0xb1,0x8a,0xcb,0xa1,0x38,0x11,0x45,0x31,
  0x13,0x13,0x98,0xe8,0xa9,0x8d,0x9b,0xb0,0x26,0x6c,0xa0,0x94,0x2a,0xbb,0xa0,0x0b,0xa0,0x43,0x58,0x04,
  0x52,0x18,0xa1,0x88,0xca,0xb8,0x0b,0xab,0x72,0x19,0xa7,0x31,0x0e,0xd1,0x00,0x0b,0x90,0x11,0x11,0x33,
  0x41,0x02,0x00,0xaa,0xe8,0x9a,0x9c,0xa8,0x78,0x88,0x97,0x38,0x8c,0xd2,0x08,0x8a,0x80,0x01,0x13,0x52,
  0x21,0x02,0x08,0x9a,0xcb,0xda,0x99,0x0b,0x52,0x5c,0xc2,0x13,0x1f,0xb8,0x81,0x0a,0x80,0x11,0x33,0x61,
  0x01,0x83,0x2a,0xcb,0xc8,0xaa,0x8a,0x8b,0x07,0x7b,0xa0,0x95,0x3b,0xab,0xa1,0x08,0x38,0x28,0x17,0x41,
  0x00,0x00,0x9a,0xb8,0x8d,0xab,0x99,0x68,0xb1,0x17,0x3b,0xd8,0x81,0x8b,0xa0,0xc1,0x33,0x79,0x02,0x22,
  0x08,0x98,0xb9,0xba,0x9e,0xa9,0x19,0x86,0x79,0xa0,0x02,0x0c,0x99,0xa9,0x01,0x4a,0x84,0x43,0x12,0x21,
  0xb0,0x09,0xaf,0xa9,0xab,0x88,0x70,0x08,0x96,0x28,0x8b,0xc9,0xa0,0x4b,0x88,0x24,0x33,0x72,0x80,0x81,
  0x9a,0xba,0xea,0x09,0x8b,0x52,0xa1,0x35,0x8b,0xa0,0xea,0x08,0x9c,0x03,0x40,0x43,0x11,0x05,0x09,0x98,
  0xbc,0x99,0x9d,0x80,0x58,0x92,0x42,0x98,0x9a,0xf8,0x0a,0x89,0x18,0x15,0x51,0x12,0x02,0x81,0xab,0xda,
  0xbb,0x9a,0xaa,0x72,0x94,0x31,0x90,0x9c,0xc8,0x8d,0x08,0x18,0x44,0x31,0x33,0x83,0x80,0xdb,0xcb,0xbb,
  0x9c,0x88,0x70,0x83,0x20,0x01,0xbd,0xa8,0xac,0x2a,0x02,0x45,0x43,0x22,0x02,0x99,0xab,0xdd,0x9a,0x9a,
  0x89,0x64,0x01,0x18,0x92,0xae,0x89,0xc9,0x28,0x32,0x42,0x35,0x12,0x00,0xb8,0xcc,0xab,0xbb,0x8b,0x10,
  0x57,0x01,0x88,0xb2,0xad,0x8b,0xb8,0x10,0x46,0x31,0x33,0x03,0x98,0xca,0xcc,0xbb,0x9a,0x89,0x50,0x27,
  0x81,0x19,0xb8,0xdc,0x0a,0x09,0x08,0x45,0x32,0x21,0x03,0xa8,0xcb,0xcb,0xdb,0x89,0x19,0x50,0x15,0x81,
  0x0a,0xa9,0xdd,0x89,0x10,0x28,0x53,0x24,0x12,0x00,0xa0,0xdb,0xab,0xbb,0xba,0x00,0x75,0x13,0xa0,0x98,
  0xb9,0xbf,0x89,0x11,0x31,0x63,0x24,0x02,0x00,0x99,0xdb,0xbb,0xaa,0x99,0x09,0x67,0x12,0xa9,0x99,0xa8,
  0xbd,0x8a,0x32,0x33,0x63,0x34,0x13,0x98,0x9a,0xcb,0xbd,0xab,0x09,0x28,0x37,0x04,0xaa,0x8b,0xb8,0xcc,
  0x0a,0x53,0x23,0x32,0x44,0x02,0xa8,0xba,0xca,0xbc,0xbb,0x88,0x71,0x34,0x92,0xba,0x8b,0xeb,0xcb,0x19,
  0x42,0x33,0x33,0x36,0x12,0x99,0xba,0xca,0xbc,0xac,0x98,0x73,0x33,0xa8,0xcb,0x99,0xba,0xad,0x28,0x54,
  0x22,0x32,0x23,0x03,0xb9,0xbd,0xca,0xba,0xab,0x0a,0x57,0x23,0xb9,0xbc,0x98,0xca,0xab,0x41,0x26,0x23,
  0x22,0x32,0x91,0xdb,0xcb,0x9a,0xab,0x9b,0x38,0x77,0x02,0xb9,0x9b,0x99,0xba,0x0c,0x51,0x34,0x23,0x22,
  0x22,0xa0,0xcc,0xac,0x9a,0xaa,0x9a,0x70,0x36,0x91,0xcb,0x9a,0x89,0xba,0x09,0x64,0x24,0x02,0x01,0x11,
  0x99,0xcc,0xaa,0x99,0x98,0x99,0x73,0x27,0xa0,0xcb,0x99,0x98,0x99,0x18,0x55,0x32,0x11,0x10,0x00,0xc9,
  0xac,0x9b,0x99,0x98,0x08,0x67,0x23,0xc9,0xac,0x8a,0x88,0x99,0x21,0x37,0x23,0x10,0x00,0x91,0xda,0xac,
  0x8a,0x88,0x99,0x38,0x77,0x02,0xba,0x9d,0x09,0x98,0x88,0x51,0x24,0x03,0x00,0x00,0x88,0xeb,0xaa,0x89,
  0x88,0x99,0x70,0x36,0x91,0xcc,0x9b,0x00,0x98,0x08,0x44,0x34,0x81,0x80,0x00,0xa9,0xcc,0x9a,0x18,0x88,
  0x98,0x74,0x25,0xb8,0xbd,0x8a,0x00,0x98,0x30,0x36,0x14,0x80,0x08,0x80,0xba,0xad,0x89,0x80,0x98,0x19,
  0x77,0x12,0xca,0xac,0x88,0x81,0x08,0x51,0x24,0x82,0x88,0x09,0x98,0xcb,0x9b,0x08,0x91,0x88,0x71,0x47,
  0xa0,0xcc,0x0a,0x00,0x88,0x21,0x44,0x12,0x98,0x88,0x88,0xbb,0xac,0x00,0x21,0xa8,0x19,0x77,0x84,0xda,
  0xab,0x00,0x01,0x28,0x63,0x13,0x90,0x9a,0x88,0xa9,0xac,0x10,0x12,0xa8,0x8a,0x71,0x47,0xc8,0xac,0x1a,
  0x01,0x00,0x51,0x33,0x91,0xba,0x08,0x99,0xbc,0x10,0x23,0xa8,0x9d,0x01,0x77,0x01,0xcc,0xaa,0x01,0x10,
  0x30,0x35,0x82,0xa9,0x8a,0xa8,0xb9,0x39,0x51,0xa8,0xba,0x01,0x73,0x37,0xfa,0x9b,0x08,0x10,0x21,0x35,
  0x01,0xaa,0x89,0xb8,0x8a,0x40,0x02,0xc9,0x98,0x08,0x7b,0x37,0xe0,0xab,0x19,0x81,0x21,0x54,0x00,0xaa,
  0x80,0x98,0x0a,0x33,0xb2,0xac,0x09,0xc9,0x79,0x37,0xd9,0x8c,0x00,0x90,0x31,0x34,0xa0,0xa9,0x90,0xab,
  0x48,0x04,0x98,0x09,0xba,0xab,0x74,0x17,0xd9,0x8a,0x80,0x88,0x34,0x13,0x9a,0x88,0xb9,0x1b,0x52,0x90,
  0x88,0x98,0x8e,0x18,0x57,0x80,0xbc,0x99,0x80,0x40,0x34,0x90,0x98,0xa9,0x9a,0x51,0x82,0x90,0x99,0xad,
  0x18,0x13,0x77,0x98,0x9d,0x88,0x00,0x51,0x01,0xa0,0x88,0x9b,0x28,0x04,0x81,0x09,0xad,0x09,0x22,0x78,
  0x87,0xc9,0x8a,0x08,0x10,0x25,0x80,0x89,0xb9,0x1a,0x43,0x80,0x81,0xda,0x8b,0x11,0x11,0x77,0xa8,0xbb,
  0x90,0x29,0x35,0xa3,0x80,0xba,0x8c,0x14,0x01,0x30,0xeb,0x8a,0x10,0x28,0x63,0x96,0xbb,0x8c,0x99,0x25,
  0x23,0x09,0xc9,0xa9,0x31,0x20,0x83,0xf0,0x8a,0x09,0x10,0x15,0x26,0xbc,0x9c,0x98,0x42,0x33,0x88,0xc0,
  0x9b,0x48,0x10,0x83,0xc0,0x8c,0x89,0x11,0x06,0x71,0xb8,0xbc,0x90,0x48,0x43,0x80,0xa1,0x9c,0x29,0x92,
  0x05,0xa0,0x0c,0xa8,0x01,0x14,0x71,0xd0,0xb9,0x98,0x69,0x12,0x91,0x91,0x8c,0x08,0x01,0x23,0x9a,0x9b,
  0xda,0x32,0x11,0x75,0xe0,0x99,0x99,0x58,0x02,0x01,0xa0,0x0c,0x18,0x18,0x04,0x9a,0x98,0x8c,0x22,0x00,
  0x67,0xba,0xa8,0xba,0x71,0x10,0x11,0xb8,0x09,0x09,0x40,0x92,0x0a,0xd9,0x09,0x83,0x58,0x17,0x9c,0xa9,
  0x9b,0x34,0x30,0x12,0xdb,0x80,0x08,0x52,0x98,0x90,0xcb,0x20,0x18,0x72,0xa6,0x9a,0xab,0x1c,0x05,0x12,
  0x01,0x9c,0x80,0x18,0x14,0x89,0x99,0xac,0x12,0x00,0x74,0xc2,0xaa,0xca,0x4a,0x22,0x12,0xb3,0x0c,0x09,
  0x38,0x87,0x98,0x98,0x0d,0x00,0x81,0x37,0xaa,0xab,0xfb,0x21,0x11,0x32,0xb8,0x89,0x90,0x60,0x81,0x88,
  0xc9,0x1b,0x00,0x30,0x67,0x9a,0x9b,0x9e,0x12,0x11,0x33,0xba,0x88,0x88,0x54,0x00,0x89,0xea,0x88,0x00,
  0x78,0x84,0xaa,0xba,0x0e,0x21,0x11,0x13,0xaa,0x80,0x88,0x36,0x80,0x88,0xbd,0x88,0x80,0x72,0x95,0xaa,
  0xda,0x0a,0x22,0x31,0x84,0x99,0x08,0x2a,0x26,0x80,0x91,0xbc,0x0a,0x98,0x77,0x98,0x99,0xea,0x08,0x11,
  0x40,0x81,0x98,0x90,0x29,0x33,0x20,0xa2,0xdc,0x98,0x0a,0x47,0x98,0xb9,0xcd,0x08,0x10,0x53,0x91,0x80,
  0xa9,0x39,0x23,0x42,0xb3,0xab,0xca,0x5d,0x05,0x98,0xc8,0x9e,0x88,0x00,0x24,0x00,0x00,0xab,0x01,0x01,
  0x35,0x80,0x08,0xea,0x61,0x92,0x88,0xfa,0x8b,0x98,0x48,0x02,0x00,0x90,0x0b,0x22,0x48,0x06,0x88,0x81,
  0x8b,0x47,0x09,0x98,0xcd,0x88,0x89,0x40,0x88,0x01,0xa8,0x10,0x80,0x42,0x94,0x18,0x08,0x7c,0x95,0x90,
  0xb0,0x0c,0x89,0x1a,0x93,0x00,0xa2,0x0a,0x81,0x3a,0x86,0x28,0x21,0x2d,0x71,0xb7,0xa1,0xd8,0x28,0x09,
  0x10,0xc1,0x91,0x88,0x58,0x19,0x80,0xb1,0x12,0x6b,0x2a,0x71,0xc2,0x98,0xf8,0x31,0x2a,0x3b,0xbd,0x93,
  0x92,0x02,0x1f,0x89,0x22,0xd2,0x20,0x18,0x5a,0x81,0xa9,0x86,0x09,0x80,0xa8,0x44,0x9b,0xa8,0xa8,0x93,
  0x2b,0x9f,0x4a,0xc9,0x92,0xc4,0x41,0x90,0x22,0xb9,0x7a,0xa5,0x18,0xc1,0x59,0x09,0x89,0xb0,0xb4,0x29,
  0x90,0x5c,0xc8,0x81,0x92,0x32,0x2b,0x3f,0x90,0xa3,0x20,0x2b,0x2a,0xf1,0x08,0xb9,0x31,0x9a,0xb4,0xf4,
  0x83,0x38,0x1a,0x98,0xe5,0x82,0x10,0x3c,0x0a,0x98,0xb4,0x92,0x81,0x6b,0x8a,0x88,0x94,0x3b,0x2a,0x7d,
  0x98,0x91,0xc1,0x60,0x89,0x19,0x99,0x03,0x91,0x3c,0x1c,0x20,0xc2,0x3b,0x88,0x81,0xc5,0x08,0xa4,0x88,
  0x38,0x3f,0x88,0x98,0xb4,0x7c,0x29,0x1b,0x90,0x88,0x94,0x08,0x28,0x2d,0xa0,0x91,0x28,0x4f,0x1a,0xa1,
  0x91,0x30,0x3f,0x19,0x99,0xb3,0xb1,0x23,0x4d,0x4b,0x0b,0xa2,0x98,0x11,0x99,0x79,0xb0,0x21,0xa9,0x7a,
  0x99,0x13,0xeb,0x42,0x89,0x4a,0x99,0x4b,0xc4,0x18,0x88,0x08,0x03,0xbc,0x87,0x29,0x29,0x0f,0x81,0x18,
  0xb1,0x10,0xa1,0x79,0x0a,0x09,0xd5,0x01,0x19,0x3b,0xd2,0x10,0x82,0x2d,0x80,0xba,0x07,0x2b,0x59,0x0c,
  0x01,0xa0,0x10,0x6b,0x2c,0x80,0xc0,0xa3,0x00,0x02,0x0b,0xa1,0x2c,0x97,0x89,0x81,0x1a,0xb7,0x80,0x92,
  0x6b,0xb0,0xb2,0xa6,0x29,0x08,0x99,0xa5,0x88,0x03,0xba,0x96,0xb1,0x12,0xab,0x11,0xc6,0xc3,0x21,0x3e,
  0x09,0x80,0xb1,0x21,0x3c,0x5c,0x0c,0x00,0xb1,0x13,0xb9,0x94,0xd0,0x71,0xa9,0x48,0x8b,0x21,0xb0,0x11,
  0x0a,0x11,0xa0,0xa9,0x0f,0xa5,0xa3,0x91,0x91,0xb2,0x69,0x4c,0x89,0xa1,0xc3,0x09,0x48,0x79,0xe1,0xa1,
  0xc4,0x02,0x18,0x0b,0x98,0xb2,0x24,0x5a,0x3e,0x9a,0xa2,0xa4,0x40,0x1d,0x08,0xc2,0x92,0x19,0x09,0xb8,
  0x86,0x00,0x20,0xd0,0x93,0x90,0x1a,0x9a,0x18,0xa3,0x7a,0x08,0x0a,0x95,0x20,0x19,0x9a,0xf3,0x99,0x08,
  0x08,0x04,0x31,0x38,0x19,0xe3,0x2a,0x8b,0x8e,0xd1,0x98,0x02,0x40,0x22,0x94,0x05,0x8a,0x8b,0xab,0xaa,
  0x81,0x38,0x40,0x81,0x83,0x01,0x1a,0x98,0xa1,0x11,0x49,0x29,0x81,0x82,0x88,0x98,0xbb,0x9c,0xac,0xb9,
  0xa8,0x09,0x00,0x77,0x03,0x91,0xd1,0x9a,0xab,0xa9,0x00,0x30,0x43,0x15,0x13,0x23,0x11,0x80,0xa9,0xb9,
  0xad,0xcb,0x99,0x9a,0x9b,0x88,0x7e,0x07,0x08,0x99,0xaa,0xb8,0xa8,0x18,0x10,0x43,0x33,0x13,0x06,0x03,
  0x20,0x98,0xb1,0xc0,0x0c,0x9c,0x99,0x89,0x9b,0x91,0x77,0x29,0x0b,0xcb,0xb8,0x09,0x89,0x10,0x33,0x71,
  0x30,0x21,0x20,0x21,0x81,0xc3,0x10,0x0c,0x9b,0x8e,0x0a,0x98,0xf0,0x77,0x8b,0x00,0x09,0x9b,0xa0,0xb4,
  0x20,0x4a,0x1b,0x12,0x83,0x82,0x68,0x03,0x22,0x89,0x9f,0xc4,0x90,0x19,0xa2,0x89,0x2a,0xaf,0x10,0xc3,
  0x1a,0x15,0x1c,0x22,0x98,0x80,0x39,0xb4,0x31,0xe2,0x3b,0xb2,0x8a,0xc8,0x13,0xa0,0x7b,0xbb,0x14,0xa2,
  0x39,0x43,0x1d,0xb0,0x0b,0xf3,0x9b,0x3a,0x01,0x73,0x1a,0x81,0x90,0x30,0x07,0x88,0x09,0xa3,0x3b,0x3d,
  0xac,0x03,0xf1,0x5b,0xa8,0x08,0xd0,0x0a,0x84,0x41,0x38,0xa1,0x98,0xa4,0xb8,0x37,0x0f,0x90,0x01,0x13,
  0x8b,0xfb,0x1c,0x40,0xe3,0x88,0x83,0x5a,0x4a,0xb8,0x00,0xa1,0x39,0x52,0x0d,0xc0,0x01,0x7f,0xf2,0x28,
  0xa0,0x7b,0xb1,0x92,0xb5,0x3b,0x2a,0xd9,0x95,0x2a,0x31,0xba,0x06,0xa0,0x49,0xae,0x82,0xb3,0x50,0xb0,
  0x18,0x40,0x4b,0xa3,0xa5,0x9c,0xa9,0xe0,0x80,0x26,0x0d,0x81,0xa1,0x28,0x69,0x90,0x12,0x89,0x0a,0xf8,
  0x52,0xab,0x83,0x9b,0x19,0xbb,0x94,0x38,0x40,0x11,0x05,0x20,0x08,0xc1,0x08,0x3b,0x0f,0x19,0xa7,0x58,
  0x9b,0xc1,0x98,0x09,0x89,0x93,0x43,0x40,0x21,0x83,0x11,0x0b,0xcb,0xd8,0xa9,0x70,0x0b,0xb7,0x38,0x0e,
  0x98,0xa0,0x11,0x3a,0x81,0x05,0x22,0x30,0x98,0xc2,0x09,0x8e,0x8a,0xd6,0x21,0x1c,0xc1,0x91,0x09,0x1a,
  0x98,0x95,0x31,0x30,0x12,0x02,0xa3,0x5b,0x8f,0xb0,0x20,0xab,0x96,0x4b,0xba,0xb2,0x2c,0xa9,0x03,0x38,
  0x15,0x52,0x11,0x83,0x00,0xb9,0xba,0xbd,0x42,0x2f,0xf1,0x82,0x2b,0xba,0xb2,0x08,0x20,0x79,0x10,0x95,
  0x13,0x28,0x0a,0xb9,0xe1,0x98,0x82,0x7c,0x9a,0xc5,0x10,0x1c,0xa8,0x81,0x18,0x81,0x32,0x58,0x10,0x82,
  0x91,0x89,0x8c,0x0c,0xf3,0x82,0x4d,0x9a,0xd3,0x00,0x1b,0x88,0x01,0x11,0x13,0x42,0x02,0x21,0x2b,0xdb,
  0xf2,0x48,0x0c,0xe3,0x11,0x2c,0xb9,0xa2,0x2a,0x89,0x02,0x50,0x01,0x05,0x30,0x88,0xa1,0x0a,0xeb,0x83,
  0x4f,0xa9,0xb4,0x38,0x0e,0xa0,0x81,0x2a,0x08,0x12,0x21,0x84,0x33,0x4b,0xd8,0xb3,0x2b,0xe1,0x12,0x3f,
  0xaa,0xc3,0x29,0x0d,0xa1,0x11,0x29,0x82,0x34,0x49,0xa1,0x94,0x3a,0x0e,0xb8,0xa4,0x58,0x2c,0xd0,0xb3,
  0x29,0x0c,0xb0,0x11,0x29,0x11,0x24,0x40,0x01,0xa3,0x80,0x0c,0xac,0xd5,0x21,0x2e,0xb8,0xb3,0x4b,0x8c,
  0xc2,0x21,0x3a,0x81,0x14,0x20,0x91,0x94,0x19,0xab,0xd0,0x41,0x3f,0xb8,0xb6,0x28,0x1e,0x99,0x91,0x08,
  0x00,0x12,0x40,0x02,0x04,0x28,0x99,0xe1,0x88,0x4c,0x8b,0xd6,0x02,0x4b,0x8b,0xc1,0x91,0x08,0x18,0x48,
  0x28,0x93,0x86,0x20,0x1a,0xb8,0xb0,0x2a,0xd9,0xa5,0x59,0x0c,0xb0,0xa1,0x0a,0xa8,0x22,0x7c,0x80,0x95,
  0x22,0x4a,0x89,0xa1,0xa0,0xa9,0x31,0x4f,0xaa,0xb6,0x10,0x1d,0x99,0x91,0x08,0x91,0x23,0x78,0x00,0x93,
  0x20,0x0b,0xd0,0x88,0x2c,0xe1,0x95,0x49,0x1c,0xc0,0x92,0x2a,0x0b,0x91,0x21,0x10,0x05,0x22,0x28,0x90,
  0xa0,0xab,0xfb,0x82,0x6d,0x8a,0xc4,0x01,0x2c,0xa9,0xa1,0x28,0x09,0x84,0x51,0x49,0x00,0x92,0x80,0x99,
  0xa9,0x8b,0xb1,0x70,0x3e,0xc8,0xb4,0x29,0x1d,0xa8,0x92,0x11,0x30,0x50,0x10,0x94,0x93,0x29,0x0e,0xb9,
  0x90,0xd2,0x95,0x6a,0x1c,0xc0,0x92,0x09,0x09,0x80,0x20,0x21,0x04,0x33,0x28,0xa1,0xc1,0x9a,0x9d,0x5b,
  0x0c,0xd5,0x93,0x5b,0x8b,0xc1,0x81,0x1a,0x80,0x22,0x58,0x81,0x86,0x20,0x2b,0xb9,0xd2,0x88,0x5b,0x8a,
  0xc5,0x83,0x3c,0x8b,0xd1,0x80,0x09,0x91,0x22,0x68,0x10,0x83,0x22,0x2b,0xaa,0xe8,0xa8,0x4a,0x1c,0xe3,
  0x83,0x4b,0xab,0xe3,0x00,0x2b,0x98,0x84,0x31,0x31,0x22,0x12,0x80,0xc0,0xba,0xbc,0x2d,0xd8,0xa6,0x48,
  0x1c,0xb8,0xb2,0x0a,0x8a,0x01,0x68,0x11,0x06,0x22,0x48,0x88,0xa0,0xb8,0x9b,0x8d,0xc2,0x31,0x3f,0xc8,
  0xb3,0x19,0x0d,0x89,0x88,0x93,0x15,0x61,0x28,0x82,0x93,0x18,0x0c,0x9c,0xb9,0x18,0x8a,0xb6,0x22,0x2f,
  0x9a,0xb0,0xa8,0x89,0x48,0x6a,0x01,0x87,0x22,0x39,0x88,0xb0,0xb0,0xaa,0x0e,0xb1,0x41,0x2d,0xc1,0xa2,
  0x0b,0xab,0x99,0x09,0x83,0x37,0x71,0x20,0x02,0x82,0x80,0x0b,0xad,0xc9,0x19,0xc0,0x05,0x6b,0x8a,0xb1,
  0x89,0x9b,0x0a,0x2a,0x02,0x27,0x52,0x31,0x11,0x81,0xa0,0x9a,0x9f,0xba,0x10,0x89,0x96,0x30,0x8c,0xc0,
  0xa9,0xca,0x09,0x3b,0x01,0x27,0x53,0x31,0x22,0x81,0xa1,0xab,0xae,0xcb,0x39,0x8c,0xa7,0x20,0x0a,0x98,
  0x9c,0xe0,0x08,0x1a,0x20,0x50,0x03,0x16,0x21,0x00,0x08,0xd9,0xc1,0x99,0x5a,0x1c,0xc3,0x82,0xa8,0x09,
  0x0f,0xa9,0x80,0x08,0x31,0x60,0x21,0x23,0x02,0x83,0x19,0x9d,0xaa,0xe9,0x69,0x09,0xc4,0x10,0xc9,0x80,
  0x0d,0x98,0x29,0x98,0x14,0x30,0x04,0x32,0x92,0x13,0x0c,0xc0,0x8a,0xdb,0x78,0x9a,0xa7,0x19,0xc0,0x28,
  0xab,0x83,0x2b,0xa5,0x50,0x09,0x12,0x0a,0xb5,0x20,0x99,0x30,0x0d,0xb2,0x79,0xf2,0x02,0x1c,0x90,0x3b,
  0xe1,0x02,0x89,0x02,0x2c,0xc2,0x21,0x99,0x22,0x1d,0xb2,0x11,0xc0,0x13,0x0c,0xa2,0x59,0xc0,0x69,0xb9,
  0x84,0xa9,0x92,0x49,0x4a,0x2b,0xf2,0xa2,0x92,0x38,0x3b,0x1b,0xf1,0xa3,0x00,0x49,0x2c,0x80,0x80,0x93,
  0x4d,0x1a,0x88,0xa3,0xc1,0xb6,0x08,0x69,0x8a,0x91,0xa8,0x85,0x4c,0xa8,0x92,0xa1,0x21,0x0b,0x28,0xf4,
  0x04,0x3c,0x1a,0x2a,0xd1,0x01,0xa8,0x50,0x0d,0x81,0x29,0xd1,0x21,0x9a,0x53,0x2e,0x88,0x88,0xb5,0x28,
  0x99,0x48,0xa9,0xb4,0x91,0x48,0x3c,0x89,0xd2,0x93,0x01,0x4a,0x8d,0x12,0x09,0xc3,0x1a,0xa2,0x21,0xac,
  0x70,0x0b,0xb3,0x29,0x81,0x6d,0xb8,0x02,0x89,0x96,0x2a,0x09,0x2a,0xc2,0xb3,0xa0,0x22,0x4d,0x8a,0x81,
  0xf2,0x23,0x1e,0x00,0x8a,0xa4,0x91,0x93,0x5d,0x0a,0x18,0xb0,0x82,0x88,0x40,0x2e,0x19,0x0a,0xc5,0x20,
  0x0a,0x93,0x98,0xc3,0x6b,0xa8,0x11,0xb9,0x14,0x1d,0x93,0x1c,0xa4,0x20,0x0b,0x09,0x01,0xe0,0x11,0x18,
  0x2a,0x99,0x98,0x97,0x19,0x99,0x03,0x10,0xf0,0x03,0x1e,0x01,0x19,0xf2,0x81,0xa0,0xa5,0x39,0x8a,0xa2,
  0x42,0x2d,0x19,0xca,0x96,0x19,0x91,0x3a,0xe1,0x22,0xc9,0x41,0x0a,0xb2,0x88,0xd2,0xa4,0x82,0x1a,0x19,
  0xf0,0xa5,0x81,0x00,0x2a,0x19,0x19,0xc1,0xc5,0x92,0xa0,0x81,0x81,0x19,0x7b,0xb0,0xb4,0x98,0x11,0x69,
  0x48,0x0f,0x00,0xa0,0xb7,0x81,0x09,0x20,0x9a,0xa5,0xa1,0x21,0x2f,0x90,0x80,0xb3,0x20,0x3d,0x3d,0xb0,
  0xd4,0x92,0x10,0x18,0x89,0x90,0x09,0x04,0x69,0x8d,0x20,0xb8,0xa7,0x80,0x08,0x39,0x09,0x90,0xa2,0x69,
  0xa9,0x28,0x90,0x03,0x1f,0xb0,0xa7,0xb2,0x38,0x2b,0x20,0xb9,0xa2,0xaa,0x17,0x3b,0x98,0x01,0x3a,0xf2,
  0x29,0x00,0x38,0x0f,0xc0,0xa7,0xa2,0x39,0x3b,0x28,0xc8,0x91,0x99,0x15,0x4a,0xaa,0x83,0x9c,0x07,0x3d,
  0xc0,0x28,0x90,0x51,0x0c,0x08,0xb1,0x94,0x1a,0xb4,0x00,0xc2,0x5a,0xa8,0x11,0xb8,0x23,0x1a,0x3b,0xba,
  0x96,0xc6,0x29,0xa1,0x68,0xca,0x02,0x88,0x05,0x2c,0x3b,0x0a,0xc3,0x38,0xb8,0x02,0x8a,0x10,0x20,0xf1,
  0x79,0x8a,0x20,0xda,0x04,0xb1,0x13,0x2f,0x09,0x1a,0xc3,0x00,0xa2,0x59,0x8b,0x11,0xf1,0x95,0x88,0x39,
  0x2d,0x80,0xa1,0x91,0x09,0x30,0x59,0xf0,0x90,0xa4,0x21,0x2d,0x0a,0x08,0xb4,0x81,0x8a,0x17,0x0c,0x91,
  0x1a,0xc5,0x10,0x18,0x4c,0xb8,0xb3,0xb3,0x42,0x2d,0x1a,0x88,0xb3,0xa1,0xb8,0x73,0xa8,0x82,0xc8,0x42,
  0x8d,0x40,0xba,0x95,0x91,0x03,0x0a,0x2b,0x1c,0x88,0x22,0xf2,0xb2,0x28,0x4d,0x18,0xb8,0xa0,0x87,0x82,
  0x0c,0x19,0x21,0x98,0xaa,0xd1,0x42,0x80,0x2f,0xb1,0x01,0xc5,0x29,0x20,0x5d,0xb8,0x90,0xb3,0x60,0x0a,
  0x0a,0xc2,0x04,0x98,0x10,0x8b,0x86,0x8b,0x84,0x2d,0xb2,0x0a,0x94,0x58,0x08,0x1a,0xd8,0x28,0xa4,0x3a,
  0xa0,0x3d,0xc2,0x11,0x81,0x3f,0x89,0xa0,0xb6,0x11,0x2a,0x3c,0xa0,0xa2,0xb3,0x3a,0x3c,0x3a,0xf4,0x93,
  0x09,0x3b,0x80,0x11,0x03,0x8d,0x98,0x9b,0x21,0x2b,0x92,0x11,0xc3,0x7b,0x02,0x0d,0x94,0x80,0x03,0x0b,
  0x17,0xba,0xa8,0xcd,0x00,0x00,0x41,0x81,0x01,0xa1,0x39,0x08,0x30,0xa4,0x88,0xe9,0x8a,0x08,0x39,0x78,
  0x07,0xb9,0xba,0x8f,0x01,0x02,0x33,0x08,0x08,0xba,0x11,0x83,0x52,0x99,0xac,0xe9,0x88,0x01,0x28,0x77,
  0xa8,0x99,0xdb,0x10,0x12,0x41,0x92,0x89,0xa8,0x1a,0x23,0x18,0xb3,0xcd,0x09,0x0c,0x31,0x82,0x71,0x87,
  0xab,0xaa,0x0e,0x22,0x11,0x14,0xa9,0x09,0xb9,0x33,0x82,0x39,0xcc,0x9b,0xa2,0x61,0x20,0x9a,0x77,0xb9,
  0x89,0xcb,0x30,0x04,0x31,0x91,0x9c,0xa1,0x19,0x24,0x8a,0x80,0xcc,0x20,0x08,0x32,0xa0,0x7b,0x87,0x9c,
  0x99,0x0c,0x24,0x01,0x13,0xcb,0x19,0x99,0x42,0x91,0x2a,0xcb,0x0a,0x95,0x21,0x01,0x9c,0x67,0xba,0x89,
  0xd9,0x31,0x12,0x30,0xd2,0x9a,0x00,0x2a,0x05,0xa8,0x80,0x9c,0x30,0x91,0x23,0xe9,0x7a,0x96,0x9b,0x98,
  0x1c,0x33,0x01,0x22,0xbd,0x08,0xa0,0x52,0x91,0x0b,0xb0,0x1b,0x15,0x09,0x83,0xeb,0x66,0xaa,0x8a,0xc0,
  0x40,0x12,0x29,0xb1,0xbb,0x32,0x1c,0x14,0xd8,0x00,0x8a,0x48,0xa2,0x10,0xa0,0x0e,0x27,0xba,0x0a,0xac,
  0x53,0x83,0x38,0xc9,0x8b,0x93,0x20,0x24,0x9e,0x80,0x99,0x52,0x88,0x18,0xc8,0x7a,0x95,0xaa,0x98,0x8b,
  0x35,0x92,0x21,0xdb,0x1a,0xa3,0x40,0x01,0x9d,0x91,0x89,0x53,0x99,0x81,0xc8,0x78,0x94,0xab,0xa8,0x1c,
  0x34,0x81,0x12,0xcc,0x18,0x90,0x32,0xb2,0x0d,0x98,0x1a,0x06,0x08,0x08,0xab,0x70,0x96,0xa9,0xa9,0x1c,
  0x14,0x02,0x02,0x9d,0x09,0x90,0x15,0x90,0x0a,0xb9,0x10,0x04,0x28,0x98,0x9d,0x02,0x57,0xaa,0x9c,0xaa,
  0x34,0x23,0x20,0xdb,0x99,0x82,0x51,0x00,0xab,0xb0,0x2a,0x52,0x80,0xb2,0xab,0x2a,0x77,0xb1,0xbb,0xdb,
  0x51,0x12,0x11,0xc0,0x9a,0x10,0x38,0x04,0xaa,0xa9,0x8c,0x24,0x00,0x01,0xac,0x89,0x75,0xa4,0xbb,0xba,
  0x4b,0x34,0x12,0xa2,0x9d,0x19,0x08,0x16,0xa0,0x0a,0x9c,0x10,0x84,0x49,0x88,0xad,0x33,0x87,0x89,0x9d,
  0x8b,0x04,0x13,0x31,0xbb,0xa9,0xc2,0x63,0x10,0x8a,0xe8,0x88,0x11,0x28,0x81,0xc9,0x80,0x76,0x89,0xaa,
  0xd8,0x18,0x32,0x20,0xa3,0xba,0x18,0x2c,0x14,0xc3,0x80,0x8d,0x0b,0xa3,0x04,0x22,0x0f,0x49,0xb6,0x98,
  0x0a,0x8d,0x02,0x83,0x43,0x89,0x0b,0xb0,0x21,0x43,0x0b,0xc8,0xe9,0x00,0x18,0x01,0xa3,0x0a,0x77,0xa9,
  0xa9,0xd0,0x29,0x21,0x20,0x05,0x8a,0x1a,0x99,0x13,0x86,0x19,0x9a,0xad,0x01,0x8a,0x35,0xb1,0x89,0x9a,
  0x2d,0x05,0x92,0x20,0x8c,0xca,0xa4,0x11,0x72,0xb8,0x11,0xb0,0x89,0xda,0x9f,0x01,0x02,0x24,0x00,0x39,
  0x08,0x92,0x84,0x1a,0x0c,0xfa,0x90,0x89,0x1b,0x99,0xa0,0x23,0x42,0x5a,0x14,0x84,0x40,0x08,0x0c,0xc9,
  0xa1,0x88,0x1d,0x0c,0x90,0x84,0x29,0x10,0x11,0x97,0x09,0x84,0x3a,0xea,0xc8,0x87,0x1c,0x69,0x2b,0xa0,
  0xc5,0xa2,0x11,0x3b,0x39,0xe8,0xc4,0x10,0x29,0x3b,0xc0,0xa2,0x86,0x2a,0x8b,0x82,0x90,0x83,0x8f,0x42,
  0x4c,0x88,0xd1,0xc3,0x81,0x08,0x39,0x1b,0x98,0xa1,0x83,0xa7,0x10,0x10,0x5e,0x88,0x09,0xb0,0x90,0xf2,
  0x95,0x88,0x18,0x89,0xa3,0x51,0x2a,0x0c,0x82,0xc2,0xb4,0xc2,0x08,0x39,0xaa,0x43,0x2d,0x28,0xca,0x95,
  0x1a,0x10,0x0c,0xc4,0x11,0x91,0x6b,0x90,0x81,0xb2,0x00,0x1a,0x9a,0xe0,0x81,0x69,0x1b,0x10,0xe0,0x84,
  0x80,0x00,0x9a,0x85,0x2a,0x01,0x0f,0xb3,0x08,0xa2,0x5c,0xa8,0x02,0xb1,0x58,0x9b,0x13,0xf3,0x01,0x99,
  0x58,0x1b,0x91,0x99,0x92,0x5c,0x10,0x3b,0xf3,0x80,0x08,0x7b,0x99,0x83,0xb1,0x41,0x8c,0x81,0xa8,0x21,
  0x94,0x29,0xca,0x8a,0xb9,0x49,0x80,0x31,0xa3,0x52,0x98,0x31,0x89,0x41,0xb9,0x84,0x09,0x4c,0xba,0x91,
  0x99,0x5b,0xab,0x72,0x97,0x38,0x8d,0x8d,0xc2,0x10,0x10,0x39,0xa2,0x02,0x01,0x5b,0x90,0x00,0xb2,0x19,
  0xc0,0x3b,0xaa,0x8b,0xe5,0x10,0x19,0x6d,0x97,0x08,0x99,0x0d,0xb0,0x01,0x13,0x4a,0x92,0x08,0x03,0x4d,
  0x90,0x80,0xa2,0x3c,0x9a,0xa8,0xb4,0x2a,0x09,0x1b,0xa2,0x98,0x77,0x10,0xb1,0xef,0x92,0x18,0x31,0x8a,
  0x83,0x99,0x42,0x0a,0x03,0xb8,0x21,0x9d,0x01,0xb9,0x11,0xab,0x28,0xe9,0x12,0x8b,0x78,0x27,0xb8,0xcc,
  0x1d,0x82,0x12,0x02,0x0d,0x90,0x01,0x24,0x09,0x91,0xc9,0x21,0x0a,0x11,0xe9,0x08,0x8a,0x39,0xb1,0x80,
  0xe0,0x75,0xa5,0xba,0xc9,0x39,0x23,0x00,0xc3,0x9b,0x41,0x10,0x06,0xa8,0x08,0x8a,0x31,0xb2,0x9a,0xac,
  0x1d,0x93,0x81,0x28,0x8f,0x80,0x77,0xa1,0xba,0xaa,0x39,0x26,0x90,0x90,0xab,0x41,0x04,0x11,0xb9,0x8c,
  0x01,0x11,0x01,0xbd,0x98,0x80,0x52,0x88,0x8a,0x98,0x48,0x72,0x07,0xdb,0x8a,0x09,0x25,0x81,0x89,0x9a,
  0x38,0x06,0x00,0xa8,0x9c,0x21,0x10,0x18,0xea,0x09,0x01,0x48,0x80,0xaa,0x81,0x30,0x13,0x73,0xa7,0xbf,
  0x08,0x39,0x25,0xb0,0x09,0x8a,0x61,0x93,0x09,0xa9,0x8c,0x14,0x88,0x18,0xac,0x00,0x83,0x48,0x98,0x9b,
  0x13,0x18,0x33,0x1c,0x77,0xf9,0x0b,0x90,0x52,0x82,0x8a,0x98,0x09,0x26,0x88,0x8a,0xa9,0x38,0x13,0x8b,
  0xc0,0xab,0x44,0x08,0x00,0xd8,0x18,0x02,0x28,0x80,0x7d,0x87,0xbc,0x1a,0x88,0x26,0x91,0x0b,0x98,0x10,
  0x17,0x99,0x89,0xa9,0x31,0x02,0x0b,0xc8,0x0a,0x34,0x09,0x80,0xf8,0x10,0x20,0x19,0xb1,0x3b,0x77,0xea,
  0x0b,0x91,0x53,0x02,0x9c,0x80,0x80,0x53,0xa8,0x8a,0xb0,0x28,0x24,0xba,0x91,0x9c,0x71,0x01,0x89,0xa8,
  0x0a,0x52,0x98,0x80,0xb8,0x7b,0x17,0xbd,0x08,0x08,0x34,0xa2,0x8c,0x08,0x18,0x16,0xa9,0x0b,0xa0,0x21,
  0x15,0x9c,0x88,0x90,0x42,0x80,0x8b,0xb1,0x00,0x72,0x99,0x98,0x91,0x7a,0x07,0xdc,0x18,0x00,0x22,0xb3,
  0x8d,0x28,0x08,0x14,0xb8,0x0d,0x81,0x00,0x13,0xcb,0x09,0x92,0x31,0x02,0xae,0x01,0x80,0x40,0xa0,0x9a,
  0x21,0x8a,0x77,0xc6,0xbb,0x11,0x20,0x33,0xf1,0x0a,0x10,0x10,0x03,0xda,0x0a,0x82,0x10,0x83,0xbd,0x10,
  0x82,0x30,0xa1,0x9e,0x11,0x92,0x11,0x98,0x8e,0x02,0xb2,0x77,0xd2,0xac,0x20,0x10,0x41,0xc0,0x0b,0x31,
  0x08,0x13,0xea,0x1b,0x12,0x90,0x83,0xdb,0x29,0x03,0x08,0x81,0xbc,0x68,0x81,0x88,0x91,0x0c,0x58,0x80,
  0x79,0x87,0xbd,0x39,0x01,0x11,0xa2,0xad,0x40,0x82,0x00,0xb1,0x8e,0x31,0x90,0x00,0xa9,0x0c,0x33,0xa0,
  0x08,0xa9,0x2b,0x27,0xb8,0x29,0xa9,0x00,0x07,0xa9,0x77,0xd8,0x8b,0x12,0x01,0x30,0xe9,0x89,0x24,0x88,
  0x08,0xc8,0x19,0x33,0xb9,0x88,0xa9,0x5a,0x04,0xc8,0x18,0x19,0x29,0x95,0xa9,0x48,0x99,0x88,0x86,0x3b,
  0x57,0xfb,0x1a,0x12,0x08,0x10,0xba,0x2a,0x26,0x89,0x08,0xc9,0x28,0x14,0xaa,0x19,0xa8,0x28,0x06,0xaa,
  0x19,0x92,0x28,0x22,0xae,0x00,0x83,0x29,0x18,0xfa,0x77,0xb8,0x8e,0x11,0x01,0x18,0xa8,0x9b,0x44,0x81,
  0x0a,0xb0,0x99,0x44,0x90,0x9b,0x81,0x1a,0x61,0xb0,0x9a,0x21,0x19,0x11,0xf3,0x8a,0x41,0x91,0x88,0x08,
  0x7c,0x07,0xfb,0x19,0x11,0x80,0x01,0xaa,0x2a,0x16,0xa0,0x08,0x99,0x19,0x06,0xb8,0x09,0x81,0x08,0x32,
  0xda,0x0a,0x13,0x89,0x21,0xc8,0x1c,0x23,0xb0,0x00,0xc0,0x75,0x87,0xce,0x28,0x12,0x88,0x91,0xba,0x58,
  0x23,0xb9,0x80,0x99,0x5a,0x04,0xb9,0x1a,0x19,0x08,0x05,0xc8,0x1a,0x20,0x88,0x04,0xb9,0x0d,0x13,0xa2,
  0x28,0x9a,0x77,0xc4,0xae,0x11,0x02,0x18,0x90,0xcb,0x41,0x13,0xa9,0x90,0xa9,0x58,0x13,0xca,0x89,0x80,
  0x28,0x23,0xda,0x0b,0x02,0x82,0x41,0xaa,0xab,0x15,0x01,0x19,0x79,0x67,0xfb,0x0a,0x12,0x81,0x10,0xa9,
  0x0d,0x33,0x82,0x0a,0x99,0xab,0x44,0x02,0x8d,0x89,0xa0,0x31,0x12,0xbc,0x98,0x91,0x50,0x24,0xc9,0x0a,
  0x10,0x80,0x72,0x47,0xea,0x9c,0x12,0x01,0x10,0xa0,0xbb,0x42,0x33,0x89,0xb0,0xe9,0x28,0x23,0xc1,0x98,
  0x8a,0x8b,0x25,0x92,0x9b,0x0a,0x89,0x43,0x14,0xab,0x8a,0x92,0x22,0x77,0x87,0xbf,0x18,0x11,0x28,0x80,
  0x80,0x80,0x80,0x80,0x80,0x80,0x80,0x80,0x80,0x00,0x88,0x00,0x88,0x00,0x88,0x00,0x88,0x00,0x88,0x00,
  0x88,0x80,0x80,0x80,0x00,0x08,0x08,0x08,0x00,0x00,0x00,0x00,0x00,0x00,0x00,0x00,0x00,0x00,0x00,0x00,
  0x00,0x00,0x00,0x00,0x00,0x00,0x00,0x00,0x00,0x00,0x00,0x00,0x00,0x00,0x00,0x00,0x00,0x00,0x00,0x00,
  0x00,0x00,0x00,0x00,0x00,0x00,0x00,0x00,0x00,0x00,0x00,0x00,0x00,0x00,0x00,0x00,0x00,0x00,0x00,0x00,
  0x00,0x00,0x00,0x00,0x00,0x00,0x00,0x00,0x00,0x00,0x00,0x00,0x00,0x00,0x00,0x00,0x00,0x00,0x00,0x00,
  0x00,0x00,0x00,0x00,0x00,0x00,0x00,0x00,0x00,0x00,0x00,0x00,0x00,0x00,0x00,0x00,0x00,0x00,0x00,0x00,
  0x00,0x00,0x00,0x00,0x00,0x00,0x00,0x00,0x00,0x00,0x00,0x00,0x00,0x00,0x00,0x00,0x00,0x00,0x00,0x00,
  0x00,0x00,0x00,0x00,0x00,0x00,0x00,0x00,0x00,0x00,0x00,0x00,0x00,0x00,0x00,0x00,0x00,0x00,0x00,0x00,
  0x00,0x00,0x00,0x00,0x00,0x00,0x00,0x00,0x00,0x00,0x00,0x00,0x00,0x00,0x00,0x00,0x00,0x00,0x00,0x00,
  0x00,0x00,0x00,0x00,0x00,0x00,0x00,0x00,0x00,0x00,0x00,0x00,0x00,0x00,0x00,0x00,0x00,0x00,0x00,
};
static constexpr VoiceClip usbSetupClip = {
  usbSetupData, sizeof(usbSetupData), 8957, 8000
};
// "Shutting down"
static const uint8_t shuttingDownData[] = {
  0x00,0x00,0x00,0x00,0x00,0x00,0x00,0x00,0x00,0x00,0x00,0x00,0x00,0x00,0x00,0x00,0x00,0x00,0x00,0xf0,
  0xf7,0x7f,0x7f,0x0f,0xc7,0x11,0x3b,0x0a,0xb2,0x02,0x2a,0x0a,0xa1,0x40,0x0b,0x31,0x0f,0xc3,0x20,0x2a,
  0x4c,0x0b,0xf5,0xa3,0x20,0x3d,0x89,0xb2,0x93,0x6b,0x0a,0xa1,0x82,0x39,0x3d,0x99,0x11,0x4d,0x2b,0xc1,
  0x02,0x89,0xc2,0xa4,0x7a,0x8a,0xa2,0xa2,0x68,0x2d,0xa0,0x92,0x00,0x4a,0x1b,0x90,0xa2,0x01,0x7b,0x1c,
  0xa1,0xc3,0x12,0x2d,0xb1,0x20,0xa9,0xa4,0xa2,0x11,0x5b,0x4f,0x9a,0xa4,0x38,0x3c,0x0a,0xd2,0xa3,0x20,
  0x3d,0xb8,0xa5,0x20,0x3d,0x99,0xb4,0x01,0x4a,0x0b,0xc3,0x11,0x3b,0xa9,0xb6,0x30,0x2d,0x19,0x08,0x09,
  0xb1,0x94,0x6a,0x2b,0x1a,0xe2,0xa3,0x81,0x39,0x8a,0x92,0x08,0x49,0x1c,0xf3,0x21,0x0b,0xb2,0x82,0x39,
  0x1c,0xf2,0xc6,0x11,0x5c,0x1b,0xb1,0x93,0x49,0x1b,0x90,0x91,0xc3,0x92,0x59,0x2c,0xc0,0xb5,0x21,0x2c,
  0xa8,0xb5,0x01,0x3a,0x1b,0xc2,0x82,0x08,0xa0,0xb4,0x82,0x7c,0x2c,0xb0,0xb5,0x11,0x4b,0x8a,0xb3,0x01,
  0x2a,0x98,0xd4,0x93,0x4a,0x3b,0x9a,0xd7,0x93,0x49,0x2c,0x98,0x92,0x10,0x3b,0xc8,0xb4,0x02,0x5c,0x1b,
  0xa1,0xa2,0x11,0x4c,0x0a,0x90,0xb3,0x50,0x2e,0xa8,0xb5,0x11,0x3c,0x89,0xb2,0x21,0x2c,0x90,0x18,0xa0,
  0xf3,0xc5,0x02,0x5b,0x1b,0xb1,0xa4,0x10,0x4b,0x3c,0xc8,0xa5,0x10,0x5b,0x1b,0xc1,0xa4,0x10,0x2a,0x89,
  0xb2,0x82,0x29,0x89,0xd2,0xa4,0x20,0x4c,0x0b,0xe4,0xa3,0x20,0x4d,0x0a,0xa1,0x01,0x3a,0x8a,0xc3,0x02,
  0x5c,0x1b,0x90,0x01,0x3a,0xb9,0xc7,0x12,0x3c,0x0a,0xc2,0x82,0x29,0xd0,0xa5,0x59,0x3c,0x8a,0xb3,0x01,
  0x19,0x19,0x89,0x92,0x59,0x2c,0xa8,0xc6,0x12,0x4e,0x0a,0xa1,0x92,0x39,0x99,0xd3,0xa3,0x48,0x2c,0x88,
  0x90,0x81,0xa0,0x94,0x29,0x3a,0x2d,0xf2,0xa3,0x20,0x3d,0x1a,0x90,0x81,0x09,0xb2,0x11,0x1b,0xd4,0x11,
  0xa9,0x94,0x49,0x1b,0xc0,0xc7,0x93,0x7b,0x3c,0x99,0xb4,0x01,0x4a,0x3c,0x99,0xc3,0x93,0x5a,0x2b,0x89,
  0xb2,0x93,0x08,0x18,0xb8,0xa6,0x38,0x4d,0x8a,0xd4,0x82,0x18,0x4b,0x3b,0x8a,0xe4,0x94,0x29,0x89,0x91,
  0x48,0x2d,0xb0,0xb5,0x01,0x5a,0x2b,0x98,0xc2,0x93,0x28,0x4c,0x1b,0xd2,0x93,0x6a,0x2c,0x98,0xc3,0x82,
  0x29,0x2a,0x2a,0x09,0x18,0x4c,0xa9,0xb5,0xa3,0x28,0x1a,0x98,0x12,0x3d,0xc8,0xb5,0x21,0x3d,0xa9,0xb6,
  0x21,0x4d,0x1b,0xd2,0x82,0x88,0x10,0x3b,0x98,0xf3,0xa4,0x48,0x2d,0x88,0xc2,0xa3,0x38,0x3d,0x99,0xc4,
  0x82,0x5a,0x1b,0xb1,0xa4,0x38,0x3d,0x8a,0xb3,0x82,0x3a,0xa9,0xc6,0x02,0x5b,0x1b,0xc1,0xa4,0x01,0x4b,
  0x2b,0x98,0xb3,0x30,0x1c,0xa0,0xb5,0x30,0x3e,0x1a,0xb0,0xa5,0x00,0x4a,0x1b,0xd2,0x12,0x4c,0x2b,0xd0,
  0xb5,0x11,0x4b,0x0a,0xb1,0xa4,0x81,0x7b,0x2b,0xb0,0xb4,0x02,0x4b,0x8a,0xb3,0x10,0x19,0x88,0x91,0x69,
  0x3d,0x8a,0xd4,0x02,0x4b,0xa9,0xb5,0x02,0x4c,0x8a,0xc3,0x83,0x4b,0x0a,0x80,0x00,0x3a,0xd8,0xb7,0x01,
  0x4a,0x0a,0xb1,0xb4,0x82,0x7b,0x2b,0xb0,0xb5,0x02,0x4c,0x0a,0xb1,0x93,0x49,0x1b,0x90,0xa2,0x10,0x09,
  0x59,0x2d,0xa0,0xd3,0x03,0x3d,0xb0,0x11,0x0a,0xb2,0xb4,0x58,0xaa,0xa5,0x28,0x09,0xa0,0x92,0xc2,0x93,
  0x69,0x3e,0xb9,0xb7,0x02,0x5c,0x8a,0xd3,0x93,0x39,0x2b,0xa8,0xa3,0x20,0x2b,0x99,0xb6,0x11,0x4d,0x8a,
  0xc3,0x11,0x4b,0x99,0xd4,0x83,0x5b,0x0b,0xe3,0x93,0x49,0x1b,0xc1,0xa4,0x38,0x1c,0xc1,0x94,0x39,0x8a,
  0xb2,0x12,0x2c,0xb0,0xa4,0x58,0x2d,0xb0,0xa4,0x20,0x2c,0x88,0x80,0x00,0x09,0x91,0x08,0xa1,0x00,0x7a,
  0x0c,0xd5,0x02,0x2a,0xa9,0xb7,0x30,0x2d,0xb0,0xa4,0x20,0x2c,0x88,0xb2,0x82,0x19,0x19,0xa8,0x92,0xc4,
  0x79,0x0a,0x88,0xa3,0x59,0xc8,0x94,0x39,0x2d,0xa8,0xa4,0x20,0x2c,0xa8,0x93,0x18,0x3b,0xa9,0xa5,0x48,
  0x2b,0x88,0xc6,0x02,0x3a,0x1c,0xe2,0x82,0x4b,0x8a,0x90,0x02,0x20,0x19,0x70,0xd1,0x81,0x8c,0x09,0x98,
  0x23,0x29,0x00,0xb0,0x84,0x39,0x20,0x88,0x92,0x0d,0xb0,0xc1,0xa2,0x77,0x0a,0xd9,0xaa,0x30,0x4b,0x84,
  0x81,0x10,0x0b,0x93,0x21,0x31,0x9c,0xc1,0x8b,0x89,0x1b,0x72,0x97,0x98,0xbd,0x1a,0x83,0x52,0x02,0x88,
  0xb0,0x3a,0x12,0x31,0xa3,0x9f,0xc8,0x0a,0x10,0x88,0x77,0x9a,0xa9,0xab,0x71,0x18,0x12,0xa0,0x19,0xb9,
  0x14,0x02,0x29,0xf8,0x99,0x80,0x29,0x93,0x79,0xa7,0x9b,0xa8,0x1a,0x16,0x10,0x01,0xba,0x20,0x1a,0x62,
  0xa8,0x88,0xca,0x29,0xa2,0x31,0xc1,0x77,0xaa,0x8a,0xb8,0x58,0x02,0x10,0x91,0x0c,0x82,0x00,0x33,0x9e,
  0x98,0xb8,0x41,0x88,0x91,0x75,0xc0,0xaa,0x99,0x59,0x13,0x80,0x92,0x8d,0x11,0x81,0x13,0xca,0x8b,0x98,
  0x40,0x12,0x9b,0x70,0xa7,0xab,0x8a,0x0b,0x37,0x00,0x18,0xc9,0x28,0x11,0x08,0xc3,0x9c,0x28,0x89,0x86,
  0x90,0x5b,0x07,0xac,0x09,0x99,0x53,0x82,0x09,0xc0,0x09,0x24,0x09,0x88,0xda,0x28,0x81,0x01,0xa2,0x9d,
  0x67,0xaa,0x8a,0xa1,0x58,0x12,0xa9,0x81,0x9a,0x61,0x90,0x88,0xa0,0x1c,0x22,0x98,0x20,0xdb,0x72,0xc5,
  0xaa,0x10,0x2a,0x25,0xb0,0x19,0xa9,0x38,0x86,0x99,0x08,0xaa,0x42,0x91,0x09,0xa8,0x3c,0x77,0xab,0x1b,
  0xa0,0x53,0x02,0x9b,0xa1,0x99,0x54,0x98,0x98,0xb0,0x3a,0x23,0xb8,0x82,0x9e,0x72,0xb6,0xab,0x00,0x3b,
  0x17,0xa0,0x18,0x8b,0x28,0x86,0x89,0x88,0xaa,0x23,0x92,0x3a,0xca,0x2a,0x77,0xaa,0x0b,0xb8,0x44,0x03,
  0x8b,0xb0,0x89,0x54,0x89,0x90,0xc8,0x29,0x12,0x88,0xb3,0xac,0x73,0xb5,0xbb,0xa1,0x5b,0x34,0xa8,0x81,
  0xab,0x69,0x92,0x80,0x90,0x8e,0x11,0x91,0x31,0xab,0x4b,0x27,0xbc,0x0a,0xaa,0x45,0x02,0x1a,0xc8,0x09,
  0x33,0x0a,0x92,0xfa,0x29,0x00,0x10,0xb3,0x9b,0x74,0xe3,0xa9,0x98,0x5a,0x22,0x90,0x92,0x9c,0x48,0x91,
  0x02,0xb0,0x1f,0x88,0x81,0x03,0x8a,0x1a,0x67,0xaa,0xaa,0xb9,0x62,0x12,0x00,0xb0,0xaa,0x41,0x18,0x12,
  0xf9,0x09,0x09,0x38,0x94,0x98,0x49,0x17,0xbc,0x0b,0x9a,0x44,0x03,0x29,0xb9,0x8b,0x14,0x28,0x83,0xbd,
  0x09,0x99,0x53,0x91,0x2a,0x7a,0xa7,0xba,0x09,0x2d,0x23,0xa3,0x12,0x8e,0x2a,0xa2,0x13,0x01,0x8f,0xa8,
  0x90,0x53,0x1a,0x98,0x64,0xb8,0xac,0xa8,0x28,0x35,0x18,0x82,0xcb,0x10,0x90,0x24,0xa1,0x1e,0x9a,0x99,
  0x86,0x00,0x00,0x36,0xac,0x9c,0xb8,0x41,0x41,0x00,0x91,0xba,0x11,0x19,0x34,0xc0,0x98,0xca,0x3b,0x01,
  0x01,0x06,0x17,0x8d,0x8c,0xa9,0x13,0x14,0x48,0x98,0xaa,0xa3,0x28,0x63,0x89,0x88,0xda,0x19,0x08,0x28,
  0x23,0x17,0xac,0x8d,0xab,0x12,0x16,0x40,0x09,0xaa,0xa2,0x00,0x72,0x08,0x80,0xb8,0x0a,0x9a,0x80,0x14,
  0x07,0x9a,0x9c,0xad,0x81,0x03,0x43,0x01,0x08,0xa0,0x01,0x32,0x79,0x08,0xa0,0xd1,0x98,0x09,0x6c,0xa6,
  0x98,0xa8,0x8e,0x90,0x80,0x04,0x20,0x20,0x0a,0x92,0x81,0x14,0x5a,0x80,0x98,0xd2,0x09,0x6c,0xb6,0x90,
  0xa8,0x0e,0x99,0x00,0x93,0x42,0x10,0x30,0x88,0x10,0xd2,0x21,0x9a,0x19,0xac,0x08,0x5d,0x97,0x08,0xb9,
  0x0f,0x98,0x00,0x83,0x61,0x18,0x18,0xb1,0x10,0x8a,0x30,0x0f,0x80,0xa8,0xa2,0x7a,0xb3,0x91,0xfa,0x1a,
  0x0b,0x31,0x01,0x17,0x18,0x10,0x8a,0xa1,0x89,0x80,0x1c,0xc0,0x90,0xb0,0x77,0x0a,0xa1,0xdb,0x91,0x1a,
  0x22,0x48,0x84,0x11,0xa1,0x2a,0xa9,0x19,0xb8,0x18,0xfa,0x91,0x99,0x67,0x3b,0xc8,0xab,0xd1,0x30,0x28,
  0x51,0x91,0x03,0x8a,0x18,0x8c,0xb3,0xa1,0x92,0x3f,0x8b,0x59,0xc7,0x11,0x9b,0x1a,0x9c,0x95,0x11,0x22,
  0x4a,0xa0,0x91,0xb1,0x30,0x0c,0x00,0xb9,0xa1,0x1d,0x7a,0xa1,0xb7,0x89,0xa9,0x4b,0x90,0x05,0x02,0x21,
  0x2b,0xa8,0x90,0xc4,0x11,0x09,0x0a,0xda,0xa1,0x17,0x7b,0xba,0xa0,0x9b,0x02,0x7a,0x01,0x03,0x91,0x01,
  0x2c,0x88,0x00,0xc3,0x01,0x0c,0x9a,0x79,0xb1,0xa7,0x1d,0xaa,0x18,0x88,0x06,0x20,0x91,0x10,0x99,0x82,
  0x4a,0x08,0x08,0xe1,0x91,0x2c,0xa6,0x48,0xcb,0xa0,0x1d,0xa0,0x32,0x20,0x23,0x3b,0xd1,0x01,0x88,0x03,
  0x39,0xb0,0x09,0xbe,0x72,0x1a,0xd7,0x08,0xab,0x10,0x4b,0xb3,0x24,0x2a,0x80,0x2a,0xc1,0x14,0x3a,0x80,
  0x09,0xf9,0x81,0x94,0x60,0x0e,0xc8,0x08,0x09,0x11,0x48,0x91,0x83,0x2a,0x89,0x38,0x90,0x87,0x29,0x9a,
  0xb8,0x16,0x6c,0xaa,0xc1,0x1b,0x9a,0x03,0x22,0x14,0x48,0x8a,0xc2,0x02,0x28,0x30,0x89,0xf1,0xa0,0x79,
  0x2a,0xf4,0x80,0x1c,0x99,0x01,0x11,0x02,0x11,0x89,0x90,0x28,0x00,0x85,0x20,0x8b,0xba,0x7c,0xa0,0xa7,
  0x3a,0x8f,0xa8,0x01,0x38,0x11,0x11,0x98,0xc2,0x10,0x5a,0x18,0x92,0xb2,0x3a,0x1f,0xe4,0x04,0x3d,0xbb,
  0xd3,0x10,0x3a,0x00,0x93,0x10,0x1a,0x89,0x93,0x12,0x10,0x09,0x89,0xc9,0x27,0x79,0xaa,0xf1,0x89,0x2c,
  0x88,0x84,0x30,0x2b,0xa0,0x93,0x48,0x3a,0x80,0xb3,0x92,0x2c,0x7a,0x11,0xe6,0x90,0x1d,0x8b,0xb3,0x32,
  0x5c,0x98,0xa4,0x20,0x2b,0xb0,0x95,0x38,0x2b,0xb0,0x04,0x31,0xa1,0xcc,0xae,0xa8,0x00,0x38,0x29,0x84,
  0x04,0x28,0x89,0x91,0x11,0x28,0x91,0x82,0x99,0x77,0x06,0x9b,0xcc,0xa8,0x08,0x2a,0x90,0x86,0x31,0x29,
  0xa2,0x85,0x28,0x89,0xb2,0x81,0x1c,0x62,0x22,0xe9,0xdb,0x9a,0x8a,0x90,0x02,0x41,0x30,0x13,0x15,0x21,
  0x00,0x81,0x88,0x9b,0xea,0x70,0x23,0xd1,0xbc,0x8e,0x99,0x90,0x10,0x38,0x12,0x15,0x22,0x21,0x20,0x90,
  0xa1,0x8a,0x9d,0x2b,0x67,0x81,0xad,0xac,0xb8,0x08,0x19,0x10,0x05,0x33,0x41,0x20,0x82,0x82,0x08,0x8b,
  0xbb,0xca,0x77,0x11,0xcb,0xcb,0x9a,0x8a,0x89,0x01,0x43,0x43,0x32,0x23,0x14,0x01,0x08,0x9a,0xda,0xc9,
  0x70,0x23,0xf9,0xba,0x9b,0x9a,0x98,0x10,0x52,0x32,0x24,0x24,0x21,0x11,0x80,0xb8,0xc9,0xbb,0x6c,0x24,
  0xd0,0xac,0x9c,0x9a,0x88,0x19,0x30,0x34,0x34,0x33,0x33,0x23,0x81,0xa8,0xcb,0xad,0x0d,0x26,0xa1,0xbe,
  0xbb,0x9a,0x99,0x89,0x31,0x44,0x25,0x23,0x33,0x32,0x11,0xa0,0xba,0xae,0xac,0x44,0x82,0xed,0xaa,0x9a,
  0x89,0x98,0x10,0x43,0x34,0x24,0x23,0x23,0x12,0x00,0xa9,0xdb,0xbd,0x58,0x83,0xfa,0xbc,0x9a,0x89,0x98,
  0x00,0x42,0x34,0x34,0x23,0x33,0x22,0x01,0xba,0xfb,0xca,0x3a,0x15,0xd8,0xad,0xab,0x98,0x88,0x89,0x40,
  0x53,0x24,0x22,0x32,0x32,0x01,0xb0,0xca,0xbc,0x8d,0x25,0xa0,0xbf,0xbb,0x89,0x88,0x89,0x10,0x54,0x43,
  0x32,0x22,0x23,0x03,0x91,0xbb,0xbd,0xad,0x53,0x81,0xde,0xba,0x99,0x08,0x89,0x88,0x43,0x44,0x23,0x23,
  0x23,0x33,0x01,0xba,0xcc,0xdb,0x58,0x01,0xfb,0xac,0x8a,0x88,0x98,0x98,0x21,0x45,0x23,0x23,0x32,0x43,
  0x12,0x90,0xbb,0xbc,0x3c,0x05,0xfa,0xbc,0xab,0x89,0x90,0x89,0x18,0x45,0x34,0x32,0x21,0x33,0x24,0x80,
  0xb9,0xbc,0x0c,0x25,0xb9,0xdf,0xaa,0x8a,0x80,0x89,0x08,0x42,0x35,0x23,0x12,0x33,0x42,0x01,0xa9,0xac,
  0xab,0x64,0x81,0xfb,0xac,0x9b,0x88,0x99,0x89,0x30,0x45,0x24,0x12,0x21,0x22,0x13,0x90,0xcb,0xbb,0x70,
  0x13,0xe8,0xcc,0xab,0x99,0x98,0x99,0x08,0x44,0x34,0x23,0x23,0x32,0x33,0x01,0xca,0xbc,0x3a,0x27,0xa1,
  0xce,0xbc,0x99,0x89,0xa9,0x89,0x41,0x35,0x33,0x23,0x33,0x43,0x12,0xa9,0xbc,0x8c,0x44,0x02,0xfb,0xbc,
  0x9b,0x9a,0xa8,0x9a,0x28,0x45,0x34,0x23,0x22,0x42,0x23,0x91,0xda,0xab,0x40,0x23,0xd8,0xce,0xab,0x9a,
  0x89,0xaa,0x09,0x62,0x34,0x24,0x12,0x21,0x32,0x11,0xb9,0xbd,0x3a,0x34,0x82,0xde,0xbc,0xaa,0x9a,0xaa,
  0x9a,0x38,0x55,0x43,0x32,0x21,0x23,0x13,0x81,0xcb,0x8c,0x33,0x14,0xda,0xce,0xab,0x9a,0xaa,0xaa,0x09,
  0x53,0x44,0x33,0x32,0x32,0x32,0x01,0xb8,0x9c,0x53,0x24,0xb0,0xcf,0xac,0xab,0xaa,0xaa,0x89,0x30,0x55,
  0x33,0x24,0x23,0x23,0x12,0x98,0xbb,0x38,0x53,0xa0,0xdf,0xbc,0xba,0xaa,0xab,0x9a,0x20,0x45,0x44,0x32,
  0x32,0x22,0x12,0x80,0xca,0x2a,0x43,0x03,0xfb,0xcd,0xba,0xaa,0xab,0xbb,0x88,0x53,0x44,0x43,0x32,0x33,
  0x23,0x01,0xa9,0x0c,0x22,0x12,0xfa,0xcd,0xbb,0xac,0xab,0xab,0x89,0x21,0x36,0x34,0x34,0x43,0x22,0x11,
  0x88,0x8a,0x12,0x11,0xd8,0xdd,0xcb,0xbb,0xcb,0xab,0x99,0x10,0x42,0x44,0x33,0x25,0x23,0x12,0x01,0x88,
  0x32,0x21,0xb9,0xcf,0xbc,0xbc,0xbc,0xba,0x9a,0x18,0x31,0x44,0x34,0x34,0x32,0x22,0x02,0x80,0x42,0x11,
  0xa0,0xcd,0xbd,0xbc,0xcb,0xab,0xaa,0x18,0x20,0x18,0x57,0x22,0x23,0x22,0x11,0x81,0x42,0x01,0x90,0xda,
  0xdb,0xbc,0xcb,0xab,0xab,0x89,0x08,0x22,0x44,0x53,0x42,0x22,0x22,0x12,0x71,0x01,0x81,0xba,0xdb,0xbc,
  0xcb,0xba,0xa9,0x88,0x10,0x42,0x43,0x34,0x32,0x24,0x12,0x11,0x7a,0x94,0x90,0xb9,0xcb,0xbc,0xbb,0xaa,
  0x8a,0x08,0x22,0x25,0x43,0x33,0x24,0x31,0x20,0x98,0x80,0x77,0x18,0x9b,0xcb,0xba,0x9a,0x99,0x80,0x21,
  0x31,0x32,0x13,0x15,0x30,0x20,0x11,0x69,0xa9,0x17,0x38,0x9f,0x2d,0x9e,0x06,0xca,0x22,0x12,0x2c,0x10,
  0x0f,0x93,0x90,0x8a,0xb2,0x43,0xda,0xa7,0xa8,0x07,0x3d,0x9a,0x63,0x0f,0x10,0x99,0xa7,0x28,0x4b,0x8a,
  0x90,0x82,0x5b,0x8a,0x11,0x92,0x4b,0x4b,0x1b,0xc9,0x97,0x18,0x9a,0x01,0x10,0xe4,0x01,0x88,0x50,0x8b,
  0xc2,0xb3,0x00,0x4a,0x9a,0xb6,0x10,0x21,0xaa,0xc6,0x91,0x19,0x01,0x91,0xa9,0x21,0x78,0x3a,0x8c,0xd1,
  0x02,0x18,0x2f,0xa0,0xb3,0xa4,0x18,0x69,0x3a,0xc0,0xa1,0xa1,0x49,0x3b,0x09,0xc8,0x03,0x49,0x28,0xb9,
  0xa3,0x00,0x49,0x1e,0xa0,0x83,0x80,0x3b,0x8d,0x87,0x59,0x89,0xaa,0xd3,0x08,0x18,0x28,0xc3,0x33,0x3d,
  0x09,0xe2,0xb4,0x28,0x3c,0x2b,0xc1,0x84,0x28,0x28,0x1c,0xe0,0x90,0x98,0x72,0x2b,0xb2,0xa8,0xc1,0x3a,
  0x0a,0x22,0x02,0x07,0x18,0x00,0x0a,0xc8,0x88,0x89,0x4a,0x7c,0xb1,0xa4,0xa9,0x09,0x1d,0x80,0x02,0x13,
  0x61,0x08,0x91,0xb0,0xa0,0x1c,0x8b,0xb8,0xa5,0x65,0x3b,0xa9,0xab,0xf0,0x20,0x18,0x32,0x01,0x95,0x08,
  0x89,0x1d,0xc8,0x91,0x91,0x38,0x7c,0xb2,0xa3,0xba,0x1b,0x0f,0x92,0x13,0x23,0x58,0x98,0xa0,0xb8,0x18,
  0x1c,0x90,0xb0,0xa4,0x57,0x2c,0xc8,0xa9,0xb0,0x60,0x18,0x12,0xa2,0x83,0x0c,0x09,0x1b,0xc2,0x01,0x88,
  0x3b,0x7d,0xc4,0x92,0xba,0x2a,0x1d,0x83,0x13,0x14,0x3a,0xaa,0xa9,0xd2,0x21,0x2b,0x09,0xd9,0xb2,0x67,
  0x2b,0xc8,0xaa,0xb1,0x70,0x28,0x11,0xa0,0x81,0x0b,0x19,0x88,0xa3,0x09,0xab,0x2a,0x79,0x87,0x93,0xbf,
  0x09,0x09,0x16,0x20,0x81,0x8a,0xc8,0x10,0x00,0x10,0xc0,0x90,0x8a,0x82,0x77,0x1a,0xe8,0x8a,0x80,0x50,
  0x01,0x01,0xb8,0x08,0x1b,0x22,0x18,0xa1,0x9d,0xa8,0x39,0x73,0xa7,0x80,0xae,0x08,0x10,0x15,0x18,0x98,
  0x9a,0xb2,0x41,0x10,0x09,0xe9,0x08,0x19,0x21,0x73,0xd0,0xc1,0x9b,0x30,0x49,0x85,0x90,0xa0,0x1a,0x81,
  0x22,0xc3,0x09,0x9d,0x18,0x92,0x04,0x37,0x0f,0xb8,0x8a,0x12,0x58,0x81,0x98,0xb1,0x6a,0x08,0x01,0xc1,
  0x08,0x0b,0x00,0xa3,0x52,0x97,0x1d,0xba,0x19,0x93,0x72,0x88,0x08,0xb8,0x31,0x08,0x11,0xd9,0x08,0x9a,
  0x23,0x90,0x78,0x97,0x0c,0xb9,0x2a,0x03,0x51,0x90,0x0a,0xb0,0x51,0x81,0x28,0xca,0x1a,0x90,0x41,0x90,
  0x5b,0x87,0x0d,0xa9,0x2b,0x85,0x20,0xa2,0x0b,0xc2,0x30,0x84,0x2a,0xd0,0x0a,0x82,0x39,0xa2,0x9c,0x77,
  0x8c,0x90,0x9a,0x33,0x2a,0x12,0xdb,0x83,0x19,0x62,0x9a,0x80,0xb9,0x51,0x89,0x11,0xba,0x7a,0xb7,0x09,
  0x99,0x3a,0x94,0x20,0xa1,0x1d,0x92,0x10,0x84,0x8b,0x90,0x0a,0x24,0x8b,0x81,0xad,0x77,0xaa,0x08,0xc9,
  0x42,0x90,0x10,0xc8,0x10,0x82,0x48,0xb0,0x0a,0xa1,0x49,0x82,0x9b,0x91,0x3e,0x47,0x9e,0x80,0xa8,0x24,
  0x98,0x18,0xd8,0x21,0x81,0x28,0xc0,0x09,0x92,0x38,0xb3,0x9d,0x01,0x7c,0xa6,0x9b,0x01,0x0b,0x15,0xa8,
  0x10,0xaa,0x51,0x91,0x10,0xb8,0x2c,0x82,0x08,0x04,0x9e,0x00,0x58,0x97,0x9c,0x00,0x99,0x24,0xa0,0x19,
  0xb8,0x40,0x03,0x1a,0xb1,0x8d,0x13,0x08,0x11,0xad,0x88,0x81,0x77,0xbb,0x2a,0xb8,0x52,0x94,0x1b,0x88,
  0x8a,0x07,0x80,0x18,0x9b,0x10,0x93,0x38,0x9b,0x9d,0xa4,0x73,0xc4,0x9c,0x01,0x1a,0x43,0xb8,0x09,0xa0,
  0x68,0x82,0x98,0xa1,0x8a,0x51,0x88,0x80,0xc8,0x09,0x10,0x77,0xb9,0x8b,0x81,0x29,0x25,0xaa,0x88,0x98,
  0x61,0x11,0x8a,0x98,0x0b,0x33,0x91,0xa1,0xfa,0x09,0x02,0x77,0xb9,0x0d,0x81,0x08,0x33,0xb9,0x0b,0xa1,
  0x33,0x16,0x8a,0x99,0x9a,0x24,0x82,0x89,0xcb,0x0a,0x03,0x74,0xa7,0xae,0x11,0x88,0x41,0x90,0xaa,0x82,
  0x10,0x43,0x89,0xaa,0xc1,0x12,0x32,0x1c,0xba,0xd9,0x12,0x11,0x77,0xc9,0x8c,0x02,0x88,0x33,0xb8,0xab,
  0x03,0x31,0x53,0xa9,0xaa,0x88,0x51,0x02,0xa9,0xf9,0x88,0x31,0x18,0x77,0xc9,0x8c,0x02,0x90,0x32,0xa8,
  0xab,0x12,0x13,0x42,0x99,0x9c,0x90,0x13,0x04,0x0a,0x9c,0x9c,0x11,0x85,0x18,0x57,0xcc,0x1b,0x12,0x88,
  0x32,0xc8,0x8b,0x22,0x03,0x03,0xa9,0x8c,0x09,0x43,0x02,0xbb,0xac,0x99,0x31,0x14,0xca,0x77,0xe2,0x9d,
  0x12,0xa1,0x20,0x82,0xac,0x10,0x13,0x11,0x88,0x8a,0xa9,0x10,0x26,0xa9,0x8c,0x98,0xa0,0x05,0x00,0x1c,
  0x77,0xd9,0x0b,0x22,0x98,0x11,0x92,0xac,0x20,0x23,0x82,0x98,0x0a,0x0b,0x48,0x05,0xc8,0xa9,0x88,0x19,
  0x21,0xb1,0xf9,0x77,0xa0,0x9f,0x11,0x91,0x18,0x01,0xa9,0x19,0x32,0x02,0xa0,0x89,0x99,0x29,0x34,0xc1,
  0xac,0x0a,0x29,0x29,0xb2,0xf2,0x89,0x77,0xe2,0x0d,0x20,0x80,0x18,0x01,0xaa,0x09,0x24,0x82,0x89,0x2a,
  0x9a,0x98,0x17,0x90,0x8c,0x09,0x80,0x80,0x11,0x1a,0xac,0x77,0xb3,0xbf,0x20,0x82,0x88,0x12,0xb0,0x9b,
  0x61,0x13,0xa8,0x09,0x08,0x8a,0x21,0x96,0xd8,0x09,0x18,0x89,0x08,0x82,0xab,0x1b,0x76,0x17,0xcd,0x19,
  0x12,0x88,0x10,0x81,0xbb,0x39,0x26,0x91,0x8a,0x08,0x8a,0x38,0x34,0xc9,0xac,0x00,0x81,0x80,0x01,0xb9,
  0x9e,0x11,0x77,0xa4,0xae,0x18,0x02,0x80,0x20,0xa0,0xac,0x31,0x16,0x90,0x8a,0x00,0x99,0x20,0x23,0xd9,
  0x9c,0x00,0x92,0x88,0x10,0xa9,0x9d,0x21,0x77,0x85,0xcc,0x0a,0x22,0x80,0x18,0x01,0xba,0x1b,0x55,0x01,
  0x9a,0x08,0x80,0x89,0x31,0x93,0xfb,0x8a,0x21,0x89,0x1b,0x02,0xe8,0x89,0x32,0x70,0x47,0xf9,0x9a,0x21,
  0x10,0x88,0x01,0xa8,0x9a,0x52,0x23,0xa9,0x8a,0x91,0xa0,0x41,0x13,0xeb,0x9a,0x10,0x08,0x1a,0x08,0xc9,
  0x8b,0x41,0x93,0x77,0x17,0xcc,0x8a,0x21,0x81,0x00,0x01,0xba,0x2a,0x35,0x82,0x99,0x08,0x99,0x08,0x14,
  0xa1,0xac,0x0a,0x1a,0x1a,0x80,0xd0,0xb9,0x00,0x43,0x82,0x76,0x57,0xfb,0x89,0x01,0x00,0x10,0x81,0xaa,
  0x18,0x14,0x82,0x81,0x98,0x8a,0x28,0x03,0xa0,0xbc,0x9c,0x18,0x82,0xa1,0xc9,0x9a,0x19,0x22,0x04,0x90,
  0x77,0x57,0xae,0x89,0x01,0x10,0x21,0xa8,0xaa,0x21,0x33,0x42,0x00,0xba,0x89,0x03,0x93,0xa0,0xad,0x8e,
  0x09,0x18,0x0a,0x9a,0xd8,0xb3,0x23,0x58,0x2a,0x75,0x57,0xea,0x99,0x00,0x00,0x12,0x90,0x9a,0x38,0x21,
  0x32,0x82,0xba,0x9a,0x85,0x02,0x88,0xbb,0xac,0x39,0x01,0xac,0x9c,0x9a,0x28,0x14,0xb4,0x92,0x82,0x77,
  0x57,0xad,0x89,0x88,0x30,0x12,0xb8,0x9a,0x22,0x32,0x63,0x88,0x8b,0x08,0x82,0x01,0xa0,0xbd,0x89,0x08,
  0x19,0x98,0xd9,0xa8,0x83,0x84,0x12,0x39,0xf0,0x77,0x97,0xab,0x99,0x8a,0x52,0x81,0x99,0x00,0x00,0x52,
  0x22,0x8a,0x09,0x88,0x18,0x85,0xd8,0x89,0x89,0x8a,0x10,0x99,0x0a,0x81,0xa0,0x15,0x11,0x5b,0x79,0x77,
  0xa2,0x9c,0xba,0x8a,0x31,0x81,0x08,0x02,0x08,0x65,0x01,0x08,0x82,0x99,0x18,0xb0,0xaa,0x98,0xad,0x09,
  0xb1,0x99,0x13,0x0a,0x78,0x11,0x08,0x85,0x60,0x77,0x92,0x0b,0xbc,0x9c,0x88,0xa9,0x30,0x11,0x48,0x25,
  0x02,0x33,0x83,0x18,0x10,0xad,0x9a,0xea,0xaa,0xa8,0x8c,0x19,0x88,0x11,0x15,0x21,0x53,0x11,0x78,0x37,
  0x98,0x89,0xeb,0xab,0xb8,0xba,0x10,0x00,0x61,0x23,0x31,0x35,0x02,0x32,0x82,0x89,0x99,0xaf,0xab,0xda,
  0xaa,0xa9,0x9a,0x18,0x18,0x42,0x15,0x33,0x73,0x57,0x08,0x00,0xc9,0xaa,0xc8,0x9b,0x89,0x9a,0x10,0x03,
  0x33,0x37,0x31,0x52,0x11,0x21,0x01,0x99,0x98,0xbd,0xab,0xcc,0xab,0xaa,0xba,0x88,0x88,0x40,0x72,0x57,
  0x10,0x01,0xaa,0x8a,0xda,0xaa,0xa0,0x8a,0x31,0x18,0x63,0x13,0x43,0x33,0x20,0x32,0x88,0x89,0xf9,0xba,
  0xb9,0xae,0x99,0xab,0x99,0xa8,0x00,0x22,0x77,0x27,0x11,0xb0,0xbb,0xda,0xac,0x8a,0x9a,0x20,0x12,0x44,
  0x34,0x41,0x32,0x11,0x12,0x91,0x89,0xbb,0xaf,0xca,0xba,0xaa,0x9b,0x8b,0x98,0x82,0x05,0x77,0x05,0x10,
  0x91,0xbb,0xa9,0xaf,0x99,0xa8,0x18,0x12,0x50,0x33,0x31,0x25,0x12,0x31,0x80,0x09,0xb9,0xbd,0xc9,0xbc,
  0x9a,0xcb,0x99,0x99,0x09,0x02,0x71,0x77,0x11,0x81,0xab,0x9a,0xdc,0x89,0x99,0x19,0x12,0x30,0x26,0x12,
  0x34,0x11,0x30,0x91,0x98,0xb0,0xbd,0xaa,0xbd,0xba,0xca,0x8a,0x89,0x19,0x02,0x77,0x07,0x01,0x91,0xaa,
  0xb9,0xbd,0x99,0xaa,0x28,0x11,0x52,0x34,0x41,0x22,0x12,0x22,0x00,0x00,0xb8,0xba,0xeb,0xac,0xbb,0xbc,
  0xaa,0xab,0x1b,0x8a,0x77,0x07,0x11,0xa0,0x9b,0xca,0x9d,0x98,0x99,0x21,0x01,0x54,0x22,0x41,0x13,0x10,
  0x03,0x89,0x98,0xcb,0xab,0xcc,0xab,0xc9,0x9a,0x88,0x0b,0x20,0x70,0x67,0x10,0x81,0xaa,0x9a,0xcd,0x99,
  0xa9,0x19,0x01,0x31,0x27,0x21,0x43,0x11,0x22,0x91,0x18,0xa9,0xac,0xba,0xad,0xaa,0xbb,0x9a,0xa9,0x2a,
  0x79,0x77,0x10,0x11,0xaa,0xaa,0xfb,0x9a,0xa9,0x8a,0x10,0x20,0x35,0x33,0x44,0x13,0x32,0x12,0x08,0x80,
  0xcb,0xb9,0xcc,0xaa,0xcb,0xaa,0xa9,0x0b,0x7a,0x37,0xd0,0x80,0x80,0x80,0x80,0x08,0x80,0x08,0x80,0x08,
  0x80,0x08,0x08,0x80,0x08,0x80,0x08,0x08,0x08,0x08,0x08,0x80,0x80,0x80,0x80,0x80,0x90,0x00,0x00,0x00,
  0x00,0x00,0x00,0x00,0x00,0x00,0x00,0x00,0x00,0x00,0x00,0x00,0x00,0x00,0x00,0x00,0x00,0x00,0x00,0x00,
  0x00,0x00,0x00,0x00,0x00,0x00,0x00,0x00,0x00,0x00,0x00,0x00,0x00,0x00,0x00,0x00,0x00,0x00,0x00,0x00,
  0x00,0x00,0x00,0x00,0x00,0x00,0x00,0x00,0x00,0x00,0x00,0x00,0x00,0x00,0x00,0x00,0x00,0x00,0x00,0x00,
  0x00,0x00,0x00,0x00,0x00,0x00,0x00,0x00,0x00,0x00,0x00,0x00,0x00,0x00,0x00,0x00,0x00,0x00,0x00,0x00,
  0x00,0x00,0x00,0x00,0x00,0x00,0x00,0x00,0x00,0x00,0x00,0x00,0x00,0x00,0x00,0x00,0x00,0x00,0x00,0x00,
  0x00,0x00,0x00,0x00,0x00,0x00,0x00,0x00,0x00,0x00,0x00,0x00,0x00,0x00,0x00,0x00,0x00,0x00,0x00,0x00,
  0x00,0x00,0x00,0x00,0x00,0x00,0x00,0x00,0x00,0x00,0x00,0x00,0x00,0x00,0x00,0x00,0x00,0x00,0x00,0x00,
  0x00,0x00,0x00,0x00,0x00,0x00,0x00,0x00,0x00,0x00,0x00,0x00,0x00,0x00,0x00,0x00,0x00,0x00,0x00,0x00,
  0x00,0x00,0x00,0x00,0x00,0x00,0x00,0x00,0x00,0x00,0x00,
};
static constexpr VoiceClip shuttingDownClip = {
  shuttingDownData, sizeof(shuttingDownData), 7461, 8000
};
// "Restarting"
static const uint8_t restartingData[] = {
  0x00,0x00,0x00,0x00,0x00,0x00,0x00,0x00,0x00,0x00,0x00,0x00,0x00,0x00,0x00,0x00,0x00,0x00,0x00,0xf0,
  0xff,0xff,0xef,0x22,0x33,0x01,0x21,0x11,0xb9,0xbb,0xa9,0xcd,0xaa,0x89,0x90,0x89,0x77,0x17,0xaa,0x88,
  0xa9,0xac,0x8a,0x22,0x80,0x62,0x24,0x01,0x11,0x11,0xb8,0xab,0xa9,0xcc,0x9b,0x88,0x90,0x08,0x74,0x67,
  0xa9,0x08,0xb8,0xbb,0x8a,0x02,0x88,0x64,0x13,0x21,0x22,0x01,0xba,0x9b,0xda,0xad,0x89,0x88,0x88,0x30,
  0x63,0x57,0xb8,0x19,0xc0,0xad,0x08,0x88,0x10,0x53,0x12,0x32,0x13,0x90,0xaa,0xbb,0xce,0x8a,0x99,0x09,
  0x20,0x22,0x22,0x77,0xc3,0x19,0xd1,0x9c,0x80,0x8a,0x11,0x23,0x33,0x35,0x02,0x00,0xc9,0xba,0xbc,0xaa,
  0xab,0x10,0x21,0x53,0x02,0x76,0xc3,0x3a,0xf2,0x8b,0xa2,0x0c,0x02,0x10,0x33,0x22,0x21,0x83,0xac,0xa8,
  0xaf,0x98,0x9b,0x01,0x00,0x32,0x13,0x71,0x87,0x3c,0xe3,0x0c,0xa1,0x1b,0x92,0x39,0x14,0x21,0x23,0x91,
  0x08,0xf9,0x8a,0xc9,0x0a,0xa0,0x20,0x02,0x41,0x52,0x87,0x1b,0xc4,0x0d,0xc1,0x1a,0xa1,0x48,0x82,0x32,
  0x02,0x12,0x88,0xba,0xba,0xaf,0x98,0x8b,0x93,0x48,0x03,0x50,0x27,0x0c,0xa4,0x0e,0xb1,0x1c,0xb1,0x58,
  0x80,0x41,0x00,0x20,0x80,0x88,0xca,0x89,0xcb,0x00,0x9a,0x14,0x29,0x04,0x72,0xb0,0x05,0x8f,0xa1,0x1b,
  0xc1,0x48,0x88,0x32,0x10,0x13,0x08,0x90,0xbb,0xc9,0x9d,0xa8,0x19,0x81,0x51,0x81,0x74,0xb0,0x24,0x9f,
  0xa2,0x1c,0xb0,0x38,0x88,0x34,0x18,0x05,0x18,0xa1,0x8a,0xd9,0x89,0xaa,0x00,0x19,0x04,0x30,0x62,0xb5,
  0x50,0xcb,0xa2,0x0e,0xb0,0x38,0x99,0x16,0x28,0x84,0x20,0x98,0x80,0xbb,0xb9,0x9c,0xa8,0x28,0x01,0x53,
  0x30,0x17,0x7b,0xd8,0x01,0x8d,0xb1,0x39,0x89,0x23,0x40,0x13,0x31,0x90,0x89,0xbd,0xb9,0x8d,0xa9,0x18,
  0x10,0x33,0x32,0x75,0x98,0xa7,0x3b,0xeb,0x91,0x2b,0xa8,0x32,0x38,0x16,0x31,0x00,0x81,0xaa,0xda,0x9b,
  0xbb,0x88,0x19,0x22,0x63,0x31,0x87,0x60,0xab,0xf3,0x09,0xaa,0x91,0x39,0x02,0x44,0x21,0x04,0x10,0xa9,
  0xc0,0xab,0xcb,0xa8,0x09,0x20,0x41,0x83,0x67,0x1a,0xe3,0x10,0x8d,0xb8,0x08,0x09,0x02,0x51,0x12,0x33,
  0x10,0xa2,0xa9,0xcc,0xba,0xab,0xa9,0x10,0x50,0x22,0x43,0x87,0x60,0x0d,0xe1,0x80,0x8a,0x90,0x10,0x28,
  0x23,0x33,0x04,0x02,0x89,0xca,0xbb,0xad,0xa9,0x08,0x38,0x41,0x04,0x65,0x2a,0xe2,0x00,0x8d,0xc8,0x80,
  0x09,0x01,0x41,0x12,0x14,0x21,0x08,0x99,0xcb,0xd9,0x99,0x8a,0x00,0x21,0x23,0x72,0xa4,0x23,0x0f,0xd8,
  0x98,0x8b,0x99,0x11,0x30,0x16,0x43,0x11,0x83,0x88,0xc9,0xaa,0x9d,0xb9,0x80,0x10,0x61,0x10,0x25,0x29,
  0xf1,0x90,0x8d,0xb9,0x89,0x89,0x23,0x71,0x12,0x24,0x10,0x91,0x98,0xbb,0xbb,0x9d,0xa8,0x11,0x31,0x53,
  0x30,0x87,0x68,0x9c,0xc1,0x9a,0x9a,0x2b,0x8a,0x86,0x41,0x21,0x31,0x81,0x94,0x88,0x8a,0x1c,0x9c,0xb2,
  0x82,0x21,0x5a,0x28,0x97,0xa7,0x1a,0x9a,0x1e,0xc9,0x92,0x08,0x01,0x59,0xa1,0x04,0x08,0x02,0x2a,0xc1,
  0x21,0x0c,0xa2,0x18,0xb1,0x20,0x36,0x2f,0xe0,0x81,0xa9,0x20,0x1e,0xb2,0x01,0xb1,0x60,0x1c,0x91,0x90,
  0xa4,0x48,0x2b,0x08,0xd8,0xa7,0x10,0x88,0x49,0x9a,0xa6,0x80,0x80,0x5a,0xb9,0x95,0x98,0x03,0x2f,0x90,
  0x39,0xf2,0x20,0x0c,0x01,0x0a,0xa3,0x29,0xb2,0x79,0x99,0x84,0x0a,0x93,0x4c,0xe2,0x11,0x89,0x28,0x9b,
  0xb5,0x28,0x8a,0x69,0xab,0x97,0x08,0x81,0x4a,0x89,0x20,0xa8,0x94,0x88,0x90,0x09,0xd2,0x80,0x40,0x2e,
  0xb8,0x02,0x91,0x79,0x0b,0x02,0xa1,0xa3,0x0e,0x83,0x5a,0xba,0x11,0x39,0x00,0xbb,0xb7,0x58,0x88,0x2c,
  0xe2,0x11,0x88,0x5b,0x1a,0x91,0xc3,0xa3,0x28,0x4b,0x98,0x90,0xe1,0x80,0xa3,0x79,0x0b,0x11,0x0a,0x28,
  0x3d,0xe3,0x01,0xa0,0x29,0x2b,0xa3,0xc7,0x82,0x5b,0x0a,0x91,0xf1,0x31,0x1c,0x18,0xaa,0x95,0x92,0x22,
  0x3f,0x9a,0x80,0xd5,0x01,0x2a,0x29,0x1a,0xe3,0x01,0x19,0x39,0x2b,0xa9,0xa4,0xb2,0x87,0x3c,0x2a,0x8a,
  0xd4,0x01,0x39,0x0b,0x00,0xb4,0xc3,0x68,0x1c,0x08,0xd0,0x83,0x91,0x21,0x2f,0x89,0x80,0xc3,0x10,0x88,
  0x59,0x8b,0x82,0x39,0xc1,0x28,0x4b,0x88,0xe2,0xc3,0x30,0x1b,0x08,0xc8,0x85,0x4a,0x88,0x2c,0xc3,0x82,
  0x88,0x29,0x4c,0xa8,0x69,0x9a,0xa4,0xb1,0x22,0x3d,0x19,0x99,0x94,0x29,0x98,0x1b,0x58,0x3b,0xc0,0x21,
  0xb8,0xd2,0xc5,0x23,0x2f,0x88,0x08,0xc2,0x91,0xc2,0x13,0x0b,0x81,0xf0,0xa6,0x00,0x80,0x19,0xa0,0x01,
  0xc1,0xa4,0x91,0x80,0x4b,0xb1,0x29,0x03,0x4f,0x09,0x89,0xf4,0x11,0x90,0x28,0xba,0x41,0xb0,0x02,0xda,
  0x15,0x2b,0x90,0x1b,0xe3,0xb4,0x93,0x5a,0x4c,0x8a,0xa2,0xb4,0x20,0x1e,0x91,0xa2,0x90,0x58,0x4a,0x1b,
  0xa8,0xb4,0x11,0x3a,0x2d,0xaa,0x97,0x08,0x38,0x2f,0x18,0xa8,0xb5,0x01,0x3a,0x4d,0x0a,0x80,0x90,0x01,
  0x3b,0x1a,0x81,0x09,0xe4,0x21,0x3c,0x3b,0xf0,0x93,0x81,0x4a,0x0c,0x82,0x08,0x2b,0x5a,0x3a,0x9a,0xd4,
  0xa4,0x10,0x2a,0x8b,0xb5,0xb3,0x92,0x5a,0x0a,0x91,0x29,0x28,0x0b,0xd7,0x02,0x5a,0x2d,0x98,0xa2,0x20,
  0x3d,0x2a,0x09,0x49,0x3e,0x2a,0x0a,0xb2,0xa4,0x28,0x4b,0x0b,0xd5,0x92,0x28,0x3c,0x2a,0x89,0xd5,0xa3,
  0x10,0x5c,0x0a,0x18,0x19,0x2a,0x2a,0x19,0x19,0x5b,0x1b,0x80,0xf3,0x11,0xb0,0x12,0x8b,0xc3,0xc5,0x93,
  0x29,0x6c,0x1b,0xa0,0xb3,0x21,0x3c,0x2a,0xa9,0xb4,0xa4,0x38,0x3d,0x2b,0xb0,0xa4,0x81,0x29,0x09,0x80,
  0x90,0x29,0xe7,0x01,0xd3,0x18,0x08,0x08,0x80,0x18,0x09,0x08,0x81,0x98,0x93,0xa0,0x03,0x8a,0xa1,0xb2,
  0x68,0xb8,0x60,0x0c,0x18,0x18,0x4d,0x8a,0x00,0x01,0x4d,0x3a,0x0b,0xb2,0x90,0xb4,0x08,0x5a,0x2a,0x7a,
  0x0a,0x00,0xa0,0x11,0x11,0x3a,0xda,0xb7,0x81,0x89,0xc5,0x92,0x10,0x2d,0x98,0x90,0x80,0x19,0x0a,0x85,
  0x99,0x33,0x11,0x6c,0x21,0xb9,0x5a,0x09,0xb7,0x2c,0x6a,0x3d,0x0a,0xc1,0x81,0x91,0x28,0x00,0xf1,0xa4,
  0x20,0x3b,0x2b,0xd1,0x24,0x0c,0x19,0x3d,0xa0,0xa4,0x19,0x3c,0x29,0xe1,0x50,0x2d,0x49,0xc9,0x12,0xa8,
  0x94,0x1b,0x99,0xb6,0xc7,0xc4,0x93,0x3a,0x6f,0x99,0x81,0x80,0x18,0x89,0xd3,0xa4,0x38,0x3d,0x1b,0xa1,
  0xc3,0x82,0x18,0xa0,0xa4,0x7a,0x2d,0x2a,0x3a,0x3c,0x4a,0xf1,0xb3,0x01,0x29,0xa9,0xb7,0x01,0x4b,0x08,
  0x19,0x0a,0xc1,0xa4,0x82,0x6c,0x1b,0xd1,0xa4,0x01,0x3a,0x1b,0xb2,0x11,0x2c,0x9a,0xa6,0x20,0x3c,0x1a,
  0x08,0x2a,0xa8,0xd7,0xb4,0x82,0x5a,0x2b,0x89,0xb3,0x00,0x7b,0x8a,0xc3,0xc3,0x21,0x89,0x20,0x2b,0x0b,
  0xf3,0xa3,0x80,0x81,0x90,0x91,0xb3,0x81,0xb5,0x10,0x9a,0xd2,0x03,0xf0,0x94,0x90,0x70,0x0b,0xc2,0xc5,
  0x20,0x2b,0xa8,0xc6,0x01,0x18,0x08,0xa1,0x18,0x09,0x1b,0xb3,0x81,0x4a,0x8d,0x02,0x1a,0x50,0xa9,0x87,
  0x29,0x5b,0xc8,0x81,0x80,0x1a,0xa0,0x91,0x10,0x37,0xab,0x90,0xdb,0x39,0x80,0x43,0x02,0x19,0xc2,0x8a,
  0x81,0x98,0x85,0x89,0x89,0xba,0x39,0x2a,0x41,0x83,0xb0,0x77,0xe2,0x88,0xcb,0x29,0x83,0x41,0x04,0x89,
  0x91,0xab,0x30,0x88,0x70,0xa8,0x8a,0xa8,0x9b,0x16,0x08,0x22,0xc8,0x70,0xb7,0x0a,0xb8,0x8c,0x24,0x08,
  0x24,0xa8,0x1a,0xb0,0x1b,0x25,0x99,0x02,0xeb,0x19,0x90,0x28,0x05,0x89,0x00,0x6a,0x17,0x9e,0x88,0xa9,
  0x50,0x01,0x20,0x81,0xbb,0x10,0x98,0x32,0xa3,0xad,0x90,0x9c,0x42,0x01,0x18,0xa1,0x8d,0x20,0x77,0xc9,
  0x98,0xa9,0x28,0x26,0x08,0x81,0xa9,0x1b,0x02,0x28,0x02,0xfa,0x89,0x80,0x28,0x23,0xa8,0x19,0xab,0x08,
  0x77,0xc7,0x8a,0x98,0x08,0x44,0x91,0x88,0x98,0x9a,0x42,0x81,0x08,0xa9,0x9c,0x38,0x21,0x20,0x88,0x9e,
  0x08,0x11,0x72,0x87,0x9f,0x88,0x00,0x40,0x03,0xaa,0x98,0x90,0x38,0x06,0xa8,0x8a,0x89,0x3a,0x43,0x90,
  0x9a,0xa8,0x1a,0x44,0x61,0x27,0xcf,0x08,0x10,0x00,0x33,0xc9,0x8a,0x20,0x80,0x41,0xb0,0xac,0x28,0x81,
  0x31,0xa2,0xdb,0x19,0x12,0x28,0x92,0x77,0xf4,0x9b,0x11,0x01,0x20,0x93,0xbc,0x00,0x23,0x89,0x03,0xcc,
  0x0a,0x42,0x90,0x18,0xa0,0xbb,0x60,0x83,0x89,0x58,0x47,0xbf,0x08,0x11,0x81,0x32,0xd8,0x0b,0x21,0x82,
  0x1a,0xa1,0x9d,0x20,0x34,0xe9,0x08,0x98,0x10,0x31,0xb2,0x8d,0x70,0x96,0xad,0x10,0x00,0x01,0x22,0xea,
  0x19,0x11,0x80,0x18,0xb1,0x8d,0x21,0x01,0x99,0x11,0xbc,0x40,0x12,0xb8,0x09,0x77,0xe2,0x8c,0x10,0x10,
  0x10,0x02,0xcc,0x20,0x01,0x80,0x08,0xd8,0x1a,0x13,0x80,0x98,0x91,0x9c,0x53,0x80,0x89,0x09,0x77,0xf8,
  0x1a,0x00,0x10,0x11,0x91,0x9d,0x21,0x88,0x11,0x90,0xcb,0x38,0x82,0x00,0x81,0xca,0x1a,0x24,0x88,0x00,
  0x5a,0x77,0xec,0x18,0x80,0x21,0x11,0xb8,0x8b,0x03,0x1a,0x14,0x99,0xac,0x30,0x88,0x32,0xb1,0xac,0x18,
  0x12,0x39,0x03,0xcc,0x77,0xfa,0x29,0xa0,0x40,0x02,0xa8,0x0b,0x93,0x0a,0x16,0x99,0x99,0x08,0x90,0x61,
  0xa0,0x09,0x88,0x19,0x11,0x12,0x3c,0x77,0xec,0x28,0x98,0x30,0x12,0xa8,0x0b,0x92,0x1c,0x16,0x99,0x98,
  0x88,0x98,0x42,0xa1,0x19,0xa9,0x19,0x20,0x04,0x8a,0x77,0xf1,0x1c,0xa1,0x18,0x14,0x90,0x89,0x00,0x9b,
  0x44,0x98,0x88,0x89,0x99,0x30,0x93,0x1a,0xa2,0x9d,0x01,0x03,0x80,0x77,0xd6,0x0c,0x81,0x0a,0x33,0x81,
  0x99,0x00,0xcb,0x52,0x91,0x19,0x98,0xaa,0x29,0x13,0x1a,0x05,0x9c,0x08,0x08,0x02,0x70,0x47,0xbe,0x28,
  0xb9,0x50,0x02,0x80,0x19,0xc0,0x1b,0x05,0x0a,0x83,0xa9,0x99,0x10,0x98,0x63,0xb8,0x00,0xa8,0x18,0x10,
  0x77,0xe3,0x0c,0xa1,0x0a,0x24,0x00,0x00,0x88,0xbb,0x32,0xb8,0x63,0xb0,0x89,0xa8,0x88,0x38,0x84,0x1a,
  0xa3,0x9c,0x02,0x28,0x77,0xf2,0x2a,0xe9,0x28,0x82,0x20,0x11,0xa9,0x1a,0xa1,0x2c,0x05,0x9a,0x02,0xbb,
  0x18,0x00,0x19,0x34,0xab,0x13,0xdb,0x78,0x27,0x9f,0x02,0x9d,0x21,0x98,0x32,0x91,0x88,0x81,0xcb,0x41,
  0xa8,0x58,0xb0,0x1a,0x90,0x8b,0x22,0x90,0x61,0xa0,0x29,0x70,0x07,0x8e,0x92,0x8e,0x11,0x8a,0x23,0x80,
  0x11,0x80,0x8b,0x02,0xbb,0x34,0xdb,0x22,0xda,0x20,0xa9,0x28,0x90,0x80,0x23,0x7b,0x27,0x0f,0xa3,0x8f,
  0x82,0x8a,0x13,0x09,0x13,0x98,0x11,0xa8,0x2b,0xc2,0x1a,0x84,0x1c,0x83,0x9b,0x02,0xac,0x11,0xba,0x70,
  0x07,0x3c,0xa2,0xaf,0xa3,0x1c,0x81,0x29,0x04,0x10,0x23,0x98,0x11,0xd9,0x19,0xc9,0x1a,0xb1,0x29,0x93,
  0x39,0x83,0x8a,0x73,0xc7,0x31,0xaa,0x09,0xfa,0x88,0xa9,0x08,0x08,0x21,0x32,0x34,0x33,0x32,0x22,0x90,
  0xa0,0xbb,0xad,0xcb,0x98,0x2a,0xc9,0x77,0xb1,0xa7,0xab,0x80,0x1f,0x90,0x81,0x02,0x5b,0x88,0x81,0x92,
  0x58,0x1a,0x91,0xc3,0x04,0x5c,0x0a,0xb0,0xb5,0x10,0x2b,0x47,0x2f,0xa9,0x88,0xa1,0x5a,0x89,0x01,0x90,
  0x31,0x0a,0x93,0x91,0x87,0x3a,0x1a,0x8b,0xe5,0x01,0x19,0x2a,0xb8,0xa4,0x30,0xb7,0x21,0x0e,0x1b,0xc9,
  0x12,0x2a,0x20,0x98,0x87,0x39,0x88,0x08,0xd3,0x30,0x9a,0x01,0xa9,0x82,0x0c,0xa1,0x4b,0x3a,0x7f,0xf3,
  0x93,0x89,0x09,0x9b,0xa5,0x10,0x01,0x28,0xc4,0x21,0x0a,0x00,0xc0,0x12,0x2d,0x88,0x98,0xb2,0x19,0xb0,
  0x38,0xc9,0x73,0xb4,0xa7,0x8a,0xd8,0x39,0x99,0x33,0x18,0x52,0x1b,0xa3,0x98,0x92,0x4c,0xa9,0x10,0x8a,
  0x5b,0x0d,0xb1,0xa2,0x83,0x49,0x37,0x5d,0xb9,0x89,0xca,0x21,0x1a,0x85,0x11,0x02,0x4a,0xa8,0x81,0xb0,
  0x30,0x8e,0xa1,0x98,0xa2,0x5c,0xa9,0x81,0xc1,0x72,0xb5,0x23,0x9e,0xa0,0x8b,0xa2,0x68,0x00,0x31,0x98,
  0x03,0x0b,0x91,0x0a,0xf2,0x00,0x89,0x19,0xba,0xa5,0x38,0x2a,0x19,0x71,0xa7,0x42,0x8e,0xa8,0x9a,0xb3,
  0x50,0x00,0x12,0x91,0x12,0x1c,0x08,0x1a,0xd2,0x20,0x9b,0xa0,0xc8,0x92,0x3c,0xa8,0x03,0x79,0x87,0x33,
  0xaf,0xb0,0x9a,0xb3,0x78,0x00,0x21,0x88,0xa4,0x29,0x89,0x08,0xc0,0x83,0x2b,0x8a,0x8a,0xd1,0x81,0x98,
  0xa3,0x03,0x77,0x79,0xba,0x91,0x9c,0x92,0x6a,0x08,0x12,0x08,0x82,0x2a,0xb8,0x11,0x0a,0x28,0x9b,0xc4,
  0x09,0x9a,0x99,0xc0,0x04,0x4b,0x71,0x94,0xa7,0x1c,0xbb,0x29,0x0b,0x87,0x30,0x81,0x30,0xaa,0xa3,0x3a,
  0x88,0x59,0xc8,0xb4,0x88,0x99,0x2a,0xb9,0x84,0x3a,0xc1,0x73,0x94,0xb7,0x2b,0xcc,0x00,0x0a,0x86,0x30,
  0x80,0x11,0x8b,0xd3,0x11,0x08,0x28,0x8a,0xc0,0x89,0x9a,0x28,0x2b,0x92,0x38,0xaa,0x7a,0x17,0x17,0x0f,
  0xc8,0x18,0x0a,0x83,0x50,0x80,0x01,0xa9,0xc3,0x48,0x1a,0x02,0x09,0xc1,0x19,0x8d,0x80,0x19,0xc2,0x84,
  0x1a,0x98,0x57,0x4b,0xd8,0x91,0x0c,0x98,0x40,0x18,0x83,0x20,0xb9,0xa2,0x3b,0xb2,0x07,0x18,0x98,0x0b,
  0xcb,0xa2,0x39,0x08,0x84,0x90,0x9a,0x3e,0x97,0x36,0x0f,0xc0,0x08,0x0a,0x02,0x50,0x08,0x92,0x09,0xb8,
  0x21,0x2a,0xa5,0x21,0xab,0xf2,0x08,0x89,0x38,0x2b,0xf3,0x92,0x19,0x09,0x27,0x7a,0xa9,0xb1,0x0c,0x99,
  0x22,0x30,0xa5,0x12,0x1d,0xb8,0x83,0x20,0x30,0x3a,0xbc,0xf2,0x80,0x19,0x80,0x10,0x98,0xa0,0xa8,0xa2,
  0x76,0x58,0xf2,0x91,0x1c,0xa9,0x83,0x40,0x00,0x81,0x0a,0xc0,0x02,0x49,0x91,0x82,0x8a,0xd9,0x08,0x4b,
  0x88,0x83,0x89,0xa9,0x98,0x30,0x7a,0x07,0x16,0x1f,0xba,0xb2,0x38,0x29,0x04,0x10,0xd0,0xa2,0x6a,0x1a,
  0xa3,0x83,0x0a,0x9a,0x98,0x28,0x19,0xc0,0xc1,0x89,0x1a,0x11,0x53,0x48,0x97,0x07,0x2d,0xcb,0xb2,0x38,
  0x2a,0xa6,0x12,0x1b,0xd0,0x83,0x59,0x09,0xb2,0x80,0x0a,0x89,0x81,0x82,0x81,0x1c,0x8c,0x08,0x20,0xb3,
  0x06,0x87,0x22,0x1f,0xbc,0xd2,0x11,0x49,0x08,0xa2,0x91,0x88,0x48,0x5a,0x90,0xc3,0x80,0x1b,0x89,0x92,
  0x12,0x0a,0x8c,0x8b,0xc2,0x97,0x21,0x2b,0x05,0x78,0x8a,0xf1,0x98,0x3b,0x09,0x84,0x01,0xa0,0x01,0x7b,
  0x08,0xb4,0x93,0x4b,0x1d,0x98,0xb3,0x82,0x29,0x1c,0x99,0xb3,0x13,0x5c,0x1b,0x10,0xb7,0x97,0x3a,0x0e,
  0xb0,0x82,0x59,0x09,0xa1,0x81,0x28,0x39,0x18,0xd1,0xb3,0x38,0x2f,0x98,0xc3,0x10,0x2c,0x89,0xa2,0x82,
  0x08,0x08,0x08,0x47,0x68,0x9a,0xf0,0x88,0x2a,0x08,0x81,0x08,0x19,0x30,0x41,0x94,0x93,0x4b,0x0c,0xc2,
  0x93,0x2a,0x8e,0xa0,0x81,0x10,0x1a,0xa8,0xb2,0x42,0x7a,0x87,0x22,0x1f,0xba,0xb2,0x49,0x2b,0xc1,0x82,
  0x5a,0x08,0x83,0x02,0x88,0x18,0x2a,0xc0,0xd3,0x89,0x9a,0xa1,0x30,0x2e,0xb8,0x94,0x40,0x4a,0x29,0x87,
  0x14,0x1e,0xca,0xb1,0x38,0x1b,0xc2,0x01,0x5a,0x00,0x85,0x10,0x1a,0x90,0x01,0x19,0xc9,0xb0,0x1a,0x8a,
  0xb2,0x28,0x1f,0x80,0x13,0x30,0x19,0x47,0x64,0x1d,0xe9,0xa1,0x49,0x1b,0xc1,0x02,0x5b,0x88,0x94,0x20,
  0x2b,0xb1,0x94,0x39,0x8c,0xc0,0x81,0x39,0x0b,0xe2,0x01,0x39,0x88,0xb3,0x21,0x44,0x43,0x9b,0xfb,0xab,
  0x4b,0x99,0xc4,0x28,0x5b,0x82,0x04,0x39,0x8a,0x94,0x20,0x0b,0xe8,0x90,0x29,0x8a,0xd2,0x80,0x3a,0x08,
  0x94,0x11,0x1a,0x47,0x41,0xb0,0xf9,0x0b,0x8a,0xa2,0x91,0x2d,0x09,0x07,0x21,0x18,0x98,0x83,0x21,0x8a,
  0xe9,0x98,0x0a,0x08,0xa9,0xa9,0x08,0x21,0x22,0x10,0x94,0x77,0x25,0xb1,0xd9,0x8c,0x89,0xa1,0x88,0x8b,
  0x00,0x26,0x42,0x00,0x81,0x21,0x31,0x88,0xd9,0x9a,0x8b,0xba,0xda,0x9a,0x1b,0x18,0x03,0x24,0x60,0x70,
  0x37,0x82,0x9c,0xbc,0xb8,0x80,0x8b,0x9a,0x13,0x37,0x31,0x01,0x13,0x22,0x10,0xca,0xba,0xab,0x9c,0xbc,
  0xb9,0x89,0x28,0x20,0x01,0x43,0x54,0x61,0x67,0x11,0xaa,0xbc,0x9a,0x8a,0xba,0x99,0x31,0x54,0x23,0x23,
  0x33,0x43,0x10,0xb8,0xb9,0xab,0xbe,0xcb,0xab,0x9a,0x09,0x08,0x21,0x63,0x23,0x24,0x77,0x15,0xa8,0xbb,
  0x9c,0x99,0xb9,0xa9,0x29,0x53,0x24,0x32,0x32,0x43,0x12,0x91,0xa9,0xbb,0xcc,0xbc,0xca,0x9a,0x99,0x08,
  0x00,0x33,0x44,0x33,0x76,0x17,0xa1,0xaa,0x9c,0x99,0xa8,0xaa,0x0a,0x31,0x25,0x23,0x52,0x32,0x13,0x02,
  0x88,0xaa,0xda,0xcb,0xbb,0xac,0xab,0x9a,0x09,0x20,0x43,0x44,0x72,0x77,0x81,0x9a,0xaa,0x98,0x98,0xab,
  0x9a,0x10,0x34,0x32,0x43,0x24,0x33,0x21,0x88,0xa8,0xba,0xbe,0xdb,0xba,0x9a,0x9a,0x89,0x10,0x42,0x63,
  0x52,0x77,0x01,0xa9,0xa9,0x99,0x99,0xcb,0xba,0x18,0x31,0x32,0x33,0x27,0x34,0x22,0x01,0x91,0x80,0xab,
  0xbe,0xdb,0xaa,0x9b,0x9b,0x99,0x10,0x52,0x41,0x77,0x13,0xa0,0xaa,0x99,0x88,0xca,0xcb,0x8a,0x10,0x12,
  0x02,0x42,0x73,0x22,0x11,0x00,0x10,0x00,0xb9,0xfb,0xaa,0x9b,0xbb,0xca,0x9a,0x19,0x20,0x77,0x37,0xa8,
  0xa9,0x89,0x08,0xa9,0xcb,0x99,0x30,0x32,0x12,0x22,0x44,0x25,0x03,0x01,0x09,0x88,0xb8,0xfb,0xab,0xac,
  0x9a,0xaa,0xa9,0x19,0x32,0x77,0x47,0xa0,0xa9,0x89,0x88,0xa8,0xca,0x8a,0x28,0x22,0x03,0x22,0x73,0x42,
  0x12,0x82,0x00,0x08,0xa8,0xe9,0xba,0xac,0xba,0xc9,0xa9,0x89,0x7a,0x17,0x08,0x08,0x08,0x08,0x08,0x08,
  0x08,0x08,0x08,0x08,0x08,0x08,0x08,0x08,0x08,0x08,0x08,0x08,0x80,0x80,0x80,0x80,0x80,0x90,0x00,0x00,
  0x00,0x00,0x00,0x00,0x00,0x00,0x00,0x00,0x00,0x00,0x00,0x00,0x00,0x00,0x00,0x00,0x00,0x00,0x00,0x00,
  0x00,0x00,0x00,0x00,0x00,0x00,0x00,0x00,0x00,0x00,0x00,0x00,0x00,0x00,0x00,0x00,0x00,0x00,0x00,0x00,
  0x00,0x00,0x00,0x00,0x00,0x00,0x00,0x00,0x00,0x00,0x00,0x00,0x00,0x00,0x00,0x00,0x00,0x00,0x00,0x00,
  0x00,0x00,0x00,0x00,0x00,0x00,0x00,0x00,0x00,0x00,0x00,0x00,0x00,0x00,0x00,0x00,0x00,0x00,0x00,0x00,
  0x00,0x00,0x00,0x00,0x00,0x00,0x00,0x00,0x00,0x00,0x00,0x00,0x00,0x00,0x00,0x00,0x00,0x00,0x00,0x00,
  0x00,0x00,0x00,0x00,0x00,0x00,0x00,0x00,0x00,0x00,0x00,0x00,0x00,0x00,0x00,0x00,0x00,0x00,0x00,0x00,
  0x00,0x00,0x00,0x00,0x00,0x00,0x00,0x00,0x00,0x00,0x00,0x00,0x00,0x00,0x00,0x00,0x00,0x00,0x00,0x00,
  0x00,0x00,0x00,0x00,0x00,0x00,0x00,0x00,0x00,0x00,0x00,0x00,0x00,0x00,0x00,0x00,0x00,0x00,0x00,0x00,
  0x00,0x00,0x00,0x00,0x00,0x00,0x00,0x00,0x00,0x00,0x00,0x00,0x00,
};
static constexpr VoiceClip restartingClip = {
  restartingData, sizeof(restartingData), 5866, 8000
};
#ifdef HAS_DRV2605
// "Sound and vibration"
static const uint8_t alertsSoundVibrationData[] = {
  0x00,0x00,0x00,0x00,0x00,0x00,0x00,0x00,0x00,0x00,0x00,0x00,0x00,0x00,0x00,0x00,0x00,0x00,0x00,0x70,
  0x77,0x7f,0xe7,0xc0,0x48,0x93,0x2a,0x1a,0x8d,0x84,0xb3,0x2c,0x31,0x0f,0x83,0xc9,0xb3,0x58,0x01,0x8c,
  0xb0,0x32,0x08,0x82,0x2f,0xd1,0x10,0x81,0x39,0x1e,0xa8,0xa7,0xa2,0x39,0x2b,0x00,0xf3,0x81,0x09,0x7a,
  0x89,0xa1,0xb4,0x10,0x5b,0x0a,0xc2,0x81,0x12,0x1d,0x08,0xb0,0x94,0x89,0x78,0x0b,0x91,0x93,0xa1,0x02,
  0x4d,0x2b,0xa9,0xb1,0x86,0x19,0x10,0x2c,0xb8,0x83,0x48,0xb9,0x48,0xe1,0x51,0x8b,0x80,0xf3,0x82,0x90,
  0x29,0x09,0x04,0xa9,0x82,0x8e,0x05,0x99,0x91,0x4a,0x91,0x91,0xb8,0x30,0x39,0xf2,0x28,0x99,0x11,0xb1,
  0xa2,0x84,0xb9,0xb1,0x2f,0x05,0x21,0x9f,0x79,0x0a,0xb2,0xb2,0x00,0x40,0x1c,0xb2,0xf4,0x82,0x4a,0x09,
  0x09,0xc5,0x01,0x3a,0x2c,0x89,0xb3,0x91,0x02,0x4d,0x0a,0x80,0x01,0xa8,0x48,0xb8,0x71,0x8b,0x81,0xf1,
  0x83,0x80,0x18,0x0a,0x08,0x91,0xc3,0xc4,0x92,0xa0,0x81,0x82,0x2a,0x7e,0xa9,0x81,0x01,0x18,0x28,0x8f,
  0x51,0x0b,0xc2,0xb2,0xa2,0x41,0x9a,0x20,0xe0,0xa3,0x00,0x80,0x93,0x1d,0x02,0x1d,0xc7,0x81,0x80,0x28,
  0x0c,0x22,0x0e,0x02,0xb9,0xa3,0x10,0xa6,0x09,0xb1,0x5c,0xa2,0x88,0xc2,0x40,0x89,0x90,0xc0,0x84,0xb1,
  0x30,0xa9,0x79,0xb0,0x00,0x18,0x29,0x00,0x2f,0xd2,0x18,0x82,0x29,0x0c,0xf1,0xa6,0x91,0x39,0x8b,0x22,
  0xf5,0x81,0x18,0x2a,0x08,0xd1,0x81,0x93,0x4d,0x08,0x0a,0x90,0x30,0xb0,0x28,0xd9,0x70,0x98,0x08,0x98,
  0xa4,0xa1,0x32,0x0e,0x88,0x22,0xe0,0x91,0xb2,0x20,0x20,0xcb,0x02,0xe7,0x11,0x90,0x2a,0x89,0x82,0xc4,
  0x10,0x0b,0x22,0xf1,0x00,0x00,0x4b,0xa9,0x20,0xf5,0x81,0x81,0x80,0x00,0x1b,0x81,0x0a,0x22,0xb0,0xaa,
  0xd4,0x33,0x0a,0xb8,0xd0,0x85,0x11,0xdb,0xa6,0xa1,0x05,0x8d,0x13,0x1c,0xc2,0x29,0x18,0x69,0x9a,0xc3,
  0x81,0x82,0x5d,0x99,0x91,0xb4,0x18,0x19,0xa0,0xb5,0x80,0x13,0xbb,0xa5,0xd3,0x02,0x8a,0x78,0x09,0x2b,
  0x09,0xc3,0x10,0x11,0x1f,0x28,0xc9,0x84,0xc1,0x01,0x09,0x03,0x8b,0x92,0x8e,0x87,0x89,0x81,0x4a,0x80,
  0x8a,0xe2,0x21,0x80,0xc2,0x8a,0x15,0x4d,0x0a,0xa0,0x81,0x92,0x5a,0x19,0xba,0xb7,0x11,0x29,0x3c,0x09,
  0xf3,0x10,0xa1,0x38,0x9c,0x92,0xa3,0xa6,0x88,0x59,0x0a,0xb1,0x31,0x1b,0x3a,0xfa,0x03,0x09,0x59,0xaa,
  0x11,0x92,0xb7,0x1c,0x31,0x3e,0x89,0xb0,0x82,0x83,0x4d,0x19,0xc9,0xb6,0x11,0x29,0x3c,0xd8,0xa3,0x84,
  0x1a,0x2b,0x19,0xc4,0xa2,0x18,0x4a,0x19,0xf2,0x01,0x19,0x69,0xab,0x22,0xb8,0x85,0x1e,0x00,0x00,0xb2,
  0x3a,0x80,0x39,0x8e,0x01,0x30,0x9b,0x38,0xf1,0x05,0x2d,0x3a,0xb9,0xa5,0x10,0x5b,0x8a,0x81,0xe5,0x11,
  0x19,0x2a,0x99,0x91,0x81,0x82,0x88,0x18,0xab,0x20,0x7b,0x3b,0x7d,0xc0,0x81,0x18,0x49,0x0b,0xd4,0x81,
  0x12,0x1c,0xc9,0x30,0x82,0xa8,0x0a,0x23,0xb5,0xd2,0x2a,0x3b,0x11,0xf1,0x30,0x1c,0x59,0xca,0x94,0xb3,
  0x31,0x2d,0x0a,0xb0,0x95,0x08,0x08,0x8b,0x41,0x19,0xb3,0x18,0xb0,0xca,0xc7,0x13,0x2b,0x5b,0xaa,0xa1,
  0x85,0x51,0x1c,0x99,0xd2,0x83,0x18,0x2f,0x90,0x91,0xa4,0x4b,0x38,0x2c,0xe2,0xa2,0x90,0x69,0x2b,0x98,
  0xc3,0xa3,0x31,0x2d,0x8a,0xb1,0x94,0x92,0x5a,0x0a,0x39,0xf2,0x92,0xa1,0x5a,0x2b,0x98,0xc5,0x81,0x38,
  0x29,0xa9,0xb7,0x90,0x20,0x1e,0x00,0x90,0xa5,0x00,0x19,0x3c,0xa8,0x82,0xc2,0x10,0x1c,0x18,0x12,0xa2,
  0xe0,0x38,0x4b,0x38,0xf2,0x90,0x8a,0x2b,0x9a,0x93,0x13,0x33,0x2e,0x42,0x91,0x05,0x99,0x3a,0xea,0x80,
  0xa0,0x11,0xa9,0x78,0xa6,0x89,0xca,0x09,0x01,0x40,0x82,0x10,0x90,0x29,0x81,0x21,0xa3,0x0b,0xeb,0x8b,
  0x90,0x19,0x77,0x90,0xbb,0xae,0x01,0x21,0x43,0x08,0x80,0xa9,0x32,0x28,0x13,0xf8,0xa8,0x9b,0x29,0x98,
  0x72,0x87,0x8b,0xcc,0x2a,0x82,0x43,0x83,0x19,0xa9,0x1a,0x86,0x20,0x90,0x9c,0xb9,0x89,0x03,0x48,0x77,
  0x9a,0xa9,0x9d,0x21,0x20,0x24,0xa8,0x91,0x8b,0x41,0x80,0x84,0xc9,0x89,0x9c,0x12,0x81,0x72,0xa7,0x9a,
  0xd9,0x29,0x02,0x41,0x81,0x8a,0xa0,0x39,0x23,0x29,0xc8,0xad,0xa1,0x10,0x33,0x0c,0x77,0xaa,0x99,0xcb,
  0x33,0x10,0x43,0xc9,0x81,0x89,0x70,0x88,0x80,0xc8,0x18,0x19,0x28,0xb1,0x78,0xb7,0x0a,0xb9,0x2a,0x05,
  0x20,0x82,0x0d,0x80,0x08,0x04,0x89,0x90,0x9c,0x11,0x08,0x22,0xdb,0x67,0xab,0x08,0xbb,0x43,0x01,0x40,
  0xb9,0x19,0xa2,0x70,0x90,0x0a,0xb0,0x09,0x04,0x2a,0x80,0x7d,0xb5,0x9a,0x88,0x2d,0x13,0x90,0x94,0x9b,
  0x41,0x89,0x04,0xc8,0x18,0x8b,0x30,0xc3,0x00,0xa9,0x77,0xba,0x88,0xc8,0x41,0x01,0x29,0xd1,0x88,0x03,
  0x29,0x92,0xac,0x01,0x0a,0x43,0xb9,0x29,0x7c,0xa7,0xaa,0x00,0x2c,0x32,0xb0,0x82,0xab,0x78,0x80,0x82,
  0xb0,0x2d,0x08,0x80,0x95,0x99,0x19,0x66,0xba,0x8a,0xb1,0x50,0x03,0x0b,0xb1,0x8a,0x35,0x09,0x00,0xfb,
  0x10,0x01,0x4a,0x98,0xaa,0x73,0xa5,0xac,0x10,0x8a,0x53,0x90,0x1a,0x98,0x29,0x06,0x89,0x08,0x9b,0x40,
  0x80,0x08,0xb0,0x3c,0x77,0xac,0x18,0xa0,0x30,0x84,0x8b,0x10,0x9a,0x53,0xa0,0x19,0xa8,0x1a,0x05,0x99,
  0x10,0xca,0x77,0xb9,0x0b,0x93,0x09,0x34,0xc9,0x29,0x91,0x39,0x23,0xad,0x81,0xb0,0x50,0x00,0x9b,0xb4,
  0x71,0xb4,0x9f,0x20,0x98,0x31,0x91,0x8c,0x11,0x90,0x32,0xa0,0x0d,0x91,0x88,0x33,0xab,0x2b,0x7a,0x17,
  0xdd,0x28,0x00,0x2a,0x84,0xb9,0x28,0x01,0x39,0x83,0xdb,0x10,0x08,0x49,0xa1,0xd9,0x01,0x67,0xbb,0x2c,
  0x81,0x98,0x24,0xb8,0x2b,0x03,0xa0,0x24,0xa9,0x1c,0x10,0x88,0x02,0xc8,0x0b,0x77,0xd0,0x9b,0x13,0xa8,
  0x61,0x80,0xab,0x22,0x91,0x48,0x00,0x9d,0x00,0xa3,0x10,0x08,0x9c,0x76,0xb8,0x9d,0x22,0xa0,0x38,0x82,
  0x9d,0x30,0x92,0x08,0x02,0xcb,0x10,0x02,0x09,0x80,0xcb,0x77,0xb0,0x8f,0x11,0xa1,0x18,0x02,0xab,0x38,
  0x84,0x90,0x82,0x9a,0x3a,0x10,0xa1,0xc3,0xca,0x77,0xb0,0x9e,0x21,0x91,0x19,0x12,0xbb,0x29,0x05,0x80,
  0x00,0x98,0x0a,0x20,0x10,0xb0,0xda,0x77,0xd8,0x0c,0x21,0xa1,0x08,0x83,0xba,0x38,0x24,0x88,0x89,0x19,
  0x0a,0x08,0x85,0xd2,0x3a,0x47,0xdc,0x1b,0x23,0xa8,0x28,0x82,0xbb,0x48,0x24,0x98,0x99,0x80,0x90,0x28,
  0x52,0xb9,0x7c,0x86,0xdc,0x29,0x12,0x99,0x10,0x81,0xab,0x50,0x12,0xa0,0x99,0x01,0x98,0x10,0x85,0xd8,
  0x71,0xa2,0xcf,0x10,0x83,0x98,0x20,0x90,0x8b,0x50,0x12,0xa8,0x89,0x10,0x89,0x28,0x85,0x09,0x37,0xed,
  0x0c,0x22,0x80,0x09,0x01,0xa9,0x1a,0x35,0x92,0xaa,0x19,0x81,0x88,0x33,0xc2,0x71,0xb4,0xff,0x00,0x02,
  0x88,0x00,0x90,0x99,0x30,0x24,0xa0,0xb9,0x81,0x01,0x49,0x21,0x1a,0x37,0xfd,0x0c,0x21,0x91,0x88,0x01,
  0x99,0x1a,0x43,0x04,0xa9,0x0a,0x18,0x08,0x03,0x94,0x57,0xda,0x9e,0x20,0x82,0x08,0x18,0x99,0x8a,0x43,
  0x04,0x98,0x0a,0x88,0x00,0x22,0x83,0x75,0xc1,0xcf,0x00,0x02,0x80,0x00,0x88,0x9a,0x38,0x25,0x81,0xa9,
  0x88,0x00,0x38,0x22,0x77,0xb0,0xbf,0x18,0x11,0x00,0x00,0x98,0xaa,0x48,0x53,0x00,0x99,0x98,0x80,0x20,
  0x22,0x77,0xa8,0xbe,0x08,0x02,0x10,0x10,0x99,0xaa,0x20,0x25,0x02,0x90,0x99,0x89,0x30,0x33,0x77,0xb2,
  0xcf,0x88,0x01,0x10,0x01,0x98,0x8b,0x20,0x32,0x23,0x92,0xb9,0x89,0x48,0x22,0x77,0xc3,0xcd,0x89,0x81,
  0x11,0x03,0xaa,0x0a,0x21,0x21,0x25,0x91,0x9a,0x10,0x18,0x30,0x77,0xd3,0xad,0x08,0x98,0x21,0x22,0xa9,
  0x88,0xa8,0x10,0x25,0x81,0x10,0x80,0x09,0x71,0x57,0xb9,0x9a,0xba,0x8a,0x42,0x80,0x08,0x91,0x09,0x53,
  0x01,0x28,0x12,0x9a,0x31,0x71,0x67,0xaa,0xaa,0xca,0x0a,0x01,0x88,0x31,0x01,0x21,0x16,0x01,0x40,0x00,
  0x89,0xb3,0x77,0x92,0xbb,0xba,0xbd,0x89,0x90,0x08,0x33,0x11,0x54,0x23,0x20,0x13,0xa1,0x00,0xa8,0x77,
  0xa2,0xac,0xca,0xac,0x89,0x98,0x28,0x22,0x31,0x45,0x22,0x31,0x13,0x88,0x00,0x2c,0x47,0xc9,0x9c,0xcb,
  0x9c,0x80,0x98,0x21,0x12,0x42,0x25,0x11,0x32,0x81,0x08,0xb0,0x70,0x93,0xbe,0xca,0xdb,0x89,0x88,0x19,
  0x31,0x21,0x45,0x03,0x23,0x14,0x19,0x08,0x9a,0x17,0xc9,0xac,0xdb,0xab,0x88,0x89,0x22,0x13,0x62,0x24,
  0x31,0x23,0x82,0x01,0xc0,0x78,0x80,0xbc,0xcb,0xcd,0x89,0x88,0x18,0x11,0x21,0x25,0x23,0x53,0x12,0x00,
  0x81,0x9a,0x15,0xca,0xac,0xce,0x9b,0x99,0x88,0x21,0x20,0x62,0x22,0x33,0x25,0x11,0x11,0x99,0x60,0xa0,
  0xba,0xfc,0xbb,0x9b,0x9b,0x10,0x00,0x42,0x24,0x43,0x34,0x13,0x14,0x81,0x28,0x04,0xba,0xfb,0xbd,0xbb,
  0xcb,0x89,0x00,0x20,0x33,0x44,0x34,0x32,0x43,0x01,0x11,0x41,0x81,0xd9,0xdc,0xbc,0xbb,0xab,0x89,0x00,
  0x32,0x44,0x43,0x33,0x33,0x14,0x12,0x30,0x26,0x00,0xc9,0xce,0xbb,0xbc,0x9a,0x99,0x00,0x23,0x44,0x43,
  0x33,0x33,0x12,0x11,0x38,0x25,0x80,0xea,0xbe,0xbc,0xac,0xaa,0x89,0x10,0x32,0x54,0x33,0x33,0x24,0x11,
  0x81,0x21,0x12,0xa8,0xfc,0xbd,0xcb,0xbb,0xab,0x89,0x20,0x52,0x34,0x34,0x42,0x12,0x11,0x80,0x72,0x00,
  0x88,0xcb,0xbc,0xcc,0xab,0xab,0x8a,0x00,0x32,0x36,0x34,0x34,0x32,0x22,0x30,0x13,0x01,0xc9,0xbf,0xcc,
  0xcb,0xab,0xaa,0x89,0x10,0x43,0x34,0x44,0x22,0x23,0x11,0x51,0x81,0x90,0xdb,0xbc,0xcc,0xaa,0x9a,0x08,
  0x10,0x13,0x15,0x23,0x42,0x30,0x20,0x80,0x67,0x09,0x99,0x9b,0xc9,0x99,0xa8,0x90,0x00,0x20,0x81,0xb0,
  0x87,0x71,0x7b,0x3a,0x7a,0xd5,0x91,0x98,0x18,0x09,0x00,0x89,0xa2,0x01,0x10,0x49,0x19,0x39,0xf8,0x11,
  0x71,0xf4,0xa0,0xb3,0x41,0x3d,0x8a,0x89,0xb2,0x42,0x39,0x2e,0xd8,0x94,0x00,0x48,0x1d,0x80,0xa1,0xb3,
  0x49,0x9a,0x18,0xb2,0x94,0x80,0xa0,0x30,0x99,0xa0,0x80,0x7a,0xa1,0x70,0x9b,0x81,0x10,0x94,0x5b,0xaa,
  0xc0,0xc1,0x11,0x00,0x14,0x20,0x09,0x88,0xf2,0x38,0x0f,0x08,0xd8,0xa3,0x81,0x42,0x7b,0x88,0x80,0xd2,
  0x28,0x8c,0x00,0x90,0x13,0x3b,0x08,0x88,0x90,0x1b,0x08,0xa7,0x48,0xa1,0x60,0xab,0xc0,0xba,0x82,0x7c,
  0x80,0x12,0xc3,0x32,0x0b,0x39,0xcd,0x83,0x1b,0x22,0x0f,0xb3,0x1a,0xb1,0x4d,0xb0,0x33,0x90,0x61,0x9b,
  0xa3,0xaa,0x94,0x7a,0x08,0x91,0xd1,0x80,0x0c,0x08,0x08,0x04,0x31,0x11,0x29,0xe9,0xa0,0x99,0x19,0x2b,
  0x07,0x18,0xb2,0x0a,0xbc,0x0a,0xa8,0x36,0x30,0x24,0x19,0xc1,0x9a,0xca,0x2a,0x89,0x14,0x16,0x28,0xab,
  0xeb,0xb8,0x18,0x48,0x32,0x03,0x94,0x99,0x9b,0x0b,0x82,0x25,0x21,0x88,0x93,0xbf,0xf8,0x89,0x90,0x40,
  0x18,0x02,0x90,0x02,0x4c,0x18,0x81,0xa5,0x20,0x1e,0x8a,0x40,0xb9,0xb4,0x9c,0x89,0x2c,0x92,0x25,0x00,
  0x10,0xa9,0xa5,0x21,0x40,0x3c,0xd8,0xa1,0x7a,0xd2,0x01,0x9c,0x09,0x9a,0x86,0x11,0x01,0x2a,0xd1,0x31,
  0x4b,0x39,0xe8,0xb3,0x3a,0x3d,0xa7,0x49,0x8d,0x2b,0xa8,0x15,0x08,0x01,0x8a,0xa2,0x38,0x11,0x3c,0xf1,
  0x00,0xb8,0xa3,0x77,0x1c,0xb8,0x99,0x81,0x79,0x80,0x11,0x99,0x00,0x0a,0x84,0x00,0x91,0x1d,0x8a,0x09,
  0x73,0xe2,0xa2,0x8c,0x29,0x2a,0x86,0x10,0x90,0x1a,0x98,0x11,0xa4,0x12,0x8d,0x1a,0x8c,0x93,0x17,0x3b,
  0xbc,0x8b,0xb2,0x35,0x20,0x38,0xda,0xa2,0x00,0x71,0x1a,0xb1,0xc0,0x80,0x4b,0x78,0xc1,0xa2,0xab,0x39,
  0x3b,0x86,0x01,0x81,0x1c,0x88,0x01,0x95,0x10,0x8a,0x0c,0xb8,0x83,0x47,0x2d,0xba,0x9a,0xa2,0x71,0x10,
  0x29,0xb8,0x91,0x81,0x61,0x09,0x00,0xba,0x80,0x8a,0x71,0xa7,0x08,0xbb,0x2b,0x99,0x16,0x82,0x30,0x0d,
  0x88,0x90,0x06,0x18,0x88,0x8b,0xb0,0x00,0x61,0xa6,0x09,0xcb,0x1c,0x90,0x42,0x01,0x20,0xba,0x01,0x80,
  0x26,0x08,0x08,0x9d,0xa0,0x90,0x72,0xa5,0x09,0xdb,0x0b,0xa0,0x53,0x01,0x30,0xab,0x91,0xb3,0x27,0x18,
  0x08,0xbb,0xb0,0x98,0x22,0x77,0x0a,0xaa,0x9f,0x91,0x20,0x22,0x29,0xb1,0x98,0x93,0x70,0x11,0x10,0xc9,
  0x89,0xba,0x20,0x78,0xa7,0x90,0xe9,0x09,0x09,0x31,0x82,0x12,0xa9,0x29,0x88,0x35,0x82,0x01,0xac,0x9a,
  0xaa,0x20,0x77,0x09,0xa8,0xaf,0x98,0x18,0x04,0x20,0x81,0x8a,0x93,0x28,0x25,0x39,0x00,0x9d,0xc1,0x98,
  0x60,0x13,0x88,0xf8,0xac,0xa8,0x2a,0x02,0x21,0x83,0x19,0x03,0x68,0x23,0x39,0x82,0xbb,0xa2,0xd9,0x73,
  0x86,0x10,0xfb,0x9a,0xaa,0x1a,0x80,0x10,0x93,0x50,0x13,0x52,0x13,0x20,0x82,0x0a,0xa0,0xbc,0x71,0x84,
  0x81,0xfb,0x9d,0xaa,0x09,0x80,0x18,0x01,0x30,0x35,0x42,0x24,0x11,0x02,0x88,0x08,0xbb,0x0c,0x17,0x88,
  0xda,0xbe,0xaa,0xaa,0x00,0x08,0x21,0x32,0x45,0x24,0x33,0x23,0x12,0x92,0x88,0xba,0xbf,0x38,0x90,0xc0,
  0xdf,0xbb,0xba,0x89,0x81,0x20,0x42,0x53,0x34,0x33,0x24,0x21,0x01,0x88,0xa9,0xcc,0xbb,0x72,0x88,0xc8,
  0xcd,0xab,0xaa,0x18,0x08,0x30,0x33,0x46,0x33,0x43,0x12,0x11,0x00,0x98,0xba,0xcd,0x8b,0x26,0x10,0xd9,
  0xcd,0xab,0x9a,0x08,0x88,0x12,0x42,0x54,0x32,0x32,0x13,0x21,0x81,0xa8,0xd9,0xac,0x8c,0x34,0x00,0xf9,
  0xbd,0xab,0x9a,0x08,0x00,0x22,0x53,0x34,0x25,0x22,0x12,0x11,0x90,0xa8,0xcb,0xbc,0xdb,0x52,0x11,0x90,
  0xce,0xcb,0xaa,0x09,0x08,0x20,0x32,0x45,0x43,0x32,0x22,0x11,0x00,0x99,0xca,0xbc,0xcb,0x59,0x13,0x82,
  0xfb,0xae,0xaa,0x8a,0x88,0x28,0x31,0x53,0x25,0x23,0x33,0x11,0x01,0x98,0xba,0xbd,0xac,0x9c,0x35,0x21,
  0xb0,0xde,0xab,0xbb,0x8a,0x89,0x22,0x53,0x54,0x32,0x23,0x23,0x11,0x80,0xaa,0xeb,0xab,0xcb,0x59,0x13,
  0x02,0xea,0xad,0xbb,0xab,0xa9,0x19,0x42,0x44,0x25,0x33,0x32,0x12,0x01,0xa9,0xba,0xbe,0xba,0xbb,0x74,
  0x21,0x81,0xda,0xac,0xcb,0xaa,0xa9,0x08,0x42,0x53,0x34,0x33,0x33,0x21,0x00,0xb9,0xcb,0xbd,0xaa,0x8b,
  0x37,0x21,0x91,0xec,0xba,0xbc,0xaa,0xa9,0x20,0x33,0x46,0x43,0x32,0x23,0x11,0x80,0xba,0xda,0xdb,0x9a,
  0x0b,0x27,0x11,0x01,0xda,0xbb,0xcc,0xab,0x9a,0x18,0x33,0x64,0x33,0x43,0x22,0x02,0x00,0xaa,0xab,0xbd,
  0xbb,0x0c,0x37,0x00,0x80,0xea,0xbb,0xbc,0x9c,0x89,0x18,0x53,0x43,0x43,0x23,0x32,0x01,0x90,0xaa,0xeb,
  0xba,0xbb,0xab,0x66,0x01,0x00,0xb0,0xbd,0xca,0xac,0x8a,0x88,0x31,0x44,0x34,0x43,0x22,0x12,0x00,0xa9,
  0xbb,0xbd,0xbb,0xcb,0x70,0x13,0x10,0x81,0xcd,0xba,0xbc,0xac,0x88,0x08,0x53,0x33,0x36,0x22,0x11,0x12,
  0x90,0xaa,0xdb,0xbb,0xba,0x7a,0x13,0x11,0x12,0xfa,0xba,0xcc,0xbb,0x9a,0x89,0x21,0x35,0x44,0x43,0x22,
  0x22,0x01,0xa8,0xb9,0xbc,0xbc,0x5a,0x82,0x01,0x11,0xeb,0xca,0xcb,0xbb,0xaa,0x0a,0x30,0x44,0x34,0x25,
  0x33,0x22,0x12,0x00,0xa9,0xca,0xcb,0x79,0x91,0x00,0xa8,0xae,0xcb,0xbb,0x9c,0x8a,0x08,0x22,0x44,0x34,
  0x43,0x22,0x12,0x82,0x91,0x90,0x8b,0xcc,0x77,0x09,0x88,0xd9,0x99,0xaa,0x8a,0x98,0x18,0x21,0x31,0x24,
  0x13,0x24,0x10,0xa3,0x85,0x18,0x80,0x20,0x7f,0xa7,0x81,0xa8,0x0c,0x99,0x99,0x81,0x08,0x01,0x10,0x80,
  0x93,0x93,0x02,0x83,0x32,0x7c,0x6b,0x09,0x78,0x97,0x2a,0x99,0xab,0x93,0x09,0x08,0x18,0x4a,0x3a,0x0b,
  0x92,0x81,0x30,0x39,0x7c,0x5b,0x1a,0x00,0x7b,0x97,0x89,0x08,0x0e,0x81,0x80,0x09,0x00,0x89,0x94,0x08,
  0x09,0x91,0x02,0x30,0x39,0x90,0x96,0x21,0x7f,0x97,0xb8,0x09,0x0c,0x80,0x81,0x18,0x89,0x93,0x63,0x3b,
  0x99,0xa3,0x20,0x19,0x81,0x81,0xd1,0xd4,0x77,0xa1,0xbb,0xa8,0x8a,0x08,0x11,0x03,0x21,0x21,0x11,0x31,
  0x42,0x02,0xa2,0x08,0x9d,0xca,0xc8,0x71,0x77,0xd9,0x8b,0x08,0x88,0x20,0x33,0x81,0x08,0x20,0x00,0x30,
  0x31,0xda,0xba,0x8b,0xaa,0xa8,0x75,0x47,0xfb,0x8a,0x00,0x01,0x21,0x12,0xa8,0x89,0x10,0x81,0x11,0x92,
  0xeb,0x9a,0x80,0x80,0x11,0x72,0x47,0xec,0x0a,0x01,0x01,0x31,0x91,0xb9,0x1a,0x12,0x01,0x21,0xb9,0xce,
  0x08,0x11,0x01,0x81,0x75,0xb4,0xce,0x29,0x11,0x01,0x21,0xa8,0xac,0x21,0x22,0x88,0x90,0xdb,0x8a,0x33,
  0x02,0x89,0xa8,0x77,0xc1,0xaf,0x11,0x11,0x00,0x02,0xaa,0x8b,0x15,0x81,0x08,0xb8,0xab,0x58,0x02,0x90,
  0x18,0x7a,0x87,0xeb,0x1b,0x13,0x01,0x20,0xb8,0xbb,0x62,0x01,0x98,0x80,0x9c,0x18,0x05,0x88,0x09,0xa8,
  0x67,0xb8,0xae,0x21,0x12,0x08,0x91,0xba,0x39,0x15,0x88,0x0a,0xb9,0x2a,0x44,0xa0,0x9a,0x08,0x79,0x17,
  0xdc,0x1a,0x22,0x81,0x10,0xba,0x8a,0x35,0x80,0xa9,0xa0,0x0b,0x63,0x92,0x8c,0x09,0x30,0x67,0xda,0x8b,
  0x22,0x02,0x10,0xc9,0x8a,0x52,0x81,0x99,0x98,0x8a,0x43,0x82,0xac,0x08,0x00,0x77,0xc8,0xab,0x32,0x21,
  0x08,0xc0,0x8c,0x42,0x92,0x99,0x98,0x0a,0x53,0x91,0x9c,0x18,0x00,0x71,0xa7,0xbc,0x38,0x12,0x80,0x00,
  0xac,0x30,0x06,0x9a,0x88,0x98,0x40,0x02,0xdb,0x00,0x10,0x28,0x57,0xcc,0x0a,0x23,0x00,0x08,0xd9,0x29,
  0x33,0xb8,0x98,0x99,0x48,0x05,0xaa,0x1a,0x08,0x22,0x52,0x97,0xbf,0x29,0x04,0x00,0x88,0xba,0x51,0x02,
  0xa9,0xa8,0x09,0x53,0xa1,0x9b,0x19,0x10,0x15,0x78,0xe3,0xad,0x30,0x02,0x00,0xb0,0x8c,0x43,0x81,0x99,
  0xba,0x28,0x35,0xa9,0xa9,0x89,0x61,0x82,0x79,0xd4,0xac,0x30,0x01,0x12,0xc8,0x8b,0x24,0x80,0x80,0xcb,
  0x20,0x13,0x89,0xb9,0x9b,0x45,0x80,0x78,0xc6,0x9c,0x20,0x00,0x13,0xc8,0x1b,0x02,0x11,0x01,0xaf,0x10,
  0x11,0x20,0xd9,0x89,0x21,0x28,0x41,0x97,0xaf,0x08,0x01,0x43,0x99,0x8b,0x81,0x31,0x02,0xdc,0x00,0x18,
  0x21,0xc0,0x89,0x08,0x20,0x96,0x72,0xf8,0x8a,0x01,0x48,0x82,0xb9,0x18,0x19,0x14,0xc1,0x0a,0x8a,0x31,
  0x85,0x8a,0xb9,0x08,0x35,0x1a,0x47,0xbe,0x88,0x80,0x63,0x90,0x89,0x98,0x38,0x03,0x9a,0xa8,0x8c,0x25,
  0x88,0x81,0xdb,0x11,0x10,0x78,0xa6,0x9c,0x98,0x28,0x15,0x88,0x98,0x9a,0x42,0x80,0x81,0xdb,0x10,0x00,
  0x32,0xc9,0x89,0x99,0x72,0x48,0x97,0x9c,0x99,0x19,0x16,0x18,0x98,0x9b,0x12,0x20,0x82,0xcb,0x90,0x3b,
  0x15,0x90,0xa1,0x0e,0x00,0x01,0x67,0x8c,0xa9,0x0a,0x43,0x28,0x92,0xbb,0x00,0x4b,0x85,0x90,0xa8,0x0c,
  0x02,0x22,0x81,0x8c,0xc9,0x10,0x73,0xb6,0xa8,0xbc,0x38,0x03,0x17,0x98,0x89,0xaa,0x33,0x28,0x91,0xcb,
  0x88,0x4b,0x13,0x10,0xb0,0x8e,0x90,0x77,0xa8,0xb0,0xac,0x30,0x38,0x07,0x08,0x99,0x0b,0x92,0x41,0x00,
  0x9a,0xd8,0x29,0x08,0x23,0xb2,0x18,0xae,0x67,0xa9,0xa1,0x8e,0x80,0x10,0x06,0x18,0xa0,0x8a,0x80,0x49,
  0x91,0x00,0xc8,0x19,0x99,0x23,0x01,0x30,0xcc,0x72,0xd4,0x01,0x9e,0x08,0x88,0x24,0x18,0x93,0xab,0x80,
  0x1c,0x04,0x10,0x91,0x9c,0xa8,0x2b,0x83,0x41,0x81,0x9a,0x77,0x9a,0xb2,0x9e,0x08,0x09,0x17,0x18,0x81,
  0xa8,0x08,0x8b,0x12,0x10,0x11,0xca,0xa0,0x8c,0x18,0x81,0x24,0x89,0x77,0xb8,0x81,0xae,0x09,0x98,0x52,
  0x11,0x21,0x91,0x0a,0xb8,0x19,0x18,0x08,0x93,0x8c,0xbb,0xda,0x10,0x2b,0x13,0x75,0x07,0x09,0xca,0xac,
  0x98,0x18,0x33,0x24,0x32,0x91,0x88,0x99,0x8a,0x82,0x00,0x10,0xea,0xb8,0x9c,0x9b,0x90,0x59,0x77,0x93,
  0x90,0xea,0x9c,0x99,0x09,0x31,0x32,0x34,0x13,0x10,0x80,0xa8,0x08,0x99,0x80,0x81,0xab,0xd9,0xda,0xab,
  0x3a,0x77,0x00,0x88,0xd9,0xab,0xab,0xba,0x10,0x42,0x43,0x25,0x22,0x21,0x81,0x88,0x98,0x99,0x8b,0x88,
  0x88,0x00,0x81,0x78,0x77,0x02,0x88,0xd9,0xbc,0xac,0xbb,0x9a,0x10,0x41,0x34,0x25,0x33,0x22,0x02,0x90,
  0xa9,0xcb,0xbb,0xbb,0x9b,0x09,0x68,0x57,0x12,0x11,0xa0,0xeb,0xbc,0xcb,0xab,0x9a,0x00,0x42,0x44,0x33,
  0x34,0x22,0x12,0x80,0xa9,0xbc,0xdb,0xba,0xaa,0x89,0x54,0x43,0x23,0x02,0xb9,0xce,0xbc,0xac,0xab,0x8a,
  0x18,0x43,0x44,0x34,0x33,0x23,0x12,0x00,0xaa,0xcc,0xcb,0xab,0xab,0x2a,0x34,0x35,0x33,0x81,0xb9,0xce,
  0xcc,0xba,0x9c,0x9a,0x08,0x21,0x44,0x34,0x43,0x23,0x23,0x11,0x88,0xba,0xeb,0xba,0xac,0x00,0x10,0x22,
  0x12,0x80,0xba,0xbf,0xcc,0xbb,0xbb,0xaa,0x09,0x31,0x36,0x44,0x33,0x34,0x22,0x12,0x81,0xa8,0xbb,0xcc,
  0x4a,0x09,0x01,0x81,0xa8,0xda,0xdb,0xcb,0xba,0x9c,0x8a,0x08,0x12,0x34,0x44,0x33,0x23,0x14,0x20,0x08,
  0xa9,0xc9,0xaa,0x1b,0x67,0x38,0x10,0xa8,0xbb,0xbe,0xdb,0xba,0xaa,0x89,0x18,0x42,0x53,0x43,0x32,0x23,
  0x04,0x12,0x80,0x98,0xa9,0x9d,0xbb,0x7d,0xa3,0x20,0x99,0xda,0xb9,0xca,0x9c,0x99,0x89,0x11,0x79,0x11,
  0x84,0x14,0x30,0x10,0xa3,0x83,0x29,0x9b,0x1b,0x8f,0xd9,0x75,0xb9,0x81,0x99,0xab,0xa8,0xd1,0x72,0xd0,
  0xbd,0x17,0x29,0x3a,0x84,0x0b,0x4f,0x89,0xc3,0x10,0x08,0x1f,0x81,0xb1,0x11,0xa0,0x81,0x31,0x3f,0xd5,
  0x80,0x6a,0xb1,0x91,0xa2,0x2e,0xa0,0x80,0x90,0x10,0x3a,0x87,0x8c,0x25,0xb8,0x38,0xa1,0x2d,0xc4,0x88,
  0x0a,0x32,0xf8,0x38,0xa2,0x1c,0x90,0x48,0xe0,0x18,0x03,0x98,0x02,0x2a,0x80,0x8d,0x53,0xe0,0x08,0x83,
  0xbb,0x88,0x13,0x8a,0x20,0xb2,0x09,0x54,0xda,0x03,0x80,0x24,0x9f,0x33,0x9a,0xa8,0x8a,0x0a,0x9a,0x21,
  0x05,0x20,0x30,0x77,0xc1,0x9a,0x91,0xa9,0x0a,0x22,0x82,0x19,0x34,0x81,0x09,0x22,0xa0,0xab,0x19,0x81,
  0xcd,0x19,0x78,0x77,0xb0,0x9d,0x88,0x98,0x89,0x32,0x24,0x00,0x32,0x12,0xb9,0x99,0x81,0xeb,0x8b,0x18,
  0xb9,0x9b,0x72,0x77,0xc8,0x8a,0x80,0xa9,0x18,0x53,0x02,0x18,0x23,0xa1,0xba,0x09,0xa8,0xbe,0x18,0xa2,
  0xbb,0x30,0x77,0x06,0xcb,0x09,0x90,0x8b,0x31,0x24,0x81,0x30,0x04,0xbb,0x89,0xa0,0xbb,0x8a,0x01,0xaa,
  0x73,0x12,0x75,0x95,0xbd,0x00,0xb8,0x09,0x43,0x12,0x00,0x42,0xa0,0xac,0x10,0xba,0x0a,0x11,0x81,0x99,
  0x33,0x79,0x67,0xe9,0x1a,0x91,0x8b,0x32,0x12,0x10,0x21,0xa2,0xae,0x10,0xc9,0x19,0x02,0x89,0x09,0x11,
  0xb8,0x77,0xa6,0x9c,0x01,0xca,0x30,0x12,0x18,0x21,0x91,0xac,0x20,0xd9,0x19,0x83,0x99,0x10,0x80,0x9b,
  0x72,0x47,0xcc,0x28,0xc8,0x19,0x23,0x08,0x31,0x91,0xab,0x28,0xd9,0x2a,0x03,0x9b,0x21,0xb8,0x9b,0x33,
  0x77,0xb7,0x8c,0x92,0x8d,0x22,0x81,0x21,0x01,0xaa,0x1a,0xc1,0x1b,0x05,0x9a,0x12,0xb9,0x09,0x10,0x78,
  0x47,0xbd,0x11,0xcb,0x40,0x81,0x20,0x01,0xa8,0x1a,0xa0,0x1c,0x14,0x9b,0x12,0xc9,0x08,0x00,0x08,0x77,
  0xe1,0x19,0xd0,0x29,0x82,0x28,0x12,0x99,0x09,0x98,0x0b,0x05,0x8a,0x13,0xcb,0x10,0xa8,0x10,0x77,0xc1,
  0x2b,0xe0,0x2a,0x82,0x39,0x04,0x89,0x80,0xa9,0x19,0x82,0x2a,0x94,0x8c,0x92,0x8b,0x32,0x79,0x07,0x0e,
  0xc1,0x0b,0x83,0x38,0x05,0x88,0x80,0x9a,0x09,0x91,0x20,0x92,0x0a,0xb0,0x1c,0x81,0x70,0x57,0xac,0x92,
  0x9f,0x02,0x08,0x14,0x08,0x80,0xa9,0x88,0x90,0x20,0xa2,0x10,0xc8,0x09,0x88,0x18,0x77,0xe0,0x01,0xad,
  0x12,0x09,0x24,0x88,0x11,0xbb,0x19,0xb9,0x51,0x90,0x21,0xc8,0x08,0xa9,0x20,0x77,0xc8,0x01,0x9f,0x92,
  0x39,0x03,0x28,0x92,0x9b,0xa1,0x0d,0x82,0x29,0x93,0x0a,0xa1,0x0c,0x02,0x77,0x8b,0xd3,0x0e,0xa1,0x20,
  0x03,0x21,0xa2,0x0b,0xd9,0x19,0x98,0x31,0x91,0x20,0xca,0x28,0x1c,0x77,0x0c,0xc2,0x1b,0xa0,0x40,0x81,
  0x32,0xb0,0x10,0xbc,0x10,0x9a,0x23,0x89,0x84,0x8b,0x91,0x2c,0x67,0x1d,0xe2,0x19,0xa8,0x21,0x00,0x33,
  0xa9,0x02,0x9e,0x91,0x2a,0x92,0x28,0xb2,0x4a,0xc9,0x30,0x07,0x4c,0xf0,0x29,0x9b,0x13,0x29,0x04,0x18,
  0xb1,0x8a,0xd0,0x38,0x99,0x23,0x8a,0x82,0x0d,0x00,0x27,0x4d,0xf8,0x00,0x8b,0x82,0x21,0x12,0x10,0xb1,
  0x3b,0xbc,0x01,0x1b,0x02,0x0a,0xa4,0x3d,0x58,0xb7,0x30,0x9f,0xb1,0x3a,0x90,0x43,0x10,0x21,0xb8,0x80,
  0x8e,0xb1,0x28,0x98,0x02,0x80,0x80,0x73,0xd3,0xa6,0x1e,0xc9,0x01,0x18,0x12,0x02,0x03,0x0a,0xe1,0x08,
  0xaa,0x01,0x09,0x82,0x19,0xe3,0x47,0x2d,0xe1,0x18,0x8b,0x91,0x20,0x21,0x30,0x92,0x10,0xcb,0x90,0x9c,
  0x92,0x5a,0xa0,0x13,0x4b,0x97,0x6a,0xcb,0xa2,0x2b,0xa8,0x23,0x31,0x42,0x91,0x83,0x0d,0xd8,0x08,0x8a,
  0x18,0x09,0x93,0x79,0xb6,0x04,0x0f,0xb0,0x18,0x0a,0x02,0x22,0x22,0x20,0xc1,0x80,0x8d,0xb8,0x1a,0x89,
  0x22,0x39,0x67,0x1a,0xd4,0x2a,0xac,0xa2,0x3a,0x81,0x24,0x30,0x11,0x80,0xb8,0xab,0xeb,0x88,0x09,0x01,
  0x31,0x47,0x7b,0xd8,0x81,0x1d,0xb8,0x02,0x18,0x12,0x13,0x03,0x10,0xca,0xb8,0x9c,0x9a,0x19,0x00,0x73,
  0x96,0x31,0x9d,0xd1,0x1a,0xab,0x82,0x40,0x12,0x25,0x11,0x00,0x99,0xd9,0x9a,0xaa,0x90,0x28,0x78,0xa6,
  0x85,0x2b,0xda,0x90,0x1b,0x98,0x22,0x32,0x44,0x20,0x82,0x88,0xca,0xa9,0x9c,0xc8,0x01,0x26,0x7a,0xb8,
  0xa3,0x0d,0xc9,0x80,0x19,0x02,0x42,0x22,0x23,0x10,0xa0,0xa9,0xad,0xaa,0x9b,0x70,0xa2,0x07,0x3b,0xdb,
  0xa0,0x0c,0xa9,0x11,0x30,0x34,0x52,0x02,0x02,0x09,0xba,0xba,0xbb,0x99,0x37,0x78,0x98,0xd4,0x89,0x9c,
  0x99,0x98,0x02,0x51,0x12,0x15,0x30,0x88,0xa0,0xa9,0x8b,0x0c,0x79,0x91,0x97,0x38,0xac,0xa1,0xca,0x98,
  0x3b,0x09,0x87,0x22,0x40,0x38,0x98,0xd3,0x90,0x0b,0x0a,0xc7,0x42,0x2c,0xb0,0x92,0x8a,0x0b,0xca,0xb4,
  0x40,0x5b,0x00,0x02,0x10,0x18,0xc0,0xb3,0x3a,0x7a,0x2d,0xd6,0x82,0x2a,0x0b,0x98,0xc1,0x02,0x5b,0x09,
  0x92,0x02,0x28,0x4c,0x89,0x00,0x3a,0x5b,0xf7,0x83,0x3b,0x0a,0x89,0xb1,0x82,0x5b,0x89,0xa2,0xa5,0x7b,
  0x0a,0xe3,0x93,0x5a,0x0a,0xb1,0xa5,0x38,0x3d,0x8a,0xb4,0xa1,0x93,0x3a,0x99,0xb4,0x40,0x8b,0xb4,0x01,
  0x90,0x30,0x2e,0xa8,0xd6,0x93,0x5a,0x0a,0x90,0x01,0x5b,0x8a,0xc3,0x82,0x7b,0x2b,0xa8,0xb4,0x82,0x18,
  0x1a,0xc1,0x12,0x3c,0x99,0x92,0xc1,0x95,0x3a,0x4a,0x2d,0xe1,0xb4,0x02,0x5b,0x8a,0xd3,0x82,0x39,0x2c,
  0xb0,0xb5,0x92,0x59,0x2c,0x98,0xb3,0x82,0x4a,0x1b,0x88,0x81,0x18,0x09,0x08,0xe1,0xa4,0x01,0x6c,0x1b,
  0xc1,0xb5,0x11,0x5c,0x1b,0xb1,0xb4,0x11,0x3b,0x89,0xb2,0xc3,0x02,0x2a,0x29,0x5d,0x0b,0xb2,0xa3,0x01,
  0x5c,0x8a,0xe3,0xa4,0x20,0x3d,0x0a,0xf3,0xa3,0x20,0x2c,0x88,0xa1,0x01,0x09,0xb1,0xa4,0x91,0x10,0x5b,
  0x2b,0x89,0xb3,0x10,0xa8,0x94,0x3a,0xa8,0x79,0x3d,0x89,0xf4,0xa4,0x48,0x3d,0x99,0xd3,0x02,0x5b,0x0a,
  0xa1,0xa2,0x30,0x3e,0xa9,0xb5,0x82,0x4a,0x2b,0x98,0xc3,0x82,0x39,0x8b,0xc4,0x82,0x49,0x1c,0xe2,0xa3,
  0x48,0x3d,0x99,0xc4,0x82,0x4a,0x1a,0xb0,0xa4,0x38,0x3d,0x99,0xc4,0x92,0x10,0x3a,0x8a,0xb2,0x21,0x3c,
  0x99,0xc3,0xb3,0x11,0x5d,0x2b,0xf1,0xa4,0x10,0x1a,0xa0,0x93,0x7b,0x2b,0xc0,0xb5,0x11,0x4c,0x1a,0xb0,
  0x83,0x3a,0xa9,0xb5,0x21,0x3e,0x99,0xc4,0x02,0x4b,0x0a,0xd2,0x93,0x49,0x2c,0x98,0xb2,0xa4,0x38,0x2c,
  0xc0,0xa5,0x20,0x2c,0x09,0x08,0x08,0xb1,0x93,0x59,0x2c,0x2a,0xd0,0xa4,0x81,0x28,0x8a,0xa2,0x21,0x4f,
  0x9a,0xb4,0x82,0x6a,0x2c,0xb0,0xc5,0x02,0x4b,0x2b,0xb0,0xa4,0x10,0x4b,0x99,0xb3,0x21,0x3e,0xa9,0xb6,
  0x82,0x6b,0x0a,0xc2,0x82,0x4a,0x1b,0xd2,0x93,0x39,0x2b,0xc0,0xa4,0x38,0x3c,0x99,0xc3,0x92,0x28,0x0a,
  0xa1,0xa3,0x79,0x1c,0xf3,0xa3,0x20,0x3d,0x99,0xb3,0x01,0x29,0x0a,0xd2,0x94,0x4a,0x3b,0xb9,0xb7,0x82,
  0x29,0x99,0xb4,0x92,0x38,0x3d,0x99,0xd4,0x82,0x29,0x99,0xc5,0xa3,0x69,0x2c,0xb0,0xa4,0x48,0x2c,0xa8,
  0xb4,0x21,0x2c,0x89,0xc3,0x82,0x4a,0x2b,0xa0,0xa2,0x11,0x4c,0x0a,0xd2,0x02,0x1a,0x80,0x00,0x6c,0x0b,
  0xd3,0xa3,0x20,0x3c,0xa9,0xb5,0x11,0x3d,0xd0,0xa5,0x10,0x3b,0xb8,0x94,0x6a,0x1b,0xc2,0x82,0x5a,0x1c,
  0xb1,0xa4,0x20,0x3d,0x0a,0xb2,0x02,0x4c,0x0a,0xc2,0x02,0x4c,0x0a,0x91,0x10,0x4c,0x8a,0xc4,0x02,0x4c,
  0x99,0xc3,0x82,0x4a,0x0a,0xa1,0xa3,0x39,0x8a,0xb2,0xb4,0x68,0x1b,0xb1,0xb5,0x30,0x2d,0x98,0xb2,0x31,
  0x4e,0x0a,0xf3,0x82,0x3a,0x89,0xc3,0x93,0x6b,0x0b,0xc2,0xa3,0x38,0x1c,0xb1,0x93,0x48,0x1a,0x91,0xd3,
  0x92,0x4a,0x4b,0xd1,0xa4,0x08,0x2c,0x9a,0xb4,0x83,0x48,0x2c,0x98,0xb2,0x03,0x4a,0x19,0xa0,0xa4,0x28,
  0x1b,0xd8,0xb5,0x01,0x3a,0x0b,0xd2,0x92,0x79,0x92,0xa2,0xc8,0x0d,0xa9,0x82,0x04,0x40,0x09,0x89,0xb1,
  0x41,0x38,0x59,0x89,0x98,0xa8,0x29,0x09,0x01,0xf1,0xa1,0xa8,0x39,0x2b,0x81,0x77,0x31,0x9d,0x8f,0x98,
  0x10,0x31,0x18,0xc3,0xa0,0x00,0x49,0x83,0x83,0x81,0x0f,0x99,0x80,0xa3,0x82,0x98,0x0e,0x89,0x90,0x84,
  0x28,0x7c,0x97,0xa1,0xe8,0x1a,0x89,0x21,0x94,0x21,0x8a,0x2b,0xa1,0x34,0x83,0x3a,0xe9,0x99,0xa2,0x48,
  0x08,0x1b,0xca,0x9a,0xb3,0x02,0x97,0xa0,0x77,0x08,0x89,0xfb,0x88,0x80,0x41,0x80,0x01,0xb8,0x39,0x00,
  0x42,0xa4,0x08,0x9a,0x2f,0x08,0x90,0xa4,0x89,0x1a,0x0d,0x82,0xb2,0x84,0xa9,0x77,0x88,0x88,0xfa,0x08,
  0x08,0x48,0x81,0x90,0xc2,0x08,0x12,0x38,0x83,0xab,0xa1,0xbb,0x25,0x09,0x48,0xad,0x19,0xb9,0x32,0x81,
  0x4b,0xf1,0x73,0x92,0x0a,0xfa,0x0b,0x81,0x30,0x14,0x0b,0x80,0x8c,0x53,0x18,0x12,0xe8,0x90,0xa0,0x48,
  0x28,0x2b,0xc8,0xb8,0x92,0x18,0x31,0x9a,0x2a,0xfa,0x77,0x90,0x08,0xad,0x89,0xa2,0x23,0x03,0x2c,0x09,
  0x9a,0x07,0x82,0x21,0x9b,0x1b,0xc0,0x01,0x94,0x0a,0x8a,0x8d,0x10,0x90,0x32,0xc9,0x08,0xa1,0x77,0x86,
  0x09,0xbc,0x9a,0x91,0x20,0x13,0x1c,0x00,0xa1,0x27,0x02,0x38,0x8a,0x8b,0xc3,0xa1,0x82,0x0f,0x1a,0xaa,
  0x91,0xd3,0x10,0x29,0x4c,0x00,0x72,0x07,0x98,0x98,0x8e,0x09,0x88,0x00,0xb1,0x39,0x20,0x20,0x36,0x80,
  0x83,0xa0,0x30,0x89,0x9e,0xd8,0xb9,0x91,0x89,0x39,0x8a,0x10,0x87,0x13,0x13,0x76,0x03,0x8a,0xe9,0xaa,
  0x88,0x8b,0x09,0xca,0x10,0x14,0x52,0x33,0x10,0x23,0x81,0x13,0xc8,0x9d,0xcb,0x9c,0xa9,0xaa,0x09,0x9a,
  0x51,0x22,0x53,0x23,0x76,0x03,0x90,0xc9,0xac,0x89,0x9a,0x89,0xcb,0x09,0x22,0x73,0x23,0x11,0x24,0x11,
  0x31,0xa8,0xab,0xfb,0x9b,0xaa,0xad,0x99,0x9a,0x21,0x11,0x63,0x13,0x73,0x37,0x00,0xb8,0xbc,0x89,0xb9,
  0x98,0xcc,0x8a,0x11,0x41,0x25,0x10,0x33,0x22,0x53,0x81,0x89,0xc9,0x9c,0xaa,0xbc,0xba,0xdb,0x09,0x00,
  0x31,0x24,0x52,0x77,0x01,0x00,0xba,0x9b,0xa0,0x8b,0xc8,0xac,0x08,0x01,0x54,0x01,0x31,0x22,0x42,0x04,
  0x88,0x80,0xac,0x9a,0xdb,0x9b,0xdb,0x8a,0x88,0x08,0x23,0x12,0x77,0x17,0x00,0xa8,0xaa,0x89,0xa9,0x08,
  0xad,0x8a,0x00,0x50,0x23,0x38,0x33,0x31,0x27,0x81,0x10,0xc9,0x8a,0xc9,0xbb,0xda,0xbb,0x89,0x8a,0x21,
  0x82,0x73,0x77,0x12,0x81,0xbb,0x9b,0xb0,0x0a,0xd8,0x9c,0x08,0x00,0x44,0x01,0x31,0x12,0x72,0x02,0x00,
  0x90,0xab,0x89,0xbd,0xb9,0xeb,0x8a,0x99,0x09,0x02,0x11,0x74,0x57,0x01,0x90,0xab,0x8a,0x99,0x88,0xca,
  0xab,0x88,0x49,0x24,0x11,0x24,0x21,0x44,0x12,0x11,0x91,0xaa,0xb8,0xae,0xba,0xae,0xaa,0xba,0x8a,0x80,
  0x38,0x76,0x37,0x10,0xa8,0xab,0x88,0xab,0x91,0xfa,0x88,0x88,0x48,0x12,0x20,0x14,0x11,0x44,0x00,0x11,
  0xb8,0x89,0xc9,0x9d,0xa9,0xad,0xa8,0xc9,0x10,0x09,0x68,0x77,0x00,0x81,0xb9,0x8a,0xa9,0x89,0xb0,0x9b,
  0x10,0x0a,0x37,0x01,0x34,0x02,0x42,0x03,0x10,0x82,0x9c,0xa9,0xcd,0x9a,0xdb,0x9a,0xa9,0x0b,0x82,0x18,
  0x77,0x17,0x10,0xa8,0xaa,0x99,0xab,0x00,0xcb,0x08,0x90,0x60,0x12,0x31,0x16,0x10,0x33,0x18,0x12,0xc0,
  0x99,0xea,0x8c,0x9b,0x9d,0xa8,0xa9,0x00,0x19,0x78,0x67,0x10,0x00,0xb9,0x8a,0xb9,0x8a,0xb0,0x9b,0x81,
  0x1b,0x45,0x11,0x44,0x02,0x42,0x11,0x10,0x82,0xa9,0xc1,0xbc,0x9b,0xaf,0x99,0xba,0x99,0x08,0x18,0x77,
  0x07,0x01,0xb8,0x9a,0xa9,0x9b,0x80,0xab,0x12,0x98,0x45,0x12,0x72,0x11,0x11,0x03,0x00,0x12,0x9b,0x8a,
  0xed,0xa9,0xc9,0x9a,0x9a,0x9b,0xa1,0x90,0x77,0x07,0x20,0x98,0x9a,0x99,0x9c,0x88,0xa9,0x10,0x98,0x40,
  0x03,0x42,0x15,0x30,0x32,0x00,0x13,0xa8,0x08,0xfb,0x8b,0xea,0x9a,0xa9,0x9c,0x88,0xaa,0x74,0x17,0x11,
  0x90,0x9b,0xaa,0x9e,0x98,0xa9,0x01,0x80,0x51,0x10,0x42,0x13,0x32,0x15,0x10,0x22,0x9a,0xa1,0xfa,0x99,
  0xba,0x8c,0xaa,0xab,0xc0,0xa9,0x77,0x12,0x21,0xb9,0xbb,0xe9,0x8b,0x90,0x8b,0x02,0x88,0x74,0x85,0x80,
  0x80,0x80,0x00,0x08,0x88,0x80,0x00,0x88,0x00,0x88,0x00,0x88,0x00,0x88,0x00,0x88,0x80,0x80,0x80,0x80,
  0x00,0x08,0x08,0x08,0x08,0x08,0x09,0x00,0x00,0x00,0x00,0x00,0x00,0x00,0x00,0x00,0x00,0x00,0x00,0x00,
  0x00,0x00,0x00,0x00,0x00,0x00,0x00,0x00,0x00,0x00,0x00,0x00,0x00,0x00,0x00,0x00,0x00,0x00,0x00,0x00,
  0x00,0x00,0x00,0x00,0x00,0x00,0x00,0x00,0x00,0x00,0x00,0x00,0x00,0x00,0x00,0x00,0x00,0x00,0x00,0x00,
  0x00,0x00,0x00,0x00,0x00,0x00,0x00,0x00,0x00,0x00,0x00,0x00,0x00,0x00,0x00,0x00,0x00,0x00,0x00,0x00,
  0x00,0x00,0x00,0x00,0x00,0x00,0x00,0x00,0x00,0x00,0x00,0x00,0x00,0x00,0x00,0x00,0x00,0x00,0x00,0x00,
  0x00,0x00,0x00,0x00,0x00,0x00,0x00,0x00,0x00,0x00,0x00,0x00,0x00,0x00,0x00,0x00,0x00,0x00,0x00,0x00,
  0x00,0x00,0x00,0x00,0x00,0x00,0x00,0x00,0x00,0x00,0x00,0x00,0x00,0x00,0x00,0x00,0x00,0x00,0x00,0x00,
  0x00,0x00,0x00,0x00,0x00,0x00,0x00,0x00,0x00,0x00,0x00,0x00,0x00,0x00,0x00,0x00,0x00,0x00,0x00,0x00,
  0x00,0x00,0x00,0x00,0x00,0x00,0x00,0x00,0x00,0x00,0x00,0x00,0x00,0x00,0x00,0x00,0x00,0x00,
};
static constexpr VoiceClip alertsSoundVibrationClip = {
  alertsSoundVibrationData, sizeof(alertsSoundVibrationData), 10915, 8000
};
// "Sound only"
static const uint8_t alertsSoundOnlyData[] = {
  0x13,0x67,0xd9,0x9e,0x20,0x82,0x88,0x10,0xa8,0x9a,0x62,0x22,0x99,0x9a,0x81,0x90,0x31,0x04,0x37,0xfb,
  0x9d,0x10,0x03,0x88,0x18,0xa9,0xa9,0x53,0x14,0x98,0x9a,0x00,0x80,0x31,0x52,0x17,0xec,0x9b,0x22,0x01,
  0x08,0x00,0xba,0x8a,0x54,0x13,0x99,0x8a,0x88,0x82,0x22,0x71,0x87,0xec,0x89,0x21,0x00,0x08,0x80,0xa9,
  0x19,0x34,0x12,0x99,0x8a,0x09,0x29,0x14,0x77,0xa0,0xcd,0x08,0x10,0x00,0x11,0x98,0x9b,0x28,0x34,0x02,
  0x80,0xb9,0x99,0x50,0x70,0x16,0xda,0x9c,0x18,0x00,0x12,0x81,0xbb,0x18,0x13,0x23,0x24,0xb9,0x8c,0x10,
  0x11,0x77,0xb2,0xbe,0x08,0x88,0x20,0x23,0xba,0x89,0x82,0x10,0x36,0x91,0x89,0x81,0x99,0x70,0x37,0xdb,
  0x8a,0xa9,0x0a,0x43,0x91,0x89,0x81,0x99,0x73,0x01,0x00,0x82,0xa9,0x10,0x77,0xa1,0x9b,0xba,0xac,0x21,
  0x81,0x18,0x02,0x99,0x42,0x03,0x30,0x43,0x2a,0x24,0x78,0x17,0xca,0x9a,0xbb,0x8c,0x10,0x98,0x22,0x83,
  0x41,0x24,0x10,0x41,0x80,0x08,0x30,0x77,0xa0,0x9b,0xdb,0xab,0x80,0x99,0x20,0x03,0x50,0x24,0x02,0x33,
  0x82,0x80,0x81,0x77,0x91,0xac,0xba,0xad,0x09,0x98,0x19,0x13,0x21,0x36,0x22,0x31,0x13,0x80,0x91,0x72,
  0x97,0xba,0xca,0xbc,0x8a,0x99,0x88,0x23,0x22,0x55,0x22,0x31,0x23,0x00,0x00,0x6a,0x86,0xc9,0xba,0xbd,
  0x9b,0x99,0x89,0x22,0x22,0x54,0x33,0x42,0x23,0x01,0x00,0x88,0x37,0xc9,0xac,0xbd,0x9d,0x89,0x89,0x20,
  0x01,0x42,0x24,0x32,0x24,0x02,0x10,0x90,0x72,0xa0,0xbc,0xfb,0xbb,0x99,0x99,0x10,0x11,0x32,0x27,0x22,
  0x34,0x12,0x20,0x90,0x3a,0x87,0xca,0xbb,0xbf,0x9b,0xa8,0x08,0x11,0x20,0x44,0x23,0x44,0x13,0x11,0x03,
  0xa9,0x73,0xa8,0xbb,0xfc,0xbb,0x99,0x9a,0x10,0x00,0x42,0x24,0x52,0x33,0x31,0x22,0x91,0x40,0x94,0xaa,
  0xcd,0xaf,0xaa,0xaa,0x09,0x80,0x20,0x24,0x42,0x25,0x22,0x33,0x01,0x01,0x43,0x90,0xd9,0xce,0xcb,0xba,
  0xaa,0x98,0x00,0x22,0x53,0x34,0x33,0x34,0x23,0x21,0x30,0x06,0x90,0xdb,0xbe,0xcb,0xbb,0xa9,0x88,0x20,
  0x32,0x44,0x34,0x23,0x24,0x21,0x01,0x41,0x13,0xa0,0xfb,0xbe,0xcb,0xbb,0xa9,0x88,0x21,0x42,0x44,0x23,
  0x43,0x22,0x20,0x80,0x41,0x01,0xa8,0xed,0xbc,0xcb,0xab,0x9a,0x09,0x31,0x52,0x44,0x32,0x32,0x13,0x11,
  0x90,0x41,0x00,0x99,0xed,0xbc,0xdb,0x9b,0xbb,0x09,0x12,0x53,0x34,0x33,0x34,0x12,0x12,0x80,0x41,0x00,
  0x80,0xfb,0xbc,0xdc,0xba,0xaa,0x8b,0x88,0x31,0x34,0x35,0x34,0x33,0x23,0x12,0x74,0x80,0x90,0xdb,0xba,
  0xad,0xaa,0xaa,0x80,0x10,0x41,0x32,0x63,0x11,0x31,0x49,0x20,0x71,0xa7,0xa8,0xd9,0x18,0x8a,0x81,0xb0,
  0x12,0x3b,0x48,0x08,0x13,0x5a,0x18,0x88,0x85,0x4b,0x87,0x8d,0xb8,0x2c,0xc3,0x38,0x09,0x5b,0xc3,0x03,
  0x91,0x48,0xb8,0x03,0xe8,0x92,0xc0,0x78,0xd5,0x91,0xb8,0x28,0x99,0x12,0xb1,0x24,0x09,0x23,0xb8,0x07,
  0x0a,0x00,0xab,0xb4,0x1a,0x7c,0xd1,0xa2,0x99,0x4b,0x89,0x03,0x93,0x41,0x89,0x01,0xd3,0x02,0x08,0x4d,
  0x0b,0x89,0xb0,0x7a,0xa7,0x09,0xb8,0x0b,0xc3,0x01,0x15,0x3a,0x01,0x98,0x03,0x1b,0x38,0xda,0x82,0xc9,
  0x29,0xbb,0x77,0x8a,0x19,0xcc,0x81,0x80,0x60,0x00,0x00,0x92,0x19,0x08,0xa9,0x85,0x88,0x28,0xbb,0x09,
  0x7b,0x97,0x99,0x88,0x9f,0x80,0x81,0x42,0x30,0x10,0xb3,0x88,0x1a,0x8e,0x91,0x90,0x28,0xab,0xaa,0x77,
  0x8a,0x09,0xf8,0x08,0x10,0x28,0x15,0x00,0x20,0xba,0x99,0xd0,0x19,0x10,0x9a,0x84,0xa9,0x48,0x87,0x89,
  0x19,0xad,0x00,0x02,0x60,0x02,0x88,0x10,0xac,0x08,0xb9,0x12,0x81,0x2c,0xa1,0x9a,0x73,0x87,0xc9,0x90,
  0x0e,0x28,0x92,0x24,0x01,0x0a,0xb8,0xb9,0x11,0x89,0x12,0xd5,0x08,0x19,0xaa,0x77,0x91,0x8d,0xa8,0x8a,
  0x42,0x01,0x23,0xa3,0x0c,0x99,0xab,0x13,0x80,0x49,0xc1,0x99,0x20,0x8c,0x77,0xa2,0x9d,0xa0,0x8b,0x61,
  0x01,0x21,0x81,0x8c,0x88,0xa9,0x11,0x01,0x3a,0x90,0xac,0x01,0xb0,0x77,0x94,0xad,0x90,0x8a,0x60,0x10,
  0x01,0x82,0xaa,0x19,0xb9,0x01,0x84,0x1a,0x20,0xea,0x80,0x91,0x73,0x87,0xac,0x98,0x99,0x60,0x11,0x00,
  0x82,0x9a,0x09,0xa8,0x00,0x03,0x9a,0x08,0xc8,0x3a,0x28,0x77,0x96,0xcb,0x98,0x8a,0x31,0x23,0x22,0x02,
  0xbb,0x99,0xb0,0x21,0x32,0x0d,0x9b,0xbb,0xbb,0x04,0x77,0x07,0xbb,0xc8,0x89,0x48,0x21,0x12,0x93,0x99,
  0x0b,0x0b,0x03,0x86,0x81,0x8b,0x8e,0x9a,0x80,0x77,0x91,0xca,0xa8,0x09,0x48,0x22,0x03,0x81,0x9b,0x8b,
  0x08,0x14,0x04,0x89,0x8e,0x8c,0x89,0x02,0x75,0x82,0xbd,0x99,0x08,0x40,0x23,0x82,0xa0,0xab,0x1a,0x30,
  0x15,0xa3,0xb9,0x9f,0x8a,0x81,0x04,0x67,0x99,0xac,0x88,0x00,0x51,0x11,0x90,0xb8,0x89,0x38,0x41,0x02,
  0xc0,0xbb,0x8c,0x18,0x04,0x23,0x47,0xcb,0x8f,0x08,0x01,0x21,0x11,0xa8,0xaa,0x10,0x42,0x21,0x88,0xe9,
  0xb9,0x19,0x40,0x01,0x50,0x87,0xeb,0x0b,0x20,0x11,0x01,0x01,0x99,0x9b,0x30,0x17,0x81,0x99,0xaa,0xa9,
  0x00,0x43,0x81,0x78,0x95,0xed,0x89,0x21,0x11,0x00,0x91,0x90,0x8a,0x49,0x24,0xa2,0xca,0x8a,0x19,0x00,
  0x02,0x82,0x76,0x90,0xdf,0x08,0x21,0x11,0x88,0x88,0x90,0xa0,0x21,0x53,0x80,0xdb,0x8a,0x30,0x20,0x89,
  0x88,0x57,0xb0,0xcf,0x08,0x32,0x02,0x99,0x09,0x10,0x98,0x09,0x34,0x03,0xbd,0x9c,0x21,0x13,0xa8,0x5b,
  0x26,0xe0,0xbd,0x29,0x43,0x02,0xa9,0x8a,0x20,0x10,0x08,0x21,0x93,0xfa,0xab,0x48,0x32,0xb1,0x3a,0x36,
  0xf9,0xaf,0x18,0x42,0x02,0xa9,0x9a,0x20,0x12,0x80,0x18,0x21,0xd9,0xcb,0x08,0x34,0x81,0x38,0x12,0xff,
  0xac,0x28,0x34,0x03,0xc9,0x9a,0x20,0x23,0x92,0x99,0x09,0x99,0xba,0x18,0x44,0x01,0x25,0xc2,0xff,0x9a,
  0x30,0x43,0x82,0xba,0x8a,0x31,0x23,0x01,0x89,0x99,0xdb,0xab,0x38,0x36,0x20,0x14,0xf9,0xce,0x89,0x41,
  0x23,0x91,0xab,0x8a,0x32,0x14,0x01,0x89,0x99,0xba,0xbb,0x28,0x44,0x50,0x24,0xf8,0xcd,0x8a,0x41,0x33,
  0x91,0xba,0x8a,0x32,0x23,0x11,0x00,0xaa,0xbd,0x9c,0x20,0x24,0x20,0x16,0xf8,0xcd,0x8a,0x41,0x23,0x81,
  0xaa,0x8a,0x31,0x33,0x11,0x00,0xb0,0xdc,0xbb,0x28,0x54,0x21,0x14,0xfa,0xbe,0x89,0x31,0x25,0x80,0xa9,
  0x8a,0x21,0x22,0x22,0x11,0xa8,0xdc,0xaa,0x30,0x43,0x20,0x23,0xfc,0xbf,0x8a,0x31,0x25,0x80,0xa9,0x89,
  0x11,0x23,0x22,0x13,0x90,0xcd,0xab,0x30,0x33,0x38,0x17,0xfa,0xcd,0x8a,0x31,0x43,0x81,0xba,0x89,0x21,
  0x33,0x22,0x33,0x91,0xcd,0x9c,0x28,0x43,0x30,0x04,0xfc,0xbd,0x8a,0x32,0x14,0x91,0xa9,0x09,0x21,0x22,
  0x33,0x25,0x91,0xcb,0x8c,0x20,0x12,0x01,0x77,0xb9,0xbe,0x9a,0x21,0x23,0x90,0x99,0x10,0x23,0x02,0x21,
  0x35,0x04,0xb0,0xab,0x20,0x12,0x79,0x37,0xe9,0xbd,0x9a,0x10,0x12,0x88,0x08,0x32,0x33,0x80,0x10,0x35,
  0x14,0x90,0x9a,0x00,0x81,0x7b,0x67,0xc8,0xbc,0x8a,0x10,0x82,0x98,0x19,0x34,0x23,0x08,0x19,0x42,0x13,
  0xa8,0x9b,0x08,0x92,0x7a,0x77,0xb8,0xbd,0x99,0x10,0x81,0x98,0x28,0x44,0x22,0x08,0x19,0x41,0x01,0xb8,
  0xaa,0x88,0xa1,0x7a,0x67,0xb8,0xad,0x8a,0x10,0x80,0x99,0x20,0x44,0x12,0x80,0x10,0x32,0x81,0xc9,0xa9,
  0x90,0xb0,0x7c,0x27,0xc8,0xbc,0x99,0x10,0xa0,0x99,0x31,0x36,0x02,0x01,0x21,0x14,0x80,0x9b,0x8b,0x8a,
  0xac,0x1e,0x67,0xa0,0xcb,0x8a,0x08,0x80,0x8a,0x38,0x44,0x12,0x10,0x31,0x13,0xa2,0xb8,0x9a,0xa9,0xdc,
  0xbb,0x77,0x83,0xcc,0x9a,0x08,0x88,0x9a,0x28,0x44,0x11,0x11,0x32,0x23,0x91,0x99,0x98,0xba,0xbe,0xcb,
  0x73,0x17,0xca,0x9b,0x88,0x98,0x9a,0x18,0x34,0x23,0x22,0x44,0x22,0x00,0x88,0x98,0xba,0xae,0x9b,0x7b,
  0x27,0xb9,0xac,0x88,0xa9,0xaa,0x28,0x52,0x21,0x41,0x43,0x22,0x10,0x00,0x98,0xca,0xbb,0xac,0x1c,0x67,
  0xa0,0xbb,0x98,0xaa,0x9c,0x19,0x32,0x32,0x63,0x43,0x22,0x11,0x01,0x90,0xca,0xbb,0xbc,0xcb,0x70,0x07,
  0xaa,0x8a,0xb0,0xcb,0x89,0x11,0x21,0x42,0x44,0x22,0x22,0x12,0x81,0xa9,0xbb,0xbd,0xad,0x0b,0x67,0xa0,
  0x9b,0x90,0xcb,0xab,0x10,0x10,0x21,0x27,0x24,0x12,0x22,0x01,0xa8,0xba,0xbb,0xaf,0xab,0x71,0x05,0xaa,
  0x0a,0xb8,0xdc,0x89,0x01,0x00,0x32,0x35,0x33,0x21,0x33,0x81,0xb9,0xca,0xcb,0xcc,0xaa,0x66,0x81,0xbb,
  0x09,0xc9,0xac,0x0a,0x01,0x11,0x42,0x26,0x23,0x21,0x21,0x81,0xaa,0xbb,0xad,0xbc,0xbb,0x67,0x81,0xaa,
  0x89,0xb9,0xbd,0x8a,0x10,0x11,0x52,0x44,0x23,0x12,0x12,0x81,0xb9,0xbb,0xbc,0xbd,0xaa,0x67,0x81,0xaa,
  0x89,0xba,0xae,0x0a,0x10,0x10,0x44,0x32,0x22,0x23,0x13,0x98,0xba,0xbb,0xcc,0xaa,0xa9,0x77,0x04,0xaa,
  0x9a,0xdb,0xbb,0x89,0x11,0x20,0x35,0x24,0x33,0x11,0x00,0x98,0xb9,0x99,0x9a,0x99,0xa9,0x7b,0x77,0xb2,
  0xbb,0xca,0xbc,0x89,0x20,0x21,0x34,0x24,0x12,0x11,0x00,0x00,0x80,0x91,0x98,0xab,0xdb,0xca,0x78,0x77,
  0xb9,0xaa,0xaa,0x9a,0x21,0x22,0x42,0x22,0x10,0x20,0x32,0x12,0x03,0xa1,0xba,0xac,0xac,0xac,0xba,0x7c,
  0x77,0xb0,0xac,0x99,0x0a,0x21,0x13,0x11,0x01,0x01,0x32,0x34,0x10,0x90,0xc8,0xa9,0x98,0x8b,0x8f,0xab,
  0xd9,0x77,0x83,0xcc,0x9a,0x89,0x20,0x14,0x01,0x88,0x18,0x30,0x42,0x02,0xb8,0xb8,0x99,0x2a,0x1b,0xbd,
  0xdb,0x98,0x19,0x77,0x87,0xac,0x0a,0x09,0x30,0x23,0xb1,0x88,0x21,0x38,0x63,0x81,0xba,0x98,0xc0,0x88,
  0x01,0xbb,0x8e,0x88,0xa0,0x77,0x06,0xac,0x8a,0x88,0x10,0x24,0x81,0x0a,0x18,0x88,0x22,0x05,0xa9,0x8a,
  0x99,0x9a,0x21,0xb0,0xac,0x08,0x9a,0x30,0x77,0x07,0xae,0x08,0x89,0x30,0x15,0xa0,0x09,0x00,0x1a,0x62,
  0x80,0x99,0x90,0xb9,0x18,0x12,0xaa,0x0a,0xd9,0x8a,0x15,0x77,0x82,0xbd,0x89,0xa8,0x31,0x25,0x98,0x19,
  0x89,0x2a,0x44,0x91,0x88,0xb8,0xab,0x30,0x02,0x89,0xda,0xbc,0x29,0x32,0x30,0x77,0x97,0xbb,0x98,0xa9,
  0x52,0x13,0x09,0x09,0xba,0x41,0x05,0x00,0x90,0xbb,0x19,0x81,0x20,0x92,0xaf,0x0a,0x98,0x22,0x05,0x7a,
  0x27,0xda,0x89,0xaa,0x39,0x24,0x80,0x11,0xda,0x28,0x03,0x40,0x02,0xbc,0x90,0xb9,0x41,0x81,0x1b,0xd8,
  0xba,0x23,0x28,0x78,0x59,0x17,0xd9,0x89,0x9b,0x59,0x01,0x01,0xb3,0x8a,0x10,0x3a,0x16,0xa1,0x00,0xac,
  0x2a,0x80,0x01,0xc3,0xaa,0x89,0x0c,0x22,0x24,0xa1,0x77,0xb1,0x0b,0xcf,0x00,0x81,0x52,0x90,0x08,0xb0,
  0x10,0x04,0x20,0xa2,0x8c,0x89,0x0c,0x93,0xa3,0xa2,0x8f,0x0a,0x09,0x84,0x82,0x92,0x72,0x87,0x99,0xf9,
  0x1b,0x08,0x51,0x81,0x18,0xc8,0x00,0x82,0x41,0x80,0x09,0xca,0x18,0x88,0x40,0xaa,0x90,0xf9,0x11,0x19,
  0x21,0x99,0xd4,0x57,0x09,0x8a,0xbd,0x91,0x18,0x24,0x39,0xa1,0x8a,0xb2,0x61,0x11,0x18,0xd9,0x98,0x89,
  0x48,0x19,0x88,0xd8,0x80,0x29,0x58,0x88,0xb5,0xa1,0x57,0x2b,0xb9,0xac,0xd1,0x21,0x20,0x40,0x99,0xa1,
  0xa0,0x34,0x5a,0x18,0x9b,0xe0,0x80,0x81,0x38,0x8a,0x98,0xb8,0x84,0x38,0x12,0x4c,0x0b,0x7a,0xa7,0x84,
  0xac,0x0a,0x0c,0x84,0x11,0x93,0x3a,0x0c,0x18,0xa3,0x07,0x09,0x89,0x9b,0xd3,0x02,0x29,0x1a,0xba,0xc3,
  0x30,0x38,0x00,0xf4,0x92,0x70,0x10,0xf3,0xa9,0xa8,0x4a,0x29,0x12,0xb2,0x94,0x4b,0x2a,0x11,0xc4,0x93,
  0x0b,0x0b,0x1b,0xc2,0x03,0x1b,0x0b,0x8c,0xa7,0x31,0x2a,0x98,0xb1,0x72,0x87,0x94,0x8d,0xab,0x1a,0xa1,
  0x26,0x18,0x91,0x08,0x90,0x42,0x18,0xa2,0x9a,0xea,0x18,0x0a,0xa3,0x80,0xb8,0x3a,0x1f,0xa3,0x84,0x01,
  0x39,0xcb,0x77,0x79,0xa9,0xa8,0x9b,0x00,0x59,0x81,0x03,0x19,0x00,0x6a,0x88,0xa4,0x81,0x0a,0x0c,0xa9,
  0xb4,0x20,0x3d,0x0b,0xd2,0xa4,0x21,0x5b,0x0a,0xb2,0x72,0x91,0x84,0x1e,0xcb,0xa1,0x18,0x11,0x58,0x98,
  0xa4,0x20,0x19,0x01,0xa1,0xb2,0x2a,0x0f,0xa0,0x91,0x80,0x2a,0x0c,0xa1,0x22,0x4a,0x81,0x11,0x98,0x77,
  0x38,0xf5,0x80,0x0c,0x99,0x10,0x80,0x84,0x38,0x09,0x82,0x38,0x80,0x82,0x8a,0xd8,0x89,0x8b,0xc1,0x38,
  0x1e,0xa0,0x11,0x19,0xa4,0x13,0x5a,0x89,0x57,0x79,0x9a,0xe1,0x09,0x8a,0x00,0x38,0xa2,0x04,0x49,0x08,
  0x11,0x91,0xa4,0x4a,0x0d,0xc0,0x91,0x19,0x2b,0x99,0xd3,0x83,0x59,0x19,0xb1,0x96,0x58,0x92,0x24,0x0f,
  0xc9,0xa0,0x09,0x08,0x40,0x19,0xa3,0x23,0x38,0x21,0x28,0xe0,0xc3,0x3a,0x0f,0xb0,0xa2,0x00,0x3b,0x0a,
  0xd3,0x95,0x20,0x3a,0x88,0x71,0xa2,0x97,0x3a,0x9f,0xb0,0x00,0x19,0x81,0x30,0x08,0x04,0x68,0x19,0x92,
  0x28,0x9b,0xe2,0x00,0x0c,0x98,0x90,0x88,0x80,0x20,0x39,0x10,0x95,0x84,0x74,0x69,0xd1,0xa2,0x1c,0xab,
  0xa1,0x10,0x80,0x22,0x5a,0xa2,0x06,0x38,0x88,0xb2,0x00,0x0b,0xb9,0xb0,0xaa,0xaa,0x3d,0x1d,0xb1,0x85,
  0x30,0x18,0x93,0x77,0x78,0x8a,0xd1,0x80,0x0b,0x98,0x10,0x1a,0xb3,0x33,0x7b,0x81,0x03,0x20,0x09,0x88,
  0xaa,0xf1,0x88,0x0c,0xb9,0x92,0x4b,0x0a,0x83,0x21,0x94,0x55,0x04,0x15,0x2c,0xea,0xb1,0x1b,0x8b,0xb1,
  0x11,0x29,0x02,0x73,0x20,0x94,0x23,0x3a,0xa8,0xb1,0x8a,0x0e,0x8c,0xca,0xd2,0x00,0x4b,0x1a,0xa2,0x84,
  0x74,0x5a,0xa0,0xb4,0x29,0x0e,0xb0,0x81,0x09,0x80,0x28,0x09,0xa5,0x23,0x5a,0x80,0x82,0x28,0x89,0xb0,
  0xb0,0x9a,0x0e,0x9b,0xc8,0x91,0x29,0x29,0x79,0x97,0x07,0x49,0x0c,0xb0,0x80,0x1a,0x89,0x18,0x99,0xb5,
  0x32,0x5c,0x88,0x83,0x20,0x88,0xa2,0x49,0x8c,0xc1,0x18,0x1e,0xa8,0x91,0x19,0x88,0x01,0x27,0x71,0x2a,
  0xf1,0xa1,0x2a,0x0b,0x88,0x90,0xa2,0x22,0x5e,0x88,0xa4,0x22,0x4b,0x88,0x91,0x91,0x90,0x2a,0x0f,0xc0,
  0xa2,0x29,0x1c,0xa0,0xa3,0x17,0x70,0x1a,0xe1,0x91,0x19,0x0b,0x90,0x81,0x80,0x10,0x59,0x18,0x92,0x84,
  0x01,0x81,0x10,0x2c,0xb9,0xd2,0x88,0x0b,0x1e,0xba,0xc6,0x21,0x4c,0xb3,0x26,0x3c,0xc9,0xa2,0x3b,0x8c,
  0xb2,0x01,0x2a,0x88,0x07,0x80,0x80,0x80,0x80,0x80,0x80,0x80,0x08,0x80,0x08,0x80,0x80,0x08,0x80,0x08,
  0x08,0x80,0x08,0x80,0x08,0x80,0x08,0x08,0x08,0x08,0x80,0x80,0x80,0x00,0x00,0x00,0x00,0x00,0x00,0x00,
  0x00,0x00,0x00,0x00,0x00,0x00,0x00,0x00,0x00,0x00,0x00,0x00,0x00,0x00,0x00,0x00,0x00,0x00,0x00,0x00,
  0x00,0x00,0x00,0x00,0x00,0x00,0x00,0x00,0x00,0x00,0x00,0x00,0x00,0x00,0x00,0x00,0x00,0x00,0x00,0x00,
  0x00,0x00,0x00,0x00,0x00,0x00,0x00,0x00,0x00,0x00,0x00,0x00,0x00,0x00,0x00,0x00,0x00,0x00,0x00,0x00,
  0x00,0x00,0x00,0x00,0x00,0x00,0x00,0x00,0x00,0x00,0x00,0x00,0x00,0x00,0x00,0x00,0x00,0x00,0x00,0x00,
  0x00,0x00,0x00,0x00,0x00,0x00,0x00,0x00,0x00,0x00,0x00,0x00,0x00,0x00,0x00,0x00,0x00,0x00,0x00,0x00,
  0x00,0x00,0x00,0x00,0x00,0x00,0x00,0x00,0x00,0x00,0x00,0x00,0x00,0x00,0x00,0x00,0x00,0x00,0x00,0x00,
  0x00,0x00,0x00,0x00,0x00,0x00,0x00,0x00,0x00,0x00,0x00,0x00,0x00,0x00,0x00,0x00,0x00,0x00,0x00,0x00,
  0x00,0x00,0x00,0x00,0x00,0x00,0x00,0x00,0x00,0x00,0x00,0x00,0x00,0x00,0x00,0x00,0x00,0x00,0x00,0x00,
  0x00,0x00,0x00,0x00,
};
static constexpr VoiceClip alertsSoundOnlyClip = {
  alertsSoundOnlyData, sizeof(alertsSoundOnlyData), 7108, 8000, soundPrefixData, sizeof(soundPrefixData)
};
// "Vibration only"
static const uint8_t alertsVibrationOnlyData[] = {
  0x00,0x00,0x00,0x00,0x00,0x00,0x00,0x00,0x00,0x00,0x00,0x00,0x00,0x00,0x00,0x00,0x00,0x00,0x00,0x70,
  0x77,0xf7,0xef,0xa9,0xa8,0x71,0x31,0x80,0x00,0x11,0x90,0x00,0x11,0x98,0xab,0x99,0xba,0xcb,0x19,0xb8,
  0x77,0x57,0xfb,0x89,0x00,0x00,0x22,0x01,0x98,0x88,0x18,0x00,0x01,0x08,0xcb,0xa8,0x09,0x08,0x10,0x10,
  0x7b,0x77,0xc0,0xad,0x01,0x11,0x20,0x02,0xa8,0x8b,0x10,0x12,0x20,0xa0,0xfb,0x0a,0x00,0x02,0x20,0x99,
  0xd9,0x76,0xa3,0xde,0x18,0x11,0x00,0x21,0xa8,0xab,0x21,0x12,0x90,0x82,0xcc,0x9a,0x24,0x01,0x89,0xa1,
  0xba,0x78,0x57,0xeb,0x0a,0x02,0x02,0x20,0xa0,0xbb,0x48,0x12,0x90,0x01,0xbc,0x8b,0x34,0x01,0x99,0xb1,
  0x9c,0x70,0x47,0xda,0x8c,0x21,0x01,0x20,0xa0,0xbb,0x48,0x13,0x88,0x88,0xcb,0x1a,0x34,0x91,0x99,0x99,
  0x8b,0x73,0x67,0xcb,0x8b,0x22,0x12,0x10,0xc0,0xab,0x51,0x02,0x98,0x89,0xab,0x30,0x25,0xa9,0x9a,0x90,
  0x49,0x72,0x07,0xeb,0x0b,0x32,0x11,0x08,0xc9,0x8a,0x53,0x81,0x99,0x89,0x8a,0x42,0x83,0xac,0x88,0x00,
  0x40,0x41,0x17,0xbf,0x1b,0x33,0x01,0x08,0xca,0x09,0x44,0x90,0xa9,0x88,0x1a,0x34,0xb1,0xac,0x10,0x00,
  0x32,0x20,0x67,0xce,0x0a,0x14,0x81,0x08,0xc8,0x29,0x42,0xb0,0x89,0x88,0x19,0x24,0xb8,0x8d,0x01,0x01,
  0x31,0x7a,0xb5,0xbe,0x39,0x04,0x91,0x80,0xab,0x41,0x14,0x9b,0x99,0x90,0x51,0x81,0xda,0x00,0x01,0x10,
  0xb2,0x71,0xf4,0xab,0x42,0x00,0x80,0xa0,0x0c,0x33,0xa2,0x0b,0x9a,0x88,0x27,0x99,0x9b,0x93,0x21,0x21,
  0xfb,0x47,0xda,0x8b,0x23,0x10,0x01,0xf9,0x18,0x12,0x98,0x91,0x9b,0x48,0x84,0x99,0x89,0x89,0x43,0x91,
  0x2c,0x47,0xaf,0x19,0x82,0x21,0x91,0xac,0x31,0x01,0x00,0xd8,0x0b,0x33,0x90,0x80,0xac,0x4a,0x04,0x98,
  0x78,0xb7,0xbb,0x28,0x10,0x16,0xa8,0x0b,0x01,0x12,0x02,0xbe,0x00,0x11,0x30,0xc8,0xaa,0x22,0x20,0x81,
  0x77,0xeb,0x89,0x01,0x41,0x81,0xab,0x00,0x20,0x23,0xf9,0x89,0x00,0x21,0x92,0x9c,0x08,0x10,0x23,0x79,
  0xb7,0x9e,0x18,0x10,0x14,0xb8,0x0a,0x80,0x42,0x91,0x9c,0x90,0x28,0x14,0xa9,0x99,0x89,0x53,0x81,0x57,
  0xbd,0x89,0x81,0x72,0x80,0x8a,0x98,0x38,0x03,0xa9,0xa8,0x0b,0x34,0x91,0x88,0xad,0x30,0x83,0x71,0xc7,
  0x9b,0x08,0x38,0x07,0x89,0x88,0x0b,0x14,0x80,0x08,0xbc,0x21,0x11,0x20,0xda,0x09,0x01,0x40,0x47,0xbd,
  0x98,0x09,0x25,0x91,0x80,0xbb,0x31,0x01,0x13,0xdb,0x0a,0x88,0x34,0x80,0x8b,0xda,0x40,0x60,0x97,0xab,
  0xa9,0x2a,0x17,0x10,0xa0,0x9b,0x81,0x40,0x02,0x9a,0xb9,0x2b,0x14,0x11,0xa1,0x8e,0x98,0x72,0xa7,0x89,
  0xcb,0x38,0x03,0x43,0xa9,0x8a,0xca,0x43,0x00,0x01,0xeb,0x00,0x2a,0x22,0xa0,0x91,0x8e,0x74,0xb8,0xa1,
  0x9e,0x11,0x28,0x06,0x88,0xa0,0x0b,0x81,0x40,0x91,0x89,0xd8,0x18,0x00,0x32,0xa8,0x99,0x76,0xb9,0xc2,
  0x8e,0x10,0x10,0x06,0x19,0x99,0x99,0x92,0x40,0x80,0x08,0xc9,0x19,0x88,0x23,0x91,0x00,0x72,0xf2,0xc1,
  0x8d,0x18,0x10,0x16,0x29,0x99,0x99,0xa1,0x58,0x80,0x91,0xa0,0x1c,0x99,0x03,0x12,0x28,0x79,0xc7,0x00,
  0x9e,0x08,0x80,0x43,0x08,0x93,0x99,0x0a,0xa9,0x15,0x29,0x80,0xca,0x90,0x1b,0x02,0x12,0x23,0x77,0x8b,
  0xf0,0x8a,0x08,0x00,0x16,0x28,0x80,0xa9,0x08,0x0b,0x83,0x11,0x10,0xbc,0xb0,0x0c,0x18,0x83,0x75,0xa6,
  0x08,0xdb,0x9a,0x80,0x40,0x23,0x12,0x02,0x9b,0xb8,0x8a,0x20,0x92,0x14,0x8c,0xcb,0xc8,0x09,0x80,0x77,
  0x92,0x08,0xdb,0xab,0xa0,0x29,0x34,0x13,0x25,0x08,0x88,0x98,0x2a,0x08,0x80,0x01,0xcb,0xc8,0xab,0x9c,
  0x77,0x92,0x88,0xc9,0xad,0xa8,0x09,0x30,0x14,0x43,0x12,0x81,0x01,0x89,0x89,0x90,0x19,0x88,0xb9,0x89,
  0xbd,0x76,0x06,0x88,0x99,0xbd,0xbb,0xb9,0x8a,0x22,0x43,0x44,0x23,0x12,0x12,0x90,0x88,0x99,0x99,0x80,
  0x98,0x10,0x72,0x15,0x81,0xa9,0xdd,0xdb,0xba,0xab,0x9a,0x10,0x33,0x36,0x34,0x33,0x22,0x01,0x88,0xba,
  0xcb,0xab,0xaa,0x69,0x36,0x23,0x11,0xc8,0xcd,0xbc,0xcb,0xab,0x99,0x10,0x43,0x44,0x24,0x33,0x22,0x11,
  0x88,0xba,0xcc,0xbb,0xab,0x32,0x44,0x32,0x01,0xca,0xbe,0xbd,0xac,0x9b,0x8a,0x20,0x43,0x35,0x34,0x43,
  0x22,0x01,0x80,0xaa,0xcb,0xcb,0x1a,0x11,0x23,0x23,0xb9,0xbf,0xbe,0xbc,0xac,0xaa,0x88,0x21,0x44,0x34,
  0x24,0x43,0x12,0x11,0x88,0xa9,0xcb,0xab,0x90,0x00,0x21,0xa1,0xc9,0xcd,0xbd,0xcb,0xbb,0x9a,0x89,0x21,
  0x35,0x45,0x33,0x33,0x24,0x12,0x00,0xa9,0xca,0x38,0x0a,0x91,0xb0,0xdc,0xcc,0xcb,0xcb,0xab,0x9a,0x09,
  0x20,0x44,0x53,0x33,0x33,0x14,0x03,0x81,0x98,0xab,0x2e,0x95,0x20,0x18,0xc9,0xd9,0xbb,0xbd,0xbb,0xab,
  0x89,0x18,0x24,0x45,0x42,0x23,0x33,0x22,0x01,0x91,0xa9,0xfb,0x34,0x0a,0x92,0xa9,0xae,0xbc,0xdb,0xba,
  0xaa,0x1a,0x18,0x33,0x36,0x43,0x33,0x33,0x23,0x11,0x00,0xa9,0xba,0x7f,0xb4,0x01,0x98,0xda,0xaa,0xbb,
  0x9d,0x99,0xa9,0x93,0x14,0x52,0x41,0x31,0x60,0x28,0x80,0x93,0x08,0x89,0x2b,0x67,0x1e,0x09,0x9b,0xb9,
  0x80,0x7b,0x49,0xc5,0x8b,0x82,0xf4,0x90,0x27,0x0e,0x18,0xa1,0x80,0x60,0x99,0xa9,0x34,0xc8,0x81,0x93,
  0x1f,0x30,0xf8,0x81,0x00,0x2d,0x10,0xa8,0x81,0x32,0xb8,0x01,0xc9,0x5e,0xa0,0xa1,0x22,0xc0,0xc8,0x14,
  0x3a,0x2c,0x19,0xd2,0x91,0x12,0x1e,0x02,0xeb,0x24,0x9b,0x38,0xba,0x60,0x90,0x82,0x11,0x0b,0x3a,0xd2,
  0x2b,0x82,0x9c,0x08,0x90,0x90,0x78,0x87,0x8c,0x21,0xaa,0x89,0x22,0x98,0x29,0x24,0x89,0x28,0x82,0x88,
  0x2b,0x90,0xba,0xb2,0x77,0x07,0xad,0x08,0xa8,0x9a,0x30,0x13,0x80,0x52,0x13,0x89,0x28,0x01,0xc9,0x89,
  0x80,0xbb,0x77,0x87,0xac,0x89,0x98,0x99,0x20,0x34,0x82,0x21,0x24,0x90,0x9a,0x08,0xb8,0xbd,0x09,0x38,
  0x77,0xc0,0x9b,0x98,0x9a,0x09,0x53,0x33,0x11,0x34,0x81,0xa8,0xaa,0xa9,0xbd,0x9b,0x80,0x79,0x57,0xc8,
  0x9b,0x80,0x99,0x08,0x63,0x12,0x08,0x33,0xa0,0xab,0x98,0xb8,0xbd,0x18,0x92,0x78,0x47,0xdb,0x89,0x91,
  0x8a,0x20,0x43,0x02,0x20,0x13,0xcb,0x89,0xa9,0xbb,0x8a,0x22,0xa8,0x77,0x87,0xac,0x18,0xa8,0x09,0x32,
  0x23,0x80,0x42,0xb1,0x9d,0x01,0xaa,0x0a,0x01,0x98,0x2b,0x77,0xe3,0x8b,0x82,0xab,0x40,0x23,0x00,0x21,
  0x83,0xbd,0x29,0xc8,0x8a,0x13,0xa8,0x08,0x72,0x17,0xeb,0x19,0xa0,0x0b,0x34,0x00,0x21,0x02,0xd8,0x0a,
  0x91,0xab,0x33,0xc9,0x29,0x91,0x78,0x17,0xbd,0x10,0xc9,0x39,0x14,0x00,0x21,0x90,0xab,0x10,0xca,0x39,
  0x93,0x8b,0x12,0xca,0x77,0xc2,0x8d,0x82,0x9c,0x32,0x81,0x20,0x02,0xb9,0x1a,0xb1,0x0d,0x14,0xaa,0x21,
  0xb8,0x19,0x77,0xe8,0x18,0xc0,0x29,0x83,0x08,0x13,0x98,0x8a,0x81,0xac,0x43,0xb8,0x48,0xb0,0x1b,0x61,
  0x06,0xad,0x10,0xbc,0x42,0x91,0x31,0x92,0x9a,0x80,0xba,0x58,0x91,0x3a,0xb2,0x8d,0x82,0x7a,0x07,0xac,
  0x01,0xac,0x32,0x88,0x52,0x90,0x88,0x90,0x9a,0x12,0xa8,0x32,0xd9,0x18,0xa8,0x79,0x17,0x8e,0x81,0x9d,
  0x13,0x09,0x14,0x89,0x80,0xa9,0x08,0x01,0x18,0x03,0x9b,0xa1,0x8d,0x71,0x87,0x8c,0xb2,0x0e,0x82,0x18,
  0x14,0x09,0x91,0xa9,0x08,0x99,0x31,0x91,0x38,0xc9,0x1a,0x78,0x87,0x1d,0xd1,0x2b,0x91,0x48,0x02,0x18,
  0x80,0xaa,0x08,0x9a,0x23,0x98,0x13,0xac,0x08,0x7b,0x07,0x2d,0xf0,0x2a,0xa0,0x41,0x81,0x20,0x98,0x8a,
  0x90,0x0b,0x83,0x38,0xb2,0x1a,0xe0,0x78,0xb7,0x49,0xea,0x10,0x99,0x23,0x18,0x21,0xa9,0x08,0xbb,0x11,
  0x89,0x23,0x89,0x00,0xda,0x72,0xc7,0x30,0xbe,0x02,0x0b,0x14,0x18,0x03,0x8a,0xa1,0x8c,0x81,0x2a,0x82,
  0x29,0xd1,0x29,0x70,0xd3,0x21,0xbf,0x92,0x2a,0x02,0x40,0x82,0x08,0xc0,0x09,0xa9,0x20,0x90,0x32,0x9b,
  0x92,0x7a,0xc7,0x12,0xaf,0xa2,0x3a,0x01,0x32,0x83,0x18,0xe8,0x09,0xa9,0x30,0x8a,0x14,0x8a,0xc3,0x78,
  0xe4,0x02,0x8e,0xa1,0x29,0x01,0x31,0x81,0x10,0xc9,0x08,0x8c,0x81,0x29,0x81,0x18,0xb0,0x71,0xe5,0x03,
  0x8f,0xb1,0x28,0x80,0x32,0x81,0x21,0xbb,0xa3,0x0e,0xa1,0x28,0x98,0x20,0xc8,0x74,0xc8,0x95,0x1d,0xc0,
  0x10,0x08,0x12,0x81,0x03,0x0b,0xc1,0x1a,0xc8,0x11,0x8a,0x83,0x88,0x74,0xb8,0xa7,0x1c,0xd8,0x11,0x09,
  0x12,0x11,0x02,0x09,0xd0,0x19,0xab,0x92,0x18,0x02,0x39,0x74,0xb0,0xb7,0x2c,0xcb,0x01,0x3a,0x12,0x22,
  0x04,0x28,0xc9,0x80,0x8e,0xa0,0x28,0x09,0x01,0x73,0x90,0xb7,0x2b,0xcc,0x92,0x29,0x02,0x32,0x12,0x21,
  0xc8,0xa0,0x8d,0xb8,0x19,0x98,0x23,0x71,0xa3,0xa7,0x2d,0xdb,0x81,0x2a,0x01,0x23,0x32,0x30,0xa8,0xb1,
  0x8f,0xaa,0x98,0x08,0x20,0x73,0x92,0xa7,0x3b,0xcd,0x91,0x3b,0x80,0x14,0x22,0x22,0x00,0x98,0x9c,0xcb,
  0x8a,0x8b,0x82,0x78,0xa7,0x05,0x1c,0xd8,0x00,0x0b,0x91,0x21,0x31,0x32,0x11,0x92,0x8a,0xbd,0xab,0xbb,
  0x80,0x7b,0x87,0x41,0x8b,0xf3,0x19,0x9b,0x80,0x28,0x11,0x34,0x31,0x02,0x80,0xba,0xbc,0xda,0x99,0x89,
  0x27,0x7a,0xb0,0x93,0x1e,0xb9,0x91,0x19,0x00,0x33,0x33,0x25,0x20,0x88,0xaa,0xdb,0xaa,0x9c,0x62,0x2a,
  0xb5,0x20,0x8f,0xb0,0x09,0x8a,0x02,0x41,0x23,0x24,0x22,0x00,0x8a,0xbc,0xd9,0x99,0x7a,0x90,0x86,0x3a,
  0xcb,0xb1,0x0c,0x9a,0x10,0x11,0x16,0x32,0x12,0x12,0x89,0xc9,0xaa,0x9c,0x3a,0xa7,0x15,0x3b,0xe8,0xa0,
  0x9b,0xaa,0x09,0x80,0x26,0x51,0x21,0x12,0x91,0x90,0x9c,0xc9,0x09,0x97,0x78,0x0a,0xb2,0x80,0xab,0xa9,
  0xaa,0x99,0x70,0x30,0x95,0x04,0x11,0x19,0x9a,0xe1,0x90,0x04,0x5f,0x99,0xb3,0x81,0x1a,0x1c,0xb9,0xa5,
  0x28,0x29,0x20,0x28,0x91,0xa3,0xa2,0x49,0x1e,0x71,0x2e,0xe2,0x92,0x18,0x2b,0x0a,0xb1,0x83,0x5a,0x89,
  0x92,0x10,0x8a,0xa7,0x5a,0x8a,0x92,0x91,0x92,0x7d,0x3c,0xc0,0xb4,0x02,0x4b,0x1b,0xc1,0x93,0x29,0x19,
  0x4b,0xa9,0xa3,0xe2,0xa5,0x20,0x4e,0x0a,0xc2,0x82,0x90,0xa2,0x11,0x4c,0x1b,0xd2,0xc3,0x94,0x4a,0x2b,
  0x89,0xc4,0x11,0x3b,0x2b,0xa8,0xc6,0x82,0x49,0x2c,0x98,0x92,0x18,0x4a,0xaa,0xb7,0x11,0x4b,0x1b,0xe2,
  0x93,0x28,0x3c,0x1a,0xb0,0xc5,0x93,0x39,0x4d,0x0a,0xb1,0xa4,0x01,0x4b,0x0a,0xa1,0x11,0x3c,0xc8,0xa5,
  0x81,0x08,0x88,0x38,0x2c,0xa8,0xc6,0xa2,0x22,0x3f,0x2b,0x98,0xb3,0x01,0x88,0x88,0xa4,0x6a,0x2b,0x09,
  0xf2,0xb4,0x82,0x6a,0x1b,0xc1,0xb4,0x11,0x5b,0x1b,0xb1,0xb3,0xa3,0x01,0x1a,0xb1,0x22,0x3f,0x1a,0xa0,
  0xe3,0xb4,0x82,0x19,0xc1,0x83,0x6c,0x1b,0xc1,0xb5,0x30,0x3d,0x0a,0xc2,0xa3,0x81,0x49,0x3d,0x0a,0xc2,
  0xa3,0x00,0x80,0x4a,0x0a,0x80,0x91,0x28,0xa9,0x84,0x2c,0xe2,0xc4,0xb4,0x21,0x4e,0x0a,0xb1,0xa4,0x10,
  0x5b,0x1b,0xc1,0xa4,0x38,0x2b,0xa8,0xc4,0x21,0x4d,0x8a,0xd3,0x93,0x39,0x2c,0xb0,0xa4,0x20,0x3d,0x99,
  0xc4,0x02,0x4b,0x2b,0xb0,0xa4,0x10,0x2a,0x09,0x18,0x19,0x19,0x2a,0x89,0xd3,0xe5,0x94,0x5a,0x1b,0xc1,
  0xb4,0x21,0x2c,0x98,0xd4,0x82,0x39,0x3d,0x99,0xc4,0x82,0x39,0x2c,0x98,0x92,0x00,0x09,0xc2,0x92,0xb2,
  0x11,0x5b,0x4d,0xb8,0xa4,0x00,0x5a,0x0b,0xd3,0x82,0x39,0x2c,0xc0,0xa5,0x38,0x3c,0x9a,0xb6,0x01,0x09,
  0x28,0xa9,0x22,0x2e,0xa0,0xa2,0x82,0x3b,0xa0,0x11,0xf0,0xa5,0x00,0x6a,0x3d,0x99,0xc4,0x82,0x39,0x2c,
  0x89,0xe3,0xa4,0x28,0x0a,0xe3,0x93,0x39,0x9a,0xa4,0x38,0x3d,0xa9,0xb5,0x11,0x4b,0x8a,0xc4,0x82,0x29,
  0x2b,0xa0,0xa2,0xa3,0x49,0x3b,0x9a,0xb4,0xc3,0x12,0x3d,0xb8,0xa5,0x28,0xa8,0x40,0x1b,0xa0,0xc3,0xa3,
  0x7a,0x3f,0xc0,0xb5,0x21,0x3d,0x8a,0xd3,0x83,0x5b,0x8a,0xc3,0x82,0x29,0x89,0x91,0x38,0x0b,0xe2,0x95,
  0x5a,0x0b,0xc2,0xa4,0x20,0x2c,0x98,0xb3,0x20,0x2c,0xc0,0xa5,0x38,0x2c,0x98,0x92,0x6a,0x0b,0xc3,0x82,
  0x7b,0x1b,0xb1,0x93,0x49,0x2c,0xb0,0xa4,0x10,0x4b,0x89,0xa1,0x11,0x2b,0xa0,0x01,0x19,0x88,0x28,0xf1,
  0x93,0x29,0x5c,0x9a,0xa5,0x49,0x3b,0x9a,0xc7,0x21,0x4d,0x1b,0xc1,0x94,0x39,0x2d,0xa0,0xb3,0x31,0x3f,
  0x8a,0xb2,0x93,0x59,0x2c,0x98,0xa2,0x01,0x3a,0x8a,0xa3,0x18,0xb0,0xc6,0x82,0x6b,0x8a,0xd4,0x93,0x39,
  0x1b,0xf3,0xa3,0x28,0x2b,0xa0,0xa3,0x10,0x5c,0x0a,0xa1,0xc3,0x11,0x4b,0x1b,0xf2,0xa3,0x10,0x4c,0x0a,
  0x81,0xa1,0x82,0x88,0x28,0x0c,0xb6,0x82,0x19,0x2d,0x99,0x81,0x18,0x5a,0x89,0xa2,0xa3,0x40,0x2c,0x08,
  0xb1,0x94,0x00,0x7a,0x82,0xc3,0xe8,0x0a,0x8c,0x90,0x92,0x22,0x48,0x10,0x81,0x22,0x5b,0x09,0xd2,0xa3,
  0x18,0x66,0x2a,0xa9,0xdb,0xa9,0x0c,0x08,0x00,0x04,0x11,0x12,0x02,0x84,0x11,0x18,0x99,0xc1,0x7a,0x86,
  0xa1,0xe8,0x9a,0x9b,0x0a,0x91,0x04,0x12,0x51,0x10,0x12,0x92,0x12,0x99,0x90,0xe9,0x57,0x19,0x98,0xbd,
  0xba,0x9a,0x10,0x28,0x13,0x21,0x34,0x41,0x33,0x11,0x83,0xc8,0x90,0x7e,0x84,0x90,0xe8,0xab,0xab,0x1a,
  0x01,0x21,0x23,0x31,0x15,0x32,0x24,0x10,0x91,0xaa,0xc9,0x7a,0x86,0x98,0xf9,0x9b,0x9a,0x2a,0x81,0x12,
  0x04,0x40,0x31,0x41,0x04,0x81,0xa1,0x8a,0x9a,0x70,0x82,0xc9,0xfb,0xac,0x8a,0x29,0x01,0x11,0x03,0x51,
  0x32,0x43,0x14,0x81,0x80,0x9b,0x9b,0x25,0x90,0xcc,0xcf,0xab,0x99,0x10,0x21,0x21,0x21,0x53,0x24,0x34,
  0x21,0x12,0xa9,0xba,0x9c,0x04,0xa9,0xfd,0xbc,0xaa,0x89,0x11,0x11,0x32,0x43,0x44,0x24,0x23,0x01,0x80,
  0xa9,0xcb,0x2b,0x94,0x98,0xff,0xba,0xaa,0x09,0x11,0x20,0x22,0x53,0x35,0x23,0x33,0x00,0x88,0xaa,0xbb,
  0x78,0x91,0xd9,0xde,0xab,0x8a,0x19,0x01,0x11,0x23,0x54,0x43,0x23,0x12,0x80,0x88,0x9a,0xac,0x34,0x98,
  0xfb,0xbf,0xab,0x8a,0x18,0x81,0x31,0x42,0x44,0x24,0x22,0x12,0x08,0x88,0xaa,0x0c,0x07,0x89,0xfb,0xbc,
  0xaa,0x89,0x11,0x00,0x22,0x33,0x37,0x33,0x33,0x01,0x80,0xa8,0xbb,0x0d,0x07,0x99,0xfb,0xad,0x9a,0x89,
  0x11,0x00,0x21,0x43,0x44,0x33,0x32,0x01,0x88,0xa8,0xbb,0x0e,0x05,0x9a,0xec,0xad,0x9a,0x88,0x11,0x01,
  0x22,0x33,0x45,0x24,0x21,0x01,0x88,0x99,0xca,0x1b,0x06,0x9a,0xec,0xad,0x8a,0x89,0x21,0x01,0x31,0x33,
  0x45,0x24,0x21,0x01,0x89,0xa8,0xca,0xab,0x34,0xab,0xfb,0xbf,0x9b,0x88,0x20,0x12,0x31,0x43,0x53,0x34,
  0x12,0x12,0x98,0x9a,0xeb,0xba,0x50,0xa8,0xba,0xdf,0xaa,0x88,0x28,0x13,0x11,0x34,0x42,0x44,0x12,0x11,
  0x98,0xaa,0xba,0xae,0x49,0xb3,0xb9,0xfd,0xab,0x88,0x19,0x23,0x01,0x53,0x22,0x54,0x12,0x11,0x91,0x8b,
  0xa9,0xbd,0xb9,0x27,0xa9,0xba,0xcf,0x8a,0x80,0x20,0x02,0x20,0x34,0x32,0x26,0x02,0x10,0xa8,0x8a,0xc9,
  0xac,0x79,0xa5,0xa9,0xe9,0x8c,0x08,0x08,0x22,0x81,0x32,0x03,0x42,0x14,0x29,0x00,0xcb,0x91,0xda,0x89,
  0x66,0x88,0xaa,0xfb,0x9a,0x00,0x20,0x23,0x81,0x11,0x8a,0x50,0x82,0x33,0x02,0x1c,0x99,0xab,0x31,0x77,
  0x91,0x9c,0xcf,0x88,0x81,0x30,0x11,0x09,0x81,0x89,0x25,0x11,0x32,0xb0,0x99,0xc0,0x1a,0x38,0x57,0xbb,
  0x8e,0xbc,0x08,0x02,0x41,0x11,0x98,0x82,0x30,0x72,0x82,0x81,0x98,0x8c,0x8a,0xb8,0x01,0x47,0xbd,0x0b,
  0xbc,0x00,0x25,0x30,0x20,0xa0,0x82,0x41,0x38,0x92,0xd1,0xb9,0xbb,0xb9,0xc2,0xb2,0x77,0xa9,0x8d,0x91,
  0x1b,0x62,0x10,0x00,0xa2,0x09,0x28,0x91,0x93,0x98,0x8f,0x8b,0x98,0x92,0x83,0x74,0xa7,0xdb,0x81,0x8a,
  0x50,0x03,0x80,0x00,0x9a,0x0a,0x83,0x94,0x91,0x8a,0x9d,0x89,0x82,0x22,0x79,0x37,0xdd,0x09,0x88,0x29,
  0x25,0x80,0x08,0x98,0x99,0x20,0x21,0x89,0x99,0xbb,0x8c,0x20,0x84,0x93,0x77,0xc2,0xae,0x81,0x88,0x60,
  0x11,0x98,0x90,0x80,0x1a,0x38,0x82,0xa9,0x0b,0x9c,0x99,0x34,0x30,0x4b,0x77,0xd8,0x8c,0x00,0x88,0x33,
  0x23,0x9a,0x8b,0x98,0x80,0x51,0x02,0xf8,0x98,0x88,0x19,0x11,0x84,0x79,0x05,0xfb,0x0a,0x00,0x00,0x22,
  0x84,0xa9,0x0b,0x11,0x81,0x21,0x02,0xbe,0x8c,0x10,0x01,0x20,0x81,0x71,0x97,0xdc,0x88,0x11,0x18,0x22,
  0x93,0xc9,0x1b,0x20,0x83,0x11,0x00,0xaf,0x8c,0x11,0x12,0x18,0x99,0x72,0x97,0xcc,0x19,0x10,0x00,0x22,
  0x02,0xda,0x0a,0x22,0x03,0x80,0x80,0xbd,0x8d,0x30,0x12,0x88,0x1b,0x7a,0x07,0xdc,0x09,0x11,0x18,0x11,
  0x03,0xca,0x0b,0x52,0x02,0x88,0x88,0xba,0x9e,0x20,0x14,0xa8,0x99,0x69,0x07,0xd9,0x0b,0x28,0x81,0x02,
  0x33,0x99,0xad,0x00,0x15,0x00,0x09,0xa9,0xd9,0x88,0x32,0x11,0xab,0x8a,0x77,0xc2,0x9e,0x00,0x02,0x00,
  0x20,0x10,0xba,0x9b,0x43,0x23,0xa9,0x99,0xb8,0xca,0x39,0x35,0xa1,0xeb,0x74,0x92,0xcd,0x89,0x22,0x01,
  0x08,0x11,0xa1,0xac,0x38,0x34,0xa2,0xbb,0x09,0x88,0xaa,0x32,0x16,0xc9,0x2c,0x67,0xb8,0x9e,0x18,0x12,
  0x81,0x88,0x20,0x88,0x9a,0x30,0x25,0xa0,0x9d,0x09,0x01,0xa0,0x08,0x20,0xd9,0x74,0x03,0xdd,0x9b,0x21,
  0x33,0x80,0x8a,0x21,0x80,0xaa,0x42,0x34,0xb9,0xbe,0x09,0x13,0x80,0x8b,0x19,0x70,0x27,0xd0,0xbd,0x19,
  0x32,0x13,0xa1,0x99,0x19,0x18,0x28,0x33,0x85,0xda,0x9c,0x19,0x23,0xa2,0xc9,0x99,0x74,0x06,0xea,0x9b,
  0x10,0x24,0x01,0x8a,0x09,0x01,0x91,0x08,0x40,0x10,0xcb,0xcb,0x10,0x33,0x80,0xad,0x4a,0x47,0xb2,0xce,
  0x0a,0x40,0x22,0x90,0xa9,0x08,0x11,0x00,0x00,0x11,0xa1,0xdc,0x9a,0x40,0x22,0xa8,0xdb,0x71,0x33,0xdb,
  0xbe,0x18,0x33,0x14,0xa9,0x8b,0x28,0x12,0x81,0x18,0x11,0xa8,0xbf,0x89,0x42,0x03,0xba,0x0e,0x54,0x92,
  0xfc,0x9a,0x30,0x33,0x92,0xba,0x09,0x31,0x02,0x80,0x30,0x11,0xdc,0xac,0x19,0x34,0x91,0xea,0x48,0x24,
  0xe8,0xbd,0x19,0x52,0x12,0x98,0x9a,0x18,0x12,0x81,0x00,0x12,0xa0,0xdd,0x9a,0x31,0x14,0xa8,0xad,0x63,
  0x03,0xfb,0x9d,0x28,0x42,0x01,0x99,0x8a,0x11,0x11,0x80,0x20,0x12,0xc8,0xae,0x0a,0x32,0x03,0xda,0x8b,
  0x37,0x92,0xde,0x9a,0x20,0x34,0x80,0x99,0x09,0x12,0x81,0x00,0x43,0x12,0xeb,0xbb,0x19,0x33,0x92,0xcd,
  0x39,0x37,0xc8,0xbe,0x8a,0x42,0x23,0x90,0x9a,0x18,0x22,0x81,0x21,0x34,0x82,0xce,0xab,0x20,0x33,0xb8,
  0xcd,0x50,0x13,0xfb,0xad,0x18,0x33,0x02,0xa8,0x09,0x22,0x02,0x09,0x51,0x24,0xa0,0xae,0x0a,0x21,0x90,
  0xc8,0x8b,0x57,0x91,0xcd,0x9b,0x20,0x33,0x81,0x8a,0x20,0x33,0x91,0x88,0x44,0x23,0xb8,0xad,0x09,0x11,
  0xb8,0xbf,0x3a,0x77,0xa0,0xbc,0x9b,0x21,0x23,0x98,0x19,0x52,0x22,0x88,0x09,0x42,0x13,0xa8,0x9c,0x08,
  0x91,0xd8,0xcb,0x79,0x27,0xd8,0xcb,0x89,0x12,0x81,0x98,0x28,0x34,0x03,0x90,0x08,0x33,0x13,0xba,0x9d,
  0x08,0x91,0xfb,0xaa,0x70,0x37,0xd8,0xac,0x09,0x20,0x88,0x99,0x30,0x34,0x03,0x80,0x00,0x24,0x81,0xb9,
  0xab,0x80,0xa8,0xad,0x9c,0x70,0x67,0xa9,0xbb,0x09,0x10,0xa8,0x99,0x41,0x34,0x02,0x00,0x30,0x33,0xa1,
  0xca,0xab,0x09,0xa9,0xbc,0x9b,0x7a,0x77,0xa2,0xad,0x89,0x00,0x98,0x9a,0x20,0x25,0x12,0x10,0x31,0x33,
  0x91,0xb9,0x8a,0x9a,0xbe,0xac,0x9a,0xa8,0x77,0x87,0xa9,0x8b,0x88,0x88,0xa9,0x08,0x53,0x22,0x20,0x40,
  0x22,0x01,0x99,0x98,0xa8,0xeb,0xba,0xa9,0x99,0x7b,0x77,0xa0,0xaa,0x89,0x88,0xa9,0x0a,0x40,0x33,0x21,
  0x32,0x25,0x02,0x00,0x08,0xa9,0xdb,0xca,0xaa,0xaa,0xab,0x70,0x77,0xb0,0x9a,0x90,0xb8,0x9a,0x08,0x33,
  0x23,0x44,0x34,0x11,0x10,0x08,0xa9,0xcb,0xbb,0xca,0xba,0xb9,0xc1,0x77,0x07,0xa9,0x89,0x98,0xaa,0x9a,
  0x10,0x11,0x22,0x26,0x14,0x12,0x12,0x81,0x99,0xab,0xbc,0xbc,0xbb,0xab,0x1a,0x77,0x87,0x99,0x88,0xa9,
  0xab,0x09,0x00,0x11,0x53,0x34,0x23,0x22,0x13,0x90,0xaa,0xbc,0xbd,0xac,0xaa,0x9a,0x1a,0x77,0x86,0x8a,
  0x08,0xb9,0xac,0x08,0x00,0x00,0x43,0x34,0x22,0x31,0x12,0x90,0xab,0xcb,0xcc,0xbb,0xaa,0xa9,0x09,0x77,
  0x87,0x99,0x08,0x99,0xbb,0x09,0x00,0x10,0x42,0x35,0x22,0x12,0x13,0xa2,0xb9,0xac,0xcb,0xad,0x9b,0x89,
  0x99,0x76,0x05,0xa8,0x88,0xa8,0xbc,0x9b,0x08,0x10,0x30,0x36,0x34,0x12,0x22,0x12,0x99,0xbb,0xbc,0xbc,
  0xbc,0xaa,0x99,0x71,0x57,0x98,0x89,0x98,0xdb,0x9a,0x08,0x01,0x30,0x63,0x23,0x21,0x12,0x02,0xa9,0xbb,
  0xb9,0xda,0x9c,0x9a,0x8a,0x4a,0x77,0x93,0xaa,0xa9,0xeb,0xaa,0x00,0x01,0x31,0x44,0x23,0x12,0x21,0x80,
  0x99,0xb9,0xb9,0xaa,0x9b,0xaa,0xba,0x8c,0x5e,0x77,0xa2,0xab,0xaa,0xad,0x8a,0x10,0x22,0x43,0x24,0x12,
  0x21,0x08,0x88,0x81,0x90,0x89,0xaa,0xad,0xbb,0xcb,0xaa,0xc9,0x77,0x17,0xbb,0xaa,0xbb,0x09,0x33,0x32,
  0x53,0x12,0x00,0x22,0x12,0x11,0x81,0xc8,0xb9,0xbb,0x9d,0x9c,0x9b,0x9b,0xca,0x76,0x47,0xca,0xaa,0x99,
  0x19,0x32,0x12,0x10,0x11,0x12,0x25,0x22,0x09,0x9a,0xab,0xaa,0xc8,0xca,0xbb,0x9c,0x0b,0x08,0xa1,0x77,
  0x67,0xbb,0x8b,0x99,0x20,0x16,0x91,0x08,0x28,0x18,0x32,0x93,0xc9,0x98,0x89,0x0b,0x80,0xda,0x9b,0x88,
  0x89,0x34,0xa5,0x77,0x85,0xcc,0x89,0x88,0x10,0x43,0x90,0x89,0x11,0x80,0x32,0x84,0xba,0x0a,0x98,0x9b,
  0x02,0xf9,0x9b,0x22,0x88,0x38,0x84,0x7a,0x77,0xb8,0x9c,0x08,0x09,0x40,0x03,0xa9,0x00,0x81,0x10,0x34,
  0xa0,0x9b,0x08,0xac,0x29,0x93,0xdb,0x90,0xb0,0x09,0x53,0x80,0x72,0x77,0xca,0x8a,0x80,0x09,0x44,0x80,
  0x8a,0x00,0x89,0x33,0x86,0x98,0x09,0x9b,0x1a,0x03,0xb0,0x98,0xbb,0x1f,0x48,0x80,0x01,0x71,0x37,0xea,
  0x9a,0x88,0x19,0x34,0xa1,0x88,0xa0,0x0a,0x36,0x81,0x08,0xa8,0x9d,0x01,0xa2,0x01,0x98,0x8f,0x08,0x80,
  0x11,0x82,0x8b,0x77,0x94,0x9d,0xa8,0x9a,0x24,0x11,0x38,0x99,0x9c,0x04,0x82,0x33,0xa9,0x0e,0x89,0x89,
  0x04,0xb1,0x19,0x9c,0x1b,0x03,0x82,0x04,0xc9,0x73,0x17,0x9c,0xb8,0xac,0x23,0x02,0x51,0x98,0x0c,0x01,
  0x18,0x25,0x99,0x08,0xcb,0x18,0x92,0x38,0x88,0x9f,0xa1,0x90,0x33,0x08,0x38,0x1c,0x77,0xc1,0x09,0xdc,
  0x08,0x02,0x42,0x90,0x2a,0x9a,0x49,0x84,0x11,0xa1,0x0d,0x99,0x88,0x85,0x90,0x80,0x0e,0x09,0x80,0x84,
  0x81,0x3b,0x5e,0x87,0x88,0xa8,0x8f,0x80,0x18,0x04,0x00,0x88,0x0b,0x01,0x11,0x86,0x88,0x89,0x0c,0x80,
  0x80,0x82,0x8a,0xa8,0x09,0x31,0x59,0x80,0x89,0xf1,0x77,0x98,0x90,0xeb,0x80,0x08,0x32,0x00,0x82,0xab,
  0x01,0x38,0x17,0x19,0xa8,0x8c,0x98,0x28,0x82,0x39,0xad,0x89,0xa0,0x24,0x81,0x83,0x0b,0x1b,0x77,0x23,
  0xf9,0x8e,0xa8,0x20,0x03,0x31,0xa9,0x88,0xb0,0x17,0x30,0x19,0xbb,0xf1,0x80,0x01,0x49,0x8a,0xa8,0xb0,
  0x02,0x49,0x81,0x02,0x90,0x88,0x77,0x11,0xf1,0xab,0xc8,0x38,0x11,0x33,0xb0,0x81,0x0d,0x22,0x31,0xb5,
  0x90,0xac,0x1a,0x98,0x06,0x08,0x0a,0x0e,0x90,0x02,0x93,0x11,0x2c,0x2c,0x7b,0x97,0x11,0x9d,0x8a,0x8b,
  0x84,0x32,0x01,0x2a,0xcb,0xa3,0x23,0x53,0x3c,0xba,0xc0,0x90,0x11,0x29,0xb1,0x9a,0xd8,0x11,0x20,0x71,
  0x2b,0xe1,0xb3,0x76,0x2a,0xd0,0x98,0xaa,0x28,0x39,0x04,0x11,0xa8,0x10,0x19,0x05,0x20,0x98,0x0c,0xdb,
  0xa2,0x28,0x19,0x3b,0xba,0xb5,0x11,0x20,0x28,0xb2,0x02,0xb9,0x77,0x74,0xca,0xb8,0x9b,0xa2,0x70,0x10,
  0x81,0xa1,0x93,0x69,0x09,0x92,0x90,0xa8,0x2a,0x0d,0xb1,0x82,0x09,0x09,0x1a,0x92,0x52,0x4b,0xd2,0xa4,
  0x01,0x37,0x7b,0xaa,0xf1,0x89,0x88,0x20,0x10,0xa4,0x21,0x2b,0x81,0x02,0x82,0x28,0x0f,0xb9,0xa1,0xa0,
  0x81,0x3d,0xab,0x95,0x58,0x19,0x92,0x01,0x19,0x1a,0x47,0x70,0x8c,0xe0,0x89,0x09,0x10,0x20,0x92,0x13,
  0x3a,0x81,0x42,0x19,0xd1,0xa0,0x9a,0x2b,0x1e,0xa8,0xb3,0x28,0x3b,0x09,0xa6,0x13,0x5a,0x89,0xc3,0x47,
  0x79,0x8b,0xf0,0x80,0x0a,0x00,0x10,0x81,0x12,0x49,0x19,0x81,0xa3,0x82,0x2c,0x8d,0xc0,0x91,0x88,0x19,
  0x0a,0xb1,0x13,0x6a,0x88,0x83,0x20,0x08,0x77,0x68,0xf2,0xa1,0x1b,0x9b,0x91,0x11,0x02,0x50,0x3a,0x91,
  0x85,0x20,0x08,0x1a,0xe9,0xb2,0x29,0x1e,0xa8,0x81,0x19,0x88,0x11,0x20,0x11,0x10,0xe4,0x57,0x6b,0xb8,
  0xb2,0x1c,0xab,0x92,0x38,0x08,0x04,0x38,0x92,0x06,0x38,0x09,0xa0,0xb0,0xc8,0x88,0x1e,0x9a,0xd2,0x11,
  0x4c,0x89,0xa4,0x02,0x28,0x08,0x37,0x6a,0xd0,0xb2,0x1c,0x8c,0x90,0x00,0x00,0x21,0x49,0x91,0x87,0x30,
  0x3b,0xa8,0xa2,0x89,0x0b,0x8c,0xba,0xc2,0x18,0x2b,0x91,0x05,0x40,0x10,0xa3,0x77,0x59,0xb8,0xd3,0x1a,
  0x9c,0xa1,0x28,0x89,0x94,0x40,0x19,0x95,0x22,0x3a,0xb0,0x93,0x1b,0xab,0xaa,0xdb,0xd1,0x28,0x2f,0x98,
  0xa4,0x12,0x49,0x29,0x97,0x32,0x2d,0xd9,0xa1,0x0a,0x99,0x18,0x2b,0xc2,0x85,0x58,0x18,0x93,0x12,0x19,
  0xb1,0x10,0x0e,0xc8,0xb1,0x1a,0x9b,0xc0,0x81,0x38,0x49,0x20,0x73,0x97,0x14,0x4c,0x9b,0xd1,0x80,0x0a,
  0x88,0x08,0x98,0x94,0x41,0x4a,0x91,0x85,0x10,0x08,0x80,0x09,0xb9,0xb0,0x2e,0x8d,0xd1,0x01,0x3b,0x89,
  0xa3,0x37,0x7a,0x98,0xb4,0x18,0x0d,0xb0,0x82,0x2a,0x99,0x81,0x10,0x01,0x23,0x68,0x80,0x94,0x20,0x2b,
  0x99,0x99,0xf9,0xd2,0x28,0x2e,0xa8,0xa2,0x11,0x7a,0x20,0xb7,0x82,0x2d,0xaa,0xc2,0x10,0x0a,0x91,0x20,
  0x2a,0xa3,0x25,0x5a,0xa0,0x95,0x49,0x0b,0xb1,0x81,0x0b,0xb8,0x08,0x0c,0xb0,0x12,0x4d,0x59,0xa7,0x85,
  0x5a,0x0c,0xc1,0x00,0x1a,0x98,0x81,0x19,0x80,0x12,0x7a,0x88,0xa4,0x21,0x3b,0xa8,0xb3,0x80,0x99,0xa8,
  0x1b,0x9d,0xc1,0x01,0x4c,0x6b,0xb4,0x87,0x49,0x0d,0xb0,0x92,0x29,0x1a,0x88,0x90,0xa3,0x23,0x7b,0x08,
  0x92,0xd2,0x80,0x80,0x80,0x80,0x08,0x80,0x08,0x80,0x08,0x08,0x80,0x08,0x80,0x08,0x80,0x08,0x80,0x08,
  0x80,0x08,0x80,0x80,0x80,0x80,0x08,0x08,0x08,0x09,0x00,0x00,0x00,0x00,0x00,0x00,0x00,0x00,0x00,0x00,
  0x00,0x00,0x00,0x00,0x00,0x00,0x00,0x00,0x00,0x00,0x00,0x00,0x00,0x00,0x00,0x00,0x00,0x00,0x00,0x00,
  0x00,0x00,0x00,0x00,0x00,0x00,0x00,0x00,0x00,0x00,0x00,0x00,0x00,0x00,0x00,0x00,0x00,0x00,0x00,0x00,
  0x00,0x00,0x00,0x00,0x00,0x00,0x00,0x00,0x00,0x00,0x00,0x00,0x00,0x00,0x00,0x00,0x00,0x00,0x00,0x00,
  0x00,0x00,0x00,0x00,0x00,0x00,0x00,0x00,0x00,0x00,0x00,0x00,0x00,0x00,0x00,0x00,0x00,0x00,0x00,0x00,
  0x00,0x00,0x00,0x00,0x00,0x00,0x00,0x00,0x00,0x00,0x00,0x00,0x00,0x00,0x00,0x00,0x00,0x00,0x00,0x00,
  0x00,0x00,0x00,0x00,0x00,0x00,0x00,0x00,0x00,0x00,0x00,0x00,0x00,0x00,0x00,0x00,0x00,0x00,0x00,0x00,
  0x00,0x00,0x00,0x00,0x00,0x00,0x00,0x00,0x00,0x00,0x00,0x00,0x00,0x00,0x00,0x00,0x00,0x00,0x00,0x00,
  0x00,0x00,0x00,0x00,0x00,0x00,0x00,0x00,0x00,0x00,0x00,0x00,0x00,0x00,0x00,0x00,0x00,0x00,0x00,0x00,
  0x00,0x00,
};
static constexpr VoiceClip alertsVibrationOnlyClip = {
  alertsVibrationOnlyData, sizeof(alertsVibrationOnlyData), 8723, 8000
};
// "Silent"
static const uint8_t alertsSilentData[] = {
  0x00,0x00,0x00,0x00,0x00,0x00,0x00,0x00,0x00,0x00,0x00,0x00,0x00,0x00,0x00,0x00,0x00,0x00,0x00,0x70,
  0x7f,0xff,0xc7,0x30,0x6a,0x2e,0xa8,0x93,0x20,0x1b,0x2a,0xf3,0x22,0x1d,0x08,0xf0,0x94,0x00,0x29,0x0a,
  0x90,0x81,0xa2,0x91,0x91,0xc8,0x92,0x12,0x3d,0x7d,0x99,0xb2,0x01,0x38,0x4b,0x8d,0x32,0x2b,0xe1,0xb2,
  0xa1,0x78,0x8a,0x20,0xb8,0xa4,0x29,0x08,0x92,0x0a,0x32,0x1f,0xd6,0x81,0x08,0x38,0x0e,0x02,0x0b,0x03,
  0xaa,0xc5,0x28,0xa4,0x29,0xb9,0x7b,0xa1,0x00,0xb8,0x52,0x0a,0xa1,0xc8,0x85,0x88,0x28,0x99,0x40,0xa8,
  0x08,0x5b,0x19,0x92,0x2d,0xf3,0x28,0x00,0x28,0x8c,0xe1,0xa6,0x81,0x5b,0x8b,0x03,0xd5,0x81,0x29,0x3b,
  0x89,0xd5,0x81,0x10,0x4c,0x09,0x98,0xb2,0x50,0x89,0x08,0xd0,0x31,0x89,0x18,0xab,0x97,0x91,0x40,0x1d,
  0xa8,0x13,0xc1,0x00,0xa8,0x30,0x29,0xe0,0x00,0xc5,0x20,0x88,0x4b,0xaa,0x04,0xc2,0x40,0x0f,0x11,0xc0,
  0x82,0x3a,0x3a,0xab,0x93,0xc6,0x01,0x29,0x80,0x90,0x0a,0x38,0x1d,0x01,0xb4,0xc0,0xa0,0x71,0x19,0xc0,
  0xb1,0x03,0x79,0xba,0x94,0x91,0x43,0x8f,0x11,0x1b,0xd5,0x29,0x18,0x59,0xc8,0xa3,0x08,0x30,0x2f,0xc1,
  0xa2,0x93,0x5b,0x8a,0xa2,0xb4,0x20,0x4a,0x8a,0xc1,0xa4,0x38,0x1d,0x29,0xa1,0x92,0x98,0x93,0x4c,0x20,
  0x9c,0x82,0xd0,0x13,0x09,0x2b,0x0e,0x14,0x89,0x92,0x8f,0x03,0x09,0x91,0x3e,0x92,0x80,0xf2,0x3a,0x18,
  0x12,0xbc,0x42,0x3d,0x90,0xc0,0xa2,0x48,0x3a,0x19,0xf2,0xb3,0x49,0x5b,0x0b,0xc3,0xb4,0x20,0x3b,0x2b,
  0xf0,0xa2,0x02,0x59,0x1a,0x09,0xd1,0x93,0x39,0x3b,0x9a,0xd6,0x01,0x29,0x4b,0xc0,0x92,0x81,0x40,0x0c,
  0x00,0xb8,0x94,0x91,0x2a,0x2b,0x89,0x85,0xc4,0x01,0x3d,0x3b,0x98,0xb7,0x80,0x6a,0x1a,0x90,0xc2,0x01,
  0x39,0x3b,0xc8,0xb1,0x84,0x4b,0x19,0x89,0x97,0x88,0x10,0x09,0xa0,0xe0,0x08,0x01,0x38,0x80,0xa8,0x55,
  0x82,0xbb,0xca,0x8c,0x21,0x12,0x22,0xa0,0x8b,0x10,0x48,0x25,0xa8,0xa0,0xdb,0x2c,0x11,0x80,0x94,0xaa,
  0x2d,0x77,0x98,0x9b,0xaa,0x08,0x34,0x20,0x10,0xc8,0x09,0x12,0x20,0x04,0xc9,0x9b,0xaa,0x00,0x05,0x88,
  0x0a,0xca,0x72,0x47,0xca,0x9a,0x8a,0x31,0x15,0x80,0x00,0xab,0x28,0x04,0x20,0x80,0xae,0x89,0x90,0x32,
  0x10,0x8d,0xa0,0xa0,0x77,0xb3,0x9e,0xa8,0x00,0x34,0x00,0x08,0xb9,0x1a,0x43,0x18,0x81,0xfb,0x09,0x00,
  0x28,0x83,0xca,0x08,0x88,0x70,0x37,0xdb,0x8b,0x89,0x41,0x14,0x88,0x89,0xba,0x41,0x23,0x09,0xd8,0xca,
  0x21,0x10,0x10,0xc0,0xaa,0x21,0x28,0x73,0x07,0xbd,0x0a,0x19,0x53,0x93,0x99,0x89,0x8a,0x25,0x92,0x0a,
  0xab,0x8c,0x16,0x80,0x18,0xbb,0x08,0x05,0x80,0x75,0xc1,0xad,0x80,0x20,0x43,0xb1,0x9a,0x80,0x49,0x42,
  0xb9,0x99,0x89,0x6a,0x02,0xb8,0x80,0x0b,0x48,0x94,0xa0,0x77,0xaa,0x8d,0x81,0x20,0x33,0xba,0x8a,0x91,
  0x60,0x11,0xda,0x80,0x88,0x40,0x91,0xb9,0x92,0x19,0x60,0x90,0x19,0x47,0xdc,0x1a,0x00,0x12,0x84,0xab,
  0x18,0x92,0x32,0xa2,0x9f,0x00,0x80,0x31,0xa8,0x8d,0x82,0x00,0x32,0xbb,0x7b,0x37,0xdd,0x19,0x00,0x21,
  0x82,0xbb,0x39,0x82,0x32,0xb1,0xbf,0x21,0x80,0x12,0xd0,0x0b,0x21,0x00,0x22,0xea,0x4b,0x47,0xcc,0x1a,
  0x01,0x12,0x03,0x9e,0x29,0x82,0x01,0x91,0x8f,0x10,0x91,0x01,0x98,0x0d,0x22,0x90,0x08,0xb8,0x6a,0x37,
  0xcd,0x1a,0x01,0x21,0x03,0x9e,0x18,0x92,0x11,0xa1,0x8e,0x20,0x80,0x10,0xa8,0x0c,0x12,0x00,0x10,0xea,
  0x00,0x77,0xaa,0x8c,0x82,0x21,0x22,0xbc,0x88,0x83,0x51,0x88,0xbc,0x11,0x81,0x31,0xb8,0x9c,0x22,0x18,
  0x21,0xfa,0x09,0x76,0xb0,0xad,0x01,0x30,0x23,0xf8,0x88,0x10,0x28,0x92,0xca,0x18,0x18,0x21,0xb1,0x8c,
  0x18,0x10,0x04,0xc9,0x19,0x79,0x87,0xcc,0x18,0x28,0x32,0xd2,0x8a,0x18,0x10,0x04,0xaa,0x1b,0x88,0x23,
  0x94,0x8e,0x08,0x80,0x14,0x99,0x0a,0x28,0x77,0xcb,0x1b,0x80,0x34,0x93,0x9d,0x80,0x00,0x15,0xa9,0x0a,
  0xa8,0x23,0x03,0x8e,0x98,0x80,0x15,0x09,0x0b,0xb8,0x77,0xb9,0x8b,0x91,0x52,0x03,0x9c,0x88,0x08,0x34,
  0xb8,0x8a,0xa9,0x60,0x82,0x99,0x98,0x1b,0x34,0x98,0x88,0xea,0x74,0xe3,0xaa,0x80,0x68,0x12,0x9a,0x88,
  0x8a,0x34,0x98,0x98,0xba,0x40,0x03,0x09,0xc8,0x0b,0x33,0x00,0x91,0xbd,0x78,0x87,0x9c,0x99,0x39,0x17,
  0x98,0x80,0x9b,0x23,0x92,0x10,0xcc,0x19,0x84,0x38,0xa8,0x9c,0x83,0x38,0x12,0xbc,0x70,0x07,0xac,0x99,
  0x89,0x26,0x81,0x09,0xba,0x21,0x84,0x38,0xca,0x9a,0x03,0x48,0x10,0x9d,0x80,0x91,0x33,0x8b,0x0b,0x77,
  0xb9,0x8c,0xb9,0x54,0x01,0x08,0xc8,0x19,0x22,0x18,0xb1,0xbc,0x21,0x19,0x34,0xf8,0x88,0x89,0x40,0x92,
  0x90,0x74,0xd0,0xaa,0xb0,0x78,0x11,0x88,0xa1,0x1b,0x21,0x80,0x94,0xba,0x4a,0x89,0x12,0xc2,0x2b,0x0a,
  0x18,0x97,0x00,0x79,0xb6,0xaa,0x99,0x4b,0x33,0x91,0x82,0x8e,0x28,0x81,0x13,0xba,0x1d,0x89,0x21,0xa5,
  0x88,0x89,0x1c,0x12,0x81,0x71,0x07,0xad,0x89,0x8b,0x25,0x01,0x10,0xca,0x18,0x82,0x41,0x90,0x9c,0xa0,
  0x19,0x14,0x98,0x80,0x9c,0x30,0x81,0x32,0x77,0xc9,0x9b,0xca,0x33,0x14,0x38,0xb9,0xab,0x85,0x21,0x23,
  0x9d,0xa9,0xb8,0x43,0x00,0x29,0xea,0x88,0x12,0x28,0x77,0xb0,0xab,0xd9,0x39,0x43,0x00,0x92,0xbb,0x38,
  0x28,0x62,0xc2,0x99,0x99,0x1c,0x13,0x90,0x82,0xbc,0x29,0x01,0x71,0x47,0xbb,0x0b,0xad,0x30,0x05,0x10,
  0x81,0x9d,0x11,0x80,0x42,0x90,0x9b,0xb0,0x8b,0x34,0x98,0x10,0xdb,0x0a,0xa3,0x76,0x04,0xbc,0xa8,0xba,
  0x61,0x12,0x00,0x92,0xcb,0x20,0x01,0x41,0x92,0xcb,0x88,0x9b,0x48,0x83,0x98,0xc2,0xcb,0x68,0x37,0xb8,
  0xab,0xca,0x8b,0x44,0x12,0x20,0x90,0xac,0x11,0x02,0x52,0x00,0xac,0xa9,0xc8,0x10,0x32,0x0a,0x0a,0xd9,
  0x09,0x77,0xa3,0x9d,0x99,0xaa,0x42,0x14,0x18,0x00,0xb9,0x1a,0x15,0x01,0x11,0xb9,0xad,0x08,0x90,0x10,
  0x82,0xbc,0x0b,0x39,0x77,0x87,0xac,0x89,0x89,0x38,0x25,0x80,0x08,0x88,0x8a,0x41,0x04,0x90,0x08,0xaa,
  0x9d,0x00,0x81,0x89,0x08,0xbb,0x8c,0x77,0x87,0xba,0x8a,0x98,0x18,0x53,0x12,0x98,0x09,0x98,0x18,0x53,
  0x11,0x99,0x9a,0xba,0x9a,0x21,0x80,0xab,0xbb,0xbc,0x7a,0x77,0xa5,0xbc,0x89,0x10,0x10,0x32,0x03,0xa9,
  0x8a,0x31,0x42,0x22,0x81,0xc9,0xbb,0x8b,0x09,0x80,0xb9,0xeb,0xab,0x99,0x74,0x77,0xc0,0xbb,0x08,0x12,
  0x11,0x22,0x01,0xa9,0x9a,0x32,0x26,0x01,0x98,0xa9,0xbb,0xaa,0x11,0x81,0xbb,0xae,0xaa,0xa9,0x75,0x77,
  0xb8,0xac,0x19,0x11,0x11,0x21,0x11,0xa9,0x9b,0x41,0x24,0x01,0x99,0xa8,0xaa,0x9b,0x09,0x10,0xc9,0xbc,
  0x9b,0x08,0x68,0x77,0x87,0xcb,0x8b,0x11,0x11,0x11,0x11,0x81,0xc9,0x09,0x63,0x12,0xa8,0xaa,0x89,0x98,
  0x09,0x11,0x92,0xeb,0xab,0x18,0x12,0x70,0x77,0xb2,0xcd,0x09,0x11,0x11,0x00,0x11,0xa8,0xaa,0x30,0x35,
  0x01,0x99,0x8a,0x99,0x9a,0x28,0x12,0xd9,0xbc,0x8a,0x18,0x00,0x71,0x77,0xb2,0xaf,0x09,0x12,0x02,0x00,
  0x80,0xa8,0x9a,0x52,0x33,0x91,0xba,0x9a,0x88,0x00,0x31,0x80,0xbf,0xac,0x08,0x22,0x11,0x28,0x77,0x97,
  0xbd,0x09,0x31,0x02,0x80,0x08,0x99,0x8a,0x61,0x33,0x91,0xcb,0x99,0x10,0x01,0x01,0x88,0xbd,0x9c,0x18,
  0x23,0x90,0xc9,0x72,0x77,0xc9,0xab,0x11,0x13,0x81,0x08,0x98,0x98,0x19,0x54,0x02,0x98,0x8a,0x09,0x18,
  0x01,0x91,0xfb,0xba,0x09,0x11,0x81,0x98,0xb9,0x77,0x17,0xcd,0x0a,0x21,0x12,0x08,0x80,0xa8,0x9a,0x51,
  0x25,0x91,0xaa,0x8a,0x18,0x00,0x12,0xa0,0xcd,0xab,0x10,0x13,0x81,0xa9,0xa9,0x77,0x17,0xcd,0x89,0x12,
  0x11,0x00,0x00,0xa9,0x8b,0x51,0x24,0x91,0xaa,0x99,0x88,0x28,0x22,0xa1,0xce,0x9a,0x18,0x11,0x10,0x80,
  0xca,0x75,0x37,0xdc,0x8b,0x21,0x11,0x18,0x10,0xa8,0xbb,0x40,0x26,0x81,0x9a,0x89,0x99,0x18,0x32,0x92,
  0xcd,0x9b,0x18,0x21,0x10,0x81,0xc9,0x5c,0x77,0xc2,0xbc,0x18,0x12,0x00,0x21,0x81,0xcc,0x1a,0x53,0x11,
  0x98,0x98,0xa9,0x89,0x41,0x13,0xc9,0xbb,0x89,0x00,0x31,0x32,0xb9,0xce,0x74,0x17,0xeb,0x0a,0x11,0x80,
  0x11,0x11,0xb9,0x9c,0x41,0x23,0x90,0x98,0xa8,0xba,0x30,0x25,0xa0,0xbc,0x9a,0x80,0x01,0x33,0x91,0xae,
  0x0a,0x77,0x87,0xbc,0x19,0x11,0x18,0x21,0x92,0xeb,0x09,0x42,0x02,0x88,0x98,0xa9,0x8b,0x43,0x03,0xca,
  0x9b,0x99,0x88,0x33,0x06,0xb9,0x9a,0x78,0x77,0xb0,0xad,0x10,0x01,0x18,0x22,0xa8,0xac,0x30,0x23,0x02,
  0x80,0xba,0x9e,0x28,0x23,0xa0,0xb9,0xac,0x8a,0x40,0x33,0x89,0xac,0x89,0x71,0x77,0xd8,0x8b,0x01,0x80,
  0x42,0x82,0xbb,0x0a,0x22,0x23,0x14,0xb0,0xad,0x0a,0x31,0x02,0xa1,0xea,0x9a,0x00,0x10,0x38,0x89,0x9d,
  0x80,0x77,0x07,0xbc,0x0a,0x01,0x18,0x34,0xa0,0xac,0x10,0x11,0x32,0x03,0xdb,0x8b,0x00,0x11,0x13,0xc8,
  0xad,0x89,0x10,0x22,0x01,0xab,0x0d,0x18,0x77,0x97,0xbc,0x18,0x80,0x30,0x14,0xc9,0x09,0x81,0x28,0x34,
  0xa0,0xab,0x88,0x98,0x52,0x82,0xbc,0x89,0x99,0x49,0x23,0xa9,0x9a,0x90,0x79,0x77,0xe2,0x8b,0x00,0x89,
  0x53,0x92,0xab,0x01,0x98,0x51,0x13,0xaa,0x89,0xa8,0x2a,0x16,0xb0,0x99,0x98,0x8b,0x41,0x80,0x99,0x90,
  0x99,0x71,0x77,0xe8,0x89,0x80,0x19,0x25,0xa0,0x8a,0x80,0x09,0x35,0xa2,0x89,0x90,0x9e,0x21,0x92,0x98,
  0x91,0xbc,0x38,0x02,0x08,0x12,0xad,0x2a,0x77,0x96,0xbb,0x09,0xa9,0x51,0x14,0xa9,0x19,0x9a,0x48,0x24,
  0x98,0x80,0xc9,0x09,0x23,0x80,0x19,0xbc,0x8d,0x02,0x92,0x02,0xd0,0x8a,0x20,0x77,0xb5,0x9c,0x88,0x8a,
  0x44,0x91,0x09,0x90,0x8b,0x63,0x81,0x80,0xa1,0x9c,0x21,0x00,0x18,0xb0,0xad,0x00,0x98,0x42,0x90,0x0d,
  0x18,0x6a,0x57,0xd9,0x09,0x98,0x2a,0x34,0x99,0x18,0xd8,0x08,0x15,0x88,0x11,0xaa,0x2c,0x10,0x09,0x03,
  0xea,0x88,0xb1,0x10,0x23,0x0d,0x29,0x9b,0x70,0x27,0xeb,0x80,0xb9,0x41,0x03,0x09,0x80,0xad,0x22,0x82,
  0x41,0xa1,0x8d,0x00,0x98,0x43,0xa8,0x0b,0xb8,0x8b,0x06,0x90,0x81,0xb9,0x2a,0x71,0x47,0xac,0xa0,0xab,
  0x52,0x82,0x38,0xb0,0x8d,0x22,0x00,0x24,0xc0,0x89,0xa0,0x3a,0x33,0x8c,0x9a,0xbc,0x10,0x94,0x12,0xa0,
  0x8d,0x18,0x79,0x47,0xbb,0xb0,0xad,0x42,0x01,0x20,0xb0,0x9c,0x04,0x10,0x24,0xa9,0x09,0xd9,0x10,0x84,
  0x09,0x88,0x9e,0x10,0xa0,0x22,0xb0,0x0a,0x91,0x7c,0x57,0xaa,0x09,0xbc,0x30,0x82,0x31,0xb3,0x8e,0x11,
  0x2a,0x44,0xa8,0x08,0xc9,0x39,0x01,0x1a,0xb3,0xbd,0x01,0xa9,0x53,0xa0,0x3a,0xd0,0x19,0x77,0xa0,0x09,
  0xbd,0x39,0x82,0x31,0xa5,0x8b,0x10,0x1b,0x27,0xa0,0x01,0xd9,0x18,0x81,0x39,0x80,0x9d,0x91,0xaa,0x15,
  0x98,0x20,0xaa,0x5a,0x70,0x87,0xa9,0xc0,0x9b,0x31,0x38,0x42,0xc9,0x90,0x91,0x61,0x11,0x1a,0xb8,0xaa,
  0x83,0x28,0x32,0x8f,0x99,0xb9,0x13,0x81,0x31,0xba,0x2d,0x08,0x77,0xa5,0x89,0xcd,0x18,0x81,0x41,0x81,
  0x1b,0xa8,0x29,0x07,0x00,0x01,0x9c,0x80,0x89,0x32,0x99,0x19,0xdc,0x08,0x92,0x40,0x80,0x1c,0x88,0x7b,
  0x27,0xa8,0xb0,0xaf,0x28,0x88,0x34,0xb0,0x10,0xba,0x50,0x82,0x31,0xc2,0x8a,0xa0,0x1c,0x83,0x9a,0xa3,
  0x9e,0x10,0x0b,0x33,0xc0,0x12,0xa9,0x7b,0x77,0x98,0xb0,0x9e,0x00,0x08,0x24,0x98,0x00,0xaa,0x40,0x92,
  0x23,0xa2,0x0d,0x89,0x0b,0x85,0x90,0x92,0x9d,0x08,0x99,0x33,0x98,0x38,0xdc,0x78,0x17,0x88,0xa8,0xaf,
  0x00,0x88,0x24,0x90,0x10,0xba,0x30,0x93,0x53,0x91,0x0c,0xa8,0x1b,0x84,0x98,0xa3,0x9d,0x39,0x8b,0x23,
  0xe2,0x01,0x98,0x7c,0x17,0x98,0xa8,0x9f,0x18,0x09,0x23,0xa1,0x01,0xb9,0x78,0x81,0x21,0xb1,0x8a,0x98,
  0x2b,0x22,0x8b,0xb2,0xdd,0x81,0x19,0x50,0x89,0x80,0xc0,0x20,0x77,0x92,0x09,0xbf,0x88,0x90,0x32,0x82,
  0x3a,0xa8,0x2a,0x07,0x11,0x03,0x8c,0x09,0xaa,0x04,0xc1,0x81,0xab,0x2b,0x88,0x20,0xc4,0xa0,0xa1,0x19,
  0x77,0x87,0x88,0xea,0x0a,0x80,0x30,0x03,0x8a,0x91,0x8a,0x26,0x01,0x12,0xea,0x08,0x98,0x31,0x91,0x89,
  0xe9,0x0a,0x00,0x28,0x92,0xc9,0xa1,0x90,0x74,0x37,0x99,0xf8,0xab,0x01,0x28,0x33,0x9b,0x00,0xa9,0x36,
  0x83,0x22,0xc9,0x0b,0x88,0x29,0x94,0x9b,0xaa,0x8f,0x01,0x81,0x12,0x0b,0x0d,0x08,0x13,0x77,0x96,0x88,
  0xcc,0x09,0x90,0x22,0x92,0x1b,0x08,0x5a,0x24,0x81,0x82,0xab,0x29,0x89,0x23,0xe8,0x9a,0xca,0x09,0x03,
  0x18,0x00,0x0e,0x01,0x02,0x74,0x37,0x9a,0xf8,0x9b,0x00,0x19,0x13,0xb9,0x22,0x90,0x74,0x81,0x18,0xa0,
  0x0a,0x82,0x89,0x91,0xcc,0x08,0x99,0x30,0xc2,0x80,0xb2,0x48,0x32,0x3a,0x77,0x87,0x09,0xcd,0x09,0x80,
  0x28,0x91,0x0a,0x12,0x30,0x37,0x80,0x10,0x9a,0x28,0xa0,0x99,0xf9,0x9b,0x08,0x0a,0x11,0xc9,0x11,0x02,
  0x72,0x12,0x79,0x17,0xa8,0xc1,0x9d,0x18,0x8a,0x81,0xb8,0x38,0x31,0x71,0x13,0x80,0x83,0x88,0x31,0xca,
  0x9a,0xec,0x99,0x98,0x0a,0x90,0x89,0x33,0x42,0x54,0x40,0x37,0x80,0x98,0xcc,0x8a,0xb8,0x89,0xc8,0x8c,
  0x01,0x28,0x26,0x01,0x33,0x11,0x44,0x82,0x10,0xb8,0x9c,0xc9,0xac,0xb9,0xae,0x89,0x9a,0x20,0x01,0x77,
  0x04,0x10,0xa9,0x8a,0x98,0x0a,0xb1,0xac,0x90,0x8a,0x44,0x00,0x43,0x80,0x42,0x02,0x41,0x91,0x0a,0xc0,
  0x9c,0xa8,0xad,0x98,0xac,0x08,0x3a,0x77,0x14,0x80,0xdb,0x9a,0x99,0x19,0x80,0x09,0x81,0x30,0x27,0x31,
  0x24,0x10,0x03,0x80,0x10,0xcb,0xba,0xfc,0x99,0xaa,0x8b,0xa9,0x09,0x92,0x77,0x06,0x11,0xa8,0xab,0xb9,
  0x8b,0x80,0x8a,0x81,0x19,0x64,0x21,0x24,0x03,0x32,0x00,0x28,0xc0,0xaa,0xfa,0x9c,0xaa,0x9b,0x98,0x8a,
  0x01,0x20,0x77,0x27,0x00,0xb9,0x9a,0xbb,0x0a,0xa9,0x08,0x90,0x50,0x33,0x63,0x14,0x11,0x13,0x00,0x01,
  0xba,0xb9,0xbf,0xaa,0xbc,0x8b,0xbb,0x09,0x80,0x78,0x77,0x12,0x91,0xaa,0xba,0xac,0x88,0x8a,0x10,0x08,
  0x34,0x23,0x55,0x11,0x31,0x00,0x18,0xb0,0x9b,0xfb,0x9b,0xca,0xaa,0xb8,0x0a,0x01,0x39,0x77,0x23,0x23,
  0xa9,0xab,0xbe,0xaa,0xb9,0x08,0x80,0x42,0x23,0x73,0x12,0x32,0x13,0x20,0x90,0x9a,0xe9,0xbb,0xda,0xab,
  0xaa,0x9c,0x98,0x09,0x73,0x37,0x22,0x90,0xab,0xcc,0xab,0xb9,0x09,0x10,0x50,0x23,0x34,0x24,0x23,0x23,
  0x20,0x80,0xab,0xeb,0xcb,0xbb,0xbc,0xba,0xba,0x99,0x08,0x70,0x67,0x21,0x00,0x9a,0xaa,0xac,0xa9,0x9a,
  0x08,0x00,0x52,0x22,0x44,0x12,0x33,0x13,0x20,0xa1,0xaa,0xeb,0x9e,0xa9,0xb9,0xbb,0xac,0x98,0x78,0x05,
  0x11,0x80,0x88,0x81,0x0a,0x91,0x99,0x02,0x0a,0x31,0x88,0x61,0x90,0x31,0xc0,0x2c,0x51,0x99,0xd6,0x89,
  0x8a,0x3b,0xc1,0x10,0x17,0x28,0xaa,0x80,0x13,0x9c,0x91,0x6a,0x41,0x01,0x83,0x09,0x81,0xcf,0xb2,0xbb,
  0xa8,0xcf,0x10,0x29,0x24,0x85,0x12,0x10,0x80,0x10,0xa9,0xe8,0xab,0xac,0x8a,0x80,0x40,0x12,0x73,0x80,
  0x88,0xb2,0x28,0xb4,0x14,0xc9,0x2e,0xa2,0x19,0x91,0x2a,0x98,0xc8,0x86,0x2a,0x08,0xc1,0xaa,0x07,0x68,
  0x28,0x91,0xa8,0x81,0xba,0x82,0x8b,0xdc,0xb9,0x2a,0xe2,0x28,0x11,0x7b,0x70,0xb1,0xb7,0x84,0x9b,0x18,
  0x9a,0x14,0xa5,0x28,0x0f,0x08,0x90,0x95,0x1a,0x41,0x89,0xe8,0x29,0x01,0x17,0xd9,0x09,0x39,0x3b,0x7e,
  0xb0,0x90,0x38,0x39,0x8a,0x97,0x98,0x2b,0x24,0x0a,0x1c,0xc9,0x82,0x96,0xa1,0x2a,0x6c,0x99,0x02,0xf1,
  0x69,0x89,0x08,0xc1,0x10,0x83,0x31,0x1e,0x8a,0x99,0x84,0x99,0x02,0x2a,0x48,0x3d,0xaa,0xa7,0x81,0x3a,
  0xb3,0xb4,0x92,0x0f,0x88,0x90,0xa4,0x59,0x1a,0x13,0xf0,0x21,0x19,0x2c,0xda,0x82,0x90,0x68,0x09,0x00,
  0xb1,0x01,0x88,0x09,0xc8,0xa3,0x22,0x88,0x12,0xad,0x11,0x02,0xc3,0xd0,0x88,0xb1,0x79,0x0a,0xb1,0x25,
  0x6a,0x1a,0xf8,0x92,0x29,0x4a,0x9a,0xb4,0x12,0x00,0x2d,0xa2,0xb1,0xa5,0x1b,0x91,0x28,0x90,0x3a,0xf3,
  0x80,0x83,0x7c,0x99,0x00,0xa0,0x12,0xd1,0x02,0xab,0x20,0x89,0x68,0x7c,0x98,0xc2,0x91,0x4b,0x19,0x11,
  0xd0,0x01,0xb0,0x85,0x08,0x2c,0x0a,0xa1,0x97,0x00,0x5c,0x1c,0xb1,0xa4,0x21,0x3d,0x2b,0xb8,0xa7,0x80,
  0x49,0x1c,0x91,0xb2,0x02,0x2d,0x29,0x90,0xc3,0x00,0x88,0x81,0x92,0x2c,0x0a,0x00,0xb5,0x22,0x1e,0x88,
  0x00,0x88,0x80,0x00,0x08,0x88,0x00,0x88,0x80,0x00,0x08,0x88,0x80,0x00,0x88,0x00,0x88,0x00,0x08,0x08,
  0x08,0x08,0x88,0x80,0x80,0x80,0x80,0x80,0x00,0x00,0x00,0x00,0x00,0x00,0x00,0x00,0x00,0x00,0x00,0x00,
  0x00,0x00,0x00,0x00,0x00,0x00,0x00,0x00,0x00,0x00,0x00,0x00,0x00,0x00,0x00,0x00,0x00,0x00,0x00,0x00,
  0x00,0x00,0x00,0x00,0x00,0x00,0x00,0x00,0x00,0x00,0x00,0x00,0x00,0x00,0x00,0x00,0x00,0x00,0x00,0x00,
  0x00,0x00,0x00,0x00,0x00,0x00,0x00,0x00,0x00,0x00,0x00,0x00,0x00,0x00,0x00,0x00,0x00,0x00,0x00,0x00,
  0x00,0x00,0x00,0x00,0x00,0x00,0x00,0x00,0x00,0x00,0x00,0x00,0x00,0x00,0x00,0x00,0x00,0x00,0x00,0x00,
  0x00,0x00,0x00,0x00,0x00,0x00,0x00,0x00,0x00,0x00,0x00,0x00,0x00,0x00,0x00,0x00,0x00,0x00,0x00,0x00,
  0x00,0x00,0x00,0x00,0x00,0x00,0x00,0x00,0x00,0x00,0x00,0x00,0x00,0x00,0x00,0x00,0x00,0x00,0x00,0x00,
  0x00,0x00,0x00,0x00,0x00,0x00,0x00,0x00,0x00,0x00,0x00,0x00,0x00,0x00,0x00,0x00,0x00,0x00,0x00,0x00,
  0x00,0x00,0x00,0x00,0x00,0x00,0x00,0x00,0x00,0x00,0x00,0x00,0x00,0x00,0x00,0x00,0x00,0x00,0x00,
};
static constexpr VoiceClip alertsSilentClip = {
  alertsSilentData, sizeof(alertsSilentData), 5717, 8000
};
#endif // HAS_DRV2605
}} // namespace mesh::audio
