// Generated by scripts/generate_compact_arial.py; do not edit.
// Experiments are LOSSLESS: same Arial pixels, all 224 slots and advance widths.
// 2 = glyph RLE (<=91 scratch bytes); 3 = Zopfli 1000 chunks (<=512 scratch).
// Only Arial16 and Arial24 are instantiated; the unused initial Arial10 is not.
#pragma once
#include <stddef.h>
#include <stdint.h>
#if MESH_ARIAL_EXPERIMENT == 3
#include "../ota/tinf/tinf.h"
#endif
#if MESH_ARIAL_EXPERIMENT != 2 && MESH_ARIAL_EXPERIMENT != 3
#error "CompactArialFonts.h is an opt-in experiment for modes 2 and 3 only"
#endif
namespace mesh { namespace ui { namespace arial {
static constexpr size_t kScratchSize = MESH_ARIAL_EXPERIMENT == 2 ? 91 : 512;
struct Font {
  const uint8_t* descriptor;
  const uint8_t* data;
  const uint16_t* offsets;
  const uint16_t* rawLengths;
  uint16_t chunkCount;
  uint16_t dataLength;
};
struct Glyph {
  const uint8_t* data;
  uint8_t width;
  uint8_t length;
  bool drawable;
  bool valid;
};

#if MESH_ARIAL_EXPERIMENT == 2

inline const Font& fontStorage1() {

static const uint8_t FONT_1_DATA[] = {
  0x83, 0x00, 0x01, 0xf8, 0x5f, 0x80, 0x00, 0x00, 0x78, 0x85, 0x00, 0x00, 0x78, 0x80, 0x08, 0x00,
  0x80, 0x78, 0x00, 0xc0, 0x0f, 0x00, 0xb8, 0x08, 0x00, 0x80, 0x08, 0x00, 0x80, 0x78, 0x00, 0xc0,
  0x0f, 0x00, 0xb8, 0x08, 0x00, 0x80, 0x08, 0x00, 0x00, 0x00, 0xe0, 0x10, 0x00, 0x10, 0x21, 0x00,
  0x08, 0x41, 0x00, 0xfc, 0xff, 0x00, 0x08, 0x42, 0x00, 0x10, 0x22, 0x00, 0x20, 0x1c, 0x00, 0x00,
  0x00, 0xf0, 0x00, 0x00, 0x08, 0x01, 0x00, 0x08, 0x01, 0x00, 0x08, 0x61, 0x00, 0xf0, 0x18, 0x00,
  0x00, 0x06, 0x00, 0xc0, 0x01, 0x00, 0x30, 0x3c, 0x00, 0x08, 0x42, 0x00, 0x00, 0x42, 0x00, 0x00,
  0x42, 0x00, 0x00, 0x3c, 0x81, 0x00, 0x18, 0x1c, 0x00, 0x70, 0x22, 0x00, 0x88, 0x41, 0x00, 0x08,
  0x43, 0x00, 0x88, 0x44, 0x00, 0x70, 0x28, 0x00, 0x00, 0x10, 0x00, 0x00, 0x28, 0x00, 0x00, 0x44,
  0x00, 0x00, 0x00, 0x78, 0x00, 0x00, 0x00, 0x80, 0x3f, 0x00, 0x70, 0xc0, 0x01, 0x08, 0x00, 0x02,
  0x00, 0x00, 0x00, 0x08, 0x00, 0x02, 0x70, 0xc0, 0x01, 0x80, 0x3f, 0x10, 0x00, 0x00, 0xd0, 0x00,
  0x00, 0x38, 0x00, 0x00, 0xd0, 0x00, 0x00, 0x10, 0x81, 0x00, 0x12, 0x02, 0x00, 0x00, 0x02, 0x00,
  0x00, 0x02, 0x00, 0xc0, 0x1f, 0x00, 0x00, 0x02, 0x00, 0x00, 0x02, 0x00, 0x00, 0x02, 0x84, 0x00,
  0x01, 0xc0, 0x01, 0x00, 0x08, 0x00, 0x00, 0x08, 0x00, 0x00, 0x08, 0x00, 0x00, 0x08, 0x84, 0x00,
  0x00, 0x40, 0x00, 0x60, 0x00, 0x00, 0x1e, 0x00, 0xe0, 0x01, 0x00, 0x18, 0x00, 0x00, 0x00, 0xe0,
  0x1f, 0x00, 0x10, 0x20, 0x00, 0x08, 0x40, 0x00, 0x08, 0x40, 0x00, 0x08, 0x40, 0x00, 0x10, 0x20,
  0x00, 0xe0, 0x1f, 0x83, 0x00, 0x0a, 0x40, 0x00, 0x00, 0x20, 0x00, 0x00, 0x10, 0x00, 0x00, 0xf8,
  0x7f, 0x00, 0x00, 0x00, 0x20, 0x40, 0x00, 0x10, 0x60, 0x00, 0x08, 0x50, 0x00, 0x08, 0x48, 0x00,
  0x08, 0x44, 0x00, 0x10, 0x43, 0x00, 0xe0, 0x40, 0x00, 0x00, 0x00, 0x20, 0x10, 0x00, 0x10, 0x20,
  0x00, 0x08, 0x41, 0x00, 0x08, 0x41, 0x00, 0x88, 0x41, 0x00, 0xf0, 0x22, 0x00, 0x00, 0x1c, 0x00,
  0x0c, 0x00, 0x00, 0x0a, 0x00, 0x00, 0x09, 0x00, 0xc0, 0x08, 0x00, 0x20, 0x08, 0x00, 0x10, 0x08,
  0x00, 0xf8, 0x7f, 0x00, 0x00, 0x08, 0x00, 0x00, 0x00, 0xc0, 0x11, 0x00, 0xb8, 0x20, 0x00, 0x88,
  0x40, 0x00, 0x88, 0x40, 0x00, 0x88, 0x40, 0x00, 0x08, 0x21, 0x00, 0x08, 0x1e, 0x00, 0x00, 0x00,
  0xe0, 0x1f, 0x00, 0x10, 0x21, 0x00, 0x88, 0x40, 0x00, 0x88, 0x40, 0x00, 0x88, 0x40, 0x00, 0x10,
  0x21, 0x00, 0x20, 0x1e, 0x00, 0x00, 0x00, 0x08, 0x00, 0x00, 0x08, 0x00, 0x00, 0x08, 0x78, 0x00,
  0x08, 0x07, 0x00, 0xc8, 0x00, 0x00, 0x28, 0x00, 0x00, 0x18, 0x00, 0x00, 0x00, 0x60, 0x1c, 0x00,
  0x90, 0x22, 0x00, 0x08, 0x41, 0x00, 0x08, 0x41, 0x00, 0x08, 0x41, 0x00, 0x90, 0x22, 0x00, 0x60,
  0x1c, 0x00, 0x00, 0x00, 0xe0, 0x11, 0x00, 0x10, 0x22, 0x00, 0x08, 0x44, 0x00, 0x08, 0x44, 0x00,
  0x08, 0x44, 0x00, 0x10, 0x22, 0x00, 0xe0, 0x1f, 0x00, 0x00, 0x00, 0x40, 0x40, 0x00, 0x00, 0x00,
  0x40, 0xc0, 0x01, 0x81, 0x00, 0x12, 0x02, 0x00, 0x00, 0x05, 0x00, 0x00, 0x05, 0x00, 0x80, 0x08,
  0x00, 0x80, 0x08, 0x00, 0x80, 0x08, 0x00, 0x40, 0x10, 0x00, 0x00, 0x00, 0x80, 0x08, 0x00, 0x80,
  0x08, 0x00, 0x80, 0x08, 0x00, 0x80, 0x08, 0x00, 0x80, 0x08, 0x00, 0x80, 0x08, 0x00, 0x80, 0x08,
  0x00, 0x00, 0x00, 0x40, 0x10, 0x00, 0x80, 0x08, 0x00, 0x80, 0x08, 0x00, 0x80, 0x08, 0x00, 0x00,
  0x05, 0x00, 0x00, 0x05, 0x00, 0x00, 0x02, 0x00, 0x00, 0x00, 0x60, 0x00, 0x00, 0x10, 0x00, 0x00,
  0x08, 0x00, 0x00, 0x08, 0x5c, 0x00, 0x08, 0x02, 0x00, 0x10, 0x01, 0x00, 0xe0, 0x81, 0x00, 0x2a,
  0x3f, 0x00, 0xc0, 0x40, 0x00, 0x20, 0x80, 0x00, 0x10, 0x1e, 0x01, 0x10, 0x21, 0x01, 0x88, 0x40,
  0x02, 0x48, 0x40, 0x02, 0x48, 0x40, 0x02, 0x48, 0x20, 0x02, 0x88, 0x7c, 0x02, 0xc8, 0x43, 0x02,
  0x10, 0x40, 0x02, 0x10, 0x20, 0x01, 0x60, 0x10, 0x01, 0x80, 0x8f, 0x81, 0x00, 0x18, 0x60, 0x00,
  0x00, 0x1c, 0x00, 0x80, 0x07, 0x00, 0x70, 0x04, 0x00, 0x08, 0x04, 0x00, 0x70, 0x04, 0x00, 0x80,
  0x07, 0x00, 0x00, 0x1c, 0x00, 0x00, 0x60, 0x00, 0x00, 0x00, 0xf8, 0x7f, 0x00, 0x08, 0x41, 0x00,
  0x08, 0x41, 0x00, 0x08, 0x41, 0x00, 0x08, 0x41, 0x00, 0x08, 0x41, 0x00, 0x08, 0x41, 0x00, 0x90,
  0x22, 0x00, 0x60, 0x1c, 0x00, 0x00, 0x00, 0xc0, 0x0f, 0x00, 0x20, 0x10, 0x00, 0x10, 0x20, 0x00,
  0x08, 0x40, 0x00, 0x08, 0x40, 0x00, 0x08, 0x40, 0x00, 0x08, 0x40, 0x00, 0x08, 0x40, 0x00, 0x10,
  0x20, 0x00, 0x20, 0x10, 0x00, 0x00, 0x00, 0xf8, 0x7f, 0x00, 0x08, 0x40, 0x00, 0x08, 0x40, 0x00,
  0x08, 0x40, 0x00, 0x08, 0x40, 0x00, 0x08, 0x40, 0x00, 0x08, 0x40, 0x00, 0x10, 0x20, 0x00, 0x20,
  0x10, 0x00, 0xc0, 0x0f, 0x00, 0x00, 0x00, 0xf8, 0x7f, 0x00, 0x08, 0x41, 0x00, 0x08, 0x41, 0x00,
  0x08, 0x41, 0x00, 0x08, 0x41, 0x00, 0x08, 0x41, 0x00, 0x08, 0x41, 0x00, 0x08, 0x41, 0x00, 0x08,
  0x40, 0x00, 0x00, 0x00, 0xf8, 0x7f, 0x00, 0x08, 0x02, 0x00, 0x08, 0x02, 0x00, 0x08, 0x02, 0x00,
  0x08, 0x02, 0x00, 0x08, 0x02, 0x00, 0x08, 0x02, 0x00, 0x08, 0x00, 0x00, 0x00, 0xc0, 0x0f, 0x00,
  0x20, 0x10, 0x00, 0x10, 0x20, 0x00, 0x08, 0x40, 0x00, 0x08, 0x40, 0x00, 0x08, 0x42, 0x00, 0x08,
  0x42, 0x00, 0x10, 0x22, 0x00, 0x20, 0x12, 0x00, 0x00, 0x0e, 0x00, 0x00, 0x00, 0xf8, 0x7f, 0x00,
  0x00, 0x01, 0x00, 0x00, 0x01, 0x00, 0x00, 0x01, 0x00, 0x00, 0x01, 0x00, 0x00, 0x01, 0x00, 0x00,
  0x01, 0x00, 0x00, 0x01, 0x00, 0xf8, 0x7f, 0x00, 0x00, 0x00, 0xf8, 0x7f, 0x81, 0x00, 0x0f, 0x38,
  0x00, 0x00, 0x40, 0x00, 0x00, 0x40, 0x00, 0x00, 0x40, 0x00, 0x00, 0x40, 0x00, 0xf8, 0x3f, 0x00,
  0x00, 0x00, 0xf8, 0x7f, 0x00, 0x00, 0x04, 0x00, 0x00, 0x02, 0x00, 0x00, 0x01, 0x00, 0x80, 0x03,
  0x00, 0x40, 0x04, 0x00, 0x20, 0x18, 0x00, 0x10, 0x20, 0x00, 0x08, 0x40, 0x00, 0x00, 0x00, 0xf8,
  0x7f, 0x00, 0x00, 0x40, 0x00, 0x00, 0x40, 0x00, 0x00, 0x40, 0x00, 0x00, 0x40, 0x00, 0x00, 0x40,
  0x00, 0x00, 0x40, 0x00, 0x00, 0x00, 0xf8, 0x7f, 0x00, 0x30, 0x00, 0x00, 0xc0, 0x00, 0x00, 0x00,
  0x03, 0x00, 0x00, 0x1c, 0x00, 0x00, 0x60, 0x00, 0x00, 0x1c, 0x00, 0x00, 0x03, 0x00, 0xc0, 0x00,
  0x00, 0x30, 0x00, 0x00, 0xf8, 0x7f, 0x00, 0x00, 0x00, 0xf8, 0x7f, 0x00, 0x10, 0x00, 0x00, 0x60,
  0x00, 0x00, 0x80, 0x00, 0x00, 0x00, 0x03, 0x00, 0x00, 0x04, 0x00, 0x00, 0x18, 0x00, 0x00, 0x20,
  0x00, 0xf8, 0x7f, 0x00, 0x00, 0x00, 0xc0, 0x0f, 0x00, 0x20, 0x10, 0x00, 0x10, 0x20, 0x00, 0x08,
  0x40, 0x00, 0x08, 0x40, 0x00, 0x08, 0x40, 0x00, 0x08, 0x40, 0x00, 0x10, 0x20, 0x00, 0x20, 0x10,
  0x00, 0xc0, 0x0f, 0x00, 0x00, 0x00, 0xf8, 0x7f, 0x00, 0x08, 0x02, 0x00, 0x08, 0x02, 0x00, 0x08,
  0x02, 0x00, 0x08, 0x02, 0x00, 0x08, 0x02, 0x00, 0x08, 0x02, 0x00, 0x10, 0x01, 0x00, 0xe0, 0x00,
  0x00, 0x00, 0xc0, 0x0f, 0x00, 0x20, 0x10, 0x00, 0x10, 0x20, 0x00, 0x08, 0x40, 0x00, 0x08, 0x40,
  0x00, 0x08, 0x50, 0x00, 0x08, 0x50, 0x00, 0x10, 0x20, 0x00, 0x20, 0x70, 0x00, 0xc0, 0x4f, 0x00,
  0x00, 0x00, 0xf8, 0x7f, 0x00, 0x08, 0x02, 0x00, 0x08, 0x02, 0x00, 0x08, 0x02, 0x00, 0x08, 0x02,
  0x00, 0x08, 0x06, 0x00, 0x08, 0x1a, 0x00, 0x10, 0x21, 0x00, 0xe0, 0x40, 0x00, 0x00, 0x00, 0x60,
  0x10, 0x00, 0x90, 0x20, 0x00, 0x08, 0x41, 0x00, 0x08, 0x41, 0x00, 0x08, 0x41, 0x00, 0x08, 0x42,
  0x00, 0x08, 0x42, 0x00, 0x10, 0x22, 0x00, 0x20, 0x1c, 0x08, 0x00, 0x00, 0x08, 0x00, 0x00, 0x08,
  0x00, 0x00, 0x08, 0x00, 0x00, 0xf8, 0x7f, 0x00, 0x08, 0x00, 0x00, 0x08, 0x00, 0x00, 0x08, 0x00,
  0x00, 0x08, 0x00, 0x00, 0x00, 0xf8, 0x1f, 0x00, 0x00, 0x20, 0x00, 0x00, 0x40, 0x00, 0x00, 0x40,
  0x00, 0x00, 0x40, 0x00, 0x00, 0x40, 0x00, 0x00, 0x40, 0x00, 0x00, 0x20, 0x00, 0xf8, 0x1f, 0x00,
  0x00, 0x00, 0x18, 0x00, 0x00, 0xe0, 0x00, 0x00, 0x00, 0x07, 0x00, 0x00, 0x18, 0x00, 0x00, 0x60,
  0x00, 0x00, 0x18, 0x00, 0x00, 0x07, 0x00, 0xe0, 0x00, 0x00, 0x18, 0x18, 0x00, 0x00, 0xe0, 0x01,
  0x00, 0x00, 0x1e, 0x00, 0x00, 0x60, 0x00, 0x00, 0x1c, 0x00, 0x80, 0x03, 0x00, 0x70, 0x00, 0x00,
  0x08, 0x00, 0x00, 0x70, 0x00, 0x00, 0x80, 0x03, 0x00, 0x00, 0x1c, 0x00, 0x00, 0x60, 0x00, 0x00,
  0x1e, 0x00, 0xe0, 0x01, 0x00, 0x18, 0x00, 0x40, 0x00, 0x08, 0x20, 0x00, 0x10, 0x10, 0x00, 0x60,
  0x0c, 0x00, 0x80, 0x02, 0x00, 0x00, 0x01, 0x00, 0x80, 0x02, 0x00, 0x60, 0x0c, 0x00, 0x10, 0x10,
  0x00, 0x08, 0x20, 0x00, 0x00, 0x40, 0x08, 0x00, 0x00, 0x30, 0x00, 0x00, 0x40, 0x00, 0x00, 0x80,
  0x01, 0x00, 0x00, 0x7e, 0x00, 0x80, 0x01, 0x00, 0x40, 0x00, 0x00, 0x30, 0x00, 0x00, 0x08, 0x00,
  0x40, 0x00, 0x08, 0x60, 0x00, 0x08, 0x58, 0x00, 0x08, 0x44, 0x00, 0x08, 0x43, 0x00, 0x88, 0x40,
  0x00, 0x68, 0x40, 0x00, 0x18, 0x40, 0x00, 0x08, 0x40, 0x00, 0x00, 0x00, 0xf8, 0xff, 0x03, 0x08,
  0x00, 0x02, 0x08, 0x00, 0x02, 0x18, 0x00, 0x00, 0xe0, 0x01, 0x00, 0x00, 0x1e, 0x00, 0x00, 0x60,
  0x08, 0x00, 0x02, 0x08, 0x00, 0x02, 0xf8, 0xff, 0x03, 0x00, 0x01, 0x00, 0xc0, 0x00, 0x00, 0x30,
  0x00, 0x00, 0x08, 0x00, 0x00, 0x30, 0x00, 0x00, 0xc0, 0x00, 0x00, 0x00, 0x01, 0x00, 0x00, 0x02,
  0x00, 0x00, 0x02, 0x00, 0x00, 0x02, 0x00, 0x00, 0x02, 0x00, 0x00, 0x02, 0x00, 0x00, 0x02, 0x00,
  0x00, 0x02, 0x00, 0x00, 0x02, 0x00, 0x00, 0x02, 0x00, 0x00, 0x00, 0x08, 0x00, 0x00, 0x10, 0x81,
  0x00, 0x12, 0x39, 0x00, 0x80, 0x44, 0x00, 0x40, 0x44, 0x00, 0x40, 0x44, 0x00, 0x40, 0x42, 0x00,
  0x40, 0x22, 0x00, 0x80, 0x7f, 0x00, 0x00, 0x00, 0xf8, 0x7f, 0x00, 0x80, 0x20, 0x00, 0x40, 0x40,
  0x00, 0x40, 0x40, 0x00, 0x40, 0x40, 0x00, 0x80, 0x20, 0x00, 0x00, 0x1f, 0x81, 0x00, 0x0f, 0x1f,
  0x00, 0x80, 0x20, 0x00, 0x40, 0x40, 0x00, 0x40, 0x40, 0x00, 0x40, 0x40, 0x00, 0x80, 0x20, 0x81,
  0x00, 0x12, 0x1f, 0x00, 0x80, 0x20, 0x00, 0x40, 0x40, 0x00, 0x40, 0x40, 0x00, 0x40, 0x40, 0x00,
  0x80, 0x20, 0x00, 0xf8, 0x7f, 0x81, 0x00, 0x12, 0x1f, 0x00, 0x80, 0x24, 0x00, 0x40, 0x44, 0x00,
  0x40, 0x44, 0x00, 0x40, 0x44, 0x00, 0x80, 0x24, 0x00, 0x00, 0x17, 0x40, 0x00, 0x00, 0xf0, 0x7f,
  0x00, 0x48, 0x00, 0x00, 0x48, 0x81, 0x00, 0x12, 0x1f, 0x01, 0x80, 0x20, 0x02, 0x40, 0x40, 0x02,
  0x40, 0x40, 0x02, 0x40, 0x40, 0x02, 0x80, 0x20, 0x01, 0xc0, 0xff, 0x00, 0x00, 0x00, 0xf8, 0x7f,
  0x00, 0x80, 0x00, 0x00, 0x40, 0x00, 0x00, 0x40, 0x00, 0x00, 0x40, 0x00, 0x00, 0x80, 0x7f, 0x00,
  0x00, 0x00, 0xc8, 0x7f, 0x00, 0x00, 0x02, 0xc8, 0xff, 0x01, 0x00, 0x00, 0x00, 0xf8, 0x7f, 0x00,
  0x00, 0x08, 0x00, 0x00, 0x04, 0x00, 0x00, 0x06, 0x00, 0x00, 0x19, 0x00, 0x80, 0x20, 0x00, 0x40,
  0x40, 0x00, 0x00, 0x00, 0xf8, 0x7f, 0x00, 0x00, 0x00, 0xc0, 0x7f, 0x00, 0x80, 0x00, 0x00, 0x40,
  0x00, 0x00, 0x40, 0x00, 0x00, 0x40, 0x00, 0x00, 0x80, 0x7f, 0x00, 0x80, 0x00, 0x00, 0x40, 0x00,
  0x00, 0x40, 0x00, 0x00, 0x40, 0x00, 0x00, 0x80, 0x7f, 0x00, 0x00, 0x00, 0xc0, 0x7f, 0x00, 0x80,
  0x00, 0x00, 0x40, 0x00, 0x00, 0x40, 0x00, 0x00, 0x40, 0x00, 0x00, 0x80, 0x7f, 0x81, 0x00, 0x12,
  0x1f, 0x00, 0x80, 0x20, 0x00, 0x40, 0x40, 0x00, 0x40, 0x40, 0x00, 0x40, 0x40, 0x00, 0x80, 0x20,
  0x00, 0x00, 0x1f, 0x00, 0x00, 0x00, 0xc0, 0xff, 0x03, 0x80, 0x20, 0x00, 0x40, 0x40, 0x00, 0x40,
  0x40, 0x00, 0x40, 0x40, 0x00, 0x80, 0x20, 0x00, 0x00, 0x1f, 0x81, 0x00, 0x13, 0x1f, 0x00, 0x80,
  0x20, 0x00, 0x40, 0x40, 0x00, 0x40, 0x40, 0x00, 0x40, 0x40, 0x00, 0x80, 0x20, 0x00, 0xc0, 0xff,
  0x03, 0x00, 0x00, 0x00, 0xc0, 0x7f, 0x00, 0x80, 0x00, 0x00, 0x40, 0x00, 0x00, 0x40, 0x00, 0x00,
  0x00, 0x80, 0x23, 0x00, 0x40, 0x44, 0x00, 0x40, 0x44, 0x00, 0x40, 0x44, 0x00, 0x40, 0x44, 0x00,
  0x80, 0x38, 0x40, 0x00, 0x00, 0xf0, 0x7f, 0x00, 0x40, 0x40, 0x00, 0x40, 0x40, 0x00, 0x00, 0x00,
  0xc0, 0x3f, 0x00, 0x00, 0x40, 0x00, 0x00, 0x40, 0x00, 0x00, 0x40, 0x00, 0x00, 0x20, 0x00, 0xc0,
  0x7f, 0xc0, 0x00, 0x00, 0x00, 0x03, 0x00, 0x00, 0x1c, 0x00, 0x00, 0x60, 0x00, 0x00, 0x1c, 0x00,
  0x00, 0x03, 0x00, 0xc0, 0xc0, 0x00, 0x00, 0x00, 0x1f, 0x00, 0x00, 0x60, 0x00, 0x00, 0x1c, 0x00,
  0x00, 0x03, 0x00, 0xc0, 0x00, 0x00, 0x00, 0x03, 0x00, 0x00, 0x1c, 0x00, 0x00, 0x60, 0x00, 0x00,
  0x1f, 0x00, 0xc0, 0x40, 0x40, 0x00, 0x80, 0x20, 0x00, 0x00, 0x1b, 0x00, 0x00, 0x04, 0x00, 0x00,
  0x1b, 0x00, 0x80, 0x20, 0x00, 0x40, 0x40, 0xc0, 0x01, 0x00, 0x00, 0x06, 0x02, 0x00, 0x38, 0x02,
  0x00, 0xe0, 0x01, 0x00, 0x38, 0x00, 0x00, 0x07, 0x00, 0xc0, 0x40, 0x40, 0x00, 0x40, 0x60, 0x00,
  0x40, 0x58, 0x00, 0x40, 0x44, 0x00, 0x40, 0x43, 0x00, 0xc0, 0x40, 0x00, 0x40, 0x40, 0x00, 0x04,
  0x00, 0x00, 0x04, 0x00, 0xf0, 0xfb, 0x01, 0x08, 0x00, 0x02, 0x08, 0x00, 0x02, 0x00, 0x00, 0x00,
  0xf8, 0xff, 0x03, 0x08, 0x00, 0x02, 0x08, 0x00, 0x02, 0xf0, 0xfb, 0x01, 0x00, 0x04, 0x00, 0x00,
  0x04, 0x00, 0x02, 0x00, 0x00, 0x01, 0x00, 0x00, 0x01, 0x00, 0x00, 0x01, 0x00, 0x00, 0x02, 0x00,
  0x00, 0x02, 0x00, 0x00, 0x02, 0x00, 0x00, 0x01, 0x83, 0x00, 0x02, 0x40, 0xff, 0x03, 0x81, 0x00,
  0x12, 0x1f, 0x00, 0x80, 0x20, 0x03, 0x40, 0xf0, 0x00, 0x40, 0x4e, 0x00, 0xc0, 0x41, 0x00, 0xb8,
  0x20, 0x00, 0x00, 0x11, 0x00, 0x41, 0x00, 0xe0, 0x31, 0x00, 0x10, 0x2f, 0x00, 0x08, 0x21, 0x00,
  0x08, 0x21, 0x00, 0x08, 0x40, 0x00, 0x10, 0x40, 0x00, 0x20, 0x20, 0x00, 0x00, 0x00, 0x40, 0x0b,
  0x00, 0x80, 0x04, 0x00, 0x40, 0x08, 0x00, 0x40, 0x08, 0x00, 0x80, 0x04, 0x00, 0x40, 0x0b, 0x08,
  0x0a, 0x00, 0x10, 0x0a, 0x00, 0x60, 0x0a, 0x00, 0x80, 0x0b, 0x00, 0x00, 0x7e, 0x00, 0x80, 0x0b,
  0x00, 0x60, 0x0a, 0x00, 0x10, 0x0a, 0x00, 0x08, 0x0a, 0x00, 0x00, 0x00, 0xf8, 0xf1, 0x03, 0x00,
  0x86, 0x00, 0x70, 0x09, 0x01, 0xc8, 0x10, 0x02, 0x88, 0x10, 0x02, 0x08, 0x21, 0x02, 0x08, 0x61,
  0x02, 0x30, 0xd2, 0x01, 0x00, 0x0c, 0x00, 0x08, 0x82, 0x00, 0x00, 0x08, 0xc0, 0x0f, 0x00, 0x20,
  0x10, 0x00, 0x10, 0x20, 0x00, 0xc8, 0x47, 0x00, 0x28, 0x48, 0x00, 0x28, 0x48, 0x00, 0x28, 0x48,
  0x00, 0x28, 0x48, 0x00, 0x48, 0x44, 0x00, 0x10, 0x20, 0x00, 0x20, 0x10, 0x00, 0xc0, 0x0f, 0xd0,
  0x00, 0x00, 0x48, 0x01, 0x00, 0x28, 0x01, 0x00, 0x28, 0x01, 0x00, 0xf0, 0x01, 0x81, 0x00, 0x0f,
  0x04, 0x00, 0x00, 0x1b, 0x00, 0x80, 0x20, 0x00, 0x00, 0x04, 0x00, 0x00, 0x1b, 0x00, 0x80, 0x20,
  0x00, 0x00, 0x00, 0x80, 0x00, 0x00, 0x80, 0x00, 0x00, 0x80, 0x00, 0x00, 0x80, 0x00, 0x00, 0x80,
  0x00, 0x00, 0x80, 0x00, 0x00, 0x80, 0x0f, 0x00, 0x08, 0x00, 0x00, 0x08, 0x00, 0x00, 0x08, 0x00,
  0x00, 0x08, 0xc0, 0x0f, 0x00, 0x20, 0x10, 0x00, 0x10, 0x20, 0x00, 0xe8, 0x4f, 0x00, 0x28, 0x41,
  0x00, 0x28, 0x41, 0x00, 0x28, 0x43, 0x00, 0x28, 0x45, 0x00, 0xc8, 0x48, 0x00, 0x10, 0x20, 0x00,
  0x20, 0x10, 0x00, 0xc0, 0x0f, 0x04, 0x00, 0x00, 0x04, 0x00, 0x00, 0x04, 0x00, 0x00, 0x04, 0x00,
  0x00, 0x04, 0x00, 0x00, 0x04, 0x00, 0x00, 0x04, 0x00, 0x00, 0x04, 0x00, 0x00, 0x04, 0x00, 0x00,
  0x00, 0x30, 0x00, 0x00, 0x48, 0x00, 0x00, 0x48, 0x00, 0x00, 0x30, 0x81, 0x00, 0x12, 0x41, 0x00,
  0x00, 0x41, 0x00, 0x00, 0x41, 0x00, 0xe0, 0x4f, 0x00, 0x00, 0x41, 0x00, 0x00, 0x41, 0x00, 0x00,
  0x41, 0x10, 0x01, 0x00, 0x88, 0x01, 0x00, 0x48, 0x01, 0x00, 0x48, 0x01, 0x00, 0x30, 0x01, 0x90,
  0x00, 0x00, 0x08, 0x01, 0x00, 0x08, 0x01, 0x00, 0x28, 0x01, 0x00, 0xd8, 0x83, 0x00, 0x03, 0x10,
  0x00, 0x00, 0x08, 0x00, 0x00, 0x00, 0xc0, 0xff, 0x03, 0x00, 0x20, 0x00, 0x00, 0x40, 0x00, 0x00,
  0x40, 0x00, 0x00, 0x40, 0x00, 0x00, 0x20, 0x00, 0xc0, 0x7f, 0xf0, 0x00, 0x00, 0xf8, 0x00, 0x00,
  0xf8, 0x01, 0x00, 0xf8, 0x01, 0x00, 0xf8, 0xff, 0x03, 0x08, 0x00, 0x00, 0x08, 0x00, 0x00, 0xf8,
  0xff, 0x03, 0x08, 0x84, 0x00, 0x00, 0x02, 0x82, 0x00, 0x06, 0x02, 0x00, 0x80, 0x02, 0x00, 0x00,
  0x03, 0x00, 0x00, 0x00, 0x10, 0x00, 0x00, 0x08, 0x00, 0x00, 0xf8, 0x01, 0xf0, 0x00, 0x00, 0x08,
  0x01, 0x00, 0x08, 0x01, 0x00, 0x08, 0x01, 0x00, 0xf0, 0x83, 0x00, 0x10, 0x80, 0x20, 0x00, 0x00,
  0x1b, 0x00, 0x00, 0x04, 0x00, 0x80, 0x20, 0x00, 0x00, 0x1b, 0x00, 0x00, 0x04, 0x00, 0x00, 0x00,
  0x10, 0x00, 0x00, 0x08, 0x40, 0x00, 0xf8, 0x21, 0x00, 0x00, 0x10, 0x00, 0x00, 0x0c, 0x00, 0x00,
  0x02, 0x00, 0x80, 0x01, 0x00, 0x40, 0x30, 0x00, 0x30, 0x28, 0x00, 0x08, 0x24, 0x00, 0x00, 0x7e,
  0x00, 0x00, 0x20, 0x00, 0x00, 0x00, 0x10, 0x00, 0x00, 0x08, 0x40, 0x00, 0xf8, 0x31, 0x00, 0x00,
  0x08, 0x00, 0x00, 0x04, 0x00, 0x00, 0x03, 0x00, 0x80, 0x00, 0x00, 0x60, 0x44, 0x00, 0x10, 0x62,
  0x00, 0x08, 0x52, 0x00, 0x00, 0x52, 0x00, 0x00, 0x4c, 0x90, 0x00, 0x00, 0x08, 0x01, 0x00, 0x08,
  0x41, 0x00, 0x28, 0x21, 0x00, 0xd8, 0x18, 0x00, 0x00, 0x04, 0x00, 0x00, 0x03, 0x00, 0x80, 0x00,
  0x00, 0x40, 0x30, 0x00, 0x30, 0x28, 0x00, 0x08, 0x24, 0x00, 0x00, 0x7e, 0x00, 0x00, 0x20, 0x81,
  0x00, 0x15, 0xe0, 0x00, 0x00, 0x10, 0x01, 0x00, 0x08, 0x02, 0x40, 0x07, 0x02, 0x00, 0x00, 0x02,
  0x00, 0x00, 0x02, 0x00, 0x00, 0x01, 0x00, 0xc0, 0x81, 0x00, 0x18, 0x60, 0x00, 0x00, 0x1c, 0x00,
  0x80, 0x07, 0x00, 0x71, 0x04, 0x00, 0x0a, 0x04, 0x00, 0x70, 0x04, 0x00, 0x80, 0x07, 0x00, 0x00,
  0x1c, 0x00, 0x00, 0x60, 0x81, 0x00, 0x18, 0x60, 0x00, 0x00, 0x1c, 0x00, 0x80, 0x07, 0x00, 0x70,
  0x04, 0x00, 0x0a, 0x04, 0x00, 0x71, 0x04, 0x00, 0x80, 0x07, 0x00, 0x00, 0x1c, 0x00, 0x00, 0x60,
  0x81, 0x00, 0x18, 0x60, 0x00, 0x00, 0x1c, 0x00, 0x80, 0x07, 0x00, 0x72, 0x04, 0x00, 0x09, 0x04,
  0x00, 0x71, 0x04, 0x00, 0x82, 0x07, 0x00, 0x00, 0x1c, 0x00, 0x00, 0x60, 0x81, 0x00, 0x18, 0x60,
  0x00, 0x00, 0x1c, 0x00, 0x80, 0x07, 0x00, 0x72, 0x04, 0x00, 0x09, 0x04, 0x00, 0x72, 0x04, 0x00,
  0x81, 0x07, 0x00, 0x00, 0x1c, 0x00, 0x00, 0x60, 0x81, 0x00, 0x18, 0x60, 0x00, 0x00, 0x1c, 0x00,
  0x80, 0x07, 0x00, 0x72, 0x04, 0x00, 0x08, 0x04, 0x00, 0x72, 0x04, 0x00, 0x80, 0x07, 0x00, 0x00,
  0x1c, 0x00, 0x00, 0x60, 0x81, 0x00, 0x18, 0x60, 0x00, 0x00, 0x1c, 0x00, 0x80, 0x07, 0x00, 0x7e,
  0x04, 0x00, 0x0a, 0x04, 0x00, 0x7e, 0x04, 0x00, 0x80, 0x07, 0x00, 0x00, 0x1c, 0x00, 0x00, 0x60,
  0x00, 0x60, 0x00, 0x00, 0x18, 0x00, 0x00, 0x06, 0x00, 0x80, 0x05, 0x00, 0x60, 0x04, 0x00, 0x18,
  0x04, 0x00, 0x08, 0x04, 0x00, 0x08, 0x04, 0x00, 0xf8, 0x7f, 0x00, 0x08, 0x41, 0x00, 0x08, 0x41,
  0x00, 0x08, 0x41, 0x00, 0x08, 0x41, 0x00, 0x08, 0x41, 0x00, 0x08, 0x41, 0x00, 0x00, 0x00, 0xc0,
  0x0f, 0x00, 0x20, 0x10, 0x00, 0x10, 0x20, 0x00, 0x08, 0x40, 0x00, 0x08, 0x40, 0x02, 0x08, 0xc0,
  0x02, 0x08, 0x40, 0x03, 0x08, 0x40, 0x00, 0x10, 0x20, 0x00, 0x20, 0x10, 0x00, 0x00, 0x00, 0xf8,
  0x7f, 0x00, 0x08, 0x41, 0x00, 0x08, 0x41, 0x00, 0x08, 0x41, 0x00, 0x09, 0x41, 0x00, 0x0a, 0x41,
  0x00, 0x08, 0x41, 0x00, 0x08, 0x41, 0x00, 0x08, 0x40, 0x00, 0x00, 0x00, 0xf8, 0x7f, 0x00, 0x08,
  0x41, 0x00, 0x08, 0x41, 0x00, 0x08, 0x41, 0x00, 0x0a, 0x41, 0x00, 0x09, 0x41, 0x00, 0x08, 0x41,
  0x00, 0x08, 0x41, 0x00, 0x08, 0x40, 0x00, 0x00, 0x00, 0xf8, 0x7f, 0x00, 0x08, 0x41, 0x00, 0x08,
  0x41, 0x00, 0x0a, 0x41, 0x00, 0x09, 0x41, 0x00, 0x09, 0x41, 0x00, 0x0a, 0x41, 0x00, 0x08, 0x41,
  0x00, 0x08, 0x40, 0x00, 0x00, 0x00, 0xf8, 0x7f, 0x00, 0x08, 0x41, 0x00, 0x08, 0x41, 0x00, 0x0a,
  0x41, 0x00, 0x08, 0x41, 0x00, 0x0a, 0x41, 0x00, 0x08, 0x41, 0x00, 0x08, 0x41, 0x00, 0x08, 0x40,
  0x01, 0x00, 0x00, 0xfa, 0x7f, 0x00, 0x00, 0x00, 0xfa, 0x7f, 0x00, 0x01, 0x02, 0x00, 0x00, 0xf9,
  0x7f, 0x00, 0x01, 0x00, 0x00, 0x02, 0x02, 0x00, 0x00, 0xf8, 0x7f, 0x00, 0x02, 0x00, 0x02, 0x00,
  0xf8, 0x7f, 0x00, 0x08, 0x42, 0x00, 0x08, 0x42, 0x00, 0x08, 0x42, 0x00, 0x08, 0x42, 0x00, 0x08,
  0x40, 0x00, 0x08, 0x40, 0x00, 0x10, 0x20, 0x00, 0x20, 0x10, 0x00, 0xc0, 0x0f, 0x00, 0x00, 0x00,
  0xf8, 0x7f, 0x00, 0x10, 0x00, 0x00, 0x60, 0x00, 0x00, 0x82, 0x00, 0x00, 0x01, 0x03, 0x00, 0x02,
  0x04, 0x00, 0x01, 0x18, 0x00, 0x00, 0x20, 0x00, 0xf8, 0x7f, 0x00, 0x00, 0x00, 0xc0, 0x0f, 0x00,
  0x20, 0x10, 0x00, 0x10, 0x20, 0x00, 0x08, 0x40, 0x00, 0x09, 0x40, 0x00, 0x0a, 0x40, 0x00, 0x08,
  0x40, 0x00, 0x10, 0x20, 0x00, 0x20, 0x10, 0x00, 0xc0, 0x0f, 0x00, 0x00, 0x00, 0xc0, 0x0f, 0x00,
  0x20, 0x10, 0x00, 0x10, 0x20, 0x00, 0x08, 0x40, 0x00, 0x0a, 0x40, 0x00, 0x09, 0x40, 0x00, 0x08,
  0x40, 0x00, 0x10, 0x20, 0x00, 0x20, 0x10, 0x00, 0xc0, 0x0f, 0x00, 0x00, 0x00, 0xc0, 0x0f, 0x00,
  0x20, 0x10, 0x00, 0x10, 0x20, 0x00, 0x0a, 0x40, 0x00, 0x09, 0x40, 0x00, 0x09, 0x40, 0x00, 0x0a,
  0x40, 0x00, 0x10, 0x20, 0x00, 0x20, 0x10, 0x00, 0xc0, 0x0f, 0x00, 0x00, 0x00, 0xc0, 0x0f, 0x00,
  0x20, 0x10, 0x00, 0x10, 0x20, 0x00, 0x0a, 0x40, 0x00, 0x09, 0x40, 0x00, 0x0a, 0x40, 0x00, 0x09,
  0x40, 0x00, 0x10, 0x20, 0x00, 0x20, 0x10, 0x00, 0xc0, 0x0f, 0x00, 0x00, 0x00, 0xc0, 0x0f, 0x00,
  0x20, 0x10, 0x00, 0x10, 0x20, 0x00, 0x08, 0x40, 0x00, 0x0a, 0x40, 0x00, 0x08, 0x40, 0x00, 0x0a,
  0x40, 0x00, 0x10, 0x20, 0x00, 0x20, 0x10, 0x00, 0xc0, 0x0f, 0x00, 0x00, 0x00, 0x40, 0x10, 0x00,
  0x80, 0x08, 0x00, 0x00, 0x05, 0x00, 0x00, 0x07, 0x00, 0x00, 0x05, 0x00, 0x80, 0x08, 0x00, 0x40,
  0x10, 0x00, 0x00, 0x00, 0xc0, 0x4f, 0x00, 0x20, 0x30, 0x00, 0x10, 0x30, 0x00, 0x08, 0x4c, 0x00,
  0x08, 0x42, 0x00, 0x08, 0x41, 0x00, 0xc8, 0x40, 0x00, 0x30, 0x20, 0x00, 0x30, 0x10, 0x00, 0xc8,
  0x0f, 0x00, 0x00, 0x00, 0xf8, 0x1f, 0x00, 0x00, 0x20, 0x00, 0x00, 0x40, 0x00, 0x01, 0x40, 0x00,
  0x02, 0x40, 0x00, 0x00, 0x40, 0x00, 0x00, 0x40, 0x00, 0x00, 0x20, 0x00, 0xf8, 0x1f, 0x00, 0x00,
  0x00, 0xf8, 0x1f, 0x00, 0x00, 0x20, 0x00, 0x00, 0x40, 0x00, 0x00, 0x40, 0x00, 0x02, 0x40, 0x00,
  0x01, 0x40, 0x00, 0x00, 0x40, 0x00, 0x00, 0x20, 0x00, 0xf8, 0x1f, 0x00, 0x00, 0x00, 0xf8, 0x1f,
  0x00, 0x00, 0x20, 0x00, 0x00, 0x40, 0x00, 0x02, 0x40, 0x00, 0x01, 0x40, 0x00, 0x01, 0x40, 0x00,
  0x02, 0x40, 0x00, 0x00, 0x20, 0x00, 0xf8, 0x1f, 0x00, 0x00, 0x00, 0xf8, 0x1f, 0x00, 0x00, 0x20,
  0x00, 0x00, 0x40, 0x00, 0x02, 0x40, 0x00, 0x00, 0x40, 0x00, 0x02, 0x40, 0x00, 0x00, 0x40, 0x00,
  0x00, 0x20, 0x00, 0xf8, 0x1f, 0x08, 0x00, 0x00, 0x30, 0x00, 0x00, 0x40, 0x00, 0x00, 0x80, 0x01,
  0x00, 0x02, 0x7e, 0x00, 0x81, 0x01, 0x00, 0x40, 0x00, 0x00, 0x30, 0x00, 0x00, 0x08, 0x00, 0x00,
  0x00, 0xf8, 0x7f, 0x00, 0x20, 0x10, 0x00, 0x20, 0x10, 0x00, 0x20, 0x10, 0x00, 0x20, 0x10, 0x00,
  0x20, 0x10, 0x00, 0x20, 0x10, 0x00, 0x40, 0x08, 0x00, 0x80, 0x07, 0x00, 0x00, 0x00, 0xe0, 0x7f,
  0x00, 0x10, 0x00, 0x00, 0x08, 0x20, 0x00, 0x88, 0x43, 0x00, 0x70, 0x42, 0x00, 0x00, 0x44, 0x00,
  0x00, 0x38, 0x81, 0x00, 0x12, 0x39, 0x00, 0x80, 0x44, 0x00, 0x40, 0x44, 0x00, 0x48, 0x44, 0x00,
  0x50, 0x42, 0x00, 0x40, 0x22, 0x00, 0x80, 0x7f, 0x81, 0x00, 0x12, 0x39, 0x00, 0x80, 0x44, 0x00,
  0x40, 0x44, 0x00, 0x50, 0x44, 0x00, 0x48, 0x42, 0x00, 0x40, 0x22, 0x00, 0x80, 0x7f, 0x81, 0x00,
  0x12, 0x39, 0x00, 0x80, 0x44, 0x00, 0x50, 0x44, 0x00, 0x48, 0x44, 0x00, 0x48, 0x42, 0x00, 0x50,
  0x22, 0x00, 0x80, 0x7f, 0x81, 0x00, 0x12, 0x39, 0x00, 0x80, 0x44, 0x00, 0x50, 0x44, 0x00, 0x48,
  0x44, 0x00, 0x50, 0x42, 0x00, 0x48, 0x22, 0x00, 0x80, 0x7f, 0x81, 0x00, 0x12, 0x39, 0x00, 0x80,
  0x44, 0x00, 0x50, 0x44, 0x00, 0x40, 0x44, 0x00, 0x50, 0x42, 0x00, 0x40, 0x22, 0x00, 0x80, 0x7f,
  0x81, 0x00, 0x12, 0x39, 0x00, 0x80, 0x44, 0x00, 0x5c, 0x44, 0x00, 0x54, 0x44, 0x00, 0x5c, 0x42,
  0x00, 0x40, 0x22, 0x00, 0x80, 0x7f, 0x81, 0x00, 0x24, 0x39, 0x00, 0x80, 0x44, 0x00, 0x40, 0x44,
  0x00, 0x40, 0x44, 0x00, 0x40, 0x42, 0x00, 0x40, 0x22, 0x00, 0x80, 0x3f, 0x00, 0x80, 0x24, 0x00,
  0x40, 0x44, 0x00, 0x40, 0x44, 0x00, 0x40, 0x44, 0x00, 0x80, 0x24, 0x00, 0x00, 0x17, 0x81, 0x00,
  0x0f, 0x1f, 0x00, 0x80, 0x20, 0x00, 0x40, 0x40, 0x02, 0x40, 0xc0, 0x02, 0x40, 0x40, 0x03, 0x80,
  0x20, 0x81, 0x00, 0x12, 0x1f, 0x00, 0x80, 0x24, 0x00, 0x48, 0x44, 0x00, 0x50, 0x44, 0x00, 0x40,
  0x44, 0x00, 0x80, 0x24, 0x00, 0x00, 0x17, 0x81, 0x00, 0x12, 0x1f, 0x00, 0x80, 0x24, 0x00, 0x40,
  0x44, 0x00, 0x50, 0x44, 0x00, 0x48, 0x44, 0x00, 0x80, 0x24, 0x00, 0x00, 0x17, 0x81, 0x00, 0x12,
  0x1f, 0x00, 0x80, 0x24, 0x00, 0x50, 0x44, 0x00, 0x48, 0x44, 0x00, 0x48, 0x44, 0x00, 0x90, 0x24,
  0x00, 0x00, 0x17, 0x81, 0x00, 0x12, 0x1f, 0x00, 0x80, 0x24, 0x00, 0x50, 0x44, 0x00, 0x40, 0x44,
  0x00, 0x50, 0x44, 0x00, 0x80, 0x24, 0x00, 0x00, 0x17, 0x08, 0x00, 0x00, 0xd0, 0x7f, 0x00, 0x00,
  0x00, 0xd0, 0x7f, 0x00, 0x08, 0x10, 0x00, 0x00, 0xc8, 0x7f, 0x00, 0x08, 0x00, 0x00, 0x10, 0x10,
  0x00, 0x00, 0xc0, 0x7f, 0x00, 0x10, 0x81, 0x00, 0x12, 0x1f, 0x00, 0xa0, 0x20, 0x00, 0x68, 0x40,
  0x00, 0x58, 0x40, 0x00, 0x70, 0x40, 0x00, 0xe8, 0x20, 0x00, 0x00, 0x1f, 0x00, 0x00, 0x00, 0xc0,
  0x7f, 0x00, 0x90, 0x00, 0x00, 0x48, 0x00, 0x00, 0x50, 0x00, 0x00, 0x48, 0x00, 0x00, 0x80, 0x7f,
  0x81, 0x00, 0x12, 0x1f, 0x00, 0x80, 0x20, 0x00, 0x48, 0x40, 0x00, 0x50, 0x40, 0x00, 0x40, 0x40,
  0x00, 0x80, 0x20, 0x00, 0x00, 0x1f, 0x81, 0x00, 0x12, 0x1f, 0x00, 0x80, 0x20, 0x00, 0x40, 0x40,
  0x00, 0x50, 0x40, 0x00, 0x48, 0x40, 0x00, 0x80, 0x20, 0x00, 0x00, 0x1f, 0x81, 0x00, 0x12, 0x1f,
  0x00, 0x80, 0x20, 0x00, 0x50, 0x40, 0x00, 0x48, 0x40, 0x00, 0x48, 0x40, 0x00, 0x90, 0x20, 0x00,
  0x00, 0x1f, 0x81, 0x00, 0x12, 0x1f, 0x00, 0x80, 0x20, 0x00, 0x50, 0x40, 0x00, 0x48, 0x40, 0x00,
  0x50, 0x40, 0x00, 0x88, 0x20, 0x00, 0x00, 0x1f, 0x81, 0x00, 0x12, 0x1f, 0x00, 0x80, 0x20, 0x00,
  0x50, 0x40, 0x00, 0x40, 0x40, 0x00, 0x50, 0x40, 0x00, 0x80, 0x20, 0x00, 0x00, 0x1f, 0x81, 0x00,
  0x12, 0x02, 0x00, 0x00, 0x02, 0x00, 0x00, 0x02, 0x00, 0x80, 0x0a, 0x00, 0x00, 0x02, 0x00, 0x00,
  0x02, 0x00, 0x00, 0x02, 0x81, 0x00, 0x12, 0x5f, 0x00, 0x80, 0x30, 0x00, 0x40, 0x48, 0x00, 0x40,
  0x44, 0x00, 0x40, 0x42, 0x00, 0x80, 0x21, 0x00, 0x40, 0x1f, 0x00, 0x00, 0x00, 0xc0, 0x3f, 0x00,
  0x00, 0x40, 0x00, 0x08, 0x40, 0x00, 0x10, 0x40, 0x00, 0x00, 0x20, 0x00, 0xc0, 0x7f, 0x00, 0x00,
  0x00, 0xc0, 0x3f, 0x00, 0x00, 0x40, 0x00, 0x00, 0x40, 0x00, 0x10, 0x40, 0x00, 0x08, 0x20, 0x00,
  0xc0, 0x7f, 0x00, 0x00, 0x00, 0xc0, 0x3f, 0x00, 0x10, 0x40, 0x00, 0x08, 0x40, 0x00, 0x08, 0x40,
  0x00, 0x10, 0x20, 0x00, 0xc0, 0x7f, 0x00, 0x00, 0x00, 0xd0, 0x3f, 0x00, 0x00, 0x40, 0x00, 0x10,
  0x40, 0x00, 0x00, 0x40, 0x00, 0x00, 0x20, 0x00, 0xc0, 0x7f, 0xc0, 0x01, 0x00, 0x00, 0x06, 0x02,
  0x00, 0x38, 0x02, 0x10, 0xe0, 0x01, 0x08, 0x38, 0x00, 0x00, 0x07, 0x00, 0xc0, 0x00, 0x00, 0x00,
  0xf8, 0xff, 0x03, 0x80, 0x20, 0x00, 0x40, 0x40, 0x00, 0x40, 0x40, 0x00, 0x40, 0x40, 0x00, 0x80,
  0x20, 0x00, 0x00, 0x1f, 0xc0, 0x01, 0x00, 0x00, 0x06, 0x02, 0x10, 0x38, 0x02, 0x00, 0xe0, 0x01,
  0x10, 0x38, 0x00, 0x00, 0x07, 0x00, 0xc0,
};

static const uint8_t FONT_1_DESCRIPTOR[] = {
  0x10, 0x13, 0x20, 0xe0, 0xff, 0xff, 0x00, 0x04, 0x00, 0x00, 0x08, 0x04, 0x00, 0x05, 0x0d, 0x06,
  0x80, 0x0d, 0x1a, 0x09, 0x80, 0x27, 0x17, 0x09, 0x80, 0x3e, 0x26, 0x0e, 0x00, 0x64, 0x1d, 0x0b,
  0x80, 0x80, 0x04, 0x03, 0x80, 0x84, 0x0c, 0x05, 0x80, 0x90, 0x0b, 0x05, 0x80, 0x9b, 0x0d, 0x06,
  0x00, 0xa8, 0x17, 0x09, 0x00, 0xbe, 0x09, 0x04, 0x80, 0xc3, 0x0b, 0x05, 0x00, 0xce, 0x08, 0x04,
  0x80, 0xd2, 0x0a, 0x04, 0x80, 0xdc, 0x17, 0x09, 0x00, 0xf3, 0x11, 0x09, 0x81, 0x01, 0x17, 0x09,
  0x81, 0x18, 0x17, 0x09, 0x81, 0x2f, 0x17, 0x09, 0x81, 0x46, 0x17, 0x09, 0x81, 0x5d, 0x17, 0x09,
  0x81, 0x74, 0x16, 0x09, 0x81, 0x8a, 0x17, 0x09, 0x81, 0xa1, 0x17, 0x09, 0x81, 0xb8, 0x05, 0x04,
  0x81, 0xbd, 0x06, 0x04, 0x01, 0xc3, 0x17, 0x09, 0x81, 0xd9, 0x17, 0x09, 0x81, 0xf0, 0x17, 0x09,
  0x82, 0x07, 0x16, 0x09, 0x02, 0x1d, 0x2f, 0x10, 0x02, 0x4b, 0x1d, 0x0b, 0x82, 0x67, 0x1d, 0x0b,
  0x82, 0x84, 0x20, 0x0c, 0x82, 0xa4, 0x20, 0x0c, 0x82, 0xc4, 0x1d, 0x0b, 0x82, 0xe1, 0x19, 0x0a,
  0x82, 0xfa, 0x20, 0x0c, 0x83, 0x1a, 0x1d, 0x0c, 0x83, 0x37, 0x05, 0x04, 0x03, 0x3c, 0x14, 0x08,
  0x83, 0x4f, 0x1d, 0x0b, 0x83, 0x6c, 0x17, 0x09, 0x83, 0x83, 0x23, 0x0d, 0x83, 0xa6, 0x1d, 0x0c,
  0x83, 0xc3, 0x20, 0x0c, 0x83, 0xe3, 0x1c, 0x0b, 0x83, 0xff, 0x20, 0x0c, 0x84, 0x1f, 0x1d, 0x0c,
  0x84, 0x3c, 0x1d, 0x0b, 0x84, 0x59, 0x19, 0x0a, 0x84, 0x72, 0x1d, 0x0c, 0x84, 0x8f, 0x1c, 0x0b,
  0x84, 0xab, 0x2b, 0x0f, 0x84, 0xd6, 0x20, 0x0b, 0x84, 0xf6, 0x19, 0x0b, 0x85, 0x0f, 0x1a, 0x0a,
  0x85, 0x29, 0x0c, 0x04, 0x85, 0x35, 0x0b, 0x04, 0x85, 0x40, 0x09, 0x04, 0x85, 0x49, 0x14, 0x08,
  0x85, 0x5d, 0x1b, 0x09, 0x85, 0x78, 0x07, 0x05, 0x05, 0x7f, 0x17, 0x09, 0x85, 0x95, 0x17, 0x09,
  0x05, 0xac, 0x14, 0x08, 0x05, 0xbf, 0x17, 0x09, 0x05, 0xd5, 0x17, 0x09, 0x85, 0xeb, 0x0a, 0x04,
  0x05, 0xf5, 0x17, 0x09, 0x86, 0x0b, 0x14, 0x09, 0x86, 0x1f, 0x05, 0x04, 0x86, 0x24, 0x06, 0x04,
  0x86, 0x2a, 0x17, 0x08, 0x86, 0x41, 0x05, 0x04, 0x86, 0x46, 0x23, 0x0d, 0x86, 0x69, 0x14, 0x09,
  0x06, 0x7d, 0x17, 0x09, 0x86, 0x93, 0x17, 0x09, 0x06, 0xaa, 0x18, 0x09, 0x86, 0xc1, 0x0d, 0x05,
  0x86, 0xce, 0x14, 0x08, 0x86, 0xe2, 0x0b, 0x04, 0x86, 0xed, 0x14, 0x09, 0x87, 0x01, 0x13, 0x08,
  0x87, 0x14, 0x1f, 0x0c, 0x87, 0x33, 0x14, 0x08, 0x87, 0x47, 0x13, 0x08, 0x87, 0x5a, 0x14, 0x08,
  0x87, 0x6e, 0x0f, 0x05, 0x87, 0x7d, 0x06, 0x04, 0x87, 0x83, 0x0e, 0x05, 0x87, 0x91, 0x17, 0x09,
  0xff, 0xff, 0x00, 0x00, 0xff, 0xff, 0x00, 0x10, 0xff, 0xff, 0x00, 0x10, 0xff, 0xff, 0x00, 0x10,
  0xff, 0xff, 0x00, 0x10, 0xff, 0xff, 0x00, 0x10, 0xff, 0xff, 0x00, 0x10, 0xff, 0xff, 0x00, 0x10,
  0xff, 0xff, 0x00, 0x10, 0xff, 0xff, 0x00, 0x10, 0xff, 0xff, 0x00, 0x10, 0xff, 0xff, 0x00, 0x10,
  0xff, 0xff, 0x00, 0x10, 0xff, 0xff, 0x00, 0x10, 0xff, 0xff, 0x00, 0x10, 0xff, 0xff, 0x00, 0x10,
  0xff, 0xff, 0x00, 0x10, 0xff, 0xff, 0x00, 0x10, 0xff, 0xff, 0x00, 0x10, 0xff, 0xff, 0x00, 0x10,
  0xff, 0xff, 0x00, 0x10, 0xff, 0xff, 0x00, 0x10, 0xff, 0xff, 0x00, 0x10, 0xff, 0xff, 0x00, 0x10,
  0xff, 0xff, 0x00, 0x10, 0xff, 0xff, 0x00, 0x10, 0xff, 0xff, 0x00, 0x10, 0xff, 0xff, 0x00, 0x10,
  0xff, 0xff, 0x00, 0x10, 0xff, 0xff, 0x00, 0x10, 0xff, 0xff, 0x00, 0x10, 0xff, 0xff, 0x00, 0x10,
  0xff, 0xff, 0x00, 0x10, 0xff, 0xff, 0x00, 0x04, 0x07, 0xa8, 0x09, 0x05, 0x07, 0xae, 0x17, 0x09,
  0x87, 0xc4, 0x17, 0x09, 0x87, 0xdb, 0x14, 0x09, 0x87, 0xef, 0x1a, 0x09, 0x88, 0x09, 0x06, 0x04,
  0x88, 0x0f, 0x17, 0x09, 0x08, 0x26, 0x07, 0x05, 0x88, 0x2c, 0x23, 0x0c, 0x88, 0x4f, 0x0e, 0x06,
  0x08, 0x5d, 0x14, 0x09, 0x88, 0x70, 0x17, 0x09, 0x88, 0x87, 0x0b, 0x05, 0x88, 0x92, 0x23, 0x0c,
  0x88, 0xb5, 0x19, 0x09, 0x88, 0xce, 0x0d, 0x06, 0x08, 0xdb, 0x17, 0x09, 0x88, 0xf1, 0x0e, 0x05,
  0x88, 0xff, 0x0d, 0x05, 0x09, 0x0c, 0x0a, 0x05, 0x89, 0x13, 0x17, 0x09, 0x89, 0x2a, 0x19, 0x09,
  0x09, 0x43, 0x08, 0x05, 0x09, 0x47, 0x0c, 0x05, 0x89, 0x51, 0x0b, 0x05, 0x89, 0x5c, 0x0d, 0x06,
  0x09, 0x69, 0x17, 0x09, 0x89, 0x7d, 0x26, 0x0d, 0x89, 0xa3, 0x26, 0x0d, 0x89, 0xc9, 0x26, 0x0d,
  0x09, 0xef, 0x1a, 0x0a, 0x0a, 0x08, 0x1d, 0x0b, 0x0a, 0x24, 0x1d, 0x0b, 0x0a, 0x40, 0x1d, 0x0b,
  0x0a, 0x5c, 0x1d, 0x0b, 0x0a, 0x78, 0x1d, 0x0b, 0x0a, 0x94, 0x1d, 0x0b, 0x8a, 0xb0, 0x2c, 0x10,
  0x8a, 0xdc, 0x20, 0x0c, 0x8a, 0xfc, 0x1d, 0x0b, 0x8b, 0x19, 0x1d, 0x0b, 0x8b, 0x36, 0x1d, 0x0b,
  0x8b, 0x53, 0x1d, 0x0b, 0x8b, 0x70, 0x05, 0x04, 0x8b, 0x75, 0x07, 0x04, 0x8b, 0x7c, 0x0a, 0x04,
  0x8b, 0x86, 0x07, 0x04, 0x8b, 0x8d, 0x20, 0x0c, 0x8b, 0xad, 0x1d, 0x0c, 0x8b, 0xca, 0x20, 0x0c,
  0x8b, 0xea, 0x20, 0x0c, 0x8c, 0x0a, 0x20, 0x0c, 0x8c, 0x2a, 0x20, 0x0c, 0x8c, 0x4a, 0x20, 0x0c,
  0x8c, 0x6a, 0x17, 0x09, 0x8c, 0x81, 0x20, 0x0c, 0x8c, 0xa1, 0x1d, 0x0c, 0x8c, 0xbe, 0x1d, 0x0c,
  0x8c, 0xdb, 0x1d, 0x0c, 0x8c, 0xf8, 0x1d, 0x0c, 0x8d, 0x15, 0x19, 0x0b, 0x8d, 0x2e, 0x1d, 0x0b,
  0x8d, 0x4b, 0x17, 0x0a, 0x0d, 0x62, 0x17, 0x09, 0x0d, 0x78, 0x17, 0x09, 0x0d, 0x8e, 0x17, 0x09,
  0x0d, 0xa4, 0x17, 0x09, 0x0d, 0xba, 0x17, 0x09, 0x0d, 0xd0, 0x17, 0x09, 0x0d, 0xe6, 0x29, 0x0e,
  0x0e, 0x0e, 0x14, 0x08, 0x0e, 0x21, 0x17, 0x09, 0x0e, 0x37, 0x17, 0x09, 0x0e, 0x4d, 0x17, 0x09,
  0x0e, 0x63, 0x17, 0x09, 0x8e, 0x79, 0x05, 0x04, 0x8e, 0x7e, 0x07, 0x04, 0x8e, 0x85, 0x0a, 0x04,
  0x8e, 0x8f, 0x07, 0x04, 0x0e, 0x96, 0x17, 0x09, 0x8e, 0xac, 0x14, 0x09, 0x0e, 0xc0, 0x17, 0x09,
  0x0e, 0xd6, 0x17, 0x09, 0x0e, 0xec, 0x17, 0x09, 0x0f, 0x02, 0x17, 0x09, 0x0f, 0x18, 0x17, 0x09,
  0x0f, 0x2e, 0x17, 0x09, 0x0f, 0x44, 0x17, 0x0a, 0x8f, 0x5a, 0x14, 0x09, 0x8f, 0x6e, 0x14, 0x09,
  0x8f, 0x82, 0x14, 0x09, 0x8f, 0x96, 0x14, 0x09, 0x8f, 0xaa, 0x13, 0x08, 0x8f, 0xbd, 0x17, 0x09,
  0x8f, 0xd4, 0x13, 0x08,
};

static const Font FONT_1 = { FONT_1_DESCRIPTOR, FONT_1_DATA, nullptr, nullptr, 0, 4071 };

return FONT_1;
}

inline const Font& fontStorage2() {

static const uint8_t FONT_2_DATA[] = {
  0x89, 0x00, 0x06, 0xe0, 0xff, 0x33, 0x00, 0xe0, 0xff, 0x33, 0x81, 0x00, 0x05, 0xe0, 0x07, 0x00,
  0x00, 0xe0, 0x07, 0x87, 0x00, 0x05, 0xe0, 0x07, 0x00, 0x00, 0xe0, 0x07, 0x00, 0x0c, 0x03, 0x00,
  0x00, 0x0c, 0x33, 0x00, 0x00, 0x0c, 0x3f, 0x00, 0x00, 0xfc, 0x0f, 0x00, 0x80, 0xff, 0x03, 0x00,
  0xe0, 0x0f, 0x03, 0x00, 0x60, 0x0c, 0x33, 0x00, 0x00, 0x0c, 0x3f, 0x00, 0x00, 0xfc, 0x0f, 0x00,
  0x80, 0xff, 0x03, 0x00, 0xe0, 0x0f, 0x03, 0x00, 0x60, 0x0c, 0x03, 0x00, 0x00, 0x0c, 0x03, 0x81,
  0x00, 0x2a, 0x80, 0x07, 0x06, 0x00, 0xc0, 0x0f, 0x1e, 0x00, 0xc0, 0x18, 0x1c, 0x00, 0x60, 0x18,
  0x38, 0x00, 0x60, 0x30, 0x30, 0x00, 0xf0, 0xff, 0xff, 0x00, 0x60, 0x30, 0x30, 0x00, 0x60, 0x60,
  0x38, 0x00, 0xc0, 0x60, 0x18, 0x00, 0xc0, 0xc1, 0x1f, 0x00, 0x00, 0x81, 0x07, 0x81, 0x00, 0x0f,
  0x80, 0x0f, 0x00, 0x00, 0xc0, 0x1f, 0x00, 0x00, 0x60, 0x30, 0x00, 0x00, 0x20, 0x20, 0x00, 0x00,
  0x80, 0x20, 0x12, 0x00, 0x60, 0x30, 0x38, 0x00, 0xc0, 0x1f, 0x1e, 0x00, 0x80, 0x8f, 0x0f, 0x00,
  0x00, 0xc0, 0x03, 0x00, 0x00, 0xf0, 0x80, 0x00, 0x00, 0x3c, 0x80, 0x00, 0x0a, 0x8f, 0x0f, 0x00,
  0xc0, 0xc3, 0x1f, 0x00, 0xe0, 0x60, 0x30, 0x00, 0x80, 0x20, 0x0f, 0x00, 0x00, 0x20, 0x20, 0x00,
  0x00, 0x60, 0x30, 0x00, 0x00, 0xc0, 0x1f, 0x00, 0x00, 0x80, 0x0f, 0x82, 0x00, 0x25, 0x80, 0x07,
  0x00, 0x00, 0xc0, 0x0f, 0x00, 0x80, 0xe3, 0x1c, 0x00, 0xc0, 0x77, 0x38, 0x00, 0xe0, 0x3c, 0x30,
  0x00, 0x60, 0x38, 0x30, 0x00, 0x60, 0x78, 0x30, 0x00, 0xe0, 0xec, 0x38, 0x00, 0xc0, 0x8f, 0x1b,
  0x00, 0x80, 0x03, 0x1f, 0x80, 0x00, 0x08, 0x0f, 0x00, 0x00, 0xc0, 0x1f, 0x00, 0x00, 0xc0, 0x38,
  0x80, 0x00, 0x00, 0x10, 0x81, 0x00, 0x05, 0xe0, 0x07, 0x00, 0x00, 0xe0, 0x07, 0x82, 0x00, 0x16,
  0xf0, 0x0f, 0x00, 0x00, 0xfe, 0x7f, 0x00, 0x80, 0x0f, 0xf0, 0x01, 0xc0, 0x01, 0x80, 0x03, 0x60,
  0x00, 0x00, 0x06, 0x20, 0x00, 0x00, 0x04, 0x81, 0x00, 0x16, 0x20, 0x00, 0x00, 0x04, 0x60, 0x00,
  0x00, 0x06, 0xc0, 0x01, 0x80, 0x03, 0x80, 0x0f, 0xf0, 0x01, 0x00, 0xfe, 0x7f, 0x00, 0x00, 0xf0,
  0x0f, 0x81, 0x00, 0x00, 0x80, 0x80, 0x00, 0x18, 0x80, 0x04, 0x00, 0x00, 0x80, 0x0f, 0x00, 0x00,
  0xe0, 0x03, 0x00, 0x00, 0xe0, 0x03, 0x00, 0x00, 0x80, 0x0f, 0x00, 0x00, 0x80, 0x04, 0x00, 0x00,
  0x80, 0x82, 0x00, 0x00, 0x60, 0x80, 0x00, 0x00, 0x60, 0x80, 0x00, 0x00, 0x60, 0x80, 0x00, 0x00,
  0x60, 0x80, 0x00, 0x00, 0x60, 0x80, 0x00, 0x08, 0xff, 0x0f, 0x00, 0x00, 0xff, 0x0f, 0x00, 0x00,
  0x60, 0x80, 0x00, 0x00, 0x60, 0x80, 0x00, 0x00, 0x60, 0x80, 0x00, 0x00, 0x60, 0x80, 0x00, 0x00,
  0x60, 0x87, 0x00, 0x05, 0x30, 0x03, 0x00, 0x00, 0xf0, 0x01, 0x00, 0x80, 0x01, 0x00, 0x00, 0x80,
  0x01, 0x00, 0x00, 0x80, 0x01, 0x00, 0x00, 0x80, 0x01, 0x00, 0x00, 0x80, 0x01, 0x00, 0x00, 0x80,
  0x01, 0x00, 0x00, 0x80, 0x01, 0x87, 0x00, 0x00, 0x30, 0x80, 0x00, 0x00, 0x30, 0x00, 0x00, 0x30,
  0x00, 0x00, 0x00, 0x3e, 0x00, 0x00, 0xe0, 0x0f, 0x00, 0x00, 0xfc, 0x01, 0x00, 0x80, 0x3f, 0x00,
  0x00, 0xe0, 0x03, 0x00, 0x00, 0x60, 0x82, 0x00, 0x29, 0xfe, 0x03, 0x00, 0x80, 0xff, 0x0f, 0x00,
  0xc0, 0x01, 0x1c, 0x00, 0xe0, 0x00, 0x38, 0x00, 0x60, 0x00, 0x30, 0x00, 0x60, 0x00, 0x30, 0x00,
  0x60, 0x00, 0x30, 0x00, 0xe0, 0x00, 0x38, 0x00, 0xc0, 0x01, 0x1c, 0x00, 0x80, 0xff, 0x0f, 0x00,
  0x00, 0xfe, 0x03, 0x8a, 0x00, 0x00, 0x06, 0x80, 0x00, 0x00, 0x07, 0x80, 0x00, 0x0d, 0x03, 0x00,
  0x00, 0x80, 0x01, 0x00, 0x00, 0xe0, 0xff, 0x3f, 0x00, 0xe0, 0xff, 0x3f, 0x82, 0x00, 0x29, 0x03,
  0x30, 0x00, 0xc0, 0x03, 0x38, 0x00, 0xc0, 0x00, 0x3c, 0x00, 0x60, 0x00, 0x36, 0x00, 0x60, 0x00,
  0x33, 0x00, 0x60, 0x80, 0x31, 0x00, 0x60, 0xc0, 0x30, 0x00, 0x60, 0x60, 0x30, 0x00, 0xc0, 0x30,
  0x30, 0x00, 0xc0, 0x1f, 0x30, 0x00, 0x00, 0x0f, 0x30, 0x82, 0x00, 0x29, 0x01, 0x06, 0x00, 0xc0,
  0x01, 0x0e, 0x00, 0xc0, 0x00, 0x1c, 0x00, 0x60, 0x00, 0x30, 0x00, 0x60, 0x30, 0x30, 0x00, 0x60,
  0x30, 0x30, 0x00, 0x60, 0x30, 0x30, 0x00, 0xc0, 0x38, 0x30, 0x00, 0xc0, 0x6f, 0x18, 0x00, 0x80,
  0xc7, 0x0f, 0x00, 0x00, 0x80, 0x07, 0x82, 0x00, 0x21, 0x80, 0x03, 0x00, 0x00, 0xc0, 0x03, 0x00,
  0x00, 0xf0, 0x03, 0x00, 0x00, 0x3c, 0x03, 0x00, 0x00, 0x0e, 0x03, 0x00, 0x80, 0x07, 0x03, 0x00,
  0xc0, 0x01, 0x03, 0x00, 0xe0, 0xff, 0x3f, 0x00, 0xe0, 0xff, 0x3f, 0x80, 0x00, 0x00, 0x03, 0x80,
  0x00, 0x00, 0x03, 0x82, 0x00, 0x29, 0x30, 0x06, 0x00, 0x80, 0x3f, 0x0e, 0x00, 0xe0, 0x1f, 0x18,
  0x00, 0x60, 0x08, 0x30, 0x00, 0x60, 0x0c, 0x30, 0x00, 0x60, 0x0c, 0x30, 0x00, 0x60, 0x0c, 0x30,
  0x00, 0x60, 0x0c, 0x30, 0x00, 0x60, 0x18, 0x1c, 0x00, 0x60, 0xf0, 0x0f, 0x00, 0x00, 0xe0, 0x03,
  0x82, 0x00, 0x29, 0xfc, 0x03, 0x00, 0x80, 0xff, 0x0f, 0x00, 0xc0, 0x63, 0x1c, 0x00, 0xc0, 0x30,
  0x38, 0x00, 0x60, 0x18, 0x30, 0x00, 0x60, 0x18, 0x30, 0x00, 0x60, 0x18, 0x30, 0x00, 0x60, 0x18,
  0x30, 0x00, 0xe0, 0x30, 0x18, 0x00, 0xc0, 0xf1, 0x0f, 0x00, 0x80, 0xc1, 0x07, 0x81, 0x00, 0x00,
  0x60, 0x80, 0x00, 0x00, 0x60, 0x80, 0x00, 0x00, 0x60, 0x80, 0x00, 0x1c, 0x60, 0x00, 0x3c, 0x00,
  0x60, 0x80, 0x3f, 0x00, 0x60, 0xe0, 0x03, 0x00, 0x60, 0x78, 0x00, 0x00, 0x60, 0x0e, 0x00, 0x00,
  0x60, 0x03, 0x00, 0x00, 0xe0, 0x01, 0x00, 0x00, 0x60, 0x82, 0x00, 0x29, 0x80, 0x07, 0x00, 0x80,
  0xc7, 0x1f, 0x00, 0xc0, 0x6f, 0x18, 0x00, 0xe0, 0x38, 0x30, 0x00, 0x60, 0x30, 0x30, 0x00, 0x60,
  0x30, 0x30, 0x00, 0x60, 0x30, 0x30, 0x00, 0xe0, 0x38, 0x30, 0x00, 0xc0, 0x6f, 0x18, 0x00, 0x80,
  0xc7, 0x1f, 0x00, 0x00, 0x80, 0x07, 0x82, 0x00, 0x29, 0x1f, 0x0c, 0x00, 0x80, 0x7f, 0x1c, 0x00,
  0xc0, 0x61, 0x38, 0x00, 0x60, 0xc0, 0x30, 0x00, 0x60, 0xc0, 0x30, 0x00, 0x60, 0xc0, 0x30, 0x00,
  0x60, 0xc0, 0x30, 0x00, 0x60, 0x60, 0x18, 0x00, 0xc0, 0x31, 0x1e, 0x00, 0x80, 0xff, 0x0f, 0x00,
  0x00, 0xfe, 0x01, 0x86, 0x00, 0x05, 0x06, 0x30, 0x00, 0x00, 0x06, 0x30, 0x86, 0x00, 0x06, 0x06,
  0x30, 0x03, 0x00, 0x06, 0xf0, 0x01, 0x82, 0x00, 0x00, 0x20, 0x80, 0x00, 0x00, 0x70, 0x80, 0x00,
  0x00, 0x50, 0x80, 0x00, 0x00, 0xd8, 0x80, 0x00, 0x00, 0xd8, 0x80, 0x00, 0x15, 0x8c, 0x01, 0x00,
  0x00, 0x8c, 0x01, 0x00, 0x00, 0x04, 0x01, 0x00, 0x00, 0x06, 0x03, 0x00, 0x00, 0x06, 0x03, 0x00,
  0x00, 0x03, 0x06, 0x82, 0x00, 0x29, 0x8c, 0x01, 0x00, 0x00, 0x8c, 0x01, 0x00, 0x00, 0x8c, 0x01,
  0x00, 0x00, 0x8c, 0x01, 0x00, 0x00, 0x8c, 0x01, 0x00, 0x00, 0x8c, 0x01, 0x00, 0x00, 0x8c, 0x01,
  0x00, 0x00, 0x8c, 0x01, 0x00, 0x00, 0x8c, 0x01, 0x00, 0x00, 0x8c, 0x01, 0x00, 0x00, 0x8c, 0x01,
  0x82, 0x00, 0x18, 0x03, 0x06, 0x00, 0x00, 0x06, 0x03, 0x00, 0x00, 0x06, 0x03, 0x00, 0x00, 0x04,
  0x01, 0x00, 0x00, 0x8c, 0x01, 0x00, 0x00, 0x8c, 0x01, 0x00, 0x00, 0xd8, 0x80, 0x00, 0x00, 0xd8,
  0x80, 0x00, 0x00, 0x50, 0x80, 0x00, 0x00, 0x70, 0x80, 0x00, 0x00, 0x20, 0x82, 0x00, 0x0b, 0x03,
  0x00, 0x00, 0x80, 0x03, 0x00, 0x00, 0xc0, 0x01, 0x00, 0x00, 0xe0, 0x80, 0x00, 0x15, 0x60, 0x80,
  0x33, 0x00, 0x60, 0xc0, 0x33, 0x00, 0x60, 0xe0, 0x00, 0x00, 0x60, 0x30, 0x00, 0x00, 0xc0, 0x38,
  0x00, 0x00, 0xc0, 0x1f, 0x80, 0x00, 0x00, 0x07, 0x82, 0x00, 0x51, 0xe0, 0x0f, 0x00, 0x00, 0xf8,
  0x3f, 0x00, 0x00, 0x1e, 0xf0, 0x00, 0x00, 0x07, 0xc0, 0x01, 0x80, 0xc3, 0x87, 0x01, 0xc0, 0xf1,
  0x9f, 0x03, 0xc0, 0x38, 0x18, 0x03, 0xc0, 0x0c, 0x30, 0x03, 0x60, 0x0e, 0x30, 0x06, 0x60, 0x06,
  0x30, 0x06, 0x60, 0x06, 0x18, 0x06, 0x60, 0x06, 0x0c, 0x06, 0x60, 0x0c, 0x1e, 0x06, 0x60, 0xf8,
  0x3f, 0x06, 0xe0, 0xfe, 0x31, 0x06, 0xc0, 0x0e, 0x30, 0x06, 0xc0, 0x01, 0x18, 0x03, 0x80, 0x03,
  0x1c, 0x03, 0x00, 0x07, 0x8f, 0x01, 0x00, 0xfe, 0x87, 0x01, 0x00, 0xf8, 0xc1, 0x80, 0x00, 0x00,
  0x40, 0x00, 0x00, 0x30, 0x00, 0x00, 0x00, 0x3e, 0x00, 0x00, 0x80, 0x0f, 0x00, 0x00, 0xf0, 0x03,
  0x00, 0x00, 0xfe, 0x01, 0x00, 0x80, 0x8f, 0x01, 0x00, 0xe0, 0x83, 0x01, 0x00, 0x60, 0x80, 0x01,
  0x00, 0xe0, 0x83, 0x01, 0x00, 0x80, 0x8f, 0x01, 0x00, 0x00, 0xfe, 0x01, 0x00, 0x00, 0xf0, 0x03,
  0x00, 0x00, 0x80, 0x0f, 0x00, 0x00, 0x00, 0x3e, 0x00, 0x00, 0x00, 0x30, 0x85, 0x00, 0x32, 0xe0,
  0xff, 0x3f, 0x00, 0xe0, 0xff, 0x3f, 0x00, 0x60, 0x30, 0x30, 0x00, 0x60, 0x30, 0x30, 0x00, 0x60,
  0x30, 0x30, 0x00, 0x60, 0x30, 0x30, 0x00, 0x60, 0x30, 0x30, 0x00, 0x60, 0x30, 0x30, 0x00, 0x60,
  0x30, 0x30, 0x00, 0xc0, 0x78, 0x30, 0x00, 0xc0, 0xff, 0x18, 0x00, 0x80, 0xc7, 0x1f, 0x00, 0x00,
  0x80, 0x07, 0x82, 0x00, 0x39, 0xfc, 0x01, 0x00, 0x00, 0xff, 0x07, 0x00, 0x80, 0x07, 0x0f, 0x00,
  0xc0, 0x01, 0x1c, 0x00, 0xc0, 0x00, 0x18, 0x00, 0x60, 0x00, 0x30, 0x00, 0x60, 0x00, 0x30, 0x00,
  0x60, 0x00, 0x30, 0x00, 0x60, 0x00, 0x30, 0x00, 0x60, 0x00, 0x30, 0x00, 0x60, 0x00, 0x30, 0x00,
  0xc0, 0x00, 0x18, 0x00, 0xc0, 0x01, 0x1c, 0x00, 0x80, 0x03, 0x0f, 0x00, 0x00, 0x02, 0x03, 0x85,
  0x00, 0x36, 0xe0, 0xff, 0x3f, 0x00, 0xe0, 0xff, 0x3f, 0x00, 0x60, 0x00, 0x30, 0x00, 0x60, 0x00,
  0x30, 0x00, 0x60, 0x00, 0x30, 0x00, 0x60, 0x00, 0x30, 0x00, 0x60, 0x00, 0x30, 0x00, 0x60, 0x00,
  0x30, 0x00, 0x60, 0x00, 0x30, 0x00, 0xe0, 0x00, 0x18, 0x00, 0xc0, 0x01, 0x1c, 0x00, 0x80, 0x03,
  0x0e, 0x00, 0x00, 0xff, 0x07, 0x00, 0x00, 0xfc, 0x01, 0x85, 0x00, 0x32, 0xe0, 0xff, 0x3f, 0x00,
  0xe0, 0xff, 0x3f, 0x00, 0x60, 0x30, 0x30, 0x00, 0x60, 0x30, 0x30, 0x00, 0x60, 0x30, 0x30, 0x00,
  0x60, 0x30, 0x30, 0x00, 0x60, 0x30, 0x30, 0x00, 0x60, 0x30, 0x30, 0x00, 0x60, 0x30, 0x30, 0x00,
  0x60, 0x30, 0x30, 0x00, 0x60, 0x30, 0x30, 0x00, 0x60, 0x30, 0x30, 0x00, 0x60, 0x00, 0x30, 0x85,
  0x00, 0x2c, 0xe0, 0xff, 0x3f, 0x00, 0xe0, 0xff, 0x3f, 0x00, 0x60, 0x30, 0x00, 0x00, 0x60, 0x30,
  0x00, 0x00, 0x60, 0x30, 0x00, 0x00, 0x60, 0x30, 0x00, 0x00, 0x60, 0x30, 0x00, 0x00, 0x60, 0x30,
  0x00, 0x00, 0x60, 0x30, 0x00, 0x00, 0x60, 0x30, 0x00, 0x00, 0x60, 0x30, 0x00, 0x00, 0x60, 0x82,
  0x00, 0x3d, 0xfc, 0x01, 0x00, 0x00, 0xff, 0x07, 0x00, 0x80, 0x07, 0x0f, 0x00, 0xc0, 0x01, 0x1c,
  0x00, 0xc0, 0x00, 0x18, 0x00, 0xe0, 0x00, 0x18, 0x00, 0x60, 0x00, 0x30, 0x00, 0x60, 0x00, 0x30,
  0x00, 0x60, 0x00, 0x30, 0x00, 0x60, 0x60, 0x30, 0x00, 0x60, 0x60, 0x30, 0x00, 0xe0, 0x60, 0x38,
  0x00, 0xc0, 0x60, 0x18, 0x00, 0xc0, 0x61, 0x18, 0x00, 0x80, 0xe3, 0x0f, 0x00, 0x00, 0xe2, 0x0f,
  0x85, 0x00, 0x09, 0xe0, 0xff, 0x3f, 0x00, 0xe0, 0xff, 0x3f, 0x00, 0x00, 0x30, 0x80, 0x00, 0x00,
  0x30, 0x80, 0x00, 0x00, 0x30, 0x80, 0x00, 0x00, 0x30, 0x80, 0x00, 0x00, 0x30, 0x80, 0x00, 0x00,
  0x30, 0x80, 0x00, 0x00, 0x30, 0x80, 0x00, 0x00, 0x30, 0x80, 0x00, 0x09, 0x30, 0x00, 0x00, 0xe0,
  0xff, 0x3f, 0x00, 0xe0, 0xff, 0x3f, 0x85, 0x00, 0x06, 0xe0, 0xff, 0x3f, 0x00, 0xe0, 0xff, 0x3f,
  0x83, 0x00, 0x00, 0x0e, 0x80, 0x00, 0x00, 0x1e, 0x80, 0x00, 0x00, 0x38, 0x80, 0x00, 0x00, 0x30,
  0x80, 0x00, 0x00, 0x30, 0x80, 0x00, 0x00, 0x30, 0x80, 0x00, 0x08, 0x38, 0x00, 0xe0, 0xff, 0x1f,
  0x00, 0xe0, 0xff, 0x0f, 0x85, 0x00, 0x09, 0xe0, 0xff, 0x3f, 0x00, 0xe0, 0xff, 0x3f, 0x00, 0x00,
  0xe0, 0x80, 0x00, 0x00, 0x70, 0x80, 0x00, 0x00, 0x38, 0x80, 0x00, 0x00, 0x7c, 0x80, 0x00, 0x00,
  0xfe, 0x80, 0x00, 0x15, 0xe7, 0x01, 0x00, 0x80, 0x83, 0x07, 0x00, 0xc0, 0x01, 0x0f, 0x00, 0xe0,
  0x00, 0x1e, 0x00, 0x60, 0x00, 0x38, 0x00, 0x20, 0x00, 0x30, 0x80, 0x00, 0x00, 0x20, 0x85, 0x00,
  0x06, 0xe0, 0xff, 0x3f, 0x00, 0xe0, 0xff, 0x3f, 0x80, 0x00, 0x00, 0x30, 0x80, 0x00, 0x00, 0x30,
  0x80, 0x00, 0x00, 0x30, 0x80, 0x00, 0x00, 0x30, 0x80, 0x00, 0x00, 0x30, 0x80, 0x00, 0x00, 0x30,
  0x80, 0x00, 0x00, 0x30, 0x80, 0x00, 0x00, 0x30, 0x85, 0x00, 0x0d, 0xe0, 0xff, 0x3f, 0x00, 0xe0,
  0xff, 0x3f, 0x00, 0xe0, 0x01, 0x00, 0x00, 0xc0, 0x0f, 0x80, 0x00, 0x00, 0xfe, 0x80, 0x00, 0x01,
  0xe0, 0x07, 0x80, 0x00, 0x00, 0x3f, 0x80, 0x00, 0x00, 0x30, 0x80, 0x00, 0x18, 0x3f, 0x00, 0x00,
  0xe0, 0x07, 0x00, 0x00, 0xfe, 0x00, 0x00, 0xc0, 0x0f, 0x00, 0x00, 0xe0, 0x01, 0x00, 0x00, 0xe0,
  0xff, 0x3f, 0x00, 0xe0, 0xff, 0x3f, 0x85, 0x00, 0x0d, 0xe0, 0xff, 0x3f, 0x00, 0xe0, 0xff, 0x3f,
  0x00, 0xc0, 0x01, 0x00, 0x00, 0x80, 0x03, 0x80, 0x00, 0x00, 0x0e, 0x80, 0x00, 0x00, 0x3c, 0x80,
  0x00, 0x00, 0x70, 0x80, 0x00, 0x05, 0xe0, 0x01, 0x00, 0x00, 0x80, 0x03, 0x80, 0x00, 0x00, 0x0f,
  0x80, 0x00, 0x08, 0x1c, 0x00, 0xe0, 0xff, 0x3f, 0x00, 0xe0, 0xff, 0x3f, 0x82, 0x00, 0x41, 0xfc,
  0x01, 0x00, 0x00, 0xff, 0x07, 0x00, 0x80, 0x07, 0x0f, 0x00, 0xc0, 0x01, 0x1c, 0x00, 0xc0, 0x00,
  0x18, 0x00, 0xe0, 0x00, 0x38, 0x00, 0x60, 0x00, 0x30, 0x00, 0x60, 0x00, 0x30, 0x00, 0x60, 0x00,
  0x30, 0x00, 0x60, 0x00, 0x30, 0x00, 0x60, 0x00, 0x30, 0x00, 0xe0, 0x00, 0x38, 0x00, 0xc0, 0x00,
  0x18, 0x00, 0xc0, 0x01, 0x1c, 0x00, 0x80, 0x07, 0x0f, 0x00, 0x00, 0xff, 0x07, 0x00, 0x00, 0xfc,
  0x01, 0x85, 0x00, 0x2d, 0xe0, 0xff, 0x3f, 0x00, 0xe0, 0xff, 0x3f, 0x00, 0x60, 0x60, 0x00, 0x00,
  0x60, 0x60, 0x00, 0x00, 0x60, 0x60, 0x00, 0x00, 0x60, 0x60, 0x00, 0x00, 0x60, 0x60, 0x00, 0x00,
  0x60, 0x60, 0x00, 0x00, 0x60, 0x60, 0x00, 0x00, 0x60, 0x60, 0x00, 0x00, 0xc0, 0x30, 0x00, 0x00,
  0xc0, 0x3f, 0x80, 0x00, 0x00, 0x0f, 0x82, 0x00, 0x41, 0xfc, 0x01, 0x00, 0x00, 0xff, 0x07, 0x00,
  0x80, 0x07, 0x0f, 0x00, 0xc0, 0x01, 0x0c, 0x00, 0xc0, 0x00, 0x18, 0x00, 0xe0, 0x00, 0x18, 0x00,
  0x60, 0x00, 0x30, 0x00, 0x60, 0x00, 0x30, 0x00, 0x60, 0x00, 0x30, 0x00, 0x60, 0x00, 0x36, 0x00,
  0x60, 0x00, 0x36, 0x00, 0xe0, 0x00, 0x3c, 0x00, 0xc0, 0x00, 0x1c, 0x00, 0xc0, 0x01, 0x1c, 0x00,
  0x80, 0x07, 0x3f, 0x00, 0x00, 0xff, 0x77, 0x00, 0x00, 0xfc, 0x61, 0x85, 0x00, 0x32, 0xe0, 0xff,
  0x3f, 0x00, 0xe0, 0xff, 0x3f, 0x00, 0x60, 0x30, 0x00, 0x00, 0x60, 0x30, 0x00, 0x00, 0x60, 0x30,
  0x00, 0x00, 0x60, 0x30, 0x00, 0x00, 0x60, 0x70, 0x00, 0x00, 0x60, 0xf0, 0x00, 0x00, 0x60, 0xf0,
  0x03, 0x00, 0x60, 0xb0, 0x07, 0x00, 0xe0, 0x18, 0x1f, 0x00, 0xc0, 0x1f, 0x3c, 0x00, 0x80, 0x0f,
  0x30, 0x80, 0x00, 0x00, 0x20, 0x83, 0x00, 0x34, 0x03, 0x00, 0x00, 0x07, 0x0f, 0x00, 0xc0, 0x1f,
  0x1c, 0x00, 0xc0, 0x18, 0x18, 0x00, 0x60, 0x38, 0x38, 0x00, 0x60, 0x30, 0x30, 0x00, 0x60, 0x30,
  0x30, 0x00, 0x60, 0x30, 0x30, 0x00, 0x60, 0x30, 0x30, 0x00, 0x60, 0x70, 0x30, 0x00, 0xc0, 0x60,
  0x18, 0x00, 0xc0, 0xe1, 0x18, 0x00, 0x80, 0xc3, 0x0f, 0x00, 0x00, 0x83, 0x07, 0x60, 0x00, 0x00,
  0x00, 0x60, 0x00, 0x00, 0x00, 0x60, 0x00, 0x00, 0x00, 0x60, 0x00, 0x00, 0x00, 0x60, 0x00, 0x00,
  0x00, 0x60, 0x00, 0x00, 0x00, 0xe0, 0xff, 0x3f, 0x00, 0xe0, 0xff, 0x3f, 0x00, 0x60, 0x00, 0x00,
  0x00, 0x60, 0x00, 0x00, 0x00, 0x60, 0x00, 0x00, 0x00, 0x60, 0x00, 0x00, 0x00, 0x60, 0x00, 0x00,
  0x00, 0x60, 0x85, 0x00, 0x06, 0xe0, 0xff, 0x03, 0x00, 0xe0, 0xff, 0x0f, 0x80, 0x00, 0x00, 0x1c,
  0x80, 0x00, 0x00, 0x38, 0x80, 0x00, 0x00, 0x30, 0x80, 0x00, 0x00, 0x30, 0x80, 0x00, 0x00, 0x30,
  0x80, 0x00, 0x00, 0x30, 0x80, 0x00, 0x00, 0x30, 0x80, 0x00, 0x00, 0x38, 0x80, 0x00, 0x08, 0x1c,
  0x00, 0xe0, 0xff, 0x0f, 0x00, 0xe0, 0xff, 0x03, 0x20, 0x00, 0x00, 0x00, 0xe0, 0x01, 0x00, 0x00,
  0xc0, 0x0f, 0x00, 0x00, 0x00, 0x3e, 0x00, 0x00, 0x00, 0xf8, 0x01, 0x00, 0x00, 0xc0, 0x0f, 0x00,
  0x00, 0x00, 0x3e, 0x00, 0x00, 0x00, 0x38, 0x00, 0x00, 0x00, 0x3e, 0x00, 0x00, 0xc0, 0x0f, 0x00,
  0x00, 0xf8, 0x01, 0x00, 0x00, 0x3e, 0x00, 0x00, 0xc0, 0x0f, 0x00, 0x00, 0xe0, 0x01, 0x00, 0x00,
  0x20, 0x60, 0x00, 0x00, 0x00, 0xe0, 0x07, 0x00, 0x00, 0x80, 0xff, 0x00, 0x00, 0x00, 0xf8, 0x0f,
  0x00, 0x00, 0x80, 0x3f, 0x00, 0x00, 0x00, 0x30, 0x00, 0x00, 0x00, 0x3f, 0x00, 0x00, 0xe0, 0x0f,
  0x00, 0x00, 0xfc, 0x01, 0x00, 0x80, 0x1f, 0x00, 0x00, 0xe0, 0x03, 0x00, 0x00, 0x60, 0x00, 0x00,
  0x00, 0xe0, 0x03, 0x00, 0x00, 0x80, 0x1f, 0x00, 0x00, 0x00, 0xfc, 0x01, 0x00, 0x00, 0xe0, 0x0f,
  0x00, 0x00, 0x00, 0x3f, 0x00, 0x00, 0x00, 0x30, 0x00, 0x00, 0x80, 0x3f, 0x00, 0x00, 0xf8, 0x0f,
  0x00, 0x80, 0xff, 0x00, 0x00, 0xe0, 0x07, 0x00, 0x00, 0x60, 0x00, 0x00, 0x20, 0x00, 0x20, 0x00,
  0x30, 0x00, 0x60, 0x00, 0x3c, 0x00, 0xe0, 0x01, 0x1e, 0x00, 0xc0, 0x83, 0x07, 0x00, 0x00, 0xcf,
  0x03, 0x00, 0x00, 0xfe, 0x01, 0x00, 0x00, 0x38, 0x00, 0x00, 0x00, 0xfe, 0x01, 0x00, 0x00, 0xcf,
  0x03, 0x00, 0xc0, 0x03, 0x07, 0x00, 0xe0, 0x01, 0x1e, 0x00, 0x60, 0x00, 0x3c, 0x00, 0x20, 0x00,
  0x30, 0x00, 0x00, 0x00, 0x20, 0x20, 0x00, 0x00, 0x00, 0x60, 0x00, 0x00, 0x00, 0xc0, 0x01, 0x00,
  0x00, 0x80, 0x03, 0x00, 0x00, 0x00, 0x07, 0x00, 0x00, 0x00, 0x1e, 0x00, 0x00, 0x00, 0x3c, 0x00,
  0x00, 0x00, 0xf0, 0x3f, 0x00, 0x00, 0xf0, 0x3f, 0x00, 0x00, 0x3c, 0x00, 0x00, 0x00, 0x1e, 0x00,
  0x00, 0x00, 0x07, 0x00, 0x00, 0xc0, 0x03, 0x00, 0x00, 0xe0, 0x01, 0x00, 0x00, 0x60, 0x00, 0x00,
  0x00, 0x20, 0x00, 0x00, 0x30, 0x00, 0x60, 0x00, 0x38, 0x00, 0x60, 0x00, 0x3c, 0x00, 0x60, 0x00,
  0x37, 0x00, 0x60, 0x80, 0x33, 0x00, 0x60, 0xc0, 0x31, 0x00, 0x60, 0xe0, 0x30, 0x00, 0x60, 0x38,
  0x30, 0x00, 0x60, 0x1c, 0x30, 0x00, 0x60, 0x0e, 0x30, 0x00, 0x60, 0x07, 0x30, 0x00, 0xe0, 0x01,
  0x30, 0x00, 0xe0, 0x00, 0x30, 0x00, 0x60, 0x00, 0x30, 0x81, 0x00, 0x0f, 0xe0, 0xff, 0xff, 0x07,
  0xe0, 0xff, 0xff, 0x07, 0x60, 0x00, 0x00, 0x06, 0x60, 0x00, 0x00, 0x06, 0x60, 0x00, 0x00, 0x00,
  0xe0, 0x03, 0x00, 0x00, 0x80, 0x3f, 0x00, 0x00, 0x00, 0xfc, 0x01, 0x00, 0x00, 0xe0, 0x0f, 0x00,
  0x00, 0x00, 0x3e, 0x00, 0x00, 0x00, 0x30, 0x85, 0x00, 0x0f, 0x60, 0x00, 0x00, 0x06, 0x60, 0x00,
  0x00, 0x06, 0xe0, 0xff, 0xff, 0x07, 0xe0, 0xff, 0xff, 0x07, 0x82, 0x00, 0x00, 0x20, 0x80, 0x00,
  0x00, 0x38, 0x80, 0x00, 0x07, 0x1f, 0x00, 0x00, 0xc0, 0x07, 0x00, 0x00, 0xe0, 0x80, 0x00, 0x00,
  0xe0, 0x80, 0x00, 0x01, 0xc0, 0x07, 0x80, 0x00, 0x00, 0x1f, 0x80, 0x00, 0x00, 0x38, 0x80, 0x00,
  0x00, 0x20, 0x00, 0x00, 0x00, 0x06, 0x00, 0x00, 0x00, 0x06, 0x00, 0x00, 0x00, 0x06, 0x00, 0x00,
  0x00, 0x06, 0x00, 0x00, 0x00, 0x06, 0x00, 0x00, 0x00, 0x06, 0x00, 0x00, 0x00, 0x06, 0x00, 0x00,
  0x00, 0x06, 0x00, 0x00, 0x00, 0x06, 0x00, 0x00, 0x00, 0x06, 0x00, 0x00, 0x00, 0x06, 0x00, 0x00,
  0x00, 0x06, 0x00, 0x00, 0x00, 0x06, 0x81, 0x00, 0x00, 0x20, 0x80, 0x00, 0x00, 0x60, 0x80, 0x00,
  0x00, 0xe0, 0x80, 0x00, 0x00, 0x80, 0x82, 0x00, 0x25, 0x18, 0x0e, 0x00, 0x00, 0x1c, 0x1f, 0x00,
  0x00, 0x8c, 0x39, 0x00, 0x00, 0x86, 0x31, 0x00, 0x00, 0x86, 0x31, 0x00, 0x00, 0xc6, 0x30, 0x00,
  0x00, 0xc6, 0x18, 0x00, 0x00, 0xce, 0x0c, 0x00, 0x00, 0xfc, 0x1f, 0x00, 0x00, 0xf8, 0x3f, 0x80,
  0x00, 0x00, 0x20, 0x85, 0x00, 0x2a, 0xe0, 0xff, 0x3f, 0x00, 0xe0, 0xff, 0x3f, 0x00, 0x00, 0x18,
  0x0c, 0x00, 0x00, 0x0c, 0x18, 0x00, 0x00, 0x06, 0x30, 0x00, 0x00, 0x06, 0x30, 0x00, 0x00, 0x06,
  0x30, 0x00, 0x00, 0x0e, 0x38, 0x00, 0x00, 0x1c, 0x1c, 0x00, 0x00, 0xf8, 0x0f, 0x00, 0x00, 0xe0,
  0x03, 0x82, 0x00, 0x25, 0xf0, 0x07, 0x00, 0x00, 0xf8, 0x0f, 0x00, 0x00, 0x1c, 0x1c, 0x00, 0x00,
  0x0e, 0x38, 0x00, 0x00, 0x06, 0x30, 0x00, 0x00, 0x06, 0x30, 0x00, 0x00, 0x06, 0x30, 0x00, 0x00,
  0x0e, 0x38, 0x00, 0x00, 0x1c, 0x1c, 0x00, 0x00, 0x18, 0x0c, 0x82, 0x00, 0x29, 0xe0, 0x03, 0x00,
  0x00, 0xf8, 0x0f, 0x00, 0x00, 0x1c, 0x1c, 0x00, 0x00, 0x0e, 0x38, 0x00, 0x00, 0x06, 0x30, 0x00,
  0x00, 0x06, 0x30, 0x00, 0x00, 0x06, 0x30, 0x00, 0x00, 0x0c, 0x18, 0x00, 0x00, 0x18, 0x0c, 0x00,
  0xe0, 0xff, 0x3f, 0x00, 0xe0, 0xff, 0x3f, 0x82, 0x00, 0x29, 0xe0, 0x07, 0x00, 0x00, 0xf8, 0x0f,
  0x00, 0x00, 0xdc, 0x1c, 0x00, 0x00, 0xce, 0x38, 0x00, 0x00, 0xc6, 0x30, 0x00, 0x00, 0xc6, 0x30,
  0x00, 0x00, 0xc6, 0x30, 0x00, 0x00, 0xce, 0x38, 0x00, 0x00, 0xdc, 0x18, 0x00, 0x00, 0xf8, 0x0c,
  0x00, 0x00, 0xf0, 0x04, 0x00, 0x06, 0x00, 0x00, 0x00, 0x06, 0x00, 0x00, 0xc0, 0xff, 0x3f, 0x00,
  0xe0, 0xff, 0x3f, 0x00, 0x60, 0x06, 0x00, 0x00, 0x60, 0x06, 0x00, 0x00, 0x60, 0x06, 0x82, 0x00,
  0x29, 0xe0, 0x83, 0x01, 0x00, 0xf8, 0x8f, 0x03, 0x00, 0x1c, 0x1c, 0x07, 0x00, 0x0e, 0x38, 0x06,
  0x00, 0x06, 0x30, 0x06, 0x00, 0x06, 0x30, 0x06, 0x00, 0x06, 0x30, 0x06, 0x00, 0x0c, 0x18, 0x07,
  0x00, 0x18, 0x8c, 0x03, 0x00, 0xfe, 0xff, 0x01, 0x00, 0xfe, 0xff, 0x85, 0x00, 0x09, 0xe0, 0xff,
  0x3f, 0x00, 0xe0, 0xff, 0x3f, 0x00, 0x00, 0x18, 0x80, 0x00, 0x00, 0x0c, 0x80, 0x00, 0x00, 0x06,
  0x80, 0x00, 0x00, 0x06, 0x80, 0x00, 0x00, 0x06, 0x80, 0x00, 0x00, 0x0e, 0x80, 0x00, 0x05, 0xfc,
  0x3f, 0x00, 0x00, 0xf8, 0x3f, 0x85, 0x00, 0x06, 0x60, 0xfe, 0x3f, 0x00, 0x60, 0xfe, 0x3f, 0x00,
  0x00, 0x00, 0x06, 0x00, 0x00, 0x00, 0x06, 0x60, 0xfe, 0xff, 0x07, 0x60, 0xfe, 0xff, 0x03, 0x85,
  0x00, 0x09, 0xe0, 0xff, 0x3f, 0x00, 0xe0, 0xff, 0x3f, 0x00, 0x00, 0xc0, 0x80, 0x00, 0x00, 0xe0,
  0x80, 0x00, 0x11, 0xf0, 0x01, 0x00, 0x00, 0x98, 0x07, 0x00, 0x00, 0x0c, 0x0e, 0x00, 0x00, 0x06,
  0x3c, 0x00, 0x00, 0x02, 0x30, 0x80, 0x00, 0x00, 0x20, 0x85, 0x00, 0x06, 0xe0, 0xff, 0x3f, 0x00,
  0xe0, 0xff, 0x3f, 0x86, 0x00, 0x08, 0xfe, 0x3f, 0x00, 0x00, 0xfe, 0x3f, 0x00, 0x00, 0x0c, 0x80,
  0x00, 0x00, 0x04, 0x80, 0x00, 0x00, 0x06, 0x80, 0x00, 0x00, 0x06, 0x80, 0x00, 0x00, 0x0e, 0x80,
  0x00, 0x08, 0xfc, 0x3f, 0x00, 0x00, 0xf8, 0x3f, 0x00, 0x00, 0x0c, 0x80, 0x00, 0x00, 0x04, 0x80,
  0x00, 0x00, 0x06, 0x80, 0x00, 0x00, 0x06, 0x80, 0x00, 0x00, 0x0e, 0x80, 0x00, 0x05, 0xfc, 0x3f,
  0x00, 0x00, 0xf8, 0x3f, 0x86, 0x00, 0x08, 0xfe, 0x3f, 0x00, 0x00, 0xfe, 0x3f, 0x00, 0x00, 0x18,
  0x80, 0x00, 0x00, 0x0c, 0x80, 0x00, 0x00, 0x06, 0x80, 0x00, 0x00, 0x06, 0x80, 0x00, 0x00, 0x06,
  0x80, 0x00, 0x00, 0x0e, 0x80, 0x00, 0x05, 0xfc, 0x3f, 0x00, 0x00, 0xf8, 0x3f, 0x82, 0x00, 0x29,
  0xf0, 0x07, 0x00, 0x00, 0xf8, 0x0f, 0x00, 0x00, 0x1c, 0x1c, 0x00, 0x00, 0x0e, 0x38, 0x00, 0x00,
  0x06, 0x30, 0x00, 0x00, 0x06, 0x30, 0x00, 0x00, 0x06, 0x30, 0x00, 0x00, 0x0e, 0x38, 0x00, 0x00,
  0x1c, 0x1c, 0x00, 0x00, 0xf8, 0x0f, 0x00, 0x00, 0xf0, 0x07, 0x86, 0x00, 0x29, 0xfe, 0xff, 0x07,
  0x00, 0xfe, 0xff, 0x07, 0x00, 0x18, 0x0c, 0x00, 0x00, 0x0c, 0x18, 0x00, 0x00, 0x06, 0x30, 0x00,
  0x00, 0x06, 0x30, 0x00, 0x00, 0x06, 0x30, 0x00, 0x00, 0x0e, 0x38, 0x00, 0x00, 0x1c, 0x1c, 0x00,
  0x00, 0xf8, 0x0f, 0x00, 0x00, 0xe0, 0x03, 0x82, 0x00, 0x2a, 0xe0, 0x03, 0x00, 0x00, 0xf8, 0x0f,
  0x00, 0x00, 0x1c, 0x1c, 0x00, 0x00, 0x0e, 0x38, 0x00, 0x00, 0x06, 0x30, 0x00, 0x00, 0x06, 0x30,
  0x00, 0x00, 0x06, 0x30, 0x00, 0x00, 0x0c, 0x18, 0x00, 0x00, 0x18, 0x0c, 0x00, 0x00, 0xfe, 0xff,
  0x07, 0x00, 0xfe, 0xff, 0x07, 0x86, 0x00, 0x08, 0xfe, 0x3f, 0x00, 0x00, 0xfe, 0x3f, 0x00, 0x00,
  0x0c, 0x80, 0x00, 0x00, 0x06, 0x80, 0x00, 0x00, 0x06, 0x80, 0x00, 0x00, 0x06, 0x82, 0x00, 0x25,
  0x38, 0x0c, 0x00, 0x00, 0x7c, 0x1c, 0x00, 0x00, 0xee, 0x38, 0x00, 0x00, 0xc6, 0x30, 0x00, 0x00,
  0xc6, 0x30, 0x00, 0x00, 0xc6, 0x31, 0x00, 0x00, 0xc6, 0x31, 0x00, 0x00, 0x8e, 0x39, 0x00, 0x00,
  0x9c, 0x1f, 0x00, 0x00, 0x18, 0x0f, 0x00, 0x06, 0x00, 0x00, 0x00, 0x06, 0x00, 0x00, 0xc0, 0xff,
  0x1f, 0x00, 0xe0, 0xff, 0x3f, 0x00, 0x00, 0x06, 0x30, 0x00, 0x00, 0x06, 0x30, 0x00, 0x00, 0x06,
  0x30, 0x86, 0x00, 0x05, 0xfe, 0x0f, 0x00, 0x00, 0xfe, 0x1f, 0x80, 0x00, 0x00, 0x38, 0x80, 0x00,
  0x00, 0x30, 0x80, 0x00, 0x00, 0x30, 0x80, 0x00, 0x00, 0x30, 0x80, 0x00, 0x00, 0x18, 0x80, 0x00,
  0x08, 0x0c, 0x00, 0x00, 0xfe, 0x3f, 0x00, 0x00, 0xfe, 0x3f, 0x00, 0x06, 0x00, 0x00, 0x00, 0x3e,
  0x00, 0x00, 0x00, 0xf8, 0x00, 0x00, 0x00, 0xc0, 0x07, 0x00, 0x00, 0x00, 0x1f, 0x00, 0x00, 0x00,
  0x38, 0x00, 0x00, 0x00, 0x1f, 0x00, 0x00, 0xc0, 0x07, 0x00, 0x00, 0xf8, 0x00, 0x00, 0x00, 0x3e,
  0x00, 0x00, 0x00, 0x06, 0x00, 0x0e, 0x00, 0x00, 0x00, 0x7e, 0x00, 0x00, 0x00, 0xf0, 0x03, 0x00,
  0x00, 0x80, 0x1f, 0x00, 0x00, 0x00, 0x38, 0x00, 0x00, 0x80, 0x1f, 0x00, 0x00, 0xe0, 0x03, 0x00,
  0x00, 0x7c, 0x00, 0x00, 0x00, 0x0e, 0x00, 0x00, 0x00, 0x7c, 0x00, 0x00, 0x00, 0xe0, 0x03, 0x00,
  0x00, 0x80, 0x1f, 0x00, 0x00, 0x00, 0x38, 0x00, 0x00, 0x80, 0x1f, 0x00, 0x00, 0xf0, 0x03, 0x00,
  0x00, 0x7e, 0x00, 0x00, 0x00, 0x0e, 0x00, 0x02, 0x20, 0x00, 0x00, 0x06, 0x30, 0x00, 0x00, 0x1e,
  0x3c, 0x00, 0x00, 0x38, 0x0e, 0x00, 0x00, 0xf0, 0x07, 0x00, 0x00, 0xc0, 0x01, 0x00, 0x00, 0xe0,
  0x07, 0x00, 0x00, 0x38, 0x0e, 0x00, 0x00, 0x1c, 0x3c, 0x00, 0x00, 0x0e, 0x30, 0x00, 0x00, 0x02,
  0x20, 0x82, 0x00, 0x00, 0x0e, 0x80, 0x00, 0x1c, 0x7e, 0x00, 0x06, 0x00, 0xf0, 0x01, 0x06, 0x00,
  0x80, 0x0f, 0x07, 0x00, 0x00, 0xfe, 0x03, 0x00, 0x00, 0xfc, 0x00, 0x00, 0xc0, 0x1f, 0x00, 0x00,
  0xf8, 0x03, 0x00, 0x00, 0x3e, 0x80, 0x00, 0x00, 0x06, 0x83, 0x00, 0x24, 0x30, 0x00, 0x00, 0x06,
  0x3c, 0x00, 0x00, 0x06, 0x3e, 0x00, 0x00, 0x06, 0x37, 0x00, 0x00, 0xc6, 0x33, 0x00, 0x00, 0xe6,
  0x30, 0x00, 0x00, 0x76, 0x30, 0x00, 0x00, 0x3e, 0x30, 0x00, 0x00, 0x1e, 0x30, 0x00, 0x00, 0x06,
  0x30, 0x82, 0x00, 0x16, 0x80, 0x01, 0x00, 0x00, 0xc0, 0x03, 0x00, 0xc0, 0x7f, 0xfe, 0x03, 0xe0,
  0x3f, 0xfc, 0x07, 0x60, 0x00, 0x00, 0x06, 0x60, 0x00, 0x00, 0x06, 0x85, 0x00, 0x07, 0xe0, 0xff,
  0xff, 0x0f, 0xe0, 0xff, 0xff, 0x0f, 0x81, 0x00, 0x16, 0x60, 0x00, 0x00, 0x06, 0x60, 0x00, 0x00,
  0x06, 0xe0, 0x3f, 0xfc, 0x07, 0xc0, 0x7f, 0xff, 0x03, 0x00, 0xc0, 0x03, 0x00, 0x00, 0x80, 0x01,
  0x82, 0x00, 0x00, 0x60, 0x80, 0x00, 0x00, 0x70, 0x80, 0x00, 0x00, 0x30, 0x80, 0x00, 0x00, 0x30,
  0x80, 0x00, 0x00, 0x30, 0x80, 0x00, 0x00, 0x60, 0x80, 0x00, 0x00, 0x60, 0x80, 0x00, 0x00, 0xc0,
  0x80, 0x00, 0x00, 0xc0, 0x80, 0x00, 0x00, 0xc0, 0x80, 0x00, 0x00, 0xe0, 0x80, 0x00, 0x00, 0x60,
  0x8a, 0x00, 0x06, 0xe6, 0xff, 0x07, 0x00, 0xe6, 0xff, 0x07, 0x82, 0x00, 0x25, 0xe0, 0x07, 0x00,
  0x00, 0xf8, 0x0f, 0x00, 0x00, 0x1c, 0x9c, 0x07, 0x00, 0x0e, 0x78, 0x00, 0x00, 0x06, 0x3f, 0x00,
  0x00, 0xf6, 0x30, 0x00, 0x00, 0x0e, 0x30, 0x00, 0xe0, 0x0d, 0x1c, 0x00, 0x00, 0x1c, 0x0e, 0x00,
  0x00, 0x10, 0x06, 0x00, 0x60, 0x10, 0x00, 0x00, 0x60, 0x38, 0x00, 0x00, 0x7f, 0x1c, 0x00, 0xc0,
  0xff, 0x1f, 0x00, 0xe0, 0xe0, 0x19, 0x00, 0x60, 0x60, 0x18, 0x00, 0x60, 0x60, 0x18, 0x00, 0x60,
  0x60, 0x30, 0x00, 0xe0, 0x00, 0x30, 0x00, 0xc0, 0x01, 0x30, 0x00, 0x80, 0x01, 0x38, 0x00, 0x00,
  0x00, 0x10, 0x82, 0x00, 0x2d, 0x02, 0x04, 0x00, 0x00, 0xf7, 0x0e, 0x00, 0x00, 0xfe, 0x07, 0x00,
  0x00, 0x0c, 0x03, 0x00, 0x00, 0x06, 0x06, 0x00, 0x00, 0x06, 0x06, 0x00, 0x00, 0x06, 0x06, 0x00,
  0x00, 0x06, 0x06, 0x00, 0x00, 0x0c, 0x03, 0x00, 0x00, 0xfe, 0x07, 0x00, 0x00, 0xf7, 0x0e, 0x00,
  0x00, 0x02, 0x04, 0xe0, 0x60, 0x06, 0x00, 0xc0, 0x61, 0x06, 0x00, 0x80, 0x67, 0x06, 0x00, 0x00,
  0x7e, 0x06, 0x00, 0x00, 0x7c, 0x06, 0x00, 0x00, 0xf0, 0x3f, 0x00, 0x00, 0xf0, 0x3f, 0x00, 0x00,
  0x7c, 0x06, 0x00, 0x00, 0x7e, 0x06, 0x00, 0x80, 0x67, 0x06, 0x00, 0xc0, 0x61, 0x06, 0x00, 0xe0,
  0x60, 0x06, 0x00, 0x20, 0x85, 0x00, 0x07, 0xe0, 0x7f, 0xf8, 0x0f, 0xe0, 0x7f, 0xf8, 0x0f, 0x82,
  0x00, 0x29, 0xe0, 0x00, 0x00, 0x80, 0xf3, 0xc1, 0x00, 0xc0, 0x1f, 0xc3, 0x03, 0xe0, 0x0c, 0x07,
  0x03, 0x60, 0x1c, 0x06, 0x06, 0x60, 0x18, 0x0c, 0x06, 0x60, 0x30, 0x1c, 0x06, 0xe0, 0x70, 0x38,
  0x07, 0xc0, 0xe1, 0xf4, 0x03, 0x80, 0xc1, 0xe7, 0x01, 0x00, 0x80, 0x03, 0x81, 0x00, 0x00, 0x60,
  0x80, 0x00, 0x00, 0x60, 0x88, 0x00, 0x00, 0x60, 0x80, 0x00, 0x00, 0x60, 0x00, 0xf8, 0x00, 0x00,
  0x00, 0xfe, 0x03, 0x00, 0x00, 0x07, 0x07, 0x00, 0x80, 0x01, 0x0c, 0x00, 0xc0, 0x79, 0x1c, 0x00,
  0xc0, 0xfe, 0x19, 0x00, 0x60, 0x86, 0x31, 0x00, 0x60, 0x03, 0x33, 0x00, 0x60, 0x03, 0x33, 0x00,
  0x60, 0x03, 0x33, 0x00, 0x60, 0x03, 0x33, 0x00, 0x60, 0x87, 0x33, 0x00, 0xc0, 0x86, 0x19, 0x00,
  0xc0, 0x85, 0x1c, 0x00, 0x80, 0x01, 0x0c, 0x00, 0x00, 0x07, 0x07, 0x00, 0x00, 0xfe, 0x03, 0x00,
  0x00, 0xf8, 0x81, 0x00, 0x15, 0xc0, 0x1c, 0x00, 0x00, 0xe0, 0x3e, 0x00, 0x00, 0x60, 0x32, 0x00,
  0x00, 0x60, 0x32, 0x00, 0x00, 0xe0, 0x3f, 0x00, 0x00, 0xc0, 0x3f, 0x82, 0x00, 0x00, 0x80, 0x80,
  0x00, 0x1d, 0xe0, 0x03, 0x00, 0x00, 0x78, 0x0f, 0x00, 0x00, 0x1c, 0x1c, 0x00, 0x00, 0x84, 0x10,
  0x00, 0x00, 0xe0, 0x03, 0x00, 0x00, 0x78, 0x0f, 0x00, 0x00, 0x1c, 0x1c, 0x00, 0x00, 0x04, 0x10,
  0x82, 0x00, 0x00, 0x0c, 0x80, 0x00, 0x00, 0x0c, 0x80, 0x00, 0x00, 0x0c, 0x80, 0x00, 0x00, 0x0c,
  0x80, 0x00, 0x00, 0x0c, 0x80, 0x00, 0x00, 0x0c, 0x80, 0x00, 0x00, 0x0c, 0x80, 0x00, 0x00, 0x0c,
  0x80, 0x00, 0x00, 0x0c, 0x80, 0x00, 0x05, 0xfc, 0x01, 0x00, 0x00, 0xfc, 0x01, 0x00, 0x80, 0x01,
  0x00, 0x00, 0x80, 0x01, 0x00, 0x00, 0x80, 0x01, 0x00, 0x00, 0x80, 0x01, 0x00, 0x00, 0x80, 0x01,
  0x00, 0x00, 0x80, 0x01, 0x00, 0x00, 0x80, 0x01, 0x00, 0xf8, 0x00, 0x00, 0x00, 0xfe, 0x03, 0x00,
  0x00, 0x07, 0x07, 0x00, 0x80, 0x01, 0x0c, 0x00, 0xc0, 0x01, 0x1c, 0x00, 0xc0, 0xfe, 0x1b, 0x00,
  0x60, 0xfe, 0x33, 0x00, 0x60, 0x66, 0x30, 0x00, 0x60, 0x66, 0x30, 0x00, 0x60, 0xe6, 0x30, 0x00,
  0x60, 0xfe, 0x31, 0x00, 0x60, 0x3c, 0x33, 0x00, 0xc0, 0x00, 0x1a, 0x00, 0xc0, 0x01, 0x1c, 0x00,
  0x80, 0x01, 0x0c, 0x00, 0x00, 0x07, 0x07, 0x00, 0x00, 0xfe, 0x03, 0x00, 0x00, 0xf8, 0x0c, 0x00,
  0x00, 0x00, 0x0c, 0x00, 0x00, 0x00, 0x0c, 0x00, 0x00, 0x00, 0x0c, 0x00, 0x00, 0x00, 0x0c, 0x00,
  0x00, 0x00, 0x0c, 0x00, 0x00, 0x00, 0x0c, 0x00, 0x00, 0x00, 0x0c, 0x00, 0x00, 0x00, 0x0c, 0x00,
  0x00, 0x00, 0x0c, 0x00, 0x00, 0x00, 0x0c, 0x00, 0x00, 0x00, 0x0c, 0x00, 0x00, 0x00, 0x0c, 0x81,
  0x00, 0x19, 0x80, 0x03, 0x00, 0x00, 0x40, 0x04, 0x00, 0x00, 0x20, 0x08, 0x00, 0x00, 0x20, 0x08,
  0x00, 0x00, 0x20, 0x08, 0x00, 0x00, 0x40, 0x04, 0x00, 0x00, 0x80, 0x03, 0x82, 0x00, 0x2d, 0x60,
  0x30, 0x00, 0x00, 0x60, 0x30, 0x00, 0x00, 0x60, 0x30, 0x00, 0x00, 0x60, 0x30, 0x00, 0x00, 0x60,
  0x30, 0x00, 0x00, 0xff, 0x3f, 0x00, 0x00, 0xff, 0x3f, 0x00, 0x00, 0x60, 0x30, 0x00, 0x00, 0x60,
  0x30, 0x00, 0x00, 0x60, 0x30, 0x00, 0x00, 0x60, 0x30, 0x00, 0x00, 0x60, 0x30, 0x40, 0x20, 0x00,
  0x00, 0x60, 0x30, 0x00, 0x00, 0x20, 0x38, 0x00, 0x00, 0x20, 0x2c, 0x00, 0x00, 0x20, 0x26, 0x00,
  0x00, 0xe0, 0x23, 0x00, 0x00, 0xc0, 0x21, 0x40, 0x10, 0x00, 0x00, 0x60, 0x30, 0x00, 0x00, 0x20,
  0x20, 0x00, 0x00, 0x20, 0x22, 0x00, 0x00, 0x20, 0x22, 0x00, 0x00, 0xe0, 0x3d, 0x00, 0x00, 0xc0,
  0x1d, 0x89, 0x00, 0x00, 0x80, 0x80, 0x00, 0x00, 0xe0, 0x80, 0x00, 0x00, 0x60, 0x80, 0x00, 0x00,
  0x20, 0x86, 0x00, 0x09, 0xfe, 0xff, 0x07, 0x00, 0xfe, 0xff, 0x07, 0x00, 0x00, 0x1c, 0x80, 0x00,
  0x00, 0x30, 0x80, 0x00, 0x00, 0x30, 0x80, 0x00, 0x00, 0x30, 0x80, 0x00, 0x00, 0x30, 0x80, 0x00,
  0x08, 0x1c, 0x00, 0x00, 0xfe, 0x3f, 0x00, 0x00, 0xfe, 0x3f, 0x00, 0x0f, 0x00, 0x00, 0xc0, 0x3f,
  0x00, 0x00, 0xc0, 0x3f, 0x00, 0x00, 0xe0, 0x7f, 0x00, 0x00, 0xe0, 0x7f, 0x00, 0x00, 0xe0, 0xff,
  0xff, 0x07, 0xe0, 0xff, 0xff, 0x07, 0x60, 0x00, 0x00, 0x00, 0x60, 0x00, 0x00, 0x00, 0xe0, 0xff,
  0xff, 0x07, 0xe0, 0xff, 0xff, 0x07, 0x60, 0x00, 0x00, 0x00, 0x60, 0x8a, 0x00, 0x00, 0x60, 0x80,
  0x00, 0x00, 0x60, 0x84, 0x00, 0x00, 0x02, 0x80, 0x00, 0x08, 0x02, 0x00, 0x00, 0xc0, 0x02, 0x00,
  0x00, 0x80, 0x03, 0x80, 0x00, 0x00, 0x01, 0x81, 0x00, 0x04, 0x80, 0x01, 0x00, 0x00, 0xc0, 0x80,
  0x00, 0x00, 0xc0, 0x80, 0x00, 0x05, 0xe0, 0x3f, 0x00, 0x00, 0xe0, 0x3f, 0x81, 0x00, 0x19, 0x80,
  0x0f, 0x00, 0x00, 0xc0, 0x1f, 0x00, 0x00, 0xe0, 0x38, 0x00, 0x00, 0x60, 0x30, 0x00, 0x00, 0xe0,
  0x38, 0x00, 0x00, 0xc0, 0x1f, 0x00, 0x00, 0x80, 0x0f, 0x8a, 0x00, 0x20, 0x04, 0x10, 0x00, 0x00,
  0x1c, 0x1c, 0x00, 0x00, 0x78, 0x0f, 0x00, 0x00, 0xe0, 0x03, 0x00, 0x00, 0x84, 0x10, 0x00, 0x00,
  0x1c, 0x1c, 0x00, 0x00, 0x78, 0x0f, 0x00, 0x00, 0xe0, 0x03, 0x00, 0x00, 0x80, 0x81, 0x00, 0x04,
  0x80, 0x01, 0x00, 0x00, 0xc0, 0x80, 0x00, 0x0a, 0xc0, 0x00, 0x20, 0x00, 0xe0, 0x3f, 0x38, 0x00,
  0xe0, 0x3f, 0x1c, 0x80, 0x00, 0x0b, 0x0e, 0x00, 0x00, 0x80, 0x03, 0x00, 0x00, 0xc0, 0x01, 0x00,
  0x00, 0xe0, 0x80, 0x00, 0x00, 0x38, 0x80, 0x00, 0x00, 0x1c, 0x80, 0x00, 0x00, 0x0e, 0x80, 0x00,
  0x15, 0x07, 0x0c, 0x00, 0xc0, 0x01, 0x0e, 0x00, 0xe0, 0x80, 0x0b, 0x00, 0x60, 0xc0, 0x08, 0x00,
  0x00, 0xe0, 0x3f, 0x00, 0x00, 0xe0, 0x3f, 0x80, 0x00, 0x00, 0x08, 0x81, 0x00, 0x04, 0x80, 0x01,
  0x00, 0x00, 0xc0, 0x80, 0x00, 0x0a, 0xc0, 0x00, 0x20, 0x00, 0xe0, 0x3f, 0x30, 0x00, 0xe0, 0x3f,
  0x1c, 0x80, 0x00, 0x00, 0x0e, 0x80, 0x00, 0x07, 0x07, 0x00, 0x00, 0xc0, 0x01, 0x00, 0x00, 0xe0,
  0x80, 0x00, 0x00, 0x70, 0x80, 0x00, 0x00, 0x1c, 0x80, 0x00, 0x19, 0x4e, 0x20, 0x00, 0x00, 0x67,
  0x30, 0x00, 0xc0, 0x21, 0x38, 0x00, 0xe0, 0x20, 0x2c, 0x00, 0x60, 0x20, 0x26, 0x00, 0x00, 0xe0,
  0x27, 0x00, 0x00, 0xc0, 0x21, 0x40, 0x10, 0x00, 0x00, 0x60, 0x30, 0x00, 0x00, 0x20, 0x20, 0x00,
  0x00, 0x20, 0x22, 0x20, 0x00, 0x20, 0x22, 0x30, 0x00, 0xe0, 0x3d, 0x38, 0x00, 0xc0, 0x1d, 0x0e,
  0x00, 0x00, 0x00, 0x07, 0x00, 0x00, 0x80, 0x03, 0x00, 0x00, 0xe0, 0x00, 0x00, 0x00, 0x70, 0x00,
  0x00, 0x00, 0x38, 0x00, 0x00, 0x00, 0x0e, 0x0c, 0x00, 0x00, 0x07, 0x0e, 0x00, 0x80, 0x83, 0x0b,
  0x00, 0xe0, 0xc0, 0x08, 0x00, 0x60, 0xe0, 0x3f, 0x00, 0x20, 0xe0, 0x3f, 0x00, 0x00, 0x00, 0x08,
  0x87, 0x00, 0x00, 0xf0, 0x80, 0x00, 0x11, 0xf8, 0x03, 0x00, 0x00, 0x1e, 0x03, 0x00, 0x00, 0x07,
  0x07, 0x00, 0xe6, 0x03, 0x06, 0x00, 0xe6, 0x01, 0x06, 0x80, 0x00, 0x00, 0x06, 0x80, 0x00, 0x0b,
  0x07, 0x00, 0x00, 0x80, 0x03, 0x00, 0x00, 0xc0, 0x01, 0x00, 0x00, 0xc0, 0x00, 0x00, 0x30, 0x00,
  0x00, 0x00, 0x3e, 0x00, 0x00, 0x80, 0x0f, 0x00, 0x00, 0xf0, 0x03, 0x00, 0x00, 0xfe, 0x01, 0x00,
  0x82, 0x8f, 0x01, 0x00, 0xe6, 0x83, 0x01, 0x00, 0x6e, 0x80, 0x01, 0x00, 0xe8, 0x83, 0x01, 0x00,
  0x80, 0x8f, 0x01, 0x00, 0x00, 0xfe, 0x01, 0x00, 0x00, 0xf0, 0x03, 0x00, 0x00, 0x80, 0x0f, 0x00,
  0x00, 0x00, 0x3e, 0x00, 0x00, 0x00, 0x30, 0x00, 0x00, 0x30, 0x00, 0x00, 0x00, 0x3e, 0x00, 0x00,
  0x80, 0x0f, 0x00, 0x00, 0xf0, 0x03, 0x00, 0x00, 0xfe, 0x01, 0x00, 0x80, 0x8f, 0x01, 0x00, 0xe8,
  0x83, 0x01, 0x00, 0x6e, 0x80, 0x01, 0x00, 0xe6, 0x83, 0x01, 0x00, 0x82, 0x8f, 0x01, 0x00, 0x00,
  0xfe, 0x01, 0x00, 0x00, 0xf0, 0x03, 0x00, 0x00, 0x80, 0x0f, 0x00, 0x00, 0x00, 0x3e, 0x00, 0x00,
  0x00, 0x30, 0x00, 0x00, 0x30, 0x00, 0x00, 0x00, 0x3e, 0x00, 0x00, 0x80, 0x0f, 0x00, 0x00, 0xf0,
  0x03, 0x00, 0x00, 0xfe, 0x01, 0x00, 0x88, 0x8f, 0x01, 0x00, 0xec, 0x83, 0x01, 0x00, 0x66, 0x80,
  0x01, 0x00, 0xe6, 0x83, 0x01, 0x00, 0x8c, 0x8f, 0x01, 0x00, 0x08, 0xfe, 0x01, 0x00, 0x00, 0xf0,
  0x03, 0x00, 0x00, 0x80, 0x0f, 0x00, 0x00, 0x00, 0x3e, 0x00, 0x00, 0x00, 0x30, 0x00, 0x00, 0x30,
  0x00, 0x00, 0x00, 0x3e, 0x00, 0x00, 0x80, 0x0f, 0x00, 0x00, 0xf0, 0x03, 0x00, 0x0c, 0xfe, 0x01,
  0x00, 0x8e, 0x8f, 0x01, 0x00, 0xe6, 0x83, 0x01, 0x00, 0x66, 0x80, 0x01, 0x00, 0xec, 0x83, 0x01,
  0x00, 0x8c, 0x8f, 0x01, 0x00, 0x0e, 0xfe, 0x01, 0x00, 0x06, 0xf0, 0x03, 0x00, 0x00, 0x80, 0x0f,
  0x00, 0x00, 0x00, 0x3e, 0x00, 0x00, 0x00, 0x30, 0x00, 0x00, 0x30, 0x00, 0x00, 0x00, 0x3e, 0x00,
  0x00, 0x80, 0x0f, 0x00, 0x00, 0xf0, 0x03, 0x00, 0x00, 0xfe, 0x01, 0x00, 0x8c, 0x8f, 0x01, 0x00,
  0xec, 0x83, 0x01, 0x00, 0x60, 0x80, 0x01, 0x00, 0xe0, 0x83, 0x01, 0x00, 0x8c, 0x8f, 0x01, 0x00,
  0x0c, 0xfe, 0x01, 0x00, 0x00, 0xf0, 0x03, 0x00, 0x00, 0x80, 0x0f, 0x00, 0x00, 0x00, 0x3e, 0x00,
  0x00, 0x00, 0x30, 0x00, 0x00, 0x30, 0x00, 0x00, 0x00, 0x3e, 0x00, 0x00, 0x80, 0x0f, 0x00, 0x00,
  0xf0, 0x03, 0x00, 0x00, 0xfe, 0x01, 0x00, 0x9c, 0x8f, 0x01, 0x00, 0xe2, 0x83, 0x01, 0x00, 0x62,
  0x80, 0x01, 0x00, 0xe2, 0x83, 0x01, 0x00, 0x9c, 0x8f, 0x01, 0x00, 0x00, 0xfe, 0x01, 0x00, 0x00,
  0xf0, 0x03, 0x00, 0x00, 0x80, 0x0f, 0x00, 0x00, 0x00, 0x3e, 0x00, 0x00, 0x00, 0x30, 0x00, 0x00,
  0x30, 0x00, 0x00, 0x00, 0x3c, 0x00, 0x00, 0x00, 0x0f, 0x00, 0x00, 0xc0, 0x03, 0x00, 0x00, 0xf0,
  0x01, 0x00, 0x00, 0xbc, 0x01, 0x00, 0x00, 0x8f, 0x01, 0x00, 0xc0, 0x83, 0x01, 0x00, 0xe0, 0x80,
  0x01, 0x00, 0x60, 0x80, 0x01, 0x00, 0x60, 0x80, 0x01, 0x00, 0xe0, 0xff, 0x3f, 0x00, 0xe0, 0xff,
  0x3f, 0x00, 0x60, 0x30, 0x30, 0x00, 0x60, 0x30, 0x30, 0x00, 0x60, 0x30, 0x30, 0x00, 0x60, 0x30,
  0x30, 0x00, 0x60, 0x30, 0x30, 0x00, 0x60, 0x30, 0x30, 0x00, 0x60, 0x30, 0x30, 0x00, 0x60, 0x30,
  0x30, 0x00, 0x60, 0x30, 0x30, 0x00, 0x60, 0x00, 0x30, 0x82, 0x00, 0x39, 0xfc, 0x01, 0x00, 0x00,
  0xff, 0x07, 0x00, 0x80, 0x07, 0x0f, 0x00, 0xc0, 0x01, 0x1c, 0x00, 0xc0, 0x00, 0x18, 0x00, 0x60,
  0x00, 0x30, 0x02, 0x60, 0x00, 0x30, 0x02, 0x60, 0x00, 0xf0, 0x02, 0x60, 0x00, 0xb0, 0x03, 0x60,
  0x00, 0x30, 0x01, 0x60, 0x00, 0x30, 0x00, 0xc0, 0x00, 0x18, 0x00, 0xc0, 0x01, 0x1c, 0x00, 0x80,
  0x03, 0x0f, 0x00, 0x00, 0x02, 0x03, 0x85, 0x00, 0x32, 0xe0, 0xff, 0x3f, 0x00, 0xe0, 0xff, 0x3f,
  0x00, 0x60, 0x30, 0x30, 0x00, 0x60, 0x30, 0x30, 0x00, 0x62, 0x30, 0x30, 0x00, 0x66, 0x30, 0x30,
  0x00, 0x6e, 0x30, 0x30, 0x00, 0x68, 0x30, 0x30, 0x00, 0x60, 0x30, 0x30, 0x00, 0x60, 0x30, 0x30,
  0x00, 0x60, 0x30, 0x30, 0x00, 0x60, 0x30, 0x30, 0x00, 0x60, 0x00, 0x30, 0x85, 0x00, 0x32, 0xe0,
  0xff, 0x3f, 0x00, 0xe0, 0xff, 0x3f, 0x00, 0x60, 0x30, 0x30, 0x00, 0x60, 0x30, 0x30, 0x00, 0x60,
  0x30, 0x30, 0x00, 0x68, 0x30, 0x30, 0x00, 0x6e, 0x30, 0x30, 0x00, 0x66, 0x30, 0x30, 0x00, 0x62,
  0x30, 0x30, 0x00, 0x60, 0x30, 0x30, 0x00, 0x60, 0x30, 0x30, 0x00, 0x60, 0x30, 0x30, 0x00, 0x60,
  0x00, 0x30, 0x85, 0x00, 0x32, 0xe0, 0xff, 0x3f, 0x00, 0xe0, 0xff, 0x3f, 0x00, 0x60, 0x30, 0x30,
  0x00, 0x60, 0x30, 0x30, 0x00, 0x68, 0x30, 0x30, 0x00, 0x6c, 0x30, 0x30, 0x00, 0x66, 0x30, 0x30,
  0x00, 0x66, 0x30, 0x30, 0x00, 0x6c, 0x30, 0x30, 0x00, 0x68, 0x30, 0x30, 0x00, 0x60, 0x30, 0x30,
  0x00, 0x60, 0x30, 0x30, 0x00, 0x60, 0x00, 0x30, 0x85, 0x00, 0x32, 0xe0, 0xff, 0x3f, 0x00, 0xe0,
  0xff, 0x3f, 0x00, 0x60, 0x30, 0x30, 0x00, 0x60, 0x30, 0x30, 0x00, 0x6c, 0x30, 0x30, 0x00, 0x6c,
  0x30, 0x30, 0x00, 0x60, 0x30, 0x30, 0x00, 0x60, 0x30, 0x30, 0x00, 0x6c, 0x30, 0x30, 0x00, 0x6c,
  0x30, 0x30, 0x00, 0x60, 0x30, 0x30, 0x00, 0x60, 0x30, 0x30, 0x00, 0x60, 0x00, 0x30, 0x81, 0x00,
  0x00, 0x02, 0x80, 0x00, 0x08, 0xe6, 0xff, 0x3f, 0x00, 0xee, 0xff, 0x3f, 0x00, 0x08, 0x81, 0x00,
  0x00, 0x08, 0x80, 0x00, 0x08, 0xee, 0xff, 0x3f, 0x00, 0xe6, 0xff, 0x3f, 0x00, 0x02, 0x08, 0x00,
  0x00, 0x00, 0x0c, 0x00, 0x00, 0x00, 0xe6, 0xff, 0x3f, 0x00, 0xe6, 0xff, 0x3f, 0x00, 0x0c, 0x00,
  0x00, 0x00, 0x08, 0x0c, 0x00, 0x00, 0x00, 0x0c, 0x00, 0x00, 0x00, 0xe0, 0xff, 0x3f, 0x00, 0xe0,
  0xff, 0x3f, 0x00, 0x0c, 0x00, 0x00, 0x00, 0x0c, 0x00, 0x30, 0x00, 0x00, 0x00, 0x30, 0x00, 0x00,
  0xe0, 0xff, 0x3f, 0x00, 0xe0, 0xff, 0x3f, 0x00, 0x60, 0x30, 0x30, 0x00, 0x60, 0x30, 0x30, 0x00,
  0x60, 0x30, 0x30, 0x00, 0x60, 0x30, 0x30, 0x00, 0x60, 0x30, 0x30, 0x00, 0x60, 0x00, 0x30, 0x00,
  0x60, 0x00, 0x30, 0x00, 0xe0, 0x00, 0x18, 0x00, 0xc0, 0x01, 0x1c, 0x00, 0x80, 0x03, 0x0e, 0x00,
  0x00, 0xff, 0x07, 0x00, 0x00, 0xfc, 0x01, 0x85, 0x00, 0x32, 0xe0, 0xff, 0x3f, 0x00, 0xe0, 0xff,
  0x3f, 0x00, 0xc0, 0x01, 0x00, 0x00, 0x8c, 0x03, 0x00, 0x00, 0x0e, 0x0e, 0x00, 0x00, 0x06, 0x3c,
  0x00, 0x00, 0x06, 0x70, 0x00, 0x00, 0x0c, 0xe0, 0x01, 0x00, 0x0c, 0x80, 0x03, 0x00, 0x0e, 0x00,
  0x0f, 0x00, 0x06, 0x00, 0x1c, 0x00, 0xe0, 0xff, 0x3f, 0x00, 0xe0, 0xff, 0x3f, 0x82, 0x00, 0x41,
  0xfc, 0x01, 0x00, 0x00, 0xff, 0x07, 0x00, 0x80, 0x07, 0x0f, 0x00, 0xc0, 0x01, 0x1c, 0x00, 0xc0,
  0x00, 0x18, 0x00, 0xe0, 0x00, 0x38, 0x00, 0x62, 0x00, 0x30, 0x00, 0x66, 0x00, 0x30, 0x00, 0x6e,
  0x00, 0x30, 0x00, 0x68, 0x00, 0x30, 0x00, 0x60, 0x00, 0x30, 0x00, 0xe0, 0x00, 0x38, 0x00, 0xc0,
  0x00, 0x18, 0x00, 0xc0, 0x01, 0x1c, 0x00, 0x80, 0x07, 0x0f, 0x00, 0x00, 0xff, 0x07, 0x00, 0x00,
  0xfc, 0x01, 0x82, 0x00, 0x41, 0xfc, 0x01, 0x00, 0x00, 0xff, 0x07, 0x00, 0x80, 0x07, 0x0f, 0x00,
  0xc0, 0x01, 0x1c, 0x00, 0xc0, 0x00, 0x18, 0x00, 0xe0, 0x00, 0x38, 0x00, 0x60, 0x00, 0x30, 0x00,
  0x68, 0x00, 0x30, 0x00, 0x6e, 0x00, 0x30, 0x00, 0x66, 0x00, 0x30, 0x00, 0x62, 0x00, 0x30, 0x00,
  0xe0, 0x00, 0x38, 0x00, 0xc0, 0x00, 0x18, 0x00, 0xc0, 0x01, 0x1c, 0x00, 0x80, 0x07, 0x0f, 0x00,
  0x00, 0xff, 0x07, 0x00, 0x00, 0xfc, 0x01, 0x82, 0x00, 0x41, 0xfc, 0x01, 0x00, 0x00, 0xff, 0x07,
  0x00, 0x80, 0x07, 0x0f, 0x00, 0xc0, 0x01, 0x1c, 0x00, 0xc0, 0x00, 0x18, 0x00, 0xe0, 0x00, 0x38,
  0x00, 0x68, 0x00, 0x30, 0x00, 0x6c, 0x00, 0x30, 0x00, 0x66, 0x00, 0x30, 0x00, 0x66, 0x00, 0x30,
  0x00, 0x6c, 0x00, 0x30, 0x00, 0xe8, 0x00, 0x38, 0x00, 0xc0, 0x00, 0x18, 0x00, 0xc0, 0x01, 0x1c,
  0x00, 0x80, 0x07, 0x0f, 0x00, 0x00, 0xff, 0x07, 0x00, 0x00, 0xfc, 0x01, 0x82, 0x00, 0x41, 0xfc,
  0x01, 0x00, 0x00, 0xff, 0x07, 0x00, 0x80, 0x07, 0x0f, 0x00, 0xc0, 0x01, 0x1c, 0x00, 0xcc, 0x00,
  0x18, 0x00, 0xee, 0x00, 0x38, 0x00, 0x66, 0x00, 0x30, 0x00, 0x66, 0x00, 0x30, 0x00, 0x6c, 0x00,
  0x30, 0x00, 0x6c, 0x00, 0x30, 0x00, 0x6e, 0x00, 0x30, 0x00, 0xe6, 0x00, 0x38, 0x00, 0xc0, 0x00,
  0x18, 0x00, 0xc0, 0x01, 0x1c, 0x00, 0x80, 0x07, 0x0f, 0x00, 0x00, 0xff, 0x07, 0x00, 0x00, 0xfc,
  0x01, 0x82, 0x00, 0x41, 0xfc, 0x01, 0x00, 0x00, 0xff, 0x07, 0x00, 0x80, 0x07, 0x0f, 0x00, 0xc0,
  0x01, 0x1c, 0x00, 0xc0, 0x00, 0x18, 0x00, 0xe0, 0x00, 0x38, 0x00, 0x6c, 0x00, 0x30, 0x00, 0x6c,
  0x00, 0x30, 0x00, 0x60, 0x00, 0x30, 0x00, 0x60, 0x00, 0x30, 0x00, 0x6c, 0x00, 0x30, 0x00, 0xec,
  0x00, 0x38, 0x00, 0xc0, 0x00, 0x18, 0x00, 0xc0, 0x01, 0x1c, 0x00, 0x80, 0x07, 0x0f, 0x00, 0x00,
  0xff, 0x07, 0x00, 0x00, 0xfc, 0x01, 0x86, 0x00, 0x0c, 0x06, 0x03, 0x00, 0x00, 0x8e, 0x03, 0x00,
  0x00, 0xdc, 0x01, 0x00, 0x00, 0xf8, 0x80, 0x00, 0x00, 0x70, 0x80, 0x00, 0x00, 0xf8, 0x80, 0x00,
  0x09, 0xdc, 0x01, 0x00, 0x00, 0x8e, 0x03, 0x00, 0x00, 0x06, 0x03, 0x82, 0x00, 0x41, 0xfc, 0x21,
  0x00, 0x00, 0xff, 0x77, 0x00, 0x80, 0x07, 0x3f, 0x00, 0xc0, 0x01, 0x1e, 0x00, 0xc0, 0x00, 0x1f,
  0x00, 0xe0, 0x80, 0x3b, 0x00, 0x60, 0xc0, 0x31, 0x00, 0x60, 0xe0, 0x30, 0x00, 0x60, 0x70, 0x30,
  0x00, 0x60, 0x38, 0x30, 0x00, 0x60, 0x1c, 0x30, 0x00, 0xe0, 0x0e, 0x38, 0x00, 0xc0, 0x07, 0x18,
  0x00, 0xc0, 0x03, 0x1c, 0x00, 0xe0, 0x07, 0x0f, 0x00, 0x70, 0xff, 0x07, 0x00, 0x20, 0xfc, 0x01,
  0x85, 0x00, 0x06, 0xe0, 0xff, 0x03, 0x00, 0xe0, 0xff, 0x0f, 0x80, 0x00, 0x00, 0x1c, 0x80, 0x00,
  0x10, 0x38, 0x00, 0x02, 0x00, 0x30, 0x00, 0x06, 0x00, 0x30, 0x00, 0x0e, 0x00, 0x30, 0x00, 0x08,
  0x00, 0x30, 0x80, 0x00, 0x00, 0x30, 0x80, 0x00, 0x00, 0x38, 0x80, 0x00, 0x08, 0x1c, 0x00, 0xe0,
  0xff, 0x0f, 0x00, 0xe0, 0xff, 0x03, 0x85, 0x00, 0x06, 0xe0, 0xff, 0x03, 0x00, 0xe0, 0xff, 0x0f,
  0x80, 0x00, 0x00, 0x1c, 0x80, 0x00, 0x00, 0x38, 0x80, 0x00, 0x10, 0x30, 0x00, 0x08, 0x00, 0x30,
  0x00, 0x0e, 0x00, 0x30, 0x00, 0x06, 0x00, 0x30, 0x00, 0x02, 0x00, 0x30, 0x80, 0x00, 0x00, 0x38,
  0x80, 0x00, 0x08, 0x1c, 0x00, 0xe0, 0xff, 0x0f, 0x00, 0xe0, 0xff, 0x03, 0x85, 0x00, 0x06, 0xe0,
  0xff, 0x03, 0x00, 0xe0, 0xff, 0x0f, 0x80, 0x00, 0x00, 0x1c, 0x80, 0x00, 0x18, 0x38, 0x00, 0x08,
  0x00, 0x30, 0x00, 0x0c, 0x00, 0x30, 0x00, 0x06, 0x00, 0x30, 0x00, 0x06, 0x00, 0x30, 0x00, 0x0c,
  0x00, 0x30, 0x00, 0x08, 0x00, 0x38, 0x80, 0x00, 0x08, 0x1c, 0x00, 0xe0, 0xff, 0x0f, 0x00, 0xe0,
  0xff, 0x03, 0x85, 0x00, 0x06, 0xe0, 0xff, 0x03, 0x00, 0xe0, 0xff, 0x0f, 0x80, 0x00, 0x00, 0x1c,
  0x80, 0x00, 0x08, 0x38, 0x00, 0x0c, 0x00, 0x30, 0x00, 0x0c, 0x00, 0x30, 0x80, 0x00, 0x00, 0x30,
  0x80, 0x00, 0x08, 0x30, 0x00, 0x0c, 0x00, 0x30, 0x00, 0x0c, 0x00, 0x38, 0x80, 0x00, 0x08, 0x1c,
  0x00, 0xe0, 0xff, 0x0f, 0x00, 0xe0, 0xff, 0x03, 0x20, 0x00, 0x00, 0x00, 0x60, 0x00, 0x00, 0x00,
  0xc0, 0x01, 0x00, 0x00, 0x80, 0x03, 0x00, 0x00, 0x00, 0x07, 0x00, 0x00, 0x00, 0x1e, 0x00, 0x00,
  0x00, 0x3c, 0x00, 0x00, 0x08, 0xf0, 0x3f, 0x00, 0x0e, 0xf0, 0x3f, 0x00, 0x06, 0x3c, 0x00, 0x00,
  0x02, 0x1e, 0x00, 0x00, 0x00, 0x07, 0x00, 0x00, 0xc0, 0x03, 0x00, 0x00, 0xe0, 0x01, 0x00, 0x00,
  0x60, 0x00, 0x00, 0x00, 0x20, 0x85, 0x00, 0x31, 0xe0, 0xff, 0x3f, 0x00, 0xe0, 0xff, 0x3f, 0x00,
  0x00, 0x03, 0x06, 0x00, 0x00, 0x03, 0x06, 0x00, 0x00, 0x03, 0x06, 0x00, 0x00, 0x03, 0x06, 0x00,
  0x00, 0x03, 0x06, 0x00, 0x00, 0x03, 0x06, 0x00, 0x00, 0x03, 0x06, 0x00, 0x00, 0x03, 0x07, 0x00,
  0x00, 0x86, 0x03, 0x00, 0x00, 0xfe, 0x01, 0x00, 0x00, 0xf8, 0x85, 0x00, 0x08, 0x80, 0xff, 0x3f,
  0x00, 0xc0, 0xff, 0x3f, 0x00, 0xc0, 0x80, 0x00, 0x1e, 0x60, 0x00, 0x08, 0x00, 0x60, 0x00, 0x1c,
  0x00, 0x60, 0x00, 0x38, 0x00, 0xe0, 0x78, 0x30, 0x00, 0xc0, 0x7f, 0x30, 0x00, 0x80, 0xc7, 0x30,
  0x00, 0x00, 0x80, 0x39, 0x00, 0x00, 0x80, 0x1f, 0x80, 0x00, 0x00, 0x0f, 0x82, 0x00, 0x25, 0x18,
  0x0e, 0x00, 0x00, 0x1c, 0x1f, 0x00, 0x00, 0x8c, 0x39, 0x00, 0x20, 0x86, 0x31, 0x00, 0x60, 0x86,
  0x31, 0x00, 0xe0, 0xc6, 0x30, 0x00, 0x80, 0xc6, 0x18, 0x00, 0x00, 0xce, 0x0c, 0x00, 0x00, 0xfc,
  0x1f, 0x00, 0x00, 0xf8, 0x3f, 0x80, 0x00, 0x00, 0x20, 0x82, 0x00, 0x25, 0x18, 0x0e, 0x00, 0x00,
  0x1c, 0x1f, 0x00, 0x00, 0x8c, 0x39, 0x00, 0x00, 0x86, 0x31, 0x00, 0x80, 0x86, 0x31, 0x00, 0xe0,
  0xc6, 0x30, 0x00, 0x60, 0xc6, 0x18, 0x00, 0x20, 0xce, 0x0c, 0x00, 0x00, 0xfc, 0x1f, 0x00, 0x00,
  0xf8, 0x3f, 0x80, 0x00, 0x00, 0x20, 0x82, 0x00, 0x25, 0x18, 0x0e, 0x00, 0x00, 0x1c, 0x1f, 0x00,
  0x80, 0x8c, 0x39, 0x00, 0xc0, 0x86, 0x31, 0x00, 0x60, 0x86, 0x31, 0x00, 0x60, 0xc6, 0x30, 0x00,
  0xc0, 0xc6, 0x18, 0x00, 0x80, 0xce, 0x0c, 0x00, 0x00, 0xfc, 0x1f, 0x00, 0x00, 0xf8, 0x3f, 0x80,
  0x00, 0x00, 0x20, 0x82, 0x00, 0x25, 0x18, 0x0e, 0x00, 0xc0, 0x1c, 0x1f, 0x00, 0xe0, 0x8c, 0x39,
  0x00, 0x60, 0x86, 0x31, 0x00, 0x60, 0x86, 0x31, 0x00, 0xc0, 0xc6, 0x30, 0x00, 0xc0, 0xc6, 0x18,
  0x00, 0xe0, 0xce, 0x0c, 0x00, 0x60, 0xfc, 0x1f, 0x00, 0x00, 0xf8, 0x3f, 0x80, 0x00, 0x00, 0x20,
  0x82, 0x00, 0x25, 0x18, 0x0e, 0x00, 0x00, 0x1c, 0x1f, 0x00, 0xc0, 0x8c, 0x39, 0x00, 0xc0, 0x86,
  0x31, 0x00, 0x00, 0x86, 0x31, 0x00, 0x00, 0xc6, 0x30, 0x00, 0xc0, 0xc6, 0x18, 0x00, 0xc0, 0xce,
  0x0c, 0x00, 0x00, 0xfc, 0x1f, 0x00, 0x00, 0xf8, 0x3f, 0x80, 0x00, 0x00, 0x20, 0x82, 0x00, 0x25,
  0x18, 0x0e, 0x00, 0x00, 0x1c, 0x1f, 0x00, 0x00, 0x8c, 0x39, 0x00, 0x70, 0x86, 0x31, 0x00, 0x88,
  0x86, 0x31, 0x00, 0x88, 0xc6, 0x30, 0x00, 0x88, 0xc6, 0x18, 0x00, 0x70, 0xce, 0x0c, 0x00, 0x00,
  0xfc, 0x1f, 0x00, 0x00, 0xf8, 0x3f, 0x80, 0x00, 0x00, 0x20, 0x82, 0x00, 0x4d, 0x10, 0x0f, 0x00,
  0x00, 0x9c, 0x1f, 0x00, 0x00, 0xcc, 0x39, 0x00, 0x00, 0xc6, 0x30, 0x00, 0x00, 0xc6, 0x30, 0x00,
  0x00, 0xc6, 0x30, 0x00, 0x00, 0xc6, 0x30, 0x00, 0x00, 0x66, 0x18, 0x00, 0x00, 0x6e, 0x1c, 0x00,
  0x00, 0xfc, 0x0f, 0x00, 0x00, 0xfc, 0x1f, 0x00, 0x00, 0xcc, 0x1c, 0x00, 0x00, 0xce, 0x38, 0x00,
  0x00, 0xc6, 0x30, 0x00, 0x00, 0xc6, 0x30, 0x00, 0x00, 0xc6, 0x30, 0x00, 0x00, 0xc6, 0x30, 0x00,
  0x00, 0xcc, 0x18, 0x00, 0x00, 0xf8, 0x0c, 0x00, 0x00, 0xe0, 0x04, 0x82, 0x00, 0x25, 0xf0, 0x07,
  0x00, 0x00, 0xf8, 0x0f, 0x00, 0x00, 0x1c, 0x1c, 0x00, 0x00, 0x0e, 0x38, 0x02, 0x00, 0x06, 0x30,
  0x02, 0x00, 0x06, 0xf0, 0x02, 0x00, 0x06, 0xb0, 0x03, 0x00, 0x0e, 0x38, 0x01, 0x00, 0x1c, 0x1c,
  0x00, 0x00, 0x18, 0x0c, 0x82, 0x00, 0x29, 0xe0, 0x07, 0x00, 0x00, 0xf8, 0x0f, 0x00, 0x00, 0xdc,
  0x1c, 0x00, 0x20, 0xce, 0x38, 0x00, 0x60, 0xc6, 0x30, 0x00, 0xe0, 0xc6, 0x30, 0x00, 0x80, 0xc6,
  0x30, 0x00, 0x00, 0xce, 0x38, 0x00, 0x00, 0xdc, 0x18, 0x00, 0x00, 0xf8, 0x0c, 0x00, 0x00, 0xf0,
  0x04, 0x82, 0x00, 0x29, 0xe0, 0x07, 0x00, 0x00, 0xf8, 0x0f, 0x00, 0x00, 0xdc, 0x1c, 0x00, 0x00,
  0xce, 0x38, 0x00, 0x80, 0xc6, 0x30, 0x00, 0xe0, 0xc6, 0x30, 0x00, 0x60, 0xc6, 0x30, 0x00, 0x20,
  0xce, 0x38, 0x00, 0x00, 0xdc, 0x18, 0x00, 0x00, 0xf8, 0x0c, 0x00, 0x00, 0xf0, 0x04, 0x82, 0x00,
  0x29, 0xe0, 0x07, 0x00, 0x00, 0xf8, 0x0f, 0x00, 0x00, 0xdc, 0x1c, 0x00, 0x80, 0xce, 0x38, 0x00,
  0xc0, 0xc6, 0x30, 0x00, 0x60, 0xc6, 0x30, 0x00, 0x60, 0xc6, 0x30, 0x00, 0xc0, 0xce, 0x38, 0x00,
  0x80, 0xdc, 0x18, 0x00, 0x00, 0xf8, 0x0c, 0x00, 0x00, 0xf0, 0x04, 0x82, 0x00, 0x29, 0xe0, 0x07,
  0x00, 0x00, 0xf8, 0x0f, 0x00, 0x00, 0xdc, 0x1c, 0x00, 0xc0, 0xce, 0x38, 0x00, 0xc0, 0xc6, 0x30,
  0x00, 0x00, 0xc6, 0x30, 0x00, 0x00, 0xc6, 0x30, 0x00, 0xc0, 0xce, 0x38, 0x00, 0xc0, 0xdc, 0x18,
  0x00, 0x00, 0xf8, 0x0c, 0x00, 0x00, 0xf0, 0x04, 0x81, 0x00, 0x00, 0x20, 0x80, 0x00, 0x08, 0x60,
  0xfe, 0x3f, 0x00, 0xe0, 0xfe, 0x3f, 0x00, 0x80, 0x81, 0x00, 0x00, 0x80, 0x80, 0x00, 0x08, 0xe0,
  0xfe, 0x3f, 0x00, 0x60, 0xfe, 0x3f, 0x00, 0x20, 0x80, 0x00, 0x00, 0x00, 0xc0, 0x00, 0x00, 0x00,
  0x60, 0xfe, 0x3f, 0x00, 0x60, 0xfe, 0x3f, 0x00, 0xc0, 0x00, 0x00, 0x00, 0x80, 0xc0, 0x00, 0x00,
  0x00, 0xc0, 0x00, 0x00, 0x00, 0x00, 0xfe, 0x3f, 0x00, 0x00, 0xfe, 0x3f, 0x00, 0xc0, 0x00, 0x00,
  0x00, 0xc0, 0x82, 0x00, 0x29, 0xf0, 0x07, 0x00, 0x00, 0xf8, 0x0f, 0x00, 0x00, 0x1d, 0x1c, 0x00,
  0xa0, 0x0f, 0x38, 0x00, 0xa0, 0x06, 0x30, 0x00, 0xe0, 0x06, 0x30, 0x00, 0xc0, 0x06, 0x30, 0x00,
  0xc0, 0x0f, 0x38, 0x00, 0x20, 0x1f, 0x1c, 0x00, 0x00, 0xfc, 0x0f, 0x00, 0x00, 0xe0, 0x07, 0x86,
  0x00, 0x25, 0xfe, 0x3f, 0x00, 0xc0, 0xfe, 0x3f, 0x00, 0xe0, 0x18, 0x00, 0x00, 0x60, 0x0c, 0x00,
  0x00, 0x60, 0x06, 0x00, 0x00, 0xc0, 0x06, 0x00, 0x00, 0xc0, 0x06, 0x00, 0x00, 0xe0, 0x0e, 0x00,
  0x00, 0x60, 0xfc, 0x3f, 0x00, 0x00, 0xf8, 0x3f, 0x82, 0x00, 0x29, 0xf0, 0x07, 0x00, 0x00, 0xf8,
  0x0f, 0x00, 0x00, 0x1c, 0x1c, 0x00, 0x20, 0x0e, 0x38, 0x00, 0x60, 0x06, 0x30, 0x00, 0xe0, 0x06,
  0x30, 0x00, 0x80, 0x06, 0x30, 0x00, 0x00, 0x0e, 0x38, 0x00, 0x00, 0x1c, 0x1c, 0x00, 0x00, 0xf8,
  0x0f, 0x00, 0x00, 0xf0, 0x07, 0x82, 0x00, 0x29, 0xf0, 0x07, 0x00, 0x00, 0xf8, 0x0f, 0x00, 0x00,
  0x1c, 0x1c, 0x00, 0x00, 0x0e, 0x38, 0x00, 0x80, 0x06, 0x30, 0x00, 0xe0, 0x06, 0x30, 0x00, 0x60,
  0x06, 0x30, 0x00, 0x20, 0x0e, 0x38, 0x00, 0x00, 0x1c, 0x1c, 0x00, 0x00, 0xf8, 0x0f, 0x00, 0x00,
  0xf0, 0x07, 0x82, 0x00, 0x29, 0xf0, 0x07, 0x00, 0x00, 0xf8, 0x0f, 0x00, 0x00, 0x1c, 0x1c, 0x00,
  0x80, 0x0e, 0x38, 0x00, 0xc0, 0x06, 0x30, 0x00, 0x60, 0x06, 0x30, 0x00, 0x60, 0x06, 0x30, 0x00,
  0xc0, 0x0e, 0x38, 0x00, 0x80, 0x1c, 0x1c, 0x00, 0x00, 0xf8, 0x0f, 0x00, 0x00, 0xf0, 0x07, 0x82,
  0x00, 0x29, 0xf0, 0x07, 0x00, 0x00, 0xf8, 0x0f, 0x00, 0xc0, 0x1c, 0x1c, 0x00, 0xe0, 0x0e, 0x38,
  0x00, 0x60, 0x06, 0x30, 0x00, 0x60, 0x06, 0x30, 0x00, 0xc0, 0x06, 0x30, 0x00, 0xc0, 0x0e, 0x38,
  0x00, 0xe0, 0x1c, 0x1c, 0x00, 0x60, 0xf8, 0x0f, 0x00, 0x00, 0xf0, 0x07, 0x82, 0x00, 0x29, 0xf0,
  0x07, 0x00, 0x00, 0xf8, 0x0f, 0x00, 0x00, 0x1c, 0x1c, 0x00, 0xc0, 0x0e, 0x38, 0x00, 0xc0, 0x06,
  0x30, 0x00, 0x00, 0x06, 0x30, 0x00, 0x00, 0x06, 0x30, 0x00, 0xc0, 0x0e, 0x38, 0x00, 0xc0, 0x1c,
  0x1c, 0x00, 0x00, 0xf8, 0x0f, 0x00, 0x00, 0xf0, 0x07, 0x82, 0x00, 0x00, 0x30, 0x80, 0x00, 0x00,
  0x30, 0x80, 0x00, 0x00, 0x30, 0x80, 0x00, 0x00, 0x30, 0x80, 0x00, 0x00, 0x30, 0x80, 0x00, 0x08,
  0xb6, 0x01, 0x00, 0x00, 0xb6, 0x01, 0x00, 0x00, 0x30, 0x80, 0x00, 0x00, 0x30, 0x80, 0x00, 0x00,
  0x30, 0x80, 0x00, 0x00, 0x30, 0x80, 0x00, 0x00, 0x30, 0x86, 0x00, 0x29, 0xf0, 0x67, 0x00, 0x00,
  0xf8, 0x7f, 0x00, 0x00, 0x1c, 0x1c, 0x00, 0x00, 0x0e, 0x3f, 0x00, 0x00, 0x86, 0x33, 0x00, 0x00,
  0xe6, 0x31, 0x00, 0x00, 0x76, 0x30, 0x00, 0x00, 0x3e, 0x38, 0x00, 0x00, 0x1c, 0x1c, 0x00, 0x00,
  0xff, 0x0f, 0x00, 0x00, 0xf3, 0x07, 0x86, 0x00, 0x15, 0xfe, 0x0f, 0x00, 0x00, 0xfe, 0x1f, 0x00,
  0x20, 0x00, 0x38, 0x00, 0x60, 0x00, 0x30, 0x00, 0xe0, 0x00, 0x30, 0x00, 0x80, 0x00, 0x30, 0x80,
  0x00, 0x00, 0x18, 0x80, 0x00, 0x08, 0x0c, 0x00, 0x00, 0xfe, 0x3f, 0x00, 0x00, 0xfe, 0x3f, 0x86,
  0x00, 0x05, 0xfe, 0x0f, 0x00, 0x00, 0xfe, 0x1f, 0x80, 0x00, 0x00, 0x38, 0x80, 0x00, 0x18, 0x30,
  0x00, 0x80, 0x00, 0x30, 0x00, 0xe0, 0x00, 0x30, 0x00, 0x60, 0x00, 0x18, 0x00, 0x20, 0x00, 0x0c,
  0x00, 0x00, 0xfe, 0x3f, 0x00, 0x00, 0xfe, 0x3f, 0x86, 0x00, 0x25, 0xfe, 0x0f, 0x00, 0x00, 0xfe,
  0x1f, 0x00, 0x80, 0x00, 0x38, 0x00, 0xc0, 0x00, 0x30, 0x00, 0x60, 0x00, 0x30, 0x00, 0x60, 0x00,
  0x30, 0x00, 0xc0, 0x00, 0x18, 0x00, 0x80, 0x00, 0x0c, 0x00, 0x00, 0xfe, 0x3f, 0x00, 0x00, 0xfe,
  0x3f, 0x86, 0x00, 0x0d, 0xfe, 0x0f, 0x00, 0x00, 0xfe, 0x1f, 0x00, 0xc0, 0x00, 0x38, 0x00, 0xc0,
  0x00, 0x30, 0x80, 0x00, 0x00, 0x30, 0x80, 0x00, 0x10, 0x30, 0x00, 0xc0, 0x00, 0x18, 0x00, 0xc0,
  0x00, 0x0c, 0x00, 0x00, 0xfe, 0x3f, 0x00, 0x00, 0xfe, 0x3f, 0x82, 0x00, 0x00, 0x0e, 0x80, 0x00,
  0x1c, 0x7e, 0x00, 0x06, 0x00, 0xf0, 0x01, 0x06, 0x00, 0x80, 0x0f, 0x07, 0x80, 0x00, 0xfe, 0x03,
  0xe0, 0x00, 0xfc, 0x00, 0x60, 0xc0, 0x1f, 0x00, 0x20, 0xf8, 0x03, 0x00, 0x00, 0x3e, 0x80, 0x00,
  0x00, 0x06, 0x85, 0x00, 0x26, 0xe0, 0xff, 0xff, 0x07, 0xe0, 0xff, 0xff, 0x07, 0x00, 0x1c, 0x18,
  0x00, 0x00, 0x06, 0x30, 0x00, 0x00, 0x06, 0x30, 0x00, 0x00, 0x06, 0x30, 0x00, 0x00, 0x0e, 0x38,
  0x00, 0x00, 0x1c, 0x1c, 0x00, 0x00, 0xf8, 0x0f, 0x00, 0x00, 0xf0, 0x03, 0x82, 0x00, 0x00, 0x0e,
  0x80, 0x00, 0x1c, 0x7e, 0x00, 0x06, 0xc0, 0xf0, 0x01, 0x06, 0xc0, 0x80, 0x0f, 0x07, 0x00, 0x00,
  0xfe, 0x03, 0x00, 0x00, 0xfc, 0x00, 0xc0, 0xc0, 0x1f, 0x00, 0xc0, 0xf8, 0x03, 0x00, 0x00, 0x3e,
  0x80, 0x00, 0x00, 0x06,
};

static const uint8_t FONT_2_DESCRIPTOR[] = {
  0x18, 0x1c, 0x20, 0xe0, 0xff, 0xff, 0x00, 0x07, 0x00, 0x00, 0x13, 0x07, 0x00, 0x0a, 0x1a, 0x09,
  0x80, 0x1c, 0x33, 0x0d, 0x00, 0x4f, 0x2f, 0x0d, 0x00, 0x7d, 0x4f, 0x15, 0x00, 0xcb, 0x3b, 0x10,
  0x01, 0x04, 0x0a, 0x05, 0x01, 0x0d, 0x1c, 0x08, 0x01, 0x27, 0x1b, 0x08, 0x01, 0x41, 0x21, 0x09,
  0x01, 0x61, 0x32, 0x0e, 0x01, 0x91, 0x10, 0x07, 0x81, 0x9a, 0x1b, 0x08, 0x01, 0xb5, 0x0f, 0x07,
  0x81, 0xbd, 0x19, 0x07, 0x01, 0xd6, 0x2f, 0x0d, 0x02, 0x03, 0x23, 0x0d, 0x02, 0x1c, 0x2f, 0x0d,
  0x02, 0x49, 0x2f, 0x0d, 0x02, 0x76, 0x2f, 0x0d, 0x02, 0xa3, 0x2f, 0x0d, 0x02, 0xd0, 0x2f, 0x0d,
  0x02, 0xfd, 0x2d, 0x0d, 0x03, 0x29, 0x2f, 0x0d, 0x03, 0x56, 0x2f, 0x0d, 0x03, 0x83, 0x0f, 0x07,
  0x03, 0x8c, 0x10, 0x07, 0x03, 0x96, 0x2f, 0x0e, 0x03, 0xc3, 0x2f, 0x0e, 0x03, 0xf0, 0x2e, 0x0e,
  0x04, 0x1c, 0x2e, 0x0d, 0x04, 0x48, 0x5b, 0x18, 0x84, 0xa1, 0x3b, 0x10, 0x04, 0xdc, 0x3b, 0x10,
  0x05, 0x12, 0x3f, 0x11, 0x05, 0x4f, 0x3f, 0x11, 0x05, 0x89, 0x3b, 0x10, 0x05, 0xbf, 0x35, 0x0f,
  0x05, 0xef, 0x43, 0x13, 0x06, 0x30, 0x3b, 0x11, 0x06, 0x66, 0x0f, 0x07, 0x06, 0x70, 0x27, 0x0c,
  0x06, 0x94, 0x3f, 0x10, 0x06, 0xce, 0x2f, 0x0d, 0x06, 0xf8, 0x43, 0x14, 0x07, 0x36, 0x3b, 0x11,
  0x07, 0x6c, 0x47, 0x13, 0x07, 0xb1, 0x3a, 0x10, 0x07, 0xe6, 0x47, 0x13, 0x08, 0x2b, 0x3f, 0x11,
  0x08, 0x65, 0x3b, 0x10, 0x88, 0x9d, 0x35, 0x0f, 0x08, 0xd2, 0x3b, 0x11, 0x89, 0x08, 0x39, 0x10,
  0x89, 0x41, 0x59, 0x17, 0x89, 0x9a, 0x3b, 0x10, 0x89, 0xd5, 0x3d, 0x10, 0x8a, 0x12, 0x37, 0x0f,
  0x0a, 0x49, 0x14, 0x07, 0x8a, 0x5c, 0x1b, 0x07, 0x0a, 0x77, 0x18, 0x07, 0x0a, 0x8a, 0x2a, 0x0b,
  0x8a, 0xb2, 0x34, 0x0d, 0x0a, 0xe6, 0x11, 0x08, 0x0a, 0xf6, 0x2f, 0x0d, 0x0b, 0x23, 0x33, 0x0d,
  0x0b, 0x51, 0x2b, 0x0c, 0x0b, 0x7a, 0x2f, 0x0d, 0x0b, 0xa7, 0x2f, 0x0d, 0x8b, 0xd4, 0x1a, 0x07,
  0x0b, 0xee, 0x2f, 0x0d, 0x0c, 0x1b, 0x2f, 0x0d, 0x0c, 0x45, 0x0f, 0x05, 0x8c, 0x4f, 0x10, 0x05,
  0x0c, 0x5f, 0x2f, 0x0c, 0x0c, 0x89, 0x0f, 0x05, 0x0c, 0x93, 0x47, 0x14, 0x0c, 0xd4, 0x2f, 0x0d,
  0x0c, 0xfd, 0x2f, 0x0d, 0x0d, 0x2a, 0x33, 0x0d, 0x0d, 0x57, 0x30, 0x0d, 0x0d, 0x85, 0x1e, 0x08,
  0x0d, 0x9d, 0x2b, 0x0c, 0x8d, 0xc6, 0x1b, 0x07, 0x0d, 0xe1, 0x2f, 0x0d, 0x8e, 0x0a, 0x2a, 0x0c,
  0x8e, 0x34, 0x42, 0x11, 0x8e, 0x76, 0x2b, 0x0c, 0x0e, 0xa1, 0x2a, 0x0c, 0x0e, 0xc9, 0x2b, 0x0c,
  0x0e, 0xf1, 0x1c, 0x08, 0x0f, 0x0b, 0x10, 0x06, 0x0f, 0x16, 0x1b, 0x08, 0x0f, 0x30, 0x32, 0x0e,
  0xff, 0xff, 0x00, 0x00, 0xff, 0xff, 0x00, 0x18, 0xff, 0xff, 0x00, 0x18, 0xff, 0xff, 0x00, 0x18,
  0xff, 0xff, 0x00, 0x18, 0xff, 0xff, 0x00, 0x18, 0xff, 0xff, 0x00, 0x18, 0xff, 0xff, 0x00, 0x18,
  0xff, 0xff, 0x00, 0x18, 0xff, 0xff, 0x00, 0x18, 0xff, 0xff, 0x00, 0x18, 0xff, 0xff, 0x00, 0x18,
  0xff, 0xff, 0x00, 0x18, 0xff, 0xff, 0x00, 0x18, 0xff, 0xff, 0x00, 0x18, 0xff, 0xff, 0x00, 0x18,
  0xff, 0xff, 0x00, 0x18, 0xff, 0xff, 0x00, 0x18, 0xff, 0xff, 0x00, 0x18, 0xff, 0xff, 0x00, 0x18,
  0xff, 0xff, 0x00, 0x18, 0xff, 0xff, 0x00, 0x18, 0xff, 0xff, 0x00, 0x18, 0xff, 0xff, 0x00, 0x18,
  0xff, 0xff, 0x00, 0x18, 0xff, 0xff, 0x00, 0x18, 0xff, 0xff, 0x00, 0x18, 0xff, 0xff, 0x00, 0x18,
  0xff, 0xff, 0x00, 0x18, 0xff, 0xff, 0x00, 0x18, 0xff, 0xff, 0x00, 0x18, 0xff, 0xff, 0x00, 0x18,
  0xff, 0xff, 0x00, 0x18, 0xff, 0xff, 0x00, 0x07, 0x0f, 0x60, 0x14, 0x08, 0x0f, 0x6a, 0x2b, 0x0d,
  0x8f, 0x93, 0x2f, 0x0d, 0x0f, 0xc2, 0x33, 0x0d, 0x8f, 0xf3, 0x31, 0x0d, 0x10, 0x24, 0x10, 0x06,
  0x10, 0x2f, 0x2f, 0x0d, 0x10, 0x5c, 0x19, 0x08, 0x90, 0x6c, 0x46, 0x12, 0x10, 0xb2, 0x1a, 0x09,
  0x10, 0xcb, 0x27, 0x0d, 0x10, 0xf0, 0x2f, 0x0e, 0x91, 0x1d, 0x1b, 0x08, 0x91, 0x38, 0x46, 0x12,
  0x91, 0x7e, 0x31, 0x0d, 0x11, 0xaf, 0x1e, 0x0a, 0x11, 0xcc, 0x33, 0x0d, 0x91, 0xfd, 0x1a, 0x08,
  0x92, 0x17, 0x1a, 0x08, 0x12, 0x31, 0x19, 0x08, 0x12, 0x41, 0x2f, 0x0e, 0x92, 0x6a, 0x31, 0x0d,
  0x12, 0x9b, 0x12, 0x08, 0x12, 0xa3, 0x18, 0x08, 0x12, 0xb7, 0x16, 0x08, 0x12, 0xcc, 0x1e, 0x09,
  0x12, 0xe9, 0x2e, 0x0d, 0x13, 0x0d, 0x4f, 0x14, 0x13, 0x5b, 0x4b, 0x14, 0x93, 0xa5, 0x4b, 0x14,
  0x13, 0xf0, 0x33, 0x0f, 0x94, 0x1c, 0x3b, 0x10, 0x94, 0x57, 0x3b, 0x10, 0x94, 0x92, 0x3b, 0x10,
  0x94, 0xcd, 0x3b, 0x10, 0x95, 0x08, 0x3b, 0x10, 0x95, 0x43, 0x3b, 0x10, 0x95, 0x7e, 0x5b, 0x18,
  0x15, 0xd9, 0x3f, 0x11, 0x16, 0x16, 0x3b, 0x10, 0x16, 0x4c, 0x3b, 0x10, 0x16, 0x82, 0x3b, 0x10,
  0x16, 0xb8, 0x3b, 0x10, 0x16, 0xee, 0x11, 0x07, 0x16, 0xfe, 0x11, 0x07, 0x97, 0x0e, 0x15, 0x07,
  0x97, 0x23, 0x15, 0x07, 0x97, 0x38, 0x3f, 0x11, 0x17, 0x77, 0x3b, 0x11, 0x17, 0xad, 0x47, 0x13,
  0x17, 0xf2, 0x47, 0x13, 0x18, 0x37, 0x47, 0x13, 0x18, 0x7c, 0x47, 0x13, 0x18, 0xc1, 0x47, 0x13,
  0x19, 0x06, 0x2b, 0x0e, 0x19, 0x2b, 0x47, 0x13, 0x19, 0x70, 0x3b, 0x11, 0x19, 0xa6, 0x3b, 0x11,
  0x19, 0xdc, 0x3b, 0x11, 0x1a, 0x12, 0x3b, 0x11, 0x9a, 0x48, 0x3d, 0x10, 0x1a, 0x85, 0x3a, 0x10,
  0x1a, 0xba, 0x37, 0x0f, 0x1a, 0xec, 0x2f, 0x0d, 0x1b, 0x19, 0x2f, 0x0d, 0x1b, 0x46, 0x2f, 0x0d,
  0x1b, 0x73, 0x2f, 0x0d, 0x1b, 0xa0, 0x2f, 0x0d, 0x1b, 0xcd, 0x2f, 0x0d, 0x1b, 0xfa, 0x53, 0x15,
  0x1c, 0x4b, 0x2b, 0x0c, 0x1c, 0x74, 0x2f, 0x0d, 0x1c, 0xa1, 0x2f, 0x0d, 0x1c, 0xce, 0x2f, 0x0d,
  0x1c, 0xfb, 0x2f, 0x0d, 0x1d, 0x28, 0x11, 0x07, 0x1d, 0x38, 0x11, 0x07, 0x9d, 0x48, 0x15, 0x07,
  0x9d, 0x5d, 0x15, 0x07, 0x1d, 0x72, 0x2f, 0x0d, 0x1d, 0x9f, 0x2f, 0x0d, 0x1d, 0xc8, 0x2f, 0x0d,
  0x1d, 0xf5, 0x2f, 0x0d, 0x1e, 0x22, 0x2f, 0x0d, 0x1e, 0x4f, 0x2f, 0x0d, 0x1e, 0x7c, 0x2f, 0x0d,
  0x1e, 0xa9, 0x32, 0x0d, 0x1e, 0xd9, 0x33, 0x0f, 0x1f, 0x06, 0x2f, 0x0d, 0x1f, 0x2f, 0x2f, 0x0d,
  0x1f, 0x58, 0x2f, 0x0d, 0x1f, 0x81, 0x2f, 0x0d, 0x1f, 0xaa, 0x2a, 0x0c, 0x1f, 0xd2, 0x2f, 0x0d,
  0x1f, 0xfc, 0x2a, 0x0c,
};

static const Font FONT_2 = { FONT_2_DESCRIPTOR, FONT_2_DATA, nullptr, nullptr, 0, 8228 };

return FONT_2;
}

#endif

#if MESH_ARIAL_EXPERIMENT == 3

inline const Font& fontStorage1() {

static const uint8_t FONT_1_DATA[] = {
  0x5d, 0xce, 0x21, 0x8c, 0x13, 0x41, 0x1c, 0xc5, 0xe1, 0x6f, 0x9b, 0x00, 0x7f, 0x08, 0x09, 0x73,
  0xae, 0xa2, 0x69, 0xa7, 0xab, 0x2a, 0x91, 0x88, 0x4b, 0x6e, 0xf6, 0xae, 0x02, 0x89, 0x37, 0x14,
  0x6f, 0x2a, 0xd7, 0xdd, 0xca, 0x4a, 0xbc, 0xf7, 0xfa, 0xe4, 0x4a, 0xe4, 0x79, 0xb5, 0x5e, 0x55,
  0x56, 0x90, 0xc0, 0x84, 0x6e, 0xd2, 0x84, 0xe4, 0x13, 0xbf, 0x3c, 0xf5, 0x80, 0xcb, 0x77, 0xf4,
  0x00, 0xfd, 0x10, 0x86, 0xde, 0xf8, 0xc9, 0x4b, 0xf8, 0xaf, 0x99, 0x92, 0xb4, 0x15, 0x9d, 0xdf,
  0x7f, 0xc4, 0xa3, 0xd4, 0xca, 0x2b, 0x9c, 0x89, 0xe6, 0x9f, 0x1f, 0xce, 0x4b, 0xde, 0x1a, 0x1b,
  0x9f, 0xef, 0xc5, 0x23, 0x57, 0xf7, 0xb0, 0x72, 0x6c, 0x9d, 0x3a, 0xf1, 0xe4, 0xb4, 0x77, 0xdc,
  0x91, 0xd8, 0xb1, 0x47, 0x8f, 0xe1, 0xc1, 0x71, 0x6c, 0xc2, 0x02, 0x61, 0x51, 0x7b, 0x78, 0x48,
  0xbc, 0xf2, 0x85, 0x57, 0x12, 0x2c, 0x66, 0xe3, 0xe6, 0xd6, 0xc0, 0xd8, 0x08, 0x37, 0xa0, 0x38,
  0xb0, 0x36, 0x35, 0x96, 0x98, 0x36, 0x52, 0x16, 0x65, 0x56, 0xbb, 0x2e, 0xa0, 0x90, 0x49, 0x5c,
  0x9e, 0x91, 0x8b, 0x74, 0x10, 0xdf, 0xc4, 0x57, 0xb1, 0x97, 0x9e, 0x4c, 0x05, 0x39, 0x49, 0x59,
  0x74, 0xaa, 0x53, 0xe7, 0xdc, 0xb2, 0xf2, 0x91, 0x0f, 0xbc, 0x37, 0x86, 0x1c, 0x52, 0xb8, 0x3c,
  0x13, 0x18, 0xef, 0xbc, 0x64, 0xa7, 0x32, 0x8b, 0xad, 0x58, 0xcf, 0x1f, 0xb6, 0xb7, 0xb9, 0x76,
  0x5e, 0x23, 0xae, 0x7a, 0xf1, 0xce, 0x2f, 0x76, 0x2c, 0x71, 0x58, 0xf9, 0xd9, 0x8a, 0x6e, 0x56,
  0xbb, 0x2e, 0x4c, 0x77, 0x52, 0x2b, 0xf6, 0xb3, 0xda, 0xd3, 0x06, 0xa5, 0xa0, 0x8c, 0x0d, 0x2c,
  0x78, 0xa3, 0x1a, 0x62, 0x56, 0xd2, 0x5f, 0x6d, 0x90, 0xb7, 0x51, 0x84, 0x31, 0x10, 0x46, 0x9f,
  0x0c, 0x83, 0x22, 0xd8, 0x21, 0xc1, 0x83, 0xb8, 0x0a, 0x08, 0xc9, 0xce, 0x9b, 0x1e, 0xb0, 0x25,
  0x90, 0xe3, 0x14, 0x5e, 0x06, 0x25, 0xfd, 0x21, 0x65, 0x50, 0xc6, 0x85, 0xec, 0x68, 0xf1, 0x68,
  0xe6, 0xc9, 0xbd, 0x4f, 0x1e, 0x28, 0xa9, 0x01, 0x0c, 0xe4, 0xc7, 0x68, 0xad, 0xe2, 0x81, 0x1b,
  0x10, 0x48, 0xca, 0x05, 0xc9, 0x23, 0x8e, 0x37, 0x80, 0x3e, 0xdd, 0x80, 0x5c, 0x90, 0x23, 0x27,
  0x27, 0x6e, 0x39, 0xf0, 0x0b, 0x23, 0xfb, 0xe5, 0xbd, 0x7f, 0x1d, 0x7b, 0x19, 0x78, 0xc9, 0xee,
  0x46, 0x5c, 0x79, 0xc6, 0x76, 0x39, 0xa0, 0xac, 0x73, 0x1b, 0x49, 0x51, 0x6b, 0xed, 0xab, 0xa9,
  0x9e, 0xd5, 0x13, 0x69, 0xf8, 0x97, 0x97, 0x1e, 0x37, 0x9a, 0xd3, 0x6d, 0x92, 0x05, 0xc9, 0xa4,
  0xc1, 0x2f, 0xd4, 0xa8, 0xb7, 0xc5, 0x83, 0x76, 0xa8, 0x4b, 0x9b, 0x9b, 0x1b, 0x03, 0x2c, 0xf4,
  0xff, 0x68, 0x9c, 0x3a, 0x42, 0x91, 0x1e, 0x79, 0x0b, 0x36, 0x6c, 0x21, 0xae, 0x81, 0x7a, 0xac,
  0xe2, 0x0c, 0x06, 0xdf, 0xac, 0xfa, 0x58, 0x10, 0xc1, 0x83, 0xa3, 0x04, 0x06, 0x91, 0xbc, 0x83,
  0x1d, 0x62, 0xe1, 0xe0, 0x0f, 0xa6, 0x4f, 0xa1, 0x03, 0x82, 0x7d, 0x58, 0xad, 0x83, 0x1a, 0xf5,
  0x5f, 0xe7, 0x49, 0x0d, 0x8a, 0xcd, 0x8a, 0xb0, 0x03, 0x59, 0xfd, 0x3b, 0x75, 0x90, 0x27, 0x56,
  0x04, 0x51, 0x10, 0x45, 0xef, 0xe4, 0x22, 0x97, 0x23, 0x43, 0x31, 0x2b, 0xc0, 0xe2, 0x6a, 0x82,
  0x07, 0x89, 0x6c, 0x89, 0xec, 0x15, 0x30, 0x5f, 0x22, 0x59, 0x52, 0x2f, 0xa5, 0x97, 0xd1, 0x8a,
  0xf0, 0xc8, 0xf1, 0x9c, 0x5b, 0x39, 0xfc, 0x00, 0x34, 0x3b, 0x84, 0xe3, 0x81, 0xe5, 0x27, 0x1e,
  0x84, 0xab, 0x04, 0xdd, 0x0a, 0xeb, 0xff, 0xc4, 0x7b, 0xb4, 0x7f, 0xcc, 0x5e, 0x09, 0xcd, 0xd6,
  0x34, 0x97, 0x7f, 0xcc, 0x8e, 0xb1, 0x03, 0xfc, 0x8c, 0x36, 0x81, 0xca, 0xb9, 0x0f, 0x6c, 0x26,
  0xc4, 0x5c, 0xf8, 0x94, 0x38, 0x32, 0xf8, 0x40, 0x2b, 0xf8, 0x84, 0xee, 0x14, 0x02, 0xf2, 0x3b,
  0xa1, 0x3c, 0xec, 0x41, 0x0b, 0x4c, 0xe4, 0x51, 0x21, 0x3d, 0x51, 0x66, 0x4f, 0x85, 0x1e, 0x9c,
  0xa0, 0xec, 0x11, 0x65, 0x40, 0x0d, 0x06, 0x35, 0xf2, 0x39, 0x42, 0xf9, 0x13, 0xf5, 0xec, 0x91,
  0x58, 0xe0, 0x4e, 0xb5, 0x49, 0xe9, 0x43, 0x4f, 0xfa, 0xd9, 0x77, 0x57, 0x9e, 0x34, 0x38, 0x87,
  0x84, 0xd2, 0x83, 0x5b, 0xe9, 0x44, 0x19, 0x23, 0xb1, 0x0a, 0xbb, 0xc6, 0x96, 0xd8, 0x82, 0xbb,
  0xe4, 0x26, 0xd9, 0x4b, 0x2c, 0x81, 0xee, 0x71, 0x60, 0xf4, 0x9f, 0xf9, 0x72, 0x93, 0xd7, 0xc4,
  0x73, 0x85, 0x1e, 0x0d, 0x68, 0x87, 0xb4, 0x7c, 0x7a, 0xd0, 0xff, 0x1f, 0x0c, 0x1c, 0xe0, 0x82,
  0xb2, 0x24, 0x5f, 0x99, 0x93, 0x53, 0xca, 0x0a, 0xfd, 0x19, 0x25, 0xc8, 0x7c, 0x45, 0x3e, 0xa7,
  0x20, 0xf5, 0x3d, 0xfd, 0x04, 0x6d, 0x8f, 0x85, 0x4d, 0x84, 0x31, 0x14, 0x80, 0xbf, 0x0a, 0x32,
  0x01, 0x0e, 0xa7, 0x43, 0x5c, 0x94, 0x87, 0x33, 0x02, 0xf1, 0xdb, 0xe4, 0xef, 0x68, 0x8d, 0xdf,
  0x18, 0x8c, 0x70, 0x51, 0x9c, 0xf2, 0x6a, 0x78, 0xf2, 0xb5, 0xcf, 0x0d, 0x60, 0x44, 0x18, 0x23,
  0xd2, 0x50, 0xfd, 0x71, 0x68, 0xee, 0x39, 0x72, 0xd9, 0x50, 0x9d, 0x5d, 0x81, 0xf5, 0xc0, 0x2d,
  0x19, 0x18, 0x99, 0x30, 0xb6, 0x22, 0x8d, 0x30, 0x36, 0x31, 0x41, 0x2e, 0x0e, 0x20, 0x9d, 0x30,
  0x00, 0x2b, 0xfd, 0xec, 0x2a, 0x99, 0x1a, 0x66, 0x1b, 0x3c, 0x6c, 0xc2, 0x7e, 0x9d, 0xdc, 0xdc,
  0xc4, 0x5f, 0xa5, 0xbf, 0xcc, 0x7f, 0x53, 0xfe, 0x3d, 0x80, 0x11, 0x10, 0x93, 0xfb, 0xc7, 0xfd,
  0x4f, 0xb6, 0x26, 0xfe, 0xea, 0x4c, 0x98, 0xd5, 0xb3, 0x1b, 0x61, 0x51, 0x2e, 0x6f, 0x25, 0x10,
  0x4f, 0x41, 0x3a, 0x63, 0x2d, 0x8d, 0x80, 0x83, 0x23, 0x58, 0x96, 0xdf, 0x11, 0x23, 0x30, 0xfa,
  0xb2, 0x7f, 0x64, 0x8c, 0x88, 0x6d, 0xa3, 0x43, 0xf0, 0xfa, 0xd7, 0x95, 0xa2, 0x81, 0x4d, 0xcb,
  0xc2, 0x72, 0x6f, 0x58, 0xc0, 0x56, 0x49, 0x93, 0x25, 0x72, 0x57, 0x16, 0xb9, 0x50, 0x1b, 0x11,
  0x3c, 0xca, 0xfa, 0xc5, 0x6c, 0x63, 0x15, 0xe0, 0x31, 0xb9, 0xaa, 0xab, 0xb3, 0x46, 0x2d, 0x98,
  0x8e, 0xed, 0x18, 0x00, 0x90, 0xe4, 0x3e, 0x00, 0x75, 0xcd, 0x21, 0xec, 0xd3, 0x40, 0x14, 0xc0,
  0xe1, 0xef, 0xda, 0x8a, 0x63, 0x23, 0xd9, 0xa1, 0xff, 0x82, 0x9b, 0xab, 0xa3, 0x78, 0xd3, 0x06,
  0x08, 0x55, 0xcc, 0xbb, 0xe1, 0x0d, 0x5e, 0x40, 0x15, 0x99, 0xc4, 0x7b, 0xaf, 0x91, 0x95, 0x93,
  0x04, 0x85, 0x9c, 0x44, 0x16, 0x37, 0x37, 0x9a, 0x13, 0x35, 0x84, 0xe4, 0xcb, 0xcb, 0x2f, 0x4f,
  0xbc, 0x07, 0x2f, 0x4d, 0xb9, 0xee, 0x17, 0xfd, 0x07, 0xf3, 0xe0, 0x7b, 0xe6, 0x85, 0xc1, 0xed,
  0xb5, 0xf4, 0x4a, 0x3c, 0x16, 0xbd, 0xd4, 0xcb, 0x19, 0xfd, 0xde, 0xd4, 0xe8, 0xe3, 0xaa, 0xc4,
  0x3e, 0xee, 0xa4, 0x9d, 0xf3, 0xce, 0xb4, 0xe7, 0xb3, 0x75, 0x9e, 0xcb, 0x66, 0xdd, 0x73, 0xff,
  0x53, 0xfb, 0xea, 0xd3, 0xb3, 0x70, 0x4d, 0xd5, 0x25, 0x55, 0xf1, 0x58, 0xc5, 0x8f, 0x55, 0xf7,
  0x33, 0x78, 0x1e, 0x41, 0x9c, 0x0f, 0x72, 0x92, 0xb2, 0xeb, 0x7b, 0xed, 0x68, 0x33, 0xbe, 0x95,
  0xb2, 0x9c, 0xcc, 0x87, 0x1f, 0x8c, 0x41, 0x5b, 0x2c, 0x01, 0x1a, 0x9e, 0x4c, 0x99, 0x2d, 0x4c,
  0xff, 0x3a, 0x88, 0x14, 0xb6, 0x37, 0x7e, 0x9f, 0xb4, 0x43, 0xf1, 0x46, 0xfb, 0xce, 0x75, 0xdc,
  0xde, 0x34, 0xfc, 0x8f, 0x8e, 0xb1, 0xe8, 0x60, 0xa0, 0xb8, 0x9d, 0xb6, 0x4e, 0xc1, 0x25, 0x18,
  0x8b, 0x2e, 0x7c, 0x23, 0x06, 0xab, 0x36, 0xf8, 0x05, 0x24, 0x22, 0xe6, 0x47, 0x2d, 0xd3, 0x53,
  0xc8, 0xe6, 0x2f, 0x0b, 0xf7, 0x55, 0x28, 0x1e, 0x75, 0x64, 0x55, 0x02, 0xa8, 0x28, 0x73, 0xaa,
  0xa8, 0xb7, 0x53, 0xf7, 0xb0, 0x10, 0x83, 0xc2, 0x02, 0x4c, 0x99, 0x27, 0x9a, 0x2d, 0xfe, 0x02,
  0x75, 0xcd, 0x31, 0x4e, 0x02, 0x51, 0x14, 0x05, 0xd0, 0x33, 0xc3, 0x57, 0x1e, 0xc4, 0xc4, 0x5f,
  0x52, 0x50, 0x0c, 0x89, 0x05, 0x25, 0xee, 0x60, 0x48, 0x2c, 0xad, 0x5c, 0xc1, 0xc4, 0x15, 0x00,
  0x0b, 0x80, 0xd1, 0x15, 0xb8, 0x24, 0x96, 0x61, 0xe9, 0x32, 0x88, 0x95, 0x64, 0x0a, 0x47, 0x26,
  0x98, 0xdc, 0xee, 0xbc, 0x7b, 0x1f, 0x32, 0x51, 0x3b, 0x2d, 0xc8, 0xdc, 0x51, 0x6a, 0x0b, 0xf5,
  0xca, 0x6a, 0x29, 0x1e, 0xd8, 0x53, 0xf5, 0x57, 0x8f, 0x04, 0x89, 0x91, 0x96, 0xe6, 0x49, 0x7e,
  0x15, 0x2f, 0x9c, 0xf3, 0xfc, 0x41, 0x14, 0x62, 0x6d, 0xb9, 0xf0, 0x39, 0xeb, 0xaf, 0x86, 0x5b,
  0x7c, 0x91, 0x0b, 0x51, 0xd6, 0xe3, 0x92, 0x2e, 0x0a, 0x47, 0x68, 0x98, 0x6b, 0xc7, 0xb6, 0xc9,
  0x34, 0xd9, 0x24, 0xed, 0x98, 0x39, 0xcd, 0x5f, 0xdc, 0x74, 0xb8, 0xbd, 0x8e, 0xbb, 0x64, 0xd2,
  0xe1, 0xfb, 0xbf, 0xb8, 0x4b, 0xde, 0xae, 0x63, 0x74, 0x78, 0x6d, 0x76, 0xdf, 0xfd, 0xdc, 0xf7,
  0xa8, 0x61, 0xc6, 0xad, 0xf6, 0x46, 0x93, 0xcc, 0x92, 0xe8, 0x72, 0x3a, 0x88, 0xf5, 0x30, 0x1c,
  0xef, 0x55, 0x59, 0xae, 0x44, 0x7d, 0x4e, 0x19, 0xc7, 0x32, 0xea, 0x51, 0xd4, 0x72, 0xa5, 0xca,
  0x5c, 0xd4, 0x26, 0x6b, 0xd3, 0xdf, 0x72, 0x3d, 0xc0, 0x69, 0xe7, 0x43, 0xec, 0xa5, 0x2f, 0x0f,
  0x31, 0x2e, 0x66, 0x0b, 0xbe, 0x0f, 0x3f, 0x7c, 0x8f, 0xb1, 0x4d, 0x44, 0x41, 0x0c, 0x05, 0xc7,
  0x06, 0x74, 0x3e, 0x12, 0x1c, 0x92, 0xe1, 0x12, 0xb6, 0x04, 0x43, 0x8c, 0x44, 0x0b, 0x54, 0xc2,
  0x7e, 0xa8, 0x8c, 0xf0, 0xca, 0xa0, 0x0c, 0x20, 0x42, 0x76, 0xb2, 0xd2, 0x07, 0x4e, 0x7a, 0xf2,
  0x4a, 0x6f, 0x76, 0x2c, 0x19, 0xf8, 0x9e, 0x88, 0xc2, 0xd7, 0x44, 0x40, 0x15, 0x3e, 0x27, 0x8a,
  0xd6, 0x63, 0x0f, 0xac, 0x64, 0xc5, 0x83, 0x70, 0xde, 0x6f, 0xa0, 0xb8, 0xc3, 0x33, 0xbc, 0x81,
  0x5c, 0xa0, 0x97, 0xc8, 0x2d, 0x44, 0xf5, 0xd4, 0x8f, 0x70, 0x3c, 0xca, 0x39, 0x26, 0xd7, 0x7b,
  0x79, 0xf1, 0x86, 0xc7, 0x7f, 0x79, 0xc3, 0x5e, 0x71, 0x8e, 0xd7, 0x3c, 0xb7, 0xdf, 0xf6, 0x7e,
  0x3a, 0x9b, 0xc1, 0x15, 0x1c, 0x6a, 0x6e, 0x46, 0x7a, 0x69, 0x4f, 0xc4, 0xc0, 0x07, 0xf6, 0xd8,
  0x37, 0xdf, 0x73, 0x4a, 0x46, 0x30, 0x9c, 0x53, 0xdf, 0x7c, 0x07, 0x01, 0x89, 0x24, 0x9a, 0xd0,
  0x21, 0xba, 0x5f, 0x90, 0x86, 0xf2, 0x1b, 0x2e, 0x52, 0xfe, 0x9f, 0x70, 0xcd, 0x86, 0x06, 0x03,
  0x12, 0x36, 0x41, 0x5f, 0x78, 0x15, 0xb2, 0x1b, 0x2b, 0x6b, 0x12, 0xbe, 0x4f, 0x1a, 0xdb, 0x01,
  0xf8, 0x98, 0x38, 0x58, 0xf0, 0xb3, 0x0e, 0x67, 0x86, 0x02, 0x27, 0x06, 0x06, 0x17, 0x06, 0x06,
  0x0b, 0x00, 0x65, 0xce, 0x01, 0x66, 0x00, 0x31, 0x10, 0x85, 0xe1, 0xdf, 0x16, 0x56, 0xc1, 0x02,
  0x05, 0x74, 0xd5, 0x5e, 0xa2, 0xa0, 0x4f, 0x05, 0x01, 0x04, 0x45, 0xd1, 0x03, 0x14, 0xd0, 0x1b,
  0x64, 0x00, 0x05, 0xec, 0x11, 0x7a, 0x94, 0x05, 0x14, 0xd0, 0x63, 0xf4, 0x18, 0x8d, 0x47, 0xa8,
  0x84, 0x31, 0x19, 0x5f, 0x66, 0x26, 0x01, 0x78, 0x24, 0x12, 0x4a, 0xe4, 0x44, 0x79, 0x46, 0x0f,
  0x44, 0xfd, 0xcf, 0xa5, 0xdd, 0x0c, 0x6c, 0x33, 0x97, 0x89, 0xbd, 0x24, 0x8f, 0xac, 0x79, 0x37,
  0x6f, 0x89, 0x97, 0x96, 0xe7, 0x27, 0x1d, 0xe6, 0x78, 0x22, 0x0e, 0xd4, 0xb1, 0xd5, 0xdc, 0x01,
  0xdc, 0x13, 0x3b, 0xd2, 0xa2, 0x6b, 0x91, 0x6e, 0x5a, 0x8d, 0xed, 0xf0, 0xf3, 0x63, 0xab, 0x37,
  0xf8, 0x6f, 0x03, 0xdb, 0x1c, 0xe7, 0xc8, 0x1e, 0xc0, 0xdd, 0x2b, 0xfc, 0x54, 0x9c, 0xd6, 0x0d,
  0xbe, 0xdb, 0x01, 0x5b, 0xab, 0xae, 0xca, 0xe6, 0x19, 0xbe, 0x76, 0xde, 0xc5, 0xab, 0xf8, 0x10,
  0xbf, 0x7b, 0x13, 0x7c, 0x7b, 0x42, 0x86, 0xe2, 0x1c, 0xb5, 0xff, 0x9b, 0x2c, 0x8a, 0x90, 0x08,
  0xb7, 0x76, 0x96, 0x39, 0x0f, 0x6c, 0x73, 0x9c, 0x13, 0x7b, 0xe0, 0x73, 0x64, 0x99, 0xa3, 0xf3,
  0x02, 0x8e, 0xb8, 0xa5, 0xd7, 0x7f, 0x3d, 0xcb, 0xc1, 0x09, 0xc2, 0x40, 0x10, 0x86, 0xd1, 0x97,
  0x08, 0x9a, 0xe3, 0x76, 0x90, 0xd8, 0x81, 0xc7, 0xbd, 0x65, 0x10, 0x0f, 0x76, 0x61, 0x29, 0x6e,
  0x69, 0x5b, 0x82, 0x25, 0xa4, 0x0c, 0x6f, 0x0a, 0x19, 0x08, 0xcc, 0x65, 0x3e, 0xde, 0x0f, 0x2f,
  0xed, 0x26, 0x9e, 0xe2, 0x21, 0xee, 0xda, 0x55, 0xcc, 0xe8, 0x2b, 0x61, 0x0a, 0x25, 0x58, 0xf4,
  0xf7, 0xd1, 0xec, 0x6d, 0x3a, 0xda, 0xfe, 0x25, 0xcd, 0xe6, 0xb3, 0x26, 0x22, 0x72, 0xdb, 0x07,
  0xce, 0xa3, 0x3a, 0x96, 0x6d, 0x98, 0x2a, 0x17, 0x1d, 0xdf, 0xdf, 0xa9, 0x2d, 0x22, 0xf2, 0xb4,
  0x85, 0x39, 0x65, 0xa9, 0xa3, 0x6d, 0x28, 0x29, 0xff,
};

static const uint8_t FONT_1_DESCRIPTOR[] = {
  0x10, 0x13, 0x20, 0xe0, 0xff, 0xff, 0x00, 0x04, 0x00, 0x00, 0x08, 0x04, 0x00, 0x08, 0x0d, 0x06,
  0x00, 0x15, 0x1a, 0x09, 0x00, 0x2f, 0x17, 0x09, 0x00, 0x46, 0x26, 0x0e, 0x00, 0x6c, 0x1d, 0x0b,
  0x00, 0x89, 0x04, 0x03, 0x00, 0x8d, 0x0c, 0x05, 0x00, 0x99, 0x0b, 0x05, 0x00, 0xa4, 0x0d, 0x06,
  0x00, 0xb1, 0x17, 0x09, 0x00, 0xc8, 0x09, 0x04, 0x00, 0xd1, 0x0b, 0x05, 0x00, 0xdc, 0x08, 0x04,
  0x00, 0xe4, 0x0a, 0x04, 0x00, 0xee, 0x17, 0x09, 0x01, 0x05, 0x11, 0x09, 0x01, 0x16, 0x17, 0x09,
  0x01, 0x2d, 0x17, 0x09, 0x01, 0x44, 0x17, 0x09, 0x01, 0x5b, 0x17, 0x09, 0x01, 0x72, 0x17, 0x09,
  0x01, 0x89, 0x16, 0x09, 0x01, 0x9f, 0x17, 0x09, 0x01, 0xb6, 0x17, 0x09, 0x01, 0xcd, 0x05, 0x04,
  0x01, 0xd2, 0x06, 0x04, 0x01, 0xd8, 0x17, 0x09, 0x02, 0x00, 0x17, 0x09, 0x02, 0x17, 0x17, 0x09,
  0x02, 0x2e, 0x16, 0x09, 0x02, 0x44, 0x2f, 0x10, 0x02, 0x73, 0x1d, 0x0b, 0x02, 0x90, 0x1d, 0x0b,
  0x02, 0xad, 0x20, 0x0c, 0x02, 0xcd, 0x20, 0x0c, 0x02, 0xed, 0x1d, 0x0b, 0x03, 0x0a, 0x19, 0x0a,
  0x03, 0x23, 0x20, 0x0c, 0x03, 0x43, 0x1d, 0x0c, 0x03, 0x60, 0x05, 0x04, 0x03, 0x65, 0x14, 0x08,
  0x03, 0x79, 0x1d, 0x0b, 0x03, 0x96, 0x17, 0x09, 0x03, 0xad, 0x23, 0x0d, 0x03, 0xd0, 0x1d, 0x0c,
  0x04, 0x00, 0x20, 0x0c, 0x04, 0x20, 0x1c, 0x0b, 0x04, 0x3c, 0x20, 0x0c, 0x04, 0x5c, 0x1d, 0x0c,
  0x04, 0x79, 0x1d, 0x0b, 0x04, 0x96, 0x19, 0x0a, 0x04, 0xaf, 0x1d, 0x0c, 0x04, 0xcc, 0x1c, 0x0b,
  0x04, 0xe8, 0x2b, 0x0f, 0x05, 0x13, 0x20, 0x0b, 0x05, 0x33, 0x19, 0x0b, 0x05, 0x4c, 0x1a, 0x0a,
  0x05, 0x66, 0x0c, 0x04, 0x05, 0x72, 0x0b, 0x04, 0x05, 0x7d, 0x09, 0x04, 0x05, 0x86, 0x14, 0x08,
  0x05, 0x9a, 0x1b, 0x09, 0x05, 0xb5, 0x07, 0x05, 0x05, 0xbc, 0x17, 0x09, 0x05, 0xd3, 0x17, 0x09,
  0x05, 0xea, 0x14, 0x08, 0x06, 0x00, 0x17, 0x09, 0x06, 0x17, 0x17, 0x09, 0x06, 0x2e, 0x0a, 0x04,
  0x06, 0x38, 0x17, 0x09, 0x06, 0x4f, 0x14, 0x09, 0x06, 0x63, 0x05, 0x04, 0x06, 0x68, 0x06, 0x04,
  0x06, 0x6e, 0x17, 0x08, 0x06, 0x85, 0x05, 0x04, 0x06, 0x8a, 0x23, 0x0d, 0x06, 0xad, 0x14, 0x09,
  0x06, 0xc1, 0x17, 0x09, 0x06, 0xd8, 0x17, 0x09, 0x06, 0xef, 0x18, 0x09, 0x07, 0x07, 0x0d, 0x05,
  0x07, 0x14, 0x14, 0x08, 0x07, 0x28, 0x0b, 0x04, 0x07, 0x33, 0x14, 0x09, 0x07, 0x47, 0x13, 0x08,
  0x07, 0x5a, 0x1f, 0x0c, 0x07, 0x79, 0x14, 0x08, 0x07, 0x8d, 0x13, 0x08, 0x07, 0xa0, 0x14, 0x08,
  0x07, 0xb4, 0x0f, 0x05, 0x07, 0xc3, 0x06, 0x04, 0x07, 0xc9, 0x0e, 0x05, 0x07, 0xd7, 0x17, 0x09,
  0xff, 0xff, 0x00, 0x00, 0xff, 0xff, 0x00, 0x10, 0xff, 0xff, 0x00, 0x10, 0xff, 0xff, 0x00, 0x10,
  0xff, 0xff, 0x00, 0x10, 0xff, 0xff, 0x00, 0x10, 0xff, 0xff, 0x00, 0x10, 0xff, 0xff, 0x00, 0x10,
  0xff, 0xff, 0x00, 0x10, 0xff, 0xff, 0x00, 0x10, 0xff, 0xff, 0x00, 0x10, 0xff, 0xff, 0x00, 0x10,
  0xff, 0xff, 0x00, 0x10, 0xff, 0xff, 0x00, 0x10, 0xff, 0xff, 0x00, 0x10, 0xff, 0xff, 0x00, 0x10,
  0xff, 0xff, 0x00, 0x10, 0xff, 0xff, 0x00, 0x10, 0xff, 0xff, 0x00, 0x10, 0xff, 0xff, 0x00, 0x10,
  0xff, 0xff, 0x00, 0x10, 0xff, 0xff, 0x00, 0x10, 0xff, 0xff, 0x00, 0x10, 0xff, 0xff, 0x00, 0x10,
  0xff, 0xff, 0x00, 0x10, 0xff, 0xff, 0x00, 0x10, 0xff, 0xff, 0x00, 0x10, 0xff, 0xff, 0x00, 0x10,
  0xff, 0xff, 0x00, 0x10, 0xff, 0xff, 0x00, 0x10, 0xff, 0xff, 0x00, 0x10, 0xff, 0xff, 0x00, 0x10,
  0xff, 0xff, 0x00, 0x10, 0xff, 0xff, 0x00, 0x04, 0x07, 0xee, 0x09, 0x05, 0x08, 0x00, 0x17, 0x09,
  0x08, 0x17, 0x17, 0x09, 0x08, 0x2e, 0x14, 0x09, 0x08, 0x42, 0x1a, 0x09, 0x08, 0x5c, 0x06, 0x04,
  0x08, 0x62, 0x17, 0x09, 0x08, 0x79, 0x07, 0x05, 0x08, 0x80, 0x23, 0x0c, 0x08, 0xa3, 0x0e, 0x06,
  0x08, 0xb1, 0x14, 0x09, 0x08, 0xc5, 0x17, 0x09, 0x08, 0xdc, 0x0b, 0x05, 0x08, 0xe7, 0x23, 0x0c,
  0x09, 0x0a, 0x19, 0x09, 0x09, 0x23, 0x0d, 0x06, 0x09, 0x30, 0x17, 0x09, 0x09, 0x47, 0x0e, 0x05,
  0x09, 0x55, 0x0d, 0x05, 0x09, 0x62, 0x0a, 0x05, 0x09, 0x6c, 0x17, 0x09, 0x09, 0x83, 0x19, 0x09,
  0x09, 0x9c, 0x08, 0x05, 0x09, 0xa4, 0x0c, 0x05, 0x09, 0xb0, 0x0b, 0x05, 0x09, 0xbb, 0x0d, 0x06,
  0x09, 0xc8, 0x17, 0x09, 0x0a, 0x00, 0x26, 0x0d, 0x0a, 0x26, 0x26, 0x0d, 0x0a, 0x4c, 0x26, 0x0d,
  0x0a, 0x72, 0x1a, 0x0a, 0x0a, 0x8c, 0x1d, 0x0b, 0x0a, 0xa9, 0x1d, 0x0b, 0x0a, 0xc6, 0x1d, 0x0b,
  0x0a, 0xe3, 0x1d, 0x0b, 0x0b, 0x00, 0x1d, 0x0b, 0x0b, 0x1d, 0x1d, 0x0b, 0x0b, 0x3a, 0x2c, 0x10,
  0x0b, 0x66, 0x20, 0x0c, 0x0b, 0x86, 0x1d, 0x0b, 0x0b, 0xa3, 0x1d, 0x0b, 0x0b, 0xc0, 0x1d, 0x0b,
  0x0b, 0xdd, 0x1d, 0x0b, 0x0b, 0xfa, 0x05, 0x04, 0x0c, 0x00, 0x07, 0x04, 0x0c, 0x07, 0x0a, 0x04,
  0x0c, 0x11, 0x07, 0x04, 0x0c, 0x18, 0x20, 0x0c, 0x0c, 0x38, 0x1d, 0x0c, 0x0c, 0x55, 0x20, 0x0c,
  0x0c, 0x75, 0x20, 0x0c, 0x0c, 0x95, 0x20, 0x0c, 0x0c, 0xb5, 0x20, 0x0c, 0x0c, 0xd5, 0x20, 0x0c,
  0x0c, 0xf5, 0x17, 0x09, 0x0d, 0x0c, 0x20, 0x0c, 0x0d, 0x2c, 0x1d, 0x0c, 0x0d, 0x49, 0x1d, 0x0c,
  0x0d, 0x66, 0x1d, 0x0c, 0x0d, 0x83, 0x1d, 0x0c, 0x0d, 0xa0, 0x19, 0x0b, 0x0d, 0xb9, 0x1d, 0x0b,
  0x0d, 0xd6, 0x17, 0x0a, 0x0e, 0x00, 0x17, 0x09, 0x0e, 0x17, 0x17, 0x09, 0x0e, 0x2e, 0x17, 0x09,
  0x0e, 0x45, 0x17, 0x09, 0x0e, 0x5c, 0x17, 0x09, 0x0e, 0x73, 0x17, 0x09, 0x0e, 0x8a, 0x29, 0x0e,
  0x0e, 0xb3, 0x14, 0x08, 0x0e, 0xc7, 0x17, 0x09, 0x0e, 0xde, 0x17, 0x09, 0x0e, 0xf5, 0x17, 0x09,
  0x0f, 0x0c, 0x17, 0x09, 0x0f, 0x23, 0x05, 0x04, 0x0f, 0x28, 0x07, 0x04, 0x0f, 0x2f, 0x0a, 0x04,
  0x0f, 0x39, 0x07, 0x04, 0x0f, 0x40, 0x17, 0x09, 0x0f, 0x57, 0x14, 0x09, 0x0f, 0x6b, 0x17, 0x09,
  0x0f, 0x82, 0x17, 0x09, 0x0f, 0x99, 0x17, 0x09, 0x0f, 0xb0, 0x17, 0x09, 0x0f, 0xc7, 0x17, 0x09,
  0x0f, 0xde, 0x17, 0x09, 0x10, 0x00, 0x17, 0x0a, 0x10, 0x17, 0x14, 0x09, 0x10, 0x2b, 0x14, 0x09,
  0x10, 0x3f, 0x14, 0x09, 0x10, 0x53, 0x14, 0x09, 0x10, 0x67, 0x13, 0x08, 0x10, 0x7a, 0x17, 0x09,
  0x10, 0x91, 0x13, 0x08,
};

static const uint16_t FONT_1_OFFSETS[] = {
  0, 247, 444, 661, 856, 1088, 1287, 1474, 1654, 1753,
};

static const uint16_t FONT_1_LENGTHS[] = {
  495, 493, 510, 503, 479, 511, 493, 501, 164,
};

static const Font FONT_1 = { FONT_1_DESCRIPTOR, FONT_1_DATA, FONT_1_OFFSETS, FONT_1_LENGTHS, 9, 1753 };

return FONT_1;
}

inline const Font& fontStorage2() {

static const uint8_t FONT_2_DATA[] = {
  0x75, 0xd0, 0x01, 0x06, 0x1b, 0x41, 0x14, 0x06, 0xe0, 0x6f, 0x4d, 0x24, 0x10, 0xa6, 0x80, 0xd0,
  0xc8, 0xee, 0x11, 0x86, 0xc0, 0x22, 0x9a, 0xab, 0xcc, 0x2d, 0x5a, 0xa0, 0xd3, 0x13, 0xe4, 0x4a,
  0x53, 0xbd, 0xc8, 0x50, 0x80, 0x62, 0x0f, 0x10, 0xdd, 0x66, 0x2c, 0x54, 0xa5, 0xf8, 0x8c, 0xf7,
  0xfe, 0x9f, 0xc7, 0x00, 0x40, 0x5b, 0xaf, 0x3a, 0xb4, 0xc3, 0x06, 0xfe, 0x9a, 0x8f, 0x81, 0xe3,
  0xf5, 0xe5, 0xce, 0x33, 0x2a, 0x6b, 0xd0, 0x62, 0x90, 0xdf, 0xee, 0x02, 0x1d, 0xe5, 0xb0, 0x57,
  0xe3, 0x45, 0x3d, 0x9d, 0xe5, 0xd3, 0x2c, 0xa7, 0x64, 0x59, 0xd7, 0xfe, 0xca, 0x79, 0x56, 0xf3,
  0x49, 0xfd, 0x3e, 0xf2, 0xed, 0x00, 0x25, 0x52, 0x47, 0x72, 0x62, 0x9a, 0xba, 0x49, 0x4e, 0xb3,
  0x3a, 0x5e, 0x94, 0x47, 0x0f, 0x03, 0x0b, 0x6e, 0x78, 0xcd, 0xf5, 0xc7, 0xa8, 0xe5, 0xd4, 0x7b,
  0x74, 0x39, 0x51, 0x47, 0x4a, 0xb4, 0x9d, 0xa7, 0x46, 0xe5, 0xe7, 0x59, 0xfd, 0x3c, 0x6b, 0xb7,
  0x24, 0xcf, 0x2f, 0x5f, 0x92, 0xf6, 0x6b, 0x56, 0x1f, 0x1f, 0x95, 0x30, 0x62, 0xbb, 0xab, 0xce,
  0xf8, 0xf0, 0xcf, 0x2f, 0x2c, 0x91, 0xdf, 0x5f, 0x95, 0xb8, 0x0c, 0x75, 0x28, 0x21, 0xb3, 0x9f,
  0xd8, 0x41, 0x7f, 0xfb, 0xdc, 0xf7, 0x3d, 0xef, 0xbd, 0xde, 0x47, 0xe9, 0x76, 0x94, 0x48, 0x0b,
  0x9b, 0x12, 0x6d, 0x3b, 0x90, 0xdf, 0x58, 0x63, 0xf7, 0x3e, 0x03, 0xa4, 0xc0, 0x32, 0x28, 0x83,
  0xff, 0x02, 0x48, 0x9b, 0x84, 0x4f, 0xb4, 0xc8, 0x73, 0x50, 0xee, 0xb4, 0x40, 0xfe, 0x03, 0x5d,
  0xd1, 0x01, 0x66, 0xc5, 0x40, 0x10, 0xc6, 0xf1, 0xff, 0x1a, 0x92, 0xe2, 0x49, 0x00, 0x82, 0x68,
  0xae, 0x30, 0x4f, 0xa9, 0xc5, 0x23, 0x57, 0x99, 0xea, 0x01, 0x0a, 0x50, 0xa0, 0x7b, 0xb4, 0x29,
  0xe8, 0x35, 0xf6, 0x08, 0x29, 0x00, 0xd5, 0xd7, 0x11, 0x91, 0x48, 0xc3, 0x0f, 0x93, 0x6f, 0xb1,
  0xdf, 0x0e, 0x00, 0xbf, 0x42, 0xb9, 0xf7, 0x78, 0x1a, 0xa9, 0x64, 0x0c, 0xdd, 0xc5, 0xbc, 0xfe,
  0x8f, 0x7c, 0x3d, 0x07, 0xc7, 0xd7, 0x84, 0x36, 0x08, 0x94, 0x04, 0xf5, 0x3e, 0xaf, 0x00, 0x44,
  0x71, 0xc9, 0x38, 0x37, 0x8c, 0xe7, 0xf0, 0x84, 0x95, 0x2b, 0xe6, 0x8a, 0x59, 0x64, 0x1a, 0x26,
  0x85, 0x3e, 0x00, 0xa9, 0xc1, 0x53, 0x87, 0x33, 0x62, 0x28, 0xa6, 0x07, 0xcf, 0xe1, 0x6d, 0xa0,
  0x7c, 0xf5, 0x50, 0x5a, 0x00, 0x8a, 0x80, 0x87, 0x25, 0xdc, 0x42, 0x27, 0x91, 0x08, 0x9e, 0xe4,
  0xb8, 0x04, 0xb2, 0x01, 0x6d, 0x28, 0x73, 0x47, 0x9d, 0x06, 0xec, 0x41, 0xb1, 0xcb, 0x3f, 0xc3,
  0x88, 0x2d, 0x3d, 0x54, 0x01, 0xe0, 0x67, 0x7b, 0x8d, 0xd7, 0x11, 0xd7, 0x1c, 0xb1, 0x9e, 0x54,
  0x1d, 0xf0, 0xef, 0x9e, 0xf2, 0xd9, 0x02, 0xd8, 0xc9, 0x0d, 0x2b, 0x33, 0x56, 0x05, 0x7b, 0x07,
  0xeb, 0x82, 0x40, 0x4d, 0x60, 0x00, 0x94, 0x36, 0x8a, 0x4c, 0x6b, 0xa1, 0x9a, 0xcf, 0x45, 0xeb,
  0x5e, 0x74, 0xda, 0x8b, 0x4e, 0x17, 0xca, 0xc7, 0x88, 0xbf, 0x64, 0xcc, 0xf5, 0xcc, 0x06, 0xfc,
  0xfa, 0xb8, 0x2d, 0x26, 0x1d, 0x4b, 0xd1, 0xd5, 0x31, 0x0a, 0xcd, 0x92, 0xfe, 0x00, 0x8d, 0xcb,
  0x01, 0x66, 0x03, 0x41, 0x14, 0xc6, 0xf1, 0xff, 0xf4, 0xc5, 0x2c, 0xac, 0x2e, 0xc0, 0x22, 0x92,
  0x1c, 0x61, 0xaa, 0x10, 0xd0, 0xed, 0x11, 0x72, 0x84, 0x39, 0x42, 0x00, 0x05, 0x0c, 0x45, 0xa0,
  0xf4, 0x08, 0xbd, 0xca, 0xab, 0xa2, 0x57, 0x08, 0x60, 0x8f, 0x90, 0x02, 0x8b, 0xda, 0xed, 0xc7,
  0x40, 0xd1, 0x12, 0xfc, 0x8c, 0xe7, 0xfb, 0x0f, 0x00, 0x3b, 0x39, 0xca, 0x41, 0xce, 0x15, 0x2f,
  0xa1, 0x5a, 0x49, 0xb4, 0xca, 0x22, 0xd4, 0xe9, 0x6a, 0xd4, 0x5f, 0xd1, 0xaa, 0xd5, 0xaf, 0xe9,
  0x4c, 0x75, 0x90, 0xa3, 0xec, 0x6a, 0x0d, 0x45, 0x3c, 0xc0, 0x08, 0xe4, 0x72, 0x4f, 0x76, 0xd1,
  0x91, 0x13, 0xf8, 0x5e, 0xb6, 0x40, 0x23, 0x4a, 0x3a, 0x98, 0x06, 0xd8, 0x5c, 0xa0, 0xf1, 0x50,
  0x3e, 0x4e, 0xc1, 0xbf, 0xde, 0xcc, 0xf7, 0xbd, 0x79, 0x9b, 0x2c, 0xdf, 0xa6, 0x98, 0xa3, 0xc4,
  0x5e, 0xda, 0x98, 0xdb, 0x4d, 0xcc, 0xd3, 0x10, 0xc7, 0xf9, 0x2e, 0xba, 0x36, 0x0f, 0xbd, 0x15,
  0x5b, 0x1b, 0xcd, 0x6b, 0x60, 0x3e, 0x05, 0xa6, 0x77, 0xe0, 0x11, 0x12, 0xf0, 0x00, 0xa5, 0x83,
  0x8b, 0xc1, 0x1c, 0x28, 0x2a, 0xc6, 0xe7, 0x40, 0x2e, 0xf5, 0xd5, 0x0d, 0xb3, 0x68, 0x57, 0x57,
  0x7b, 0x92, 0x00, 0x30, 0x2e, 0x03, 0x42, 0x4e, 0xe9, 0x5f, 0xfe, 0x24, 0x4b, 0x4f, 0xf9, 0xdc,
  0x42, 0x69, 0x00, 0xf8, 0x0e, 0xb0, 0x34, 0xba, 0x3a, 0x3c, 0xac, 0x71, 0x7a, 0x32, 0xe9, 0x4f,
  0xda, 0x50, 0x43, 0xb1, 0x0e, 0x6e, 0xec, 0x07, 0x8d, 0xce, 0x01, 0x46, 0x86, 0x31, 0x00, 0x87,
  0xf1, 0xdf, 0x2b, 0x0c, 0xf8, 0x06, 0x30, 0xe4, 0xeb, 0x3b, 0xc2, 0x00, 0x03, 0xba, 0xca, 0xba,
  0x41, 0x07, 0x08, 0xa3, 0x8b, 0xed, 0x28, 0x53, 0xe8, 0x12, 0x69, 0x31, 0x48, 0x23, 0x6f, 0x78,
  0x80, 0xff, 0xe3, 0xff, 0x00, 0x8c, 0xf9, 0xb8, 0xa8, 0xf2, 0x9f, 0x0c, 0x49, 0x3f, 0xee, 0xb5,
  0xbb, 0x0b, 0x33, 0xf0, 0x79, 0xd8, 0xf5, 0x9c, 0xff, 0x87, 0xcc, 0xae, 0x3a, 0x07, 0xd6, 0xed,
  0x0c, 0x5a, 0x88, 0x2b, 0xa7, 0x4b, 0x2b, 0xed, 0x57, 0x6e, 0x5d, 0x18, 0xb5, 0xe8, 0x35, 0xe9,
  0x4f, 0x49, 0x7b, 0x8f, 0xbc, 0xc5, 0xfd, 0x57, 0x76, 0xc2, 0xcf, 0x76, 0x57, 0xe1, 0x82, 0x2b,
  0xca, 0xa6, 0x15, 0x63, 0x3e, 0x18, 0x73, 0x3f, 0x64, 0xe0, 0x99, 0x65, 0xbc, 0xe0, 0x0b, 0x1f,
  0x87, 0xf6, 0x1a, 0xf4, 0x23, 0x1a, 0xae, 0xaa, 0xe2, 0x26, 0xe3, 0xb6, 0xeb, 0x27, 0xb1, 0xdf,
  0x7d, 0xce, 0x01, 0x66, 0xc4, 0x40, 0x14, 0x80, 0xe1, 0x2f, 0x16, 0x81, 0xea, 0x00, 0x0c, 0xc2,
  0xf6, 0x08, 0x03, 0x2a, 0x58, 0x72, 0x95, 0xe9, 0x0d, 0x16, 0x28, 0x40, 0xe8, 0x85, 0x7a, 0x84,
  0x47, 0x2f, 0x32, 0xbd, 0x41, 0x0f, 0xb0, 0x36, 0x15, 0x51, 0x2b, 0x42, 0xf1, 0xe1, 0x8d, 0xf7,
  0xcc, 0x0f, 0xd0, 0x96, 0x69, 0xd3, 0x11, 0x09, 0x77, 0xb4, 0x1e, 0x13, 0x0a, 0xa6, 0x6d, 0xbe,
  0x13, 0x89, 0xd6, 0x3d, 0x6e, 0xc0, 0x63, 0x8c, 0x8e, 0xf9, 0x84, 0x67, 0x5c, 0x70, 0x45, 0xfb,
  0x7b, 0x4c, 0x18, 0x76, 0xa7, 0xb7, 0x8e, 0xa5, 0x37, 0xf7, 0x49, 0x74, 0x83, 0x90, 0x35, 0xa3,
  0xaa, 0x1c, 0x34, 0xa3, 0x90, 0xd7, 0xbd, 0x75, 0x9f, 0xa5, 0xdf, 0xee, 0xf7, 0x05, 0xb5, 0xfa,
  0x57, 0x14, 0x62, 0x42, 0x3a, 0x06, 0x3c, 0x6d, 0x01, 0xf2, 0xfe, 0x73, 0xaf, 0x2b, 0xcd, 0x45,
  0x18, 0x6c, 0x01, 0x13, 0xcb, 0x3b, 0xb7, 0xb7, 0x43, 0x40, 0xb1, 0x77, 0xa5, 0xfe, 0xac, 0x4e,
  0xea, 0x67, 0xaf, 0xe5, 0xb3, 0x38, 0x5f, 0xcc, 0xa9, 0xe0, 0x05, 0x38, 0xb1, 0x16, 0x9c, 0x07,
  0x91, 0xb3, 0x3a, 0x8e, 0x6a, 0x29, 0x7b, 0xd7, 0x22, 0x6a, 0x16, 0xdf, 0xd9, 0xfc, 0x95, 0xf8,
  0xe8, 0x2b, 0x8e, 0x3c, 0x4a, 0x38, 0xfa, 0x05, 0x65, 0xcf, 0x01, 0x06, 0x1c, 0x41, 0x10, 0x85,
  0xe1, 0xaf, 0x0d, 0x69, 0x20, 0x73, 0x81, 0xb5, 0xdb, 0x47, 0xe8, 0x08, 0xd2, 0x58, 0x3b, 0x57,
  0xe9, 0xa3, 0x0c, 0xb9, 0xd8, 0xdc, 0x20, 0x57, 0xe8, 0x23, 0x04, 0xb0, 0x58, 0x99, 0x74, 0x8a,
  0x65, 0x09, 0x7e, 0xf5, 0x9e, 0xfa, 0x0b, 0x05, 0x30, 0xce, 0x65, 0xb2, 0xe2, 0x82, 0x86, 0xfa,
  0x3f, 0x1a, 0x2e, 0xe1, 0x4d, 0xbf, 0x60, 0x24, 0x8e, 0x15, 0x0f, 0x3c, 0x3f, 0x4b, 0x8b, 0x19,
  0xfd, 0x99, 0x88, 0x18, 0xbe, 0xd2, 0x31, 0x32, 0xfb, 0x89, 0xe7, 0xca, 0xbe, 0xa1, 0x62, 0x63,
  0xac, 0xbc, 0x92, 0xfd, 0xc6, 0x58, 0xe8, 0x62, 0x46, 0xf7, 0x4a, 0xb1, 0x27, 0x7c, 0xf6, 0x2d,
  0xee, 0xf7, 0x93, 0x91, 0xe9, 0x14, 0x45, 0xd5, 0xdd, 0x8d, 0x74, 0x75, 0xfc, 0xcc, 0xfc, 0x5a,
  0xf8, 0x93, 0x68, 0x62, 0xce, 0xee, 0x58, 0x72, 0xec, 0xa7, 0x17, 0x3e, 0xa5, 0xa0, 0xe3, 0x48,
  0xec, 0x0b, 0x32, 0xae, 0xb8, 0xe3, 0xf7, 0x16, 0x44, 0xbe, 0x22, 0x73, 0x2c, 0x8c, 0x44, 0x47,
  0xa1, 0xea, 0x9a, 0xee, 0xae, 0xfb, 0xa1, 0xef, 0xdf, 0xf5, 0xe3, 0x9b, 0x3e, 0xaa, 0xde, 0x26,
  0x97, 0xc9, 0xd7, 0x49, 0xae, 0x46, 0x9a, 0x84, 0x5f, 0x61, 0x9c, 0x67, 0xfe, 0x47, 0xe7, 0x4b,
  0x80, 0xf8, 0x77, 0xfb, 0xfc, 0xf7, 0x81, 0x0a, 0xf0, 0x56, 0xdf, 0xa7, 0xa0, 0xa0, 0xe1, 0xc6,
  0x91, 0x19, 0x82, 0xc8, 0x6e, 0x68, 0x28, 0x7f, 0x01, 0x9d, 0xd0, 0x81, 0x66, 0xc3, 0x40, 0x00,
  0x06, 0xe0, 0xaf, 0xcb, 0x5c, 0xe0, 0x64, 0x00, 0x87, 0xa3, 0x7d, 0x84, 0x0c, 0xe8, 0x18, 0x79,
  0x95, 0x3c, 0xca, 0x18, 0x03, 0x65, 0x00, 0x7b, 0x9c, 0x82, 0x02, 0xfa, 0x04, 0xc5, 0x3d, 0x42,
  0x01, 0x41, 0xb5, 0x8b, 0x08, 0x41, 0x0c, 0x86, 0x0f, 0xbf, 0xfb, 0xef, 0x3f, 0x0e, 0xe1, 0x1f,
  0xec, 0xd0, 0xa3, 0xe0, 0x03, 0xa4, 0x86, 0xbc, 0xe5, 0xf0, 0xc6, 0xd7, 0xab, 0xc9, 0xa9, 0x1d,
  0x25, 0xce, 0x91, 0xdb, 0x96, 0xa1, 0xc3, 0x0e, 0xa0, 0x3c, 0xba, 0x89, 0x14, 0x89, 0x89, 0xd0,
  0x2e, 0x9a, 0x3d, 0x39, 0x33, 0xbc, 0x50, 0x2a, 0x70, 0xad, 0xa7, 0x28, 0xe7, 0xe9, 0xd8, 0xba,
  0x4e, 0x8a, 0xa0, 0x54, 0x7f, 0x57, 0x63, 0x22, 0xc5, 0xe5, 0x75, 0x94, 0x79, 0xf9, 0x92, 0x39,
  0xef, 0x39, 0xb5, 0x8b, 0x31, 0xbb, 0x24, 0x86, 0xc8, 0xf5, 0x59, 0xc0, 0xe8, 0x38, 0xdf, 0xee,
  0x03, 0x33, 0x28, 0x9f, 0x1b, 0xc3, 0x77, 0x25, 0xe7, 0x5a, 0xb3, 0x0f, 0x42, 0xbb, 0x88, 0xa9,
  0x96, 0x0e, 0x95, 0xfb, 0x63, 0x33, 0x5a, 0x7f, 0x02, 0x22, 0x82, 0x45, 0x83, 0x5b, 0xc7, 0x30,
  0x02, 0xfa, 0x7b, 0x37, 0x99, 0x3b, 0xfd, 0xfd, 0x51, 0x8f, 0xaa, 0xd5, 0xda, 0x11, 0x05, 0xd7,
  0x0d, 0x3f, 0x35, 0xb1, 0x21, 0xbc, 0xf3, 0xd4, 0x62, 0xf7, 0x0b, 0x7d, 0xd0, 0x01, 0x66, 0xc5,
  0x40, 0x10, 0x06, 0xe0, 0x8f, 0xd6, 0x06, 0x56, 0x02, 0xb0, 0x58, 0x72, 0x85, 0x14, 0xd8, 0x42,
  0x73, 0xb1, 0x9e, 0xa1, 0x27, 0xe8, 0x61, 0x1e, 0xe8, 0x39, 0xde, 0x09, 0xaa, 0x80, 0xa0, 0x36,
  0x65, 0x60, 0xd1, 0xa6, 0xf8, 0xac, 0x35, 0xf3, 0xcf, 0x30, 0x00, 0xf7, 0x73, 0x0f, 0x00, 0x7d,
  0x17, 0x32, 0x1e, 0x91, 0x02, 0x33, 0xbe, 0x77, 0x8e, 0xff, 0x6a, 0xbf, 0xc7, 0x14, 0x64, 0xa4,
  0xeb, 0xf6, 0xaf, 0x89, 0x63, 0xa1, 0x56, 0xe6, 0x46, 0xda, 0x86, 0xb9, 0x51, 0x6b, 0xd4, 0xa3,
  0x0f, 0xd0, 0xcf, 0x29, 0x94, 0x4c, 0x2e, 0xd7, 0x91, 0xfb, 0x03, 0xe2, 0xb9, 0xda, 0x10, 0xf1,
  0x92, 0xc7, 0xc8, 0xbf, 0xee, 0x90, 0x0c, 0xb4, 0xcc, 0x6b, 0xe5, 0xb3, 0xf1, 0xb1, 0x11, 0x9e,
  0x84, 0xb7, 0x67, 0xde, 0x57, 0xca, 0x22, 0x02, 0xdc, 0xce, 0x55, 0xdc, 0x77, 0x2c, 0x05, 0xd0,
  0x17, 0xfa, 0x8a, 0x86, 0xcd, 0x50, 0x90, 0xe9, 0x7b, 0x48, 0x78, 0xc1, 0x81, 0xdb, 0x84, 0x88,
  0x60, 0x15, 0xff, 0x83, 0xa8, 0xa7, 0x1f, 0x5d, 0xca, 0x01, 0x86, 0x5b, 0x41, 0x1c, 0xc7, 0xf1,
  0xcf, 0xdb, 0xa9, 0x19, 0x68, 0x27, 0x01, 0xb4, 0x3c, 0x9b, 0x1e, 0x61, 0x28, 0x1a, 0x44, 0xf6,
  0x2a, 0x73, 0x84, 0x82, 0x2a, 0x2a, 0x79, 0x07, 0xe9, 0x61, 0x06, 0xf4, 0x1c, 0x03, 0x16, 0x40,
  0x40, 0xbb, 0x58, 0x79, 0x35, 0xa4, 0xc4, 0xe2, 0xe3, 0x6f, 0xe6, 0xf7, 0x95, 0x71, 0xc2, 0x25,
  0xb0, 0xec, 0xb0, 0x67, 0xdc, 0x1e, 0xf8, 0x89, 0x8c, 0x71, 0xfb, 0x9b, 0x7d, 0xf4, 0x27, 0x64,
  0x0f, 0x9f, 0x89, 0x85, 0xc7, 0x03, 0xfb, 0xcc, 0x25, 0xd1, 0x26, 0x7a, 0x1a, 0x6f, 0xe6, 0x03,
  0xb9, 0x18, 0x1d, 0x64, 0x9c, 0x44, 0x97, 0x29, 0x5a, 0x36, 0x89, 0x6b, 0xe0, 0x95, 0xb6, 0xe3,
  0x25, 0x70, 0x44, 0x04, 0x0a, 0xf1, 0x40, 0x3c, 0x12, 0xbf, 0xf2, 0xfb, 0x0b, 0xcf, 0x85, 0xef,
  0x85, 0x63, 0xe1, 0x71, 0xec, 0x05, 0x2c, 0x13, 0x2d, 0x68, 0xe7, 0x6b, 0xe8, 0x4f, 0xaf, 0xa9,
  0x12, 0x07, 0x80, 0xbe, 0xae, 0x9b, 0x01, 0xfe, 0x6f, 0xa3, 0x6b, 0xe7, 0x35, 0x68, 0x81, 0x65,
  0x02, 0x15, 0xdf, 0x50, 0xee, 0xd4, 0x9b, 0x76, 0xa7, 0xa3, 0x02, 0x80, 0xe7, 0x35, 0x0d, 0xa0,
  0x27, 0x5e, 0x36, 0xcc, 0xbf, 0x92, 0xfc, 0x83, 0xf8, 0xc4, 0x9f, 0x42, 0x2e, 0xfa, 0x87, 0x99,
  0x39, 0xb3, 0x8d, 0xea, 0x96, 0xba, 0xe7, 0x3c, 0x6b, 0xeb, 0x4e, 0xef, 0x9f, 0xd4, 0xfa, 0xf1,
  0xa6, 0xe8, 0x8a, 0x36, 0x15, 0xcb, 0xb4, 0xc7, 0x16, 0x3c, 0xbc, 0xe3, 0x6f, 0xe6, 0x9a, 0x78,
  0x1f, 0x88, 0xf1, 0xde, 0xf8, 0x1b, 0xdb, 0x68, 0x46, 0xfb, 0x0f, 0x95, 0xcf, 0x81, 0x46, 0x44,
  0x41, 0x14, 0xc6, 0xf1, 0xff, 0x98, 0x35, 0x37, 0x0c, 0x1b, 0xa0, 0xad, 0xa1, 0x7d, 0x84, 0xad,
  0x85, 0x90, 0xea, 0x51, 0x26, 0x68, 0x01, 0x02, 0x14, 0xab, 0x0e, 0x6a, 0x7b, 0xad, 0x59, 0xbd,
  0xc8, 0x04, 0x05, 0x10, 0x85, 0x8b, 0x5c, 0x9d, 0x71, 0x88, 0x5d, 0xa2, 0x86, 0x1f, 0xbe, 0xf1,
  0x1d, 0x7c, 0x35, 0x07, 0xca, 0x65, 0x40, 0x16, 0x01, 0xee, 0xd4, 0x52, 0xbd, 0x9f, 0x9b, 0xa5,
  0xfd, 0xc9, 0xc2, 0x3a, 0xad, 0x3b, 0xc5, 0x1e, 0xf5, 0xbe, 0x1f, 0x37, 0x16, 0x40, 0x3e, 0xd6,
  0x94, 0xc3, 0x67, 0x5f, 0x63, 0xe7, 0x73, 0x0a, 0x21, 0xef, 0xc5, 0x90, 0x67, 0x29, 0xd4, 0xeb,
  0x93, 0xae, 0xbc, 0x7c, 0x7a, 0x59, 0xbf, 0x39, 0xc4, 0x03, 0x64, 0xf3, 0xf3, 0x2c, 0xf7, 0xc0,
  0xe0, 0xa1, 0xeb, 0x10, 0x17, 0x29, 0xb7, 0x89, 0x32, 0x4c, 0xc8, 0xab, 0x23, 0xb2, 0x9f, 0x6f,
  0x7a, 0x9a, 0x53, 0x56, 0x13, 0xca, 0x63, 0x6a, 0xdd, 0x76, 0x63, 0xb7, 0x3d, 0x40, 0x49, 0x50,
  0xcf, 0x20, 0x1f, 0x9b, 0xaa, 0x4b, 0x8a, 0x02, 0x44, 0x55, 0x0f, 0x37, 0x63, 0x48, 0x09, 0x1e,
  0x76, 0x37, 0xf3, 0x48, 0x33, 0x10, 0xff, 0xe0, 0xcb, 0x35, 0x88, 0xe3, 0x37, 0xdb, 0x83, 0x5c,
  0x1b, 0x74, 0x40, 0x1e, 0x74, 0xc0, 0xd5, 0xcc, 0xbc, 0xaa, 0x41, 0x07, 0x9e, 0xea, 0x20, 0xf6,
  0xb5, 0xb3, 0x3d, 0x28, 0x02, 0xff, 0x85, 0x78, 0xb8, 0x18, 0xc1, 0x74, 0x07, 0x8c, 0x65, 0xf1,
  0xdf, 0x65, 0xcd, 0x01, 0x66, 0x03, 0x41, 0x18, 0x05, 0xe0, 0x2f, 0x4d, 0x49, 0x68, 0x25, 0x39,
  0xc0, 0x56, 0xb6, 0x2d, 0x05, 0xc5, 0x02, 0x16, 0x6a, 0x72, 0x94, 0x39, 0x46, 0x81, 0x0e, 0x7a,
  0xb0, 0x39, 0xca, 0x9c, 0x24, 0xdb, 0xa9, 0x1f, 0xac, 0xc5, 0x67, 0xe6, 0xbd, 0x87, 0x1f, 0xe4,
  0x69, 0x6b, 0x49, 0x61, 0xbb, 0xdd, 0xc6, 0xf8, 0x8d, 0x73, 0xf7, 0xd9, 0x7d, 0xd0, 0xde, 0xa9,
  0xaf, 0xb7, 0x8b, 0x58, 0xc6, 0xee, 0x2d, 0xb4, 0x2f, 0xea, 0x0b, 0x00, 0x14, 0x34, 0x64, 0x8c,
  0x00, 0xee, 0xcb, 0x41, 0xc7, 0x80, 0xc9, 0xda, 0xc0, 0x3d, 0xd1, 0x9d, 0xa9, 0x29, 0xb4, 0x1f,
  0x61, 0x59, 0x0e, 0xff, 0x32, 0xb2, 0x6d, 0x06, 0x20, 0x0b, 0xf0, 0x10, 0x6a, 0x57, 0xf6, 0xd8,
  0x41, 0xd9, 0x51, 0x85, 0x96, 0x02, 0xe5, 0x4c, 0xbd, 0xd2, 0x66, 0xf2, 0x14, 0x6f, 0xbd, 0x46,
  0x0f, 0x80, 0xc7, 0x0b, 0xc3, 0xc0, 0xf7, 0x99, 0xb6, 0xe7, 0x77, 0x9d, 0x95, 0xf5, 0x85, 0x51,
  0x4b, 0x73, 0x37, 0xe0, 0x44, 0xd9, 0x53, 0x77, 0x34, 0xcc, 0x88, 0x9a, 0xc3, 0x73, 0xaf, 0x4f,
  0x5a, 0x79, 0x92, 0xeb, 0x91, 0x96, 0x82, 0xe3, 0x1f, 0x8d, 0x8d, 0x81, 0x46, 0x05, 0x41, 0x00,
  0x45, 0xcf, 0x78, 0xec, 0x2e, 0xad, 0xad, 0x0f, 0xa8, 0x4c, 0xa1, 0x20, 0x2c, 0x60, 0xa1, 0x5e,
  0x5f, 0xd0, 0x37, 0x2c, 0x28, 0x20, 0x7d, 0xc2, 0x78, 0x0f, 0x42, 0xea, 0x97, 0xe6, 0x53, 0x06,
  0xac, 0xf0, 0x10, 0x20, 0x90, 0x0e, 0x86, 0x50, 0xbc, 0x96, 0x63, 0xcd, 0x9d, 0x7b, 0xee, 0x00,
  0xa4, 0x00, 0x19, 0x21, 0x52, 0xd6, 0xa3, 0x1c, 0x03, 0x83, 0xb4, 0x86, 0x01, 0x0a, 0xf0, 0x24,
  0xc6, 0xdc, 0x45, 0x78, 0x18, 0xc9, 0x67, 0x13, 0x25, 0x5e, 0x31, 0xc7, 0x0b, 0x28, 0x97, 0x18,
  0xdc, 0x1e, 0xc1, 0x3c, 0x42, 0x8c, 0x72, 0x1e, 0xc5, 0xa9, 0xeb, 0x89, 0x7c, 0x52, 0xa7, 0xd2,
  0xea, 0x67, 0x6a, 0x92, 0xa1, 0x37, 0x1e, 0x48, 0xdb, 0x03, 0x4a, 0xee, 0x98, 0xcb, 0x9a, 0x28,
  0xd0, 0x49, 0xfd, 0x3e, 0xe4, 0x53, 0xef, 0x54, 0xda, 0x96, 0x65, 0xd5, 0xb0, 0x84, 0x06, 0x10,
  0xea, 0x66, 0x0e, 0x02, 0x23, 0x70, 0x63, 0x72, 0xa8, 0x65, 0xfa, 0x15, 0xd8, 0xbc, 0x05, 0x96,
  0x6d, 0xe0, 0x31, 0x05, 0xde, 0xfd, 0x27, 0xcf, 0x98, 0xe3, 0x3d, 0xf6, 0xec, 0xcb, 0xf8, 0x87,
  0x6a, 0x55, 0xa5, 0xaa, 0x4e, 0xb0, 0xf9, 0xbf, 0xfa, 0x6c, 0x75, 0xa7, 0x72, 0x5f, 0xd5, 0x17,
  0xcf, 0xdd, 0x7e, 0xb5, 0xb7, 0xf2, 0x6a, 0x75, 0xa9, 0xea, 0xae, 0xaa, 0x83, 0x79, 0xb3, 0xff,
  0x55, 0xab, 0xa8, 0x30, 0xab, 0x96, 0xaa, 0xf6, 0xbf, 0x5f, 0xfd, 0x06, 0x8d, 0x8d, 0xb5, 0x55,
  0x05, 0x40, 0x14, 0x05, 0x67, 0x77, 0x71, 0x0d, 0xd1, 0x22, 0x36, 0xc7, 0x4a, 0xc1, 0x5d, 0x5a,
  0xc0, 0x0a, 0xa0, 0x01, 0x8a, 0x20, 0xc7, 0xb6, 0x13, 0x9c, 0x0c, 0xc9, 0xe1, 0xcb, 0x3d, 0x37,
  0xfc, 0x1e, 0xcc, 0xf3, 0x39, 0x0f, 0x32, 0xb0, 0x0c, 0x67, 0x93, 0xf0, 0x9b, 0xa0, 0x1a, 0xb8,
  0xbe, 0x0a, 0xbc, 0x5e, 0x06, 0x36, 0xce, 0x9c, 0xdd, 0x6b, 0xee, 0xbd, 0xef, 0x58, 0x16, 0x19,
  0xab, 0x8b, 0x42, 0xa3, 0x92, 0xb4, 0x0e, 0x70, 0x27, 0x74, 0x5e, 0xa4, 0x3d, 0x4b, 0x5f, 0x33,
  0xaa, 0x6b, 0x2b, 0x66, 0x2d, 0xe7, 0xee, 0x90, 0x01, 0xf8, 0x0f, 0x50, 0x1b, 0xe4, 0x6c, 0x70,
  0x92, 0x12, 0xe6, 0x29, 0x4c, 0xa3, 0x55, 0x34, 0xfc, 0x8a, 0x9b, 0xa4, 0x3a, 0x08, 0xb4, 0xf3,
  0xcd, 0x59, 0x9a, 0x84, 0x98, 0xac, 0x43, 0xd3, 0xd7, 0x0d, 0xb1, 0x23, 0x4e, 0xc4, 0x5e, 0x87,
  0xcf, 0xcd, 0xaa, 0x91, 0x62, 0x75, 0x47, 0x6c, 0xf4, 0xac, 0x5a, 0x3b, 0xb2, 0x66, 0x5c, 0xef,
  0xf5, 0xa6, 0x1e, 0x09, 0xd1, 0xb6, 0xb7, 0x0a, 0x51, 0x7c, 0x4a, 0xfb, 0x16, 0x43, 0x80, 0x83,
  0x1a, 0x0f, 0xa3, 0x1a, 0xc6, 0xc0, 0x8d, 0x70, 0x3d, 0x54, 0x07, 0x7c, 0x8e, 0x01, 0x06, 0xc3,
  0x30, 0x18, 0x85, 0xbf, 0x08, 0x2d, 0x44, 0x0a, 0x50, 0xf4, 0x10, 0x01, 0x14, 0x63, 0x57, 0xa9,
  0x62, 0x06, 0x6a, 0x47, 0xc8, 0x01, 0x76, 0xa8, 0x1c, 0x25, 0x07, 0x19, 0xd9, 0x2f, 0x8f, 0xc0,
  0x58, 0xf8, 0x90, 0x78, 0xef, 0xcb, 0x0b, 0x80, 0x41, 0x6d, 0xf7, 0x8e, 0xee, 0x09, 0x8c, 0xf1,
  0x78, 0xa4, 0xf4, 0x0b, 0xa2, 0xb2, 0x52, 0xdc, 0x46, 0xf6, 0x11, 0xda, 0x0c, 0x1f, 0x87, 0xce,
  0xa8, 0x17, 0x07, 0x6f, 0x0f, 0x31, 0xc2, 0x74, 0x33, 0x5e, 0x10, 0xaa, 0x23, 0x64, 0x4f, 0x64,
  0x61, 0x62, 0x1b, 0x59, 0x90, 0xc1, 0x4c, 0x79, 0x5e, 0xba, 0xb9, 0xb0, 0x52, 0xd9, 0x39, 0x49,
  0x3c, 0x8c, 0xcb, 0x78, 0x8e, 0xdf, 0x77, 0x8a, 0x16, 0xf4, 0x3c, 0x5a, 0xf0, 0x4f, 0x73, 0xa8,
  0xce, 0x25, 0x1d, 0xe7, 0x77, 0x64, 0x19, 0x03, 0x36, 0x22, 0x07, 0x6a, 0x44, 0x1a, 0x94, 0xfd,
  0x82, 0x78, 0x63, 0xce, 0x00, 0x95, 0xbd, 0x63, 0xb0, 0x40, 0xd1, 0x9e, 0x03, 0x75, 0xd5, 0x33,
  0x92, 0x5d, 0x03, 0xd5, 0x0e, 0x8d, 0x15, 0x28, 0xfb, 0x0d, 0x76, 0x63, 0x00, 0x8c, 0xcb, 0x01,
  0x66, 0x03, 0x41, 0x1c, 0xc5, 0xe1, 0x6f, 0x33, 0xcc, 0x04, 0xb1, 0x01, 0x28, 0x56, 0x9a, 0xde,
  0x20, 0x05, 0x96, 0x86, 0x5c, 0x65, 0x8f, 0x10, 0xa0, 0x00, 0x7b, 0x82, 0x9c, 0x69, 0x0e, 0x52,
  0xcc, 0x11, 0x0a, 0x08, 0xc2, 0xf6, 0x8f, 0x85, 0xa2, 0x15, 0x7c, 0x78, 0xbc, 0x1f, 0x80, 0x9c,
  0xb8, 0x85, 0xaf, 0x8e, 0x3b, 0xae, 0xb8, 0x13, 0x9b, 0x5b, 0x22, 0x07, 0x3c, 0xde, 0x58, 0x3e,
  0xcd, 0xe5, 0xa2, 0x76, 0x07, 0xd5, 0xab, 0x36, 0x7f, 0x98, 0xea, 0xbb, 0xa9, 0x9d, 0x4c, 0xd7,
  0x30, 0x86, 0xe1, 0xa4, 0xf5, 0xa3, 0x5a, 0x5e, 0xd4, 0x34, 0x68, 0x65, 0xef, 0xba, 0x14, 0xc7,
  0x47, 0x07, 0xd0, 0x96, 0x14, 0xf6, 0x18, 0x30, 0xda, 0x38, 0xc9, 0xa1, 0x0f, 0xdb, 0x40, 0x30,
  0x62, 0x10, 0xbf, 0x90, 0xfe, 0x4a, 0xad, 0x49, 0x1f, 0x72, 0xd8, 0x3c, 0x9f, 0x46, 0x66, 0x17,
  0xf2, 0x6a, 0x17, 0xb6, 0xcf, 0xa5, 0x71, 0x15, 0x58, 0xed, 0x84, 0xdf, 0xe9, 0x11, 0x13, 0x6a,
  0xc7, 0x9c, 0x50, 0x70, 0xc0, 0x99, 0xed, 0xf7, 0x45, 0x1f, 0xf2, 0x99, 0xcd, 0x01, 0x85, 0x9a,
  0x68, 0x1d, 0x13, 0x8e, 0x00, 0x6d, 0xb9, 0x08, 0xa4, 0xfc, 0x8f, 0xc2, 0xcf, 0xda, 0x80, 0xba,
  0xff, 0x81, 0xa2, 0x0f, 0x00, 0x7d, 0xce, 0x01, 0x66, 0x03, 0x41, 0x18, 0x47, 0xf1, 0xd7, 0x36,
  0xda, 0xa2, 0xb2, 0x05, 0x2c, 0x86, 0xec, 0x11, 0xb6, 0x40, 0x16, 0xe4, 0x2a, 0x03, 0x0a, 0xa8,
  0x00, 0x0a, 0x74, 0x40, 0x05, 0x3d, 0x42, 0x0f, 0xd1, 0x23, 0x0c, 0x48, 0xa1, 0x72, 0x82, 0x60,
  0x8e, 0xb0, 0x80, 0x20, 0xb4, 0x2f, 0x0c, 0x34, 0xb6, 0x5d, 0x1e, 0xbe, 0xf1, 0xf3, 0xb7, 0xd4,
  0x2f, 0x7d, 0xaf, 0xc8, 0x96, 0x81, 0xc8, 0xad, 0x05, 0x5b, 0x52, 0x9e, 0x7b, 0xf2, 0x4b, 0x4f,
  0xfa, 0xec, 0x45, 0x83, 0x2d, 0x80, 0xc6, 0xa0, 0x9d, 0x43, 0xf0, 0x7c, 0x1b, 0xe8, 0x5e, 0x1f,
  0x88, 0x56, 0xb6, 0xd2, 0x6d, 0x0b, 0xbb, 0x3b, 0x38, 0x2e, 0xe0, 0xb0, 0x02, 0xba, 0x73, 0x8e,
  0x34, 0x55, 0x1e, 0xe5, 0xdd, 0xdf, 0x3c, 0xc9, 0x73, 0x5d, 0x8f, 0xf2, 0x2c, 0x4f, 0xd3, 0x3c,
  0xcb, 0x8b, 0x3c, 0x56, 0x9e, 0x2b, 0x2f, 0xf2, 0x38, 0xbd, 0x9e, 0xeb, 0x3a, 0x46, 0xe5, 0xf9,
  0xff, 0x7f, 0x5f, 0x4b, 0x37, 0xa7, 0xe4, 0x1b, 0xf9, 0x7a, 0x82, 0xdf, 0x37, 0xf0, 0xee, 0xd3,
  0xd7, 0x00, 0xb2, 0x5f, 0x3d, 0xb6, 0xf0, 0x14, 0xe0, 0xd8, 0xd8, 0xc9, 0x04, 0xd8, 0x2d, 0xcf,
  0x9d, 0xef, 0xba, 0x83, 0xd3, 0x65, 0x06, 0xc0, 0x78, 0xe3, 0xd9, 0x40, 0x90, 0xcf, 0x97, 0x97,
  0x5c, 0xf7, 0x36, 0xda, 0xc7, 0x95, 0xf7, 0x05, 0xbe, 0xd3, 0xca, 0x81, 0x52, 0xe9, 0x3e, 0xd0,
  0xb9, 0x1c, 0x5d, 0x2b, 0x96, 0x0c, 0x6f, 0xf6, 0x75, 0x79, 0x9c, 0xfd, 0x00, 0x7d, 0x8d, 0x01,
  0x66, 0x83, 0x41, 0x14, 0x06, 0x07, 0x95, 0x42, 0x24, 0x00, 0xc1, 0x56, 0xf7, 0x08, 0x01, 0xfc,
  0xc0, 0x7f, 0x95, 0x3d, 0xca, 0x1e, 0x25, 0x47, 0x79, 0xa0, 0x80, 0x9e, 0x20, 0x78, 0x47, 0x08,
  0x20, 0x88, 0xea, 0xd0, 0xa7, 0x24, 0xda, 0x60, 0x30, 0xef, 0x1b, 0xbb, 0x00, 0xe4, 0x2b, 0x5c,
  0xf7, 0x70, 0x6e, 0xf0, 0xb9, 0x30, 0x3f, 0x8e, 0xa4, 0x0c, 0xe9, 0x3a, 0xe7, 0x83, 0xfb, 0x16,
  0x2e, 0x2f, 0x8f, 0xf9, 0x74, 0x8e, 0x4a, 0x85, 0xd0, 0xe7, 0xff, 0x79, 0x54, 0x4e, 0xa1, 0x13,
  0xf7, 0x79, 0x97, 0xf1, 0xb5, 0x92, 0x32, 0x01, 0xa6, 0x28, 0x0c, 0xe9, 0x0a, 0x51, 0x85, 0x10,
  0x18, 0x44, 0x1d, 0xf1, 0x80, 0x94, 0x03, 0x97, 0xfa, 0xfa, 0xad, 0x71, 0xda, 0x2f, 0x9c, 0x36,
  0x47, 0x52, 0x42, 0x42, 0xef, 0xef, 0x0d, 0x6e, 0xee, 0x69, 0x07, 0xd4, 0x1b, 0x21, 0x79, 0x80,
  0xb1, 0x95, 0x0d, 0x44, 0x91, 0x3b, 0xfd, 0xb6, 0xc2, 0x75, 0xbd, 0x7b, 0xbd, 0x35, 0xfa, 0x6e,
  0x61, 0xd4, 0xeb, 0x53, 0xd0, 0xf1, 0x8e, 0xbb, 0xdd, 0x63, 0x8e, 0xf3, 0xac, 0x7c, 0x48, 0x7f,
  0x9e, 0x4f, 0xe7, 0xa8, 0x54, 0x08, 0x7d, 0xfe, 0x9d, 0x87, 0xe7, 0x74, 0xfe, 0x4d, 0x2b, 0x4f,
  0xef, 0xe3, 0x27, 0xff, 0x06, 0x75, 0xd0, 0x81, 0x66, 0xc3, 0x50, 0x14, 0xc7, 0xe1, 0xaf, 0x4a,
  0x02, 0x93, 0x00, 0x04, 0x97, 0xf6, 0x11, 0x32, 0x83, 0x0b, 0xda, 0x57, 0x29, 0xb0, 0x37, 0x18,
  0x60, 0x0b, 0xd8, 0x23, 0x0d, 0xc0, 0x79, 0x94, 0x80, 0x01, 0x28, 0x83, 0xa0, 0xda, 0xdd, 0xb9,
  0xd4, 0xaa, 0x8a, 0x0f, 0x87, 0x9f, 0x3f, 0x0e, 0x38, 0xb6, 0x2c, 0x3d, 0x29, 0x89, 0x2e, 0x8b,
  0x66, 0xa4, 0xaa, 0x77, 0x4a, 0x2c, 0x7d, 0xed, 0x30, 0xde, 0xf3, 0xb5, 0xaa, 0x46, 0xf7, 0x80,
  0xe3, 0x2b, 0xcb, 0x07, 0x29, 0xd1, 0xed, 0xf9, 0x7c, 0xe1, 0xfb, 0x99, 0xb7, 0x91, 0x5d, 0x26,
  0x25, 0x2e, 0x3d, 0x3f, 0x2d, 0x80, 0x73, 0x5f, 0x6c, 0x6c, 0x65, 0x07, 0xa3, 0xb9, 0x98, 0x0a,
  0x06, 0x3c, 0x71, 0xde, 0x57, 0xb7, 0x39, 0x99, 0x9a, 0x9a, 0x8b, 0x83, 0xc1, 0xf6, 0x71, 0x3e,
  0xc9, 0x42, 0xc9, 0x2a, 0x61, 0x30, 0x3d, 0xce, 0xa3, 0xe6, 0x54, 0xc2, 0x20, 0x6e, 0x73, 0x1d,
  0xde, 0x35, 0x8e, 0xab, 0xc6, 0xd4, 0xb7, 0x93, 0xf3, 0x7a, 0x76, 0x72, 0x88, 0x8d, 0xed, 0xb2,
  0x66, 0x87, 0x06, 0x60, 0xbe, 0x5c, 0xda, 0x3f, 0xd2, 0x40, 0x33, 0x5e, 0xe9, 0x32, 0xd7, 0xcf,
  0xaf, 0xff, 0x0f, 0x47, 0x19, 0x8e, 0x32, 0xac, 0x0c, 0x73, 0x12, 0xb1, 0x11, 0xd7, 0xe1, 0x5f,
};

static const uint8_t FONT_2_DESCRIPTOR[] = {
  0x18, 0x1c, 0x20, 0xe0, 0xff, 0xff, 0x00, 0x07, 0x00, 0x00, 0x13, 0x07, 0x00, 0x13, 0x1a, 0x09,
  0x00, 0x2d, 0x33, 0x0d, 0x00, 0x60, 0x2f, 0x0d, 0x00, 0x8f, 0x4f, 0x15, 0x00, 0xde, 0x3b, 0x10,
  0x01, 0x19, 0x0a, 0x05, 0x01, 0x23, 0x1c, 0x08, 0x01, 0x3f, 0x1b, 0x08, 0x01, 0x5a, 0x21, 0x09,
  0x01, 0x7b, 0x32, 0x0e, 0x01, 0xad, 0x10, 0x07, 0x01, 0xbd, 0x1b, 0x08, 0x01, 0xd8, 0x0f, 0x07,
  0x01, 0xe7, 0x19, 0x07, 0x02, 0x00, 0x2f, 0x0d, 0x02, 0x2f, 0x23, 0x0d, 0x02, 0x52, 0x2f, 0x0d,
  0x02, 0x81, 0x2f, 0x0d, 0x02, 0xb0, 0x2f, 0x0d, 0x02, 0xdf, 0x2f, 0x0d, 0x03, 0x0e, 0x2f, 0x0d,
  0x03, 0x3d, 0x2d, 0x0d, 0x03, 0x6a, 0x2f, 0x0d, 0x03, 0x99, 0x2f, 0x0d, 0x03, 0xc8, 0x0f, 0x07,
  0x03, 0xd7, 0x10, 0x07, 0x04, 0x00, 0x2f, 0x0e, 0x04, 0x2f, 0x2f, 0x0e, 0x04, 0x5e, 0x2e, 0x0e,
  0x04, 0x8c, 0x2e, 0x0d, 0x04, 0xba, 0x5b, 0x18, 0x05, 0x15, 0x3b, 0x10, 0x05, 0x50, 0x3b, 0x10,
  0x05, 0x8b, 0x3f, 0x11, 0x06, 0x00, 0x3f, 0x11, 0x06, 0x3f, 0x3b, 0x10, 0x06, 0x7a, 0x35, 0x0f,
  0x06, 0xaf, 0x43, 0x13, 0x06, 0xf2, 0x3b, 0x11, 0x07, 0x2d, 0x0f, 0x07, 0x07, 0x3c, 0x27, 0x0c,
  0x07, 0x63, 0x3f, 0x10, 0x07, 0xa2, 0x2f, 0x0d, 0x08, 0x00, 0x43, 0x14, 0x08, 0x43, 0x3b, 0x11,
  0x08, 0x7e, 0x47, 0x13, 0x08, 0xc5, 0x3a, 0x10, 0x08, 0xff, 0x47, 0x13, 0x09, 0x46, 0x3f, 0x11,
  0x09, 0x85, 0x3b, 0x10, 0x09, 0xc0, 0x35, 0x0f, 0x0a, 0x00, 0x3b, 0x11, 0x0a, 0x3b, 0x39, 0x10,
  0x0a, 0x74, 0x59, 0x17, 0x0a, 0xcd, 0x3b, 0x10, 0x0b, 0x08, 0x3d, 0x10, 0x0b, 0x45, 0x37, 0x0f,
  0x0b, 0x7c, 0x14, 0x07, 0x0b, 0x90, 0x1b, 0x07, 0x0b, 0xab, 0x18, 0x07, 0x0b, 0xc3, 0x2a, 0x0b,
  0x0c, 0x00, 0x34, 0x0d, 0x0c, 0x34, 0x11, 0x08, 0x0c, 0x45, 0x2f, 0x0d, 0x0c, 0x74, 0x33, 0x0d,
  0x0c, 0xa7, 0x2b, 0x0c, 0x0c, 0xd2, 0x2f, 0x0d, 0x0d, 0x01, 0x2f, 0x0d, 0x0d, 0x30, 0x1a, 0x07,
  0x0d, 0x4a, 0x2f, 0x0d, 0x0d, 0x79, 0x2f, 0x0d, 0x0d, 0xa8, 0x0f, 0x05, 0x0d, 0xb7, 0x10, 0x05,
  0x0d, 0xc7, 0x2f, 0x0c, 0x0e, 0x00, 0x0f, 0x05, 0x0e, 0x0f, 0x47, 0x14, 0x0e, 0x56, 0x2f, 0x0d,
  0x0e, 0x85, 0x2f, 0x0d, 0x0e, 0xb4, 0x33, 0x0d, 0x0e, 0xe7, 0x30, 0x0d, 0x0f, 0x17, 0x1e, 0x08,
  0x0f, 0x35, 0x2b, 0x0c, 0x0f, 0x60, 0x1b, 0x07, 0x0f, 0x7b, 0x2f, 0x0d, 0x0f, 0xaa, 0x2a, 0x0c,
  0x10, 0x00, 0x42, 0x11, 0x10, 0x42, 0x2b, 0x0c, 0x10, 0x6d, 0x2a, 0x0c, 0x10, 0x97, 0x2b, 0x0c,
  0x10, 0xc2, 0x1c, 0x08, 0x10, 0xde, 0x10, 0x06, 0x10, 0xee, 0x1b, 0x08, 0x11, 0x09, 0x32, 0x0e,
  0xff, 0xff, 0x00, 0x00, 0xff, 0xff, 0x00, 0x18, 0xff, 0xff, 0x00, 0x18, 0xff, 0xff, 0x00, 0x18,
  0xff, 0xff, 0x00, 0x18, 0xff, 0xff, 0x00, 0x18, 0xff, 0xff, 0x00, 0x18, 0xff, 0xff, 0x00, 0x18,
  0xff, 0xff, 0x00, 0x18, 0xff, 0xff, 0x00, 0x18, 0xff, 0xff, 0x00, 0x18, 0xff, 0xff, 0x00, 0x18,
  0xff, 0xff, 0x00, 0x18, 0xff, 0xff, 0x00, 0x18, 0xff, 0xff, 0x00, 0x18, 0xff, 0xff, 0x00, 0x18,
  0xff, 0xff, 0x00, 0x18, 0xff, 0xff, 0x00, 0x18, 0xff, 0xff, 0x00, 0x18, 0xff, 0xff, 0x00, 0x18,
  0xff, 0xff, 0x00, 0x18, 0xff, 0xff, 0x00, 0x18, 0xff, 0xff, 0x00, 0x18, 0xff, 0xff, 0x00, 0x18,
  0xff, 0xff, 0x00, 0x18, 0xff, 0xff, 0x00, 0x18, 0xff, 0xff, 0x00, 0x18, 0xff, 0xff, 0x00, 0x18,
  0xff, 0xff, 0x00, 0x18, 0xff, 0xff, 0x00, 0x18, 0xff, 0xff, 0x00, 0x18, 0xff, 0xff, 0x00, 0x18,
  0xff, 0xff, 0x00, 0x18, 0xff, 0xff, 0x00, 0x07, 0x11, 0x3b, 0x14, 0x08, 0x11, 0x4f, 0x2b, 0x0d,
  0x11, 0x7a, 0x2f, 0x0d, 0x11, 0xa9, 0x33, 0x0d, 0x12, 0x00, 0x31, 0x0d, 0x12, 0x31, 0x10, 0x06,
  0x12, 0x41, 0x2f, 0x0d, 0x12, 0x70, 0x19, 0x08, 0x12, 0x89, 0x46, 0x12, 0x12, 0xcf, 0x1a, 0x09,
  0x12, 0xe9, 0x27, 0x0d, 0x13, 0x10, 0x2f, 0x0e, 0x13, 0x3f, 0x1b, 0x08, 0x13, 0x5a, 0x46, 0x12,
  0x13, 0xa0, 0x31, 0x0d, 0x13, 0xd1, 0x1e, 0x0a, 0x14, 0x00, 0x33, 0x0d, 0x14, 0x33, 0x1a, 0x08,
  0x14, 0x4d, 0x1a, 0x08, 0x14, 0x67, 0x19, 0x08, 0x14, 0x80, 0x2f, 0x0e, 0x14, 0xaf, 0x31, 0x0d,
  0x14, 0xe0, 0x12, 0x08, 0x14, 0xf2, 0x18, 0x08, 0x15, 0x0a, 0x16, 0x08, 0x15, 0x20, 0x1e, 0x09,
  0x15, 0x3e, 0x2e, 0x0d, 0x15, 0x6c, 0x4f, 0x14, 0x16, 0x00, 0x4b, 0x14, 0x16, 0x4b, 0x4b, 0x14,
  0x16, 0x96, 0x33, 0x0f, 0x16, 0xc9, 0x3b, 0x10, 0x17, 0x04, 0x3b, 0x10, 0x17, 0x3f, 0x3b, 0x10,
  0x17, 0x7a, 0x3b, 0x10, 0x17, 0xb5, 0x3b, 0x10, 0x18, 0x00, 0x3b, 0x10, 0x18, 0x3b, 0x5b, 0x18,
  0x18, 0x96, 0x3f, 0x11, 0x18, 0xd5, 0x3b, 0x10, 0x19, 0x10, 0x3b, 0x10, 0x19, 0x4b, 0x3b, 0x10,
  0x19, 0x86, 0x3b, 0x10, 0x19, 0xc1, 0x11, 0x07, 0x19, 0xd2, 0x11, 0x07, 0x19, 0xe3, 0x15, 0x07,
  0x1a, 0x00, 0x15, 0x07, 0x1a, 0x15, 0x3f, 0x11, 0x1a, 0x54, 0x3b, 0x11, 0x1a, 0x8f, 0x47, 0x13,
  0x1a, 0xd6, 0x47, 0x13, 0x1b, 0x1d, 0x47, 0x13, 0x1b, 0x64, 0x47, 0x13, 0x1b, 0xab, 0x47, 0x13,
  0x1c, 0x00, 0x2b, 0x0e, 0x1c, 0x2b, 0x47, 0x13, 0x1c, 0x72, 0x3b, 0x11, 0x1c, 0xad, 0x3b, 0x11,
  0x1c, 0xe8, 0x3b, 0x11, 0x1d, 0x23, 0x3b, 0x11, 0x1d, 0x5e, 0x3d, 0x10, 0x1d, 0x9b, 0x3a, 0x10,
  0x1e, 0x00, 0x37, 0x0f, 0x1e, 0x37, 0x2f, 0x0d, 0x1e, 0x66, 0x2f, 0x0d, 0x1e, 0x95, 0x2f, 0x0d,
  0x1e, 0xc4, 0x2f, 0x0d, 0x1e, 0xf3, 0x2f, 0x0d, 0x1f, 0x22, 0x2f, 0x0d, 0x1f, 0x51, 0x53, 0x15,
  0x1f, 0xa4, 0x2b, 0x0c, 0x1f, 0xcf, 0x2f, 0x0d, 0x20, 0x00, 0x2f, 0x0d, 0x20, 0x2f, 0x2f, 0x0d,
  0x20, 0x5e, 0x2f, 0x0d, 0x20, 0x8d, 0x11, 0x07, 0x20, 0x9e, 0x11, 0x07, 0x20, 0xaf, 0x15, 0x07,
  0x20, 0xc4, 0x15, 0x07, 0x20, 0xd9, 0x2f, 0x0d, 0x21, 0x08, 0x2f, 0x0d, 0x21, 0x37, 0x2f, 0x0d,
  0x21, 0x66, 0x2f, 0x0d, 0x21, 0x95, 0x2f, 0x0d, 0x21, 0xc4, 0x2f, 0x0d, 0x22, 0x00, 0x2f, 0x0d,
  0x22, 0x2f, 0x32, 0x0d, 0x22, 0x61, 0x33, 0x0f, 0x22, 0x94, 0x2f, 0x0d, 0x22, 0xc3, 0x2f, 0x0d,
  0x22, 0xf2, 0x2f, 0x0d, 0x23, 0x21, 0x2f, 0x0d, 0x23, 0x50, 0x2a, 0x0c, 0x23, 0x7a, 0x2f, 0x0d,
  0x23, 0xa9, 0x2a, 0x0c,
};

static const uint16_t FONT_2_OFFSETS[] = {
  0, 223, 446, 664, 800, 984, 1193, 1387, 1543, 1771, 1985, 2153, 2364, 2539, 2701, 2885,
  3101, 3285, 3472,
};

static const uint16_t FONT_2_LENGTHS[] = {
  512, 487, 458, 465, 501, 493, 502, 468, 476, 495, 443, 496, 504, 498, 469, 510,
  499, 467,
};

static const Font FONT_2 = { FONT_2_DESCRIPTOR, FONT_2_DATA, FONT_2_OFFSETS, FONT_2_LENGTHS, 18, 3472 };

return FONT_2;
}

#endif

inline const uint8_t* font(unsigned id) {
  return id == 1 ? fontStorage1().descriptor : id == 2 ? fontStorage2().descriptor : nullptr;
}
inline int identify(const uint8_t* descriptor) {
  return descriptor == fontStorage1().descriptor ? 1 : descriptor == fontStorage2().descriptor ? 2 : -1;
}
inline const Font* storage(const uint8_t* descriptor) {
  const int id = identify(descriptor);
  return id == 1 ? &fontStorage1() : id == 2 ? &fontStorage2() : nullptr;
}
// Writes only to caller scratch. No global cache, heap allocation, or mutable state.
inline bool decodeRle(const uint8_t* input, size_t inputLength,
                      uint8_t* output, size_t outputLength) {
  if ((!input && inputLength) || (!output && outputLength)) return false;
  size_t source = 0, dest = 0;
  while (source < inputLength) {
    const uint8_t token = input[source++];
    const size_t count = token < 128 ? size_t(token) + 1 : size_t(token & 127) + 3;
    if (count > outputLength - dest) return false;
    if (token < 128) {
      if (count > inputLength - source) return false;
      for (size_t j = 0; j < count; ++j) output[dest++] = input[source++];
    } else {
      if (source == inputLength) return false;
      const uint8_t value = input[source++];
      for (size_t j = 0; j < count; ++j) output[dest++] = value;
    }
  }
  return dest == outputLength;
}
inline Glyph glyph(const uint8_t* descriptor, uint8_t code, uint8_t* scratch, size_t capacity) {
  const Font* f = storage(descriptor);
  if (!f || code < descriptor[2] || unsigned(code - descriptor[2]) >= descriptor[3])
    return { nullptr, 0, 0, false, false };
  const unsigned slot = code - descriptor[2];
  const uint8_t* record = descriptor + 4 + 4 * slot;
  const unsigned location = (unsigned(record[0]) << 8) | record[1];
  const uint8_t length = record[2], width = record[3];
  if (!length) return { nullptr, width, 0, false, location == 0xffff };
#if MESH_ARIAL_EXPERIMENT == 2
  const unsigned first = location & 0x7fff;
  unsigned end = f->dataLength;
  for (unsigned next = slot + 1; next < descriptor[3]; ++next) {
    const uint8_t* nextRecord = descriptor + 4 + 4 * next;
    if (nextRecord[2]) { end = ((unsigned(nextRecord[0]) << 8) | nextRecord[1]) & 0x7fff; break; }
  }
  if (first > end || end > f->dataLength) return { nullptr, width, 0, false, false };
  if (location & 0x8000) {
    if (end - first != length) return { nullptr, width, 0, false, false };
    return { f->data + first, width, length, true, true };
  }
  if (!scratch || capacity < length || !decodeRle(f->data + first, end - first, scratch, length))
    return { nullptr, width, 0, false, false };
  return { scratch, width, length, true, true };
#elif MESH_ARIAL_EXPERIMENT == 3
  const unsigned group = location >> 9;
  const unsigned offset = location & 511;
  if (group >= f->chunkCount) return { nullptr, width, 0, false, false };
  const unsigned first = f->offsets[group], end = f->offsets[group + 1];
  const unsigned expected = f->rawLengths[group];
  if (!scratch || expected > kScratchSize || capacity < expected || offset + length > expected || first > end || end > f->dataLength)
    return { nullptr, width, 0, false, false };
  unsigned int produced = expected;
  if (tinf_uncompress_exact(scratch, &produced, f->data + first, end - first) != TINF_OK || produced != expected)
    return { nullptr, width, 0, false, false };
  return { scratch + offset, width, length, true, true };
#endif
}
}}} // namespace mesh::ui::arial
