// Generated by scripts/generate_font_family_trials.py; do not edit.
// Opt-in derived fonts named MeshFontTrial4..8. Same visible cap sizes
// (12/17 px) and line boxes (19/28 px) as Arial16/24; all 189 drawable
// Latin-1 slots preserved. These are appearance trials, not defaults.
// Rasterizer: Pillow 12.3.0, FreeType 2.14.3; grayscale threshold 128.
#pragma once
#include <stdint.h>
#if MESH_ARIAL_EXPERIMENT < 4 || MESH_ARIAL_EXPERIMENT > 8
#error "FontFamilyTrials.h is only for font experiment modes 4 through 8"
#endif
namespace mesh { namespace ui { namespace font_trials {

#if MESH_ARIAL_EXPERIMENT == 4

/*
Derived MeshFontTrial4; source Liberation Sans, Version 2.1.4
Source SHA256: 597589a852868f782c68e25112bab7785b34bc726f6160dca1519198c6e8c762
Upstream: https://github.com/liberationfonts/liberation-fonts
SPDX-License-Identifier: OFL-1.1
Full license/copyright follows; it applies to the bitmap font data.
Digitized data copyright (c) 2010 Google Corporation.
Copyright (c) 2012 Red Hat, Inc.
Reserved Font Names: Arimo, Tinos, Cousine, Liberation.

SIL OPEN FONT LICENSE Version 1.1 - 26 February 2007
-----------------------------------------------------------

PREAMBLE
The goals of the Open Font License (OFL) are to stimulate worldwide
development of collaborative font projects, to support the font creation
efforts of academic and linguistic communities, and to provide a free and
open framework in which fonts may be shared and improved in partnership
with others.

The OFL allows the licensed fonts to be used, studied, modified and
redistributed freely as long as they are not sold by themselves. The
fonts, including any derivative works, can be bundled, embedded,
redistributed and/or sold with any software provided that any reserved
names are not used by derivative works. The fonts and derivatives,
however, cannot be released under any other type of license. The
requirement for fonts to remain under this license does not apply
to any document created using the fonts or their derivatives.

DEFINITIONS
"Font Software" refers to the set of files released by the Copyright
Holder(s) under this license and clearly marked as such. This may
include source files, build scripts and documentation.

"Reserved Font Name" refers to any names specified as such after the
copyright statement(s).

"Original Version" refers to the collection of Font Software components as
distributed by the Copyright Holder(s).

"Modified Version" refers to any derivative made by adding to, deleting,
or substituting -- in part or in whole -- any of the components of the
Original Version, by changing formats or by porting the Font Software to a
new environment.

"Author" refers to any designer, engineer, programmer, technical
writer or other person who contributed to the Font Software.

PERMISSION & CONDITIONS
Permission is hereby granted, free of charge, to any person obtaining
a copy of the Font Software, to use, study, copy, merge, embed, modify,
redistribute, and sell modified and unmodified copies of the Font Software,
subject to the following conditions:

1) Neither the Font Software nor any of its individual components,
in Original or Modified Versions, may be sold by itself.

2) Original or Modified Versions of the Font Software may be bundled,
redistributed and/or sold with any software, provided that each copy
contains the above copyright notice and this license. These can be
included either as stand-alone text files, human-readable headers or
in the appropriate machine-readable metadata fields within text or
binary files as long as those fields can be easily viewed by the user.

3) No Modified Version of the Font Software may use the Reserved Font
Name(s) unless explicit written permission is granted by the corresponding
Copyright Holder. This restriction only applies to the primary font name as
presented to the users.

4) The name(s) of the Copyright Holder(s) or the Author(s) of the Font
Software shall not be used to promote, endorse or advertise any
Modified Version, except to acknowledge the contribution(s) of the
Copyright Holder(s) and the Author(s) or with their explicit written
permission.

5) The Font Software, modified or unmodified, in part or in whole,
must be distributed entirely under this license, and must not be
distributed under any other license. The requirement for fonts to
remain under this license does not apply to any document created
using the Font Software.

TERMINATION
This license becomes null and void if any of the above conditions are
not met.

DISCLAIMER
THE FONT SOFTWARE IS PROVIDED "AS IS", WITHOUT WARRANTY OF ANY KIND,
EXPRESS OR IMPLIED, INCLUDING BUT NOT LIMITED TO ANY WARRANTIES OF
MERCHANTABILITY, FITNESS FOR A PARTICULAR PURPOSE AND NONINFRINGEMENT
OF COPYRIGHT, PATENT, TRADEMARK, OR OTHER RIGHT. IN NO EVENT SHALL THE
COPYRIGHT HOLDER BE LIABLE FOR ANY CLAIM, DAMAGES OR OTHER LIABILITY,
INCLUDING ANY GENERAL, SPECIAL, INDIRECT, INCIDENTAL, OR CONSEQUENTIAL
DAMAGES, WHETHER IN AN ACTION OF CONTRACT, TORT OR OTHERWISE, ARISING
FROM, OUT OF THE USE OR INABILITY TO USE THE FONT SOFTWARE OR FROM
OTHER DEALINGS IN THE FONT SOFTWARE.
*/

// nominal=16; cap=12; H_top=3; baseline=15; line_box=19; bearing_shifts=[]; vertical_shifts=[]

inline const uint8_t* fontStorage1() {

static const uint8_t TRIAL_1[] = {
  0x10, 0x13, 0x20, 0xe0, 0xff, 0xff, 0x00, 0x04, 0x00, 0x00, 0x08, 0x04, 0x00, 0x08, 0x0d, 0x06,
  0x00, 0x15, 0x19, 0x09, 0x00, 0x2e, 0x1a, 0x09, 0x00, 0x48, 0x29, 0x0e, 0x00, 0x71, 0x1d, 0x0b,
  0x00, 0x8e, 0x04, 0x03, 0x00, 0x92, 0x0f, 0x05, 0x00, 0xa1, 0x0b, 0x05, 0x00, 0xac, 0x10, 0x06,
  0x00, 0xbc, 0x1a, 0x09, 0x00, 0xd6, 0x09, 0x04, 0x00, 0xdf, 0x0e, 0x05, 0x00, 0xed, 0x08, 0x04,
  0x00, 0xf5, 0x0a, 0x04, 0x00, 0xff, 0x17, 0x09, 0x01, 0x16, 0x17, 0x09, 0x01, 0x2d, 0x17, 0x09,
  0x01, 0x44, 0x17, 0x09, 0x01, 0x5b, 0x17, 0x09, 0x01, 0x72, 0x17, 0x09, 0x01, 0x89, 0x17, 0x09,
  0x01, 0xa0, 0x16, 0x09, 0x01, 0xb6, 0x17, 0x09, 0x01, 0xcd, 0x17, 0x09, 0x01, 0xe4, 0x08, 0x04,
  0x01, 0xec, 0x09, 0x04, 0x01, 0xf5, 0x1a, 0x09, 0x02, 0x0f, 0x1a, 0x09, 0x02, 0x29, 0x1a, 0x09,
  0x02, 0x43, 0x17, 0x09, 0x02, 0x5a, 0x2c, 0x10, 0x02, 0x86, 0x1d, 0x0b, 0x02, 0xa3, 0x1d, 0x0b,
  0x02, 0xc0, 0x20, 0x0c, 0x02, 0xe0, 0x20, 0x0c, 0x03, 0x00, 0x1d, 0x0b, 0x03, 0x1d, 0x1a, 0x0a,
  0x03, 0x37, 0x20, 0x0c, 0x03, 0x57, 0x1d, 0x0c, 0x03, 0x74, 0x08, 0x04, 0x03, 0x7c, 0x14, 0x08,
  0x03, 0x90, 0x1d, 0x0b, 0x03, 0xad, 0x17, 0x09, 0x03, 0xc4, 0x23, 0x0d, 0x03, 0xe7, 0x1d, 0x0c,
  0x04, 0x04, 0x23, 0x0c, 0x04, 0x27, 0x1c, 0x0b, 0x04, 0x43, 0x23, 0x0c, 0x04, 0x66, 0x1d, 0x0c,
  0x04, 0x83, 0x1d, 0x0b, 0x04, 0xa0, 0x19, 0x0a, 0x04, 0xb9, 0x1d, 0x0c, 0x04, 0xd6, 0x1c, 0x0b,
  0x04, 0xf2, 0x2b, 0x0f, 0x05, 0x1d, 0x1d, 0x0b, 0x05, 0x3a, 0x1c, 0x0b, 0x05, 0x56, 0x1a, 0x0a,
  0x05, 0x70, 0x0c, 0x04, 0x05, 0x7c, 0x0b, 0x04, 0x05, 0x87, 0x09, 0x04, 0x05, 0x90, 0x14, 0x08,
  0x05, 0xa4, 0x1b, 0x09, 0x05, 0xbf, 0x0a, 0x05, 0x05, 0xc9, 0x1a, 0x09, 0x05, 0xe3, 0x17, 0x09,
  0x05, 0xfa, 0x14, 0x08, 0x06, 0x0e, 0x17, 0x09, 0x06, 0x25, 0x17, 0x09, 0x06, 0x3c, 0x0a, 0x04,
  0x06, 0x46, 0x17, 0x09, 0x06, 0x5d, 0x17, 0x09, 0x06, 0x74, 0x05, 0x04, 0x06, 0x79, 0x06, 0x04,
  0x06, 0x7f, 0x17, 0x08, 0x06, 0x96, 0x05, 0x04, 0x06, 0x9b, 0x23, 0x0d, 0x06, 0xbe, 0x17, 0x09,
  0x06, 0xd5, 0x17, 0x09, 0x06, 0xec, 0x17, 0x09, 0x07, 0x03, 0x18, 0x09, 0x07, 0x1b, 0x0d, 0x05,
  0x07, 0x28, 0x14, 0x08, 0x07, 0x3c, 0x0b, 0x04, 0x07, 0x47, 0x17, 0x09, 0x07, 0x5e, 0x16, 0x08,
  0x07, 0x74, 0x20, 0x0c, 0x07, 0x94, 0x14, 0x08, 0x07, 0xa8, 0x16, 0x08, 0x07, 0xbe, 0x14, 0x08,
  0x07, 0xd2, 0x0f, 0x05, 0x07, 0xe1, 0x09, 0x04, 0x07, 0xea, 0x0e, 0x05, 0x07, 0xf8, 0x1a, 0x09,
  0xff, 0xff, 0x00, 0x00, 0xff, 0xff, 0x00, 0x10, 0xff, 0xff, 0x00, 0x10, 0xff, 0xff, 0x00, 0x10,
  0xff, 0xff, 0x00, 0x10, 0xff, 0xff, 0x00, 0x10, 0xff, 0xff, 0x00, 0x10, 0xff, 0xff, 0x00, 0x10,
  0xff, 0xff, 0x00, 0x10, 0xff, 0xff, 0x00, 0x10, 0xff, 0xff, 0x00, 0x10, 0xff, 0xff, 0x00, 0x10,
  0xff, 0xff, 0x00, 0x10, 0xff, 0xff, 0x00, 0x10, 0xff, 0xff, 0x00, 0x10, 0xff, 0xff, 0x00, 0x10,
  0xff, 0xff, 0x00, 0x10, 0xff, 0xff, 0x00, 0x10, 0xff, 0xff, 0x00, 0x10, 0xff, 0xff, 0x00, 0x10,
  0xff, 0xff, 0x00, 0x10, 0xff, 0xff, 0x00, 0x10, 0xff, 0xff, 0x00, 0x10, 0xff, 0xff, 0x00, 0x10,
  0xff, 0xff, 0x00, 0x10, 0xff, 0xff, 0x00, 0x10, 0xff, 0xff, 0x00, 0x10, 0xff, 0xff, 0x00, 0x10,
  0xff, 0xff, 0x00, 0x10, 0xff, 0xff, 0x00, 0x10, 0xff, 0xff, 0x00, 0x10, 0xff, 0xff, 0x00, 0x10,
  0xff, 0xff, 0x00, 0x10, 0xff, 0xff, 0x00, 0x04, 0x08, 0x12, 0x09, 0x05, 0x08, 0x1b, 0x17, 0x09,
  0x08, 0x32, 0x17, 0x09, 0x08, 0x49, 0x17, 0x09, 0x08, 0x60, 0x19, 0x09, 0x08, 0x79, 0x09, 0x04,
  0x08, 0x82, 0x17, 0x09, 0x08, 0x99, 0x0d, 0x05, 0x08, 0xa6, 0x20, 0x0c, 0x08, 0xc6, 0x11, 0x06,
  0x08, 0xd7, 0x17, 0x09, 0x08, 0xee, 0x1a, 0x09, 0x09, 0x08, 0x0e, 0x05, 0x09, 0x16, 0x20, 0x0c,
  0x09, 0x36, 0x19, 0x09, 0x09, 0x4f, 0x0d, 0x06, 0x09, 0x5c, 0x17, 0x09, 0x09, 0x73, 0x0e, 0x05,
  0x09, 0x81, 0x0e, 0x05, 0x09, 0x8f, 0x0a, 0x05, 0x09, 0x99, 0x1a, 0x09, 0x09, 0xb3, 0x16, 0x09,
  0x09, 0xc9, 0x08, 0x05, 0x09, 0xd1, 0x0c, 0x05, 0x09, 0xdd, 0x0e, 0x05, 0x09, 0xeb, 0x10, 0x06,
  0x09, 0xfb, 0x17, 0x09, 0x0a, 0x12, 0x26, 0x0d, 0x0a, 0x38, 0x26, 0x0d, 0x0a, 0x5e, 0x26, 0x0d,
  0x0a, 0x84, 0x18, 0x0a, 0x0a, 0x9c, 0x1d, 0x0b, 0x0a, 0xb9, 0x1d, 0x0b, 0x0a, 0xd6, 0x1d, 0x0b,
  0x0a, 0xf3, 0x1d, 0x0b, 0x0b, 0x10, 0x1d, 0x0b, 0x0b, 0x2d, 0x1d, 0x0b, 0x0b, 0x4a, 0x2c, 0x10,
  0x0b, 0x76, 0x20, 0x0c, 0x0b, 0x96, 0x1d, 0x0b, 0x0b, 0xb3, 0x1d, 0x0b, 0x0b, 0xd0, 0x1d, 0x0b,
  0x0b, 0xed, 0x1d, 0x0b, 0x0c, 0x0a, 0x08, 0x04, 0x0c, 0x12, 0x0a, 0x04, 0x0c, 0x1c, 0x0a, 0x04,
  0x0c, 0x26, 0x0a, 0x04, 0x0c, 0x30, 0x20, 0x0c, 0x0c, 0x50, 0x1d, 0x0c, 0x0c, 0x6d, 0x23, 0x0c,
  0x0c, 0x90, 0x23, 0x0c, 0x0c, 0xb3, 0x23, 0x0c, 0x0c, 0xd6, 0x23, 0x0c, 0x0c, 0xf9, 0x23, 0x0c,
  0x0d, 0x1c, 0x17, 0x09, 0x0d, 0x33, 0x23, 0x0c, 0x0d, 0x56, 0x1d, 0x0c, 0x0d, 0x73, 0x1d, 0x0c,
  0x0d, 0x90, 0x1d, 0x0c, 0x0d, 0xad, 0x1d, 0x0c, 0x0d, 0xca, 0x1c, 0x0b, 0x0d, 0xe6, 0x1d, 0x0b,
  0x0e, 0x03, 0x1a, 0x0a, 0x0e, 0x1d, 0x1a, 0x09, 0x0e, 0x37, 0x1a, 0x09, 0x0e, 0x51, 0x1a, 0x09,
  0x0e, 0x6b, 0x1a, 0x09, 0x0e, 0x85, 0x1a, 0x09, 0x0e, 0x9f, 0x1a, 0x09, 0x0e, 0xb9, 0x26, 0x0e,
  0x0e, 0xdf, 0x14, 0x08, 0x0e, 0xf3, 0x17, 0x09, 0x0f, 0x0a, 0x17, 0x09, 0x0f, 0x21, 0x17, 0x09,
  0x0f, 0x38, 0x17, 0x09, 0x0f, 0x4f, 0x08, 0x04, 0x0f, 0x57, 0x0a, 0x04, 0x0f, 0x61, 0x0d, 0x05,
  0x0f, 0x6e, 0x0a, 0x04, 0x0f, 0x78, 0x17, 0x09, 0x0f, 0x8f, 0x17, 0x09, 0x0f, 0xa6, 0x17, 0x09,
  0x0f, 0xbd, 0x17, 0x09, 0x0f, 0xd4, 0x17, 0x09, 0x0f, 0xeb, 0x17, 0x09, 0x10, 0x02, 0x17, 0x09,
  0x10, 0x19, 0x17, 0x09, 0x10, 0x30, 0x1a, 0x0a, 0x10, 0x4a, 0x17, 0x09, 0x10, 0x61, 0x17, 0x09,
  0x10, 0x78, 0x17, 0x09, 0x10, 0x8f, 0x17, 0x09, 0x10, 0xa6, 0x16, 0x08, 0x10, 0xbc, 0x17, 0x09,
  0x10, 0xd3, 0x16, 0x08, 0x00, 0x00, 0x00, 0x18, 0x60, 0x00, 0xf8, 0x6f, 0x00, 0x00, 0x00, 0x38,
  0x00, 0x00, 0x00, 0x00, 0x00, 0x00, 0x00, 0x00, 0x38, 0x40, 0x08, 0x00, 0x40, 0x68, 0x00, 0xc0,
  0x0f, 0x00, 0x78, 0x08, 0x00, 0x40, 0x08, 0x00, 0x40, 0x78, 0x00, 0xe0, 0x0b, 0x00, 0x58, 0x08,
  0x00, 0x40, 0x00, 0x20, 0x00, 0xf0, 0x20, 0x00, 0x98, 0x41, 0x00, 0x08, 0x41, 0x00, 0xfc, 0xff,
  0x00, 0x08, 0x43, 0x00, 0x08, 0x62, 0x00, 0x10, 0x3e, 0x00, 0x00, 0x08, 0x00, 0x00, 0x00, 0xf0,
  0x00, 0x00, 0x08, 0x01, 0x00, 0x08, 0x41, 0x00, 0xf8, 0x31, 0x00, 0x00, 0x18, 0x00, 0x00, 0x06,
  0x00, 0x80, 0x01, 0x00, 0xc0, 0x00, 0x00, 0x30, 0x3c, 0x00, 0x08, 0x42, 0x00, 0x00, 0x42, 0x00,
  0x00, 0x7e, 0x00, 0x00, 0x18, 0x00, 0x00, 0x00, 0x00, 0x3c, 0x00, 0x00, 0x66, 0x00, 0xe0, 0x43,
  0x00, 0x10, 0x47, 0x00, 0x10, 0x4d, 0x00, 0xb0, 0x30, 0x00, 0x60, 0x38, 0x00, 0x00, 0x4e, 0x00,
  0x00, 0x40, 0x00, 0x00, 0x00, 0x38, 0x00, 0x00, 0x00, 0x80, 0x3f, 0x00, 0xe0, 0xf1, 0x00, 0x38,
  0x80, 0x03, 0x08, 0x00, 0x02, 0x08, 0x00, 0x02, 0x18, 0x00, 0x03, 0x70, 0xc0, 0x01, 0xc0, 0x7f,
  0x20, 0x00, 0x00, 0x20, 0x01, 0x00, 0xe0, 0x00, 0x00, 0xf8, 0x00, 0x00, 0xa0, 0x01, 0x00, 0x20,
  0x00, 0x00, 0x00, 0x00, 0x02, 0x00, 0x00, 0x02, 0x00, 0x00, 0x02, 0x00, 0xc0, 0x1f, 0x00, 0x00,
  0x02, 0x00, 0x00, 0x02, 0x00, 0x00, 0x02, 0x00, 0x00, 0x02, 0x00, 0x00, 0x00, 0x00, 0x60, 0x00,
  0x00, 0xe0, 0x01, 0x00, 0x00, 0x00, 0x00, 0x04, 0x00, 0x00, 0x04, 0x00, 0x00, 0x04, 0x00, 0x00,
  0x04, 0x00, 0x00, 0x00, 0x00, 0x60, 0x00, 0x00, 0x60, 0x00, 0x60, 0x00, 0x00, 0x3e, 0x00, 0xc0,
  0x03, 0x00, 0x78, 0x00, 0x00, 0x00, 0xe0, 0x1f, 0x00, 0x30, 0x30, 0x00, 0x08, 0x40, 0x00, 0x08,
  0x40, 0x00, 0x08, 0x40, 0x00, 0x30, 0x30, 0x00, 0xe0, 0x1f, 0x00, 0x00, 0x00, 0x00, 0x40, 0x00,
  0x10, 0x40, 0x00, 0x18, 0x40, 0x00, 0xf8, 0x7f, 0x00, 0x00, 0x60, 0x00, 0x00, 0x40, 0x00, 0x00,
  0x40, 0x00, 0x00, 0x00, 0x30, 0x60, 0x00, 0x10, 0x78, 0x00, 0x08, 0x4c, 0x00, 0x08, 0x44, 0x00,
  0x08, 0x42, 0x00, 0xf0, 0x41, 0x00, 0xe0, 0x40, 0x00, 0x00, 0x00, 0x30, 0x30, 0x00, 0x18, 0x60,
  0x00, 0x08, 0x41, 0x00, 0x08, 0x41, 0x00, 0x88, 0x41, 0x00, 0xf0, 0x32, 0x00, 0x70, 0x3e, 0x00,
  0x08, 0x00, 0x00, 0x0e, 0x00, 0x00, 0x0b, 0x00, 0xc0, 0x08, 0x00, 0x30, 0x08, 0x00, 0x38, 0x08,
  0x00, 0xf8, 0x7f, 0x00, 0x00, 0x08, 0x00, 0x00, 0x00, 0xf8, 0x21, 0x00, 0xb8, 0x61, 0x00, 0x88,
  0x40, 0x00, 0x88, 0x40, 0x00, 0x88, 0x40, 0x00, 0x88, 0x33, 0x00, 0x08, 0x1f, 0x00, 0x00, 0x00,
  0xe0, 0x1f, 0x00, 0x30, 0x33, 0x00, 0x98, 0x60, 0x00, 0x88, 0x40, 0x00, 0x88, 0x40, 0x00, 0x98,
  0x33, 0x00, 0x10, 0x1f, 0x00, 0x00, 0x00, 0x08, 0x00, 0x00, 0x08, 0x00, 0x00, 0x08, 0x78, 0x00,
  0x08, 0x1f, 0x00, 0xc8, 0x01, 0x00, 0x78, 0x00, 0x00, 0x18, 0x00, 0x00, 0x00, 0xf0, 0x3e, 0x00,
  0x98, 0x63, 0x00, 0x08, 0x41, 0x00, 0x08, 0x41, 0x00, 0x08, 0x41, 0x00, 0xf0, 0x63, 0x00, 0x70,
  0x3e, 0x00, 0x00, 0x00, 0xf0, 0x23, 0x00, 0x18, 0x66, 0x00, 0x08, 0x44, 0x00, 0x08, 0x44, 0x00,
  0x18, 0x66, 0x00, 0x30, 0x3b, 0x00, 0xe0, 0x1f, 0x00, 0x00, 0x00, 0xc0, 0x60, 0x00, 0xc0, 0x60,
  0x00, 0x00, 0x00, 0xc0, 0x60, 0x00, 0xc0, 0xe0, 0x01, 0x00, 0x00, 0x00, 0x00, 0x07, 0x00, 0x00,
  0x07, 0x00, 0x00, 0x05, 0x00, 0x80, 0x0d, 0x00, 0x80, 0x08, 0x00, 0x80, 0x08, 0x00, 0xc0, 0x18,
  0x00, 0x40, 0x10, 0x00, 0x00, 0x00, 0x80, 0x08, 0x00, 0x80, 0x08, 0x00, 0x80, 0x08, 0x00, 0x80,
  0x08, 0x00, 0x80, 0x08, 0x00, 0x80, 0x08, 0x00, 0x80, 0x08, 0x00, 0x80, 0x08, 0x00, 0x00, 0x00,
  0x40, 0x10, 0x00, 0x80, 0x08, 0x00, 0x80, 0x08, 0x00, 0x80, 0x08, 0x00, 0x00, 0x05, 0x00, 0x00,
  0x05, 0x00, 0x00, 0x07, 0x00, 0x00, 0x02, 0x00, 0x00, 0x00, 0x30, 0x00, 0x00, 0x10, 0x00, 0x00,
  0x08, 0x60, 0x00, 0x08, 0x6c, 0x00, 0x08, 0x02, 0x00, 0x18, 0x03, 0x00, 0xf0, 0x01, 0x00, 0x00,
  0x00, 0x00, 0x1e, 0x00, 0xc0, 0x73, 0x00, 0x60, 0xc0, 0x00, 0x30, 0x8e, 0x00, 0x90, 0x3f, 0x01,
  0xc8, 0x20, 0x01, 0x48, 0x20, 0x01, 0x48, 0x10, 0x01, 0xc8, 0x18, 0x01, 0x88, 0xbf, 0x01, 0xd0,
  0xa1, 0x00, 0x10, 0x20, 0x00, 0x60, 0x18, 0x00, 0x80, 0x07, 0x00, 0x40, 0x00, 0x00, 0x78, 0x00,
  0x00, 0x0f, 0x00, 0xc0, 0x05, 0x00, 0x78, 0x04, 0x00, 0x18, 0x04, 0x00, 0x70, 0x04, 0x00, 0xc0,
  0x07, 0x00, 0x00, 0x1e, 0x00, 0x00, 0x70, 0x00, 0x00, 0x00, 0xf8, 0x7f, 0x00, 0xf8, 0x7f, 0x00,
  0x08, 0x41, 0x00, 0x08, 0x41, 0x00, 0x08, 0x41, 0x00, 0x08, 0x41, 0x00, 0x98, 0x63, 0x00, 0x70,
  0x3e, 0x00, 0x00, 0x1c, 0x00, 0x00, 0x00, 0xc0, 0x0f, 0x00, 0x70, 0x3c, 0x00, 0x10, 0x20, 0x00,
  0x18, 0x60, 0x00, 0x08, 0x40, 0x00, 0x08, 0x40, 0x00, 0x08, 0x40, 0x00, 0x18, 0x60, 0x00, 0x30,
  0x30, 0x00, 0x00, 0x10, 0x00, 0x00, 0x00, 0xf8, 0x7f, 0x00, 0xf8, 0x7f, 0x00, 0x08, 0x40, 0x00,
  0x08, 0x40, 0x00, 0x08, 0x40, 0x00, 0x08, 0x40, 0x00, 0x18, 0x60, 0x00, 0x30, 0x30, 0x00, 0xe0,
  0x1f, 0x00, 0x80, 0x07, 0x00, 0x00, 0x00, 0xf8, 0x7f, 0x00, 0xf8, 0x7f, 0x00, 0x08, 0x41, 0x00,
  0x08, 0x41, 0x00, 0x08, 0x41, 0x00, 0x08, 0x41, 0x00, 0x08, 0x41, 0x00, 0x08, 0x41, 0x00, 0x08,
  0x40, 0x00, 0x00, 0x00, 0xf8, 0x7f, 0x00, 0xf8, 0x7f, 0x00, 0x08, 0x02, 0x00, 0x08, 0x02, 0x00,
  0x08, 0x02, 0x00, 0x08, 0x02, 0x00, 0x08, 0x02, 0x00, 0x08, 0x02, 0x00, 0x00, 0x00, 0xc0, 0x0f,
  0x00, 0x70, 0x38, 0x00, 0x10, 0x20, 0x00, 0x18, 0x60, 0x00, 0x08, 0x40, 0x00, 0x08, 0x40, 0x00,
  0x08, 0x42, 0x00, 0x18, 0x62, 0x00, 0x30, 0x22, 0x00, 0x20, 0x3e, 0x00, 0x00, 0x00, 0xf8, 0x7f,
  0x00, 0xf8, 0x7f, 0x00, 0x00, 0x01, 0x00, 0x00, 0x01, 0x00, 0x00, 0x01, 0x00, 0x00, 0x01, 0x00,
  0x00, 0x01, 0x00, 0x00, 0x01, 0x00, 0xf8, 0x7f, 0x00, 0x00, 0x00, 0xf8, 0x7f, 0x00, 0xf8, 0x7f,
  0x00, 0x10, 0x00, 0x00, 0x30, 0x00, 0x00, 0x60, 0x00, 0x08, 0x40, 0x00, 0x08, 0x60, 0x00, 0xf8,
  0x3f, 0x00, 0xf8, 0x1f, 0x00, 0x00, 0x00, 0xf8, 0x7f, 0x00, 0xf8, 0x7f, 0x00, 0x00, 0x03, 0x00,
  0x80, 0x03, 0x00, 0xc0, 0x06, 0x00, 0x60, 0x0c, 0x00, 0x30, 0x18, 0x00, 0x18, 0x70, 0x00, 0x00,
  0x40, 0x00, 0x00, 0x00, 0xf8, 0x7f, 0x00, 0xf8, 0x7f, 0x00, 0x00, 0x40, 0x00, 0x00, 0x40, 0x00,
  0x00, 0x40, 0x00, 0x00, 0x40, 0x00, 0x00, 0x40, 0x00, 0x00, 0x00, 0xf8, 0x7f, 0x00, 0xf8, 0x7f,
  0x00, 0x70, 0x00, 0x00, 0x80, 0x03, 0x00, 0x00, 0x1e, 0x00, 0x00, 0x70, 0x00, 0x00, 0x38, 0x00,
  0x00, 0x07, 0x00, 0xe0, 0x00, 0x00, 0x38, 0x00, 0x00, 0xf8, 0x7f, 0x00, 0x00, 0x00, 0xf8, 0x7f,
  0x00, 0xf8, 0x7f, 0x00, 0x30, 0x00, 0x00, 0xc0, 0x00, 0x00, 0x80, 0x03, 0x00, 0x00, 0x0e, 0x00,
  0x00, 0x18, 0x00, 0x00, 0x70, 0x00, 0xf8, 0x7f, 0x00, 0x00, 0x00, 0xc0, 0x0f, 0x00, 0x70, 0x38,
  0x00, 0x10, 0x20, 0x00, 0x18, 0x60, 0x00, 0x08, 0x40, 0x00, 0x08, 0x40, 0x00, 0x08, 0x40, 0x00,
  0x18, 0x60, 0x00, 0x30, 0x30, 0x00, 0xe0, 0x1f, 0x00, 0x80, 0x07, 0x00, 0x00, 0x00, 0xf8, 0x7f,
  0x00, 0xf8, 0x7f, 0x00, 0x08, 0x02, 0x00, 0x08, 0x02, 0x00, 0x08, 0x02, 0x00, 0x08, 0x02, 0x00,
  0x18, 0x03, 0x00, 0xf0, 0x01, 0x00, 0xe0, 0x00, 0x00, 0x00, 0xc0, 0x0f, 0x00, 0x70, 0x38, 0x00,
  0x10, 0x20, 0x00, 0x18, 0x60, 0x00, 0x08, 0x40, 0x00, 0x08, 0xc0, 0x01, 0x08, 0x40, 0x03, 0x18,
  0x60, 0x02, 0x30, 0x30, 0x02, 0xe0, 0x1f, 0x00, 0x80, 0x07, 0x00, 0x00, 0x00, 0xf8, 0x7f, 0x00,
  0xf8, 0x7f, 0x00, 0x08, 0x02, 0x00, 0x08, 0x02, 0x00, 0x08, 0x02, 0x00, 0x08, 0x06, 0x00, 0x08,
  0x0e, 0x00, 0x18, 0x3b, 0x00, 0xf0, 0x61, 0x00, 0x00, 0x00, 0x60, 0x30, 0x00, 0xf0, 0x20, 0x00,
  0x98, 0x61, 0x00, 0x08, 0x41, 0x00, 0x08, 0x41, 0x00, 0x08, 0x43, 0x00, 0x18, 0x62, 0x00, 0x30,
  0x3e, 0x00, 0x00, 0x1c, 0x08, 0x00, 0x00, 0x08, 0x00, 0x00, 0x08, 0x00, 0x00, 0x08, 0x00, 0x00,
  0xf8, 0x7f, 0x00, 0xf8, 0x7f, 0x00, 0x08, 0x00, 0x00, 0x08, 0x00, 0x00, 0x08, 0x00, 0x00, 0x00,
  0xf8, 0x0f, 0x00, 0xf8, 0x3f, 0x00, 0x00, 0x60, 0x00, 0x00, 0x40, 0x00, 0x00, 0x40, 0x00, 0x00,
  0x40, 0x00, 0x00, 0x60, 0x00, 0x00, 0x30, 0x00, 0xf8, 0x1f, 0x08, 0x00, 0x00, 0x78, 0x00, 0x00,
  0xe0, 0x01, 0x00, 0x00, 0x0f, 0x00, 0x00, 0x78, 0x00, 0x00, 0x60, 0x00, 0x00, 0x3c, 0x00, 0x80,
  0x07, 0x00, 0xf0, 0x01, 0x00, 0x38, 0x18, 0x00, 0x00, 0xf8, 0x00, 0x00, 0xc0, 0x0f, 0x00, 0x00,
  0x7c, 0x00, 0x00, 0x70, 0x00, 0x00, 0x1f, 0x00, 0xf0, 0x01, 0x00, 0x38, 0x00, 0x00, 0xf0, 0x01,
  0x00, 0x00, 0x1f, 0x00, 0x00, 0x70, 0x00, 0x00, 0x78, 0x00, 0x80, 0x0f, 0x00, 0xf8, 0x01, 0x00,
  0x18, 0x00, 0x00, 0x00, 0x08, 0x60, 0x00, 0x38, 0x30, 0x00, 0x60, 0x1c, 0x00, 0xc0, 0x07, 0x00,
  0x80, 0x03, 0x00, 0xc0, 0x06, 0x00, 0x70, 0x18, 0x00, 0x18, 0x70, 0x00, 0x08, 0x40, 0x00, 0x00,
  0x00, 0x18, 0x00, 0x00, 0x30, 0x00, 0x00, 0xe0, 0x00, 0x00, 0x80, 0x01, 0x00, 0x00, 0x7f, 0x00,
  0xc0, 0x01, 0x00, 0x60, 0x00, 0x00, 0x38, 0x00, 0x00, 0x08, 0x00, 0x00, 0x00, 0x08, 0x70, 0x00,
  0x08, 0x78, 0x00, 0x08, 0x4c, 0x00, 0x08, 0x43, 0x00, 0x88, 0x41, 0x00, 0xe8, 0x40, 0x00, 0x38,
  0x40, 0x00, 0x18, 0x40, 0x00, 0x00, 0x00, 0xf8, 0xff, 0x03, 0xf8, 0xff, 0x03, 0x08, 0x00, 0x02,
  0x18, 0x00, 0x00, 0xf0, 0x01, 0x00, 0x00, 0x0f, 0x00, 0x00, 0x78, 0x08, 0x00, 0x02, 0x08, 0x00,
  0x02, 0xf8, 0xff, 0x03, 0x00, 0x01, 0x00, 0xc0, 0x01, 0x00, 0x70, 0x00, 0x00, 0x08, 0x00, 0x00,
  0x18, 0x00, 0x00, 0xe0, 0x00, 0x00, 0x80, 0x01, 0x00, 0x00, 0x02, 0x00, 0x00, 0x02, 0x00, 0x00,
  0x02, 0x00, 0x00, 0x02, 0x00, 0x00, 0x02, 0x00, 0x00, 0x02, 0x00, 0x00, 0x02, 0x00, 0x00, 0x02,
  0x00, 0x00, 0x02, 0x00, 0x00, 0x00, 0x04, 0x00, 0x00, 0x0c, 0x00, 0x00, 0x10, 0x00, 0x00, 0x00,
  0x80, 0x38, 0x00, 0xc0, 0x6c, 0x00, 0x40, 0x44, 0x00, 0x40, 0x44, 0x00, 0x40, 0x24, 0x00, 0x80,
  0x3f, 0x00, 0x00, 0x7f, 0x00, 0x00, 0x40, 0x00, 0x00, 0x00, 0xf8, 0x7f, 0x00, 0x80, 0x3f, 0x00,
  0xc0, 0x40, 0x00, 0x40, 0x40, 0x00, 0x40, 0x40, 0x00, 0xc0, 0x60, 0x00, 0x80, 0x3f, 0x00, 0x00,
  0x00, 0x80, 0x3f, 0x00, 0xc0, 0x60, 0x00, 0x40, 0x40, 0x00, 0x40, 0x40, 0x00, 0x40, 0x40, 0x00,
  0x80, 0x20, 0x00, 0x00, 0x00, 0x80, 0x3f, 0x00, 0xc0, 0x60, 0x00, 0x40, 0x40, 0x00, 0x40, 0x40,
  0x00, 0xc0, 0x60, 0x00, 0xf8, 0x7f, 0x00, 0xf8, 0x7f, 0x00, 0x00, 0x00, 0x80, 0x3f, 0x00, 0xc0,
  0x64, 0x00, 0x40, 0x44, 0x00, 0x40, 0x44, 0x00, 0x40, 0x44, 0x00, 0x80, 0x65, 0x00, 0x00, 0x27,
  0x40, 0x00, 0x00, 0xf0, 0x7f, 0x00, 0xf8, 0x7f, 0x00, 0x48, 0x00, 0x00, 0x00, 0x80, 0x3f, 0x01,
  0xc0, 0x60, 0x03, 0x40, 0x40, 0x02, 0x40, 0x40, 0x02, 0x80, 0x20, 0x02, 0xc0, 0xff, 0x01, 0xc0,
  0xff, 0x00, 0x00, 0x00, 0xf8, 0x7f, 0x00, 0xf8, 0x7f, 0x00, 0x80, 0x00, 0x00, 0x40, 0x00, 0x00,
  0x40, 0x00, 0x00, 0xc0, 0x7f, 0x00, 0x80, 0x7f, 0x00, 0x00, 0x00, 0xc8, 0x7f, 0x00, 0x00, 0x02,
  0xc8, 0xff, 0x03, 0x00, 0x00, 0x00, 0xf8, 0x7f, 0x00, 0x00, 0x0e, 0x00, 0x00, 0x06, 0x00, 0x00,
  0x0f, 0x00, 0x80, 0x39, 0x00, 0xc0, 0x60, 0x00, 0x00, 0x40, 0x00, 0x00, 0x00, 0xf8, 0x7f, 0x00,
  0x00, 0x00, 0xc0, 0x7f, 0x00, 0x80, 0x7f, 0x00, 0x40, 0x00, 0x00, 0x40, 0x00, 0x00, 0xc0, 0x00,
  0x00, 0x80, 0x7f, 0x00, 0x80, 0x01, 0x00, 0x40, 0x00, 0x00, 0x40, 0x00, 0x00, 0xc0, 0x00, 0x00,
  0x80, 0x7f, 0x00, 0x00, 0x00, 0xc0, 0x7f, 0x00, 0x80, 0x7f, 0x00, 0x80, 0x00, 0x00, 0x40, 0x00,
  0x00, 0x40, 0x00, 0x00, 0xc0, 0x7f, 0x00, 0x80, 0x7f, 0x00, 0x00, 0x00, 0x80, 0x3f, 0x00, 0xc0,
  0x60, 0x00, 0x40, 0x40, 0x00, 0x40, 0x40, 0x00, 0x40, 0x40, 0x00, 0xc0, 0x31, 0x00, 0x80, 0x3f,
  0x00, 0x00, 0x00, 0xc0, 0xff, 0x03, 0x80, 0x7f, 0x00, 0xc0, 0x40, 0x00, 0x40, 0x40, 0x00, 0x40,
  0x40, 0x00, 0xc0, 0x60, 0x00, 0x80, 0x3f, 0x00, 0x00, 0x00, 0x80, 0x3f, 0x00, 0xc0, 0x60, 0x00,
  0x40, 0x40, 0x00, 0x40, 0x40, 0x00, 0xc0, 0x60, 0x00, 0xc0, 0xff, 0x03, 0xc0, 0xff, 0x03, 0x00,
  0x00, 0x00, 0xc0, 0x7f, 0x00, 0x80, 0x7f, 0x00, 0xc0, 0x00, 0x00, 0x40, 0x00, 0x00, 0x00, 0x80,
  0x23, 0x00, 0xc0, 0x46, 0x00, 0x40, 0x44, 0x00, 0x40, 0x44, 0x00, 0xc0, 0x4c, 0x00, 0x80, 0x38,
  0x40, 0x00, 0x00, 0xe0, 0x3f, 0x00, 0xf0, 0x7f, 0x00, 0x40, 0x40, 0x00, 0x00, 0x00, 0xc0, 0x3f,
  0x00, 0x00, 0x70, 0x00, 0x00, 0x40, 0x00, 0x00, 0x40, 0x00, 0x00, 0x20, 0x00, 0xc0, 0x7f, 0x00,
  0xc0, 0x7f, 0x40, 0x00, 0x00, 0xc0, 0x03, 0x00, 0x00, 0x1e, 0x00, 0x00, 0x70, 0x00, 0x00, 0x70,
  0x00, 0x00, 0x1e, 0x00, 0xc0, 0x03, 0x00, 0x40, 0xc0, 0x00, 0x00, 0x80, 0x0f, 0x00, 0x00, 0x78,
  0x00, 0x00, 0x70, 0x00, 0x00, 0x1f, 0x00, 0xc0, 0x01, 0x00, 0xc0, 0x03, 0x00, 0x00, 0x7c, 0x00,
  0x00, 0x60, 0x00, 0x00, 0x3e, 0x00, 0xc0, 0x03, 0x00, 0x00, 0x00, 0xc0, 0x60, 0x00, 0x80, 0x39,
  0x00, 0x00, 0x0e, 0x00, 0x00, 0x0e, 0x00, 0x80, 0x39, 0x00, 0xc0, 0x60, 0x40, 0x00, 0x00, 0xc0,
  0x03, 0x02, 0x00, 0x1e, 0x03, 0x00, 0xf0, 0x01, 0x00, 0x70, 0x00, 0x00, 0x1e, 0x00, 0xc0, 0x03,
  0x00, 0x40, 0x00, 0x00, 0x00, 0x40, 0x60, 0x00, 0x40, 0x78, 0x00, 0x40, 0x4c, 0x00, 0x40, 0x47,
  0x00, 0xc0, 0x41, 0x00, 0xc0, 0x40, 0x00, 0x04, 0x00, 0x00, 0x0e, 0x00, 0xf0, 0xfb, 0x01, 0x18,
  0x00, 0x03, 0x08, 0x00, 0x02, 0x00, 0x00, 0x00, 0xf8, 0xff, 0x03, 0xf8, 0xff, 0x03, 0x08, 0x00,
  0x02, 0x08, 0x00, 0x02, 0xf8, 0xfb, 0x03, 0x00, 0x0e, 0x00, 0x00, 0x04, 0x00, 0x00, 0x00, 0x00,
  0x03, 0x00, 0x00, 0x01, 0x00, 0x00, 0x01, 0x00, 0x00, 0x02, 0x00, 0x00, 0x06, 0x00, 0x00, 0x04,
  0x00, 0x00, 0x04, 0x00, 0x00, 0x02, 0x00, 0x00, 0x00, 0x00, 0x00, 0x00, 0xc0, 0xfc, 0x03, 0x00,
  0x00, 0x00, 0x80, 0x0f, 0x00, 0xc0, 0x1f, 0x00, 0x60, 0x30, 0x00, 0xf0, 0x7f, 0x00, 0x60, 0x30,
  0x00, 0xc0, 0x10, 0x00, 0x80, 0x08, 0x00, 0x02, 0x00, 0x00, 0x62, 0x00, 0xf0, 0x7f, 0x00, 0x18,
  0x42, 0x00, 0x08, 0x42, 0x00, 0x08, 0x42, 0x00, 0x18, 0x42, 0x00, 0x10, 0x60, 0x00, 0x00, 0x00,
  0x40, 0x17, 0x00, 0xc0, 0x1d, 0x00, 0xc0, 0x18, 0x00, 0x40, 0x10, 0x00, 0xc0, 0x18, 0x00, 0xc0,
  0x1d, 0x00, 0x40, 0x17, 0x08, 0x00, 0x00, 0x38, 0x0a, 0x00, 0xe0, 0x0a, 0x00, 0x80, 0x0b, 0x00,
  0x00, 0x7f, 0x00, 0x80, 0x0b, 0x00, 0x60, 0x0a, 0x00, 0x38, 0x0a, 0x00, 0x08, 0x00, 0x00, 0x00,
  0xf8, 0xf1, 0x03, 0xf8, 0xf1, 0x03, 0x00, 0x00, 0x00, 0x20, 0x43, 0x00, 0xf8, 0xc7, 0x00, 0xc8,
  0x8c, 0x00, 0x88, 0x88, 0x00, 0x88, 0x88, 0x00, 0x98, 0xdd, 0x00, 0x10, 0x77, 0x10, 0x00, 0x00,
  0x10, 0x00, 0x00, 0x00, 0x00, 0x00, 0x10, 0x00, 0x00, 0x10, 0x80, 0x07, 0x00, 0x60, 0x18, 0x00,
  0x10, 0x20, 0x00, 0x80, 0x07, 0x00, 0x48, 0x48, 0x00, 0x48, 0x48, 0x00, 0x48, 0x48, 0x00, 0xc8,
  0x4c, 0x00, 0x10, 0x20, 0x00, 0x10, 0x20, 0x00, 0x40, 0x08, 0xc0, 0x00, 0x00, 0x68, 0x01, 0x00,
  0x28, 0x01, 0x00, 0x28, 0x01, 0x00, 0xf0, 0x01, 0x00, 0x00, 0x01, 0x00, 0x00, 0x00, 0x00, 0x0e,
  0x00, 0x00, 0x1b, 0x00, 0x80, 0x31, 0x00, 0x00, 0x04, 0x00, 0x00, 0x0e, 0x00, 0x00, 0x11, 0x00,
  0x80, 0x20, 0x00, 0x00, 0x00, 0x00, 0x02, 0x00, 0x00, 0x02, 0x00, 0x00, 0x02, 0x00, 0x00, 0x02,
  0x00, 0x00, 0x02, 0x00, 0x00, 0x02, 0x00, 0x00, 0x1e, 0x00, 0x00, 0x1e, 0x00, 0x00, 0x00, 0x00,
  0x04, 0x00, 0x00, 0x04, 0x00, 0x00, 0x04, 0x00, 0x00, 0x04, 0x80, 0x07, 0x00, 0x60, 0x18, 0x00,
  0x10, 0x20, 0x00, 0x00, 0x00, 0x00, 0xc8, 0x4f, 0x00, 0x48, 0x42, 0x00, 0x48, 0x46, 0x00, 0xc8,
  0x4d, 0x00, 0x10, 0x20, 0x00, 0x10, 0x20, 0x00, 0x40, 0x08, 0x08, 0x00, 0x00, 0x08, 0x00, 0x00,
  0x08, 0x00, 0x00, 0x08, 0x00, 0x00, 0x08, 0x00, 0x00, 0x08, 0x00, 0x00, 0x08, 0x00, 0x00, 0x08,
  0x00, 0x00, 0x08, 0x00, 0x00, 0x00, 0x30, 0x00, 0x00, 0x48, 0x00, 0x00, 0x48, 0x00, 0x00, 0x78,
  0x00, 0x00, 0x00, 0x00, 0x42, 0x00, 0x00, 0x42, 0x00, 0x00, 0x42, 0x00, 0xc0, 0x5f, 0x00, 0x00,
  0x42, 0x00, 0x00, 0x42, 0x00, 0x00, 0x42, 0x00, 0x02, 0x00, 0x18, 0x03, 0x00, 0x88, 0x02, 0x00,
  0x48, 0x02, 0x00, 0x30, 0x02, 0x00, 0x01, 0x00, 0x18, 0x02, 0x00, 0x48, 0x02, 0x00, 0x68, 0x02,
  0x00, 0xb0, 0x01, 0x00, 0x00, 0x00, 0x18, 0x00, 0x00, 0x0c, 0x00, 0x00, 0x04, 0x00, 0x00, 0x00,
  0xc0, 0xff, 0x03, 0xc0, 0xff, 0x03, 0x00, 0x40, 0x00, 0x00, 0x40, 0x00, 0x00, 0x60, 0x00, 0xc0,
  0x3f, 0x00, 0xc0, 0x7f, 0x00, 0x00, 0x40, 0x00, 0x00, 0x00, 0xf0, 0x00, 0x00, 0xf8, 0x01, 0x00,
  0xf8, 0xff, 0x01, 0x08, 0x00, 0x00, 0x08, 0x00, 0x00, 0xf8, 0xff, 0x01, 0x08, 0x00, 0x00, 0x00,
  0x00, 0x00, 0x00, 0x00, 0x06, 0x00, 0x00, 0x00, 0x00, 0x00, 0x05, 0x00, 0x00, 0x05, 0x00, 0x00,
  0x02, 0x00, 0x00, 0x00, 0x00, 0x02, 0x00, 0xf8, 0x03, 0x00, 0x00, 0x02, 0x00, 0x00, 0x02, 0x60,
  0x00, 0x00, 0x98, 0x01, 0x00, 0x08, 0x01, 0x00, 0x08, 0x01, 0x00, 0xf8, 0x01, 0x00, 0x60, 0x00,
  0x00, 0x00, 0x80, 0x20, 0x00, 0x00, 0x1b, 0x00, 0x00, 0x0e, 0x00, 0x00, 0x04, 0x00, 0x80, 0x31,
  0x00, 0x00, 0x1b, 0x00, 0x00, 0x0e, 0x00, 0x00, 0x00, 0x08, 0x02, 0x00, 0xf8, 0x03, 0x00, 0x00,
  0x42, 0x00, 0x00, 0x32, 0x00, 0x00, 0x0c, 0x00, 0x00, 0x03, 0x00, 0x80, 0x01, 0x00, 0x60, 0x18,
  0x00, 0x18, 0x16, 0x00, 0x00, 0x13, 0x00, 0x00, 0x7f, 0x00, 0x00, 0x10, 0x00, 0x00, 0x00, 0x08,
  0x02, 0x00, 0xf8, 0x03, 0x00, 0x00, 0x42, 0x00, 0x00, 0x32, 0x00, 0x00, 0x0c, 0x00, 0x00, 0x03,
  0x00, 0x80, 0x01, 0x00, 0x60, 0x42, 0x00, 0x18, 0x61, 0x00, 0x00, 0x51, 0x00, 0x00, 0x49, 0x00,
  0x00, 0x46, 0x00, 0x00, 0x00, 0x10, 0x03, 0x00, 0x48, 0x02, 0x00, 0x48, 0x42, 0x00, 0xb8, 0x33,
  0x00, 0x00, 0x0c, 0x00, 0x00, 0x06, 0x00, 0x80, 0x01, 0x00, 0x60, 0x18, 0x00, 0x18, 0x16, 0x00,
  0x08, 0x13, 0x00, 0x00, 0x7f, 0x00, 0x00, 0x10, 0x00, 0x00, 0x00, 0x00, 0xe0, 0x00, 0x00, 0xb0,
  0x01, 0x00, 0x08, 0x03, 0xc0, 0x0e, 0x02, 0xc0, 0x02, 0x02, 0x00, 0x00, 0x03, 0x00, 0x80, 0x01,
  0x00, 0x40, 0x00, 0x00, 0x78, 0x00, 0x00, 0x0f, 0x00, 0xc0, 0x05, 0x00, 0x79, 0x04, 0x00, 0x1b,
  0x04, 0x00, 0x70, 0x04, 0x00, 0xc0, 0x07, 0x00, 0x00, 0x1e, 0x00, 0x00, 0x70, 0x00, 0x40, 0x00,
  0x00, 0x78, 0x00, 0x00, 0x0f, 0x00, 0xc0, 0x05, 0x00, 0x78, 0x04, 0x00, 0x1a, 0x04, 0x00, 0x71,
  0x04, 0x00, 0xc0, 0x07, 0x00, 0x00, 0x1e, 0x00, 0x00, 0x70, 0x00, 0x40, 0x00, 0x00, 0x78, 0x00,
  0x00, 0x0f, 0x00, 0xc2, 0x05, 0x00, 0x79, 0x04, 0x00, 0x19, 0x04, 0x00, 0x73, 0x04, 0x00, 0xc2,
  0x07, 0x00, 0x00, 0x1e, 0x00, 0x00, 0x70, 0x00, 0x40, 0x00, 0x00, 0x78, 0x00, 0x00, 0x0f, 0x00,
  0xc3, 0x05, 0x00, 0x79, 0x04, 0x00, 0x1b, 0x04, 0x00, 0x72, 0x04, 0x00, 0xc3, 0x07, 0x00, 0x00,
  0x1e, 0x00, 0x00, 0x70, 0x00, 0x40, 0x00, 0x00, 0x78, 0x00, 0x00, 0x0f, 0x00, 0xc2, 0x05, 0x00,
  0x78, 0x04, 0x00, 0x18, 0x04, 0x00, 0x72, 0x04, 0x00, 0xc2, 0x07, 0x00, 0x00, 0x1e, 0x00, 0x00,
  0x70, 0x00, 0x40, 0x00, 0x00, 0x78, 0x00, 0x00, 0x0f, 0x00, 0xc0, 0x05, 0x00, 0x7d, 0x04, 0x00,
  0x19, 0x04, 0x00, 0x7f, 0x04, 0x00, 0xc0, 0x07, 0x00, 0x00, 0x1e, 0x00, 0x00, 0x70, 0x00, 0x40,
  0x00, 0x00, 0x70, 0x00, 0x00, 0x1c, 0x00, 0x00, 0x07, 0x00, 0xe0, 0x05, 0x00, 0x38, 0x04, 0x00,
  0x08, 0x04, 0x00, 0x18, 0x0c, 0x00, 0xf8, 0x7f, 0x00, 0x08, 0x41, 0x00, 0x08, 0x41, 0x00, 0x08,
  0x41, 0x00, 0x08, 0x41, 0x00, 0x08, 0x41, 0x00, 0x08, 0x41, 0x00, 0x00, 0x00, 0xc0, 0x0f, 0x00,
  0x70, 0x3c, 0x00, 0x10, 0x20, 0x00, 0x18, 0x60, 0x00, 0x08, 0x40, 0x05, 0x08, 0x40, 0x05, 0x08,
  0x40, 0x02, 0x18, 0x60, 0x00, 0x30, 0x30, 0x00, 0x00, 0x10, 0x00, 0x00, 0x00, 0xf8, 0x7f, 0x00,
  0xf8, 0x7f, 0x00, 0x08, 0x41, 0x00, 0x09, 0x41, 0x00, 0x0a, 0x41, 0x00, 0x08, 0x41, 0x00, 0x08,
  0x41, 0x00, 0x08, 0x41, 0x00, 0x08, 0x40, 0x00, 0x00, 0x00, 0xf8, 0x7f, 0x00, 0xf8, 0x7f, 0x00,
  0x08, 0x41, 0x00, 0x08, 0x41, 0x00, 0x0a, 0x41, 0x00, 0x09, 0x41, 0x00, 0x08, 0x41, 0x00, 0x08,
  0x41, 0x00, 0x08, 0x40, 0x00, 0x00, 0x00, 0xf8, 0x7f, 0x00, 0xf8, 0x7f, 0x00, 0x0a, 0x41, 0x00,
  0x0b, 0x41, 0x00, 0x09, 0x41, 0x00, 0x0b, 0x41, 0x00, 0x0a, 0x41, 0x00, 0x08, 0x41, 0x00, 0x08,
  0x40, 0x00, 0x00, 0x00, 0xf8, 0x7f, 0x00, 0xf8, 0x7f, 0x00, 0x0a, 0x41, 0x00, 0x0a, 0x41, 0x00,
  0x08, 0x41, 0x00, 0x0a, 0x41, 0x00, 0x0a, 0x41, 0x00, 0x08, 0x41, 0x00, 0x08, 0x40, 0x01, 0x00,
  0x00, 0xf9, 0x7f, 0x00, 0xfa, 0x7f, 0x00, 0x00, 0x00, 0xfa, 0x7f, 0x00, 0xfb, 0x7f, 0x00, 0x01,
  0x02, 0x00, 0x00, 0xf9, 0x7f, 0x00, 0xf9, 0x7f, 0x00, 0x03, 0x02, 0x00, 0x00, 0xf8, 0x7f, 0x00,
  0xf8, 0x7f, 0x00, 0x02, 0x00, 0x01, 0x00, 0xf8, 0x7f, 0x00, 0xf8, 0x7f, 0x00, 0x08, 0x41, 0x00,
  0x08, 0x41, 0x00, 0x08, 0x41, 0x00, 0x08, 0x40, 0x00, 0x18, 0x60, 0x00, 0x30, 0x30, 0x00, 0xe0,
  0x1f, 0x00, 0x80, 0x07, 0x00, 0x00, 0x00, 0xf8, 0x7f, 0x00, 0xf8, 0x7f, 0x00, 0x32, 0x00, 0x00,
  0xc1, 0x00, 0x00, 0x81, 0x03, 0x00, 0x02, 0x0e, 0x00, 0x02, 0x18, 0x00, 0x01, 0x70, 0x00, 0xf8,
  0x7f, 0x00, 0x00, 0x00, 0xc0, 0x0f, 0x00, 0x70, 0x38, 0x00, 0x10, 0x20, 0x00, 0x18, 0x60, 0x00,
  0x09, 0x40, 0x00, 0x0a, 0x40, 0x00, 0x08, 0x40, 0x00, 0x18, 0x60, 0x00, 0x30, 0x30, 0x00, 0xe0,
  0x1f, 0x00, 0x80, 0x07, 0x00, 0x00, 0x00, 0xc0, 0x0f, 0x00, 0x70, 0x38, 0x00, 0x10, 0x20, 0x00,
  0x18, 0x60, 0x00, 0x0a, 0x40, 0x00, 0x09, 0x40, 0x00, 0x09, 0x40, 0x00, 0x18, 0x60, 0x00, 0x30,
  0x30, 0x00, 0xe0, 0x1f, 0x00, 0x80, 0x07, 0x00, 0x00, 0x00, 0xc0, 0x0f, 0x00, 0x70, 0x38, 0x00,
  0x10, 0x20, 0x00, 0x1a, 0x60, 0x00, 0x09, 0x40, 0x00, 0x09, 0x40, 0x00, 0x0b, 0x40, 0x00, 0x1a,
  0x60, 0x00, 0x30, 0x30, 0x00, 0xe0, 0x1f, 0x00, 0x80, 0x07, 0x00, 0x00, 0x00, 0xc0, 0x0f, 0x00,
  0x70, 0x38, 0x00, 0x12, 0x20, 0x00, 0x19, 0x60, 0x00, 0x09, 0x40, 0x00, 0x0a, 0x40, 0x00, 0x0a,
  0x40, 0x00, 0x19, 0x60, 0x00, 0x30, 0x30, 0x00, 0xe0, 0x1f, 0x00, 0x80, 0x07, 0x00, 0x00, 0x00,
  0xc0, 0x0f, 0x00, 0x70, 0x38, 0x00, 0x10, 0x20, 0x00, 0x1a, 0x60, 0x00, 0x08, 0x40, 0x00, 0x08,
  0x40, 0x00, 0x0a, 0x40, 0x00, 0x18, 0x60, 0x00, 0x30, 0x30, 0x00, 0xe0, 0x1f, 0x00, 0x80, 0x07,
  0x00, 0x00, 0x00, 0x40, 0x10, 0x00, 0x80, 0x08, 0x00, 0x00, 0x05, 0x00, 0x00, 0x07, 0x00, 0x00,
  0x07, 0x00, 0x80, 0x0d, 0x00, 0xc0, 0x18, 0x00, 0x00, 0x00, 0xc0, 0x4f, 0x00, 0x70, 0x78, 0x00,
  0x10, 0x30, 0x00, 0x18, 0x6c, 0x00, 0x08, 0x46, 0x00, 0x08, 0x43, 0x00, 0xc8, 0x40, 0x00, 0x78,
  0x60, 0x00, 0x30, 0x30, 0x00, 0xf8, 0x1f, 0x00, 0x80, 0x07, 0x00, 0x00, 0x00, 0xf8, 0x0f, 0x00,
  0xf8, 0x3f, 0x00, 0x00, 0x60, 0x00, 0x01, 0x40, 0x00, 0x01, 0x40, 0x00, 0x02, 0x40, 0x00, 0x00,
  0x60, 0x00, 0x00, 0x30, 0x00, 0xf8, 0x1f, 0x00, 0x00, 0x00, 0xf8, 0x0f, 0x00, 0xf8, 0x3f, 0x00,
  0x00, 0x60, 0x00, 0x00, 0x40, 0x00, 0x02, 0x40, 0x00, 0x01, 0x40, 0x00, 0x00, 0x60, 0x00, 0x00,
  0x30, 0x00, 0xf8, 0x1f, 0x00, 0x00, 0x00, 0xf8, 0x0f, 0x00, 0xf8, 0x3f, 0x00, 0x00, 0x60, 0x00,
  0x02, 0x40, 0x00, 0x01, 0x40, 0x00, 0x01, 0x40, 0x00, 0x02, 0x60, 0x00, 0x00, 0x30, 0x00, 0xf8,
  0x1f, 0x00, 0x00, 0x00, 0xf8, 0x0f, 0x00, 0xf8, 0x3f, 0x00, 0x00, 0x60, 0x00, 0x02, 0x40, 0x00,
  0x00, 0x40, 0x00, 0x00, 0x40, 0x00, 0x02, 0x60, 0x00, 0x00, 0x30, 0x00, 0xf8, 0x1f, 0x00, 0x00,
  0x00, 0x18, 0x00, 0x00, 0x30, 0x00, 0x00, 0xe0, 0x00, 0x00, 0x80, 0x01, 0x00, 0x03, 0x7f, 0x00,
  0xc1, 0x01, 0x00, 0x60, 0x00, 0x00, 0x38, 0x00, 0x00, 0x08, 0x00, 0x00, 0x00, 0xf8, 0x7f, 0x00,
  0xf8, 0x7f, 0x00, 0x20, 0x08, 0x00, 0x20, 0x08, 0x00, 0x20, 0x08, 0x00, 0x20, 0x08, 0x00, 0x60,
  0x0c, 0x00, 0xc0, 0x07, 0x00, 0x80, 0x03, 0x00, 0x00, 0x00, 0xe0, 0x7f, 0x00, 0xf0, 0x7f, 0x00,
  0x08, 0x00, 0x00, 0x08, 0x40, 0x00, 0x88, 0x43, 0x00, 0xd8, 0x46, 0x00, 0x70, 0x6c, 0x00, 0x00,
  0x38, 0x00, 0x00, 0x00, 0x80, 0x38, 0x00, 0xc0, 0x6c, 0x00, 0x4c, 0x44, 0x00, 0x58, 0x44, 0x00,
  0x40, 0x24, 0x00, 0x80, 0x3f, 0x00, 0x00, 0x7f, 0x00, 0x00, 0x40, 0x00, 0x00, 0x00, 0x80, 0x38,
  0x00, 0xc0, 0x6c, 0x00, 0x50, 0x44, 0x00, 0x48, 0x44, 0x00, 0x44, 0x24, 0x00, 0x80, 0x3f, 0x00,
  0x00, 0x7f, 0x00, 0x00, 0x40, 0x00, 0x00, 0x00, 0x80, 0x38, 0x00, 0xd0, 0x6c, 0x00, 0x4c, 0x44,
  0x00, 0x4c, 0x44, 0x00, 0x48, 0x24, 0x00, 0x90, 0x3f, 0x00, 0x00, 0x7f, 0x00, 0x00, 0x40, 0x00,
  0x00, 0x00, 0x80, 0x38, 0x00, 0xd8, 0x6c, 0x00, 0x48, 0x44, 0x00, 0x58, 0x44, 0x00, 0x50, 0x24,
  0x00, 0x98, 0x3f, 0x00, 0x00, 0x7f, 0x00, 0x00, 0x40, 0x00, 0x00, 0x00, 0x80, 0x38, 0x00, 0xd0,
  0x6c, 0x00, 0x40, 0x44, 0x00, 0x40, 0x44, 0x00, 0x50, 0x24, 0x00, 0x90, 0x3f, 0x00, 0x00, 0x7f,
  0x00, 0x00, 0x40, 0x00, 0x00, 0x00, 0x80, 0x38, 0x00, 0xc0, 0x6c, 0x00, 0x52, 0x44, 0x00, 0x52,
  0x44, 0x00, 0x5e, 0x24, 0x00, 0x80, 0x3f, 0x00, 0x00, 0x7f, 0x00, 0x00, 0x40, 0x00, 0x00, 0x00,
  0x80, 0x78, 0x00, 0xc0, 0x4c, 0x00, 0x40, 0x44, 0x00, 0x40, 0x44, 0x00, 0xc0, 0x24, 0x00, 0x80,
  0x1f, 0x00, 0x80, 0x3f, 0x00, 0xc0, 0x64, 0x00, 0x40, 0x44, 0x00, 0x40, 0x44, 0x00, 0xc0, 0x44,
  0x00, 0x80, 0x27, 0x00, 0x00, 0x00, 0x80, 0x3f, 0x00, 0xc0, 0x60, 0x00, 0x40, 0x40, 0x05, 0x40,
  0xc0, 0x05, 0x40, 0x40, 0x02, 0x80, 0x20, 0x00, 0x00, 0x00, 0x80, 0x3f, 0x00, 0xc0, 0x64, 0x00,
  0x44, 0x44, 0x00, 0x48, 0x44, 0x00, 0x50, 0x44, 0x00, 0x80, 0x65, 0x00, 0x00, 0x27, 0x00, 0x00,
  0x00, 0x80, 0x3f, 0x00, 0xc0, 0x64, 0x00, 0x40, 0x44, 0x00, 0x58, 0x44, 0x00, 0x4c, 0x44, 0x00,
  0x84, 0x65, 0x00, 0x00, 0x27, 0x00, 0x00, 0x00, 0x80, 0x3f, 0x00, 0xd0, 0x64, 0x00, 0x4c, 0x44,
  0x00, 0x44, 0x44, 0x00, 0x4c, 0x44, 0x00, 0x90, 0x65, 0x00, 0x00, 0x27, 0x00, 0x00, 0x00, 0x80,
  0x3f, 0x00, 0xd0, 0x64, 0x00, 0x50, 0x44, 0x00, 0x40, 0x44, 0x00, 0x50, 0x44, 0x00, 0x90, 0x65,
  0x00, 0x00, 0x27, 0x04, 0x00, 0x00, 0x0c, 0x00, 0x00, 0xd8, 0x7f, 0x00, 0x00, 0x00, 0x10, 0x00,
  0x00, 0xcc, 0x7f, 0x00, 0x04, 0x18, 0x00, 0x00, 0x0c, 0x00, 0x00, 0xcc, 0x7f, 0x00, 0x08, 0x00,
  0x00, 0x10, 0x10, 0x00, 0x00, 0x00, 0x00, 0x00, 0xc0, 0x7f, 0x00, 0x10, 0x00, 0x00, 0x00, 0x00,
  0x3f, 0x00, 0xa0, 0x61, 0x00, 0x98, 0x40, 0x00, 0x90, 0x40, 0x00, 0xb0, 0x40, 0x00, 0xc8, 0x61,
  0x00, 0x80, 0x3f, 0x00, 0x00, 0x00, 0xc0, 0x7f, 0x00, 0x98, 0x7f, 0x00, 0x88, 0x00, 0x00, 0x58,
  0x00, 0x00, 0x50, 0x00, 0x00, 0xd8, 0x7f, 0x00, 0x80, 0x7f, 0x00, 0x00, 0x00, 0x80, 0x3f, 0x00,
  0xc0, 0x60, 0x00, 0x44, 0x40, 0x00, 0x4c, 0x40, 0x00, 0x50, 0x40, 0x00, 0xc0, 0x31, 0x00, 0x80,
  0x3f, 0x00, 0x00, 0x00, 0x80, 0x3f, 0x00, 0xc0, 0x60, 0x00, 0x40, 0x40, 0x00, 0x58, 0x40, 0x00,
  0x4c, 0x40, 0x00, 0xc0, 0x31, 0x00, 0x80, 0x3f, 0x00, 0x00, 0x00, 0x80, 0x3f, 0x00, 0xd0, 0x60,
  0x00, 0x4c, 0x40, 0x00, 0x44, 0x40, 0x00, 0x4c, 0x40, 0x00, 0xd0, 0x31, 0x00, 0x80, 0x3f, 0x00,
  0x00, 0x00, 0x80, 0x3f, 0x00, 0xd8, 0x60, 0x00, 0x48, 0x40, 0x00, 0x58, 0x40, 0x00, 0x50, 0x40,
  0x00, 0xd8, 0x31, 0x00, 0x80, 0x3f, 0x00, 0x00, 0x00, 0x80, 0x3f, 0x00, 0xd0, 0x60, 0x00, 0x50,
  0x40, 0x00, 0x40, 0x40, 0x00, 0x50, 0x40, 0x00, 0xd0, 0x31, 0x00, 0x80, 0x3f, 0x00, 0x00, 0x00,
  0x00, 0x02, 0x00, 0x00, 0x02, 0x00, 0x00, 0x02, 0x00, 0x40, 0x12, 0x00, 0x00, 0x02, 0x00, 0x00,
  0x02, 0x00, 0x00, 0x02, 0x00, 0x00, 0x00, 0x00, 0x5f, 0x00, 0x80, 0x3f, 0x00, 0xc0, 0x78, 0x00,
  0x40, 0x4c, 0x00, 0x40, 0x46, 0x00, 0xc0, 0x61, 0x00, 0xc0, 0x3f, 0x00, 0x40, 0x0e, 0x00, 0x00,
  0x00, 0xc0, 0x3f, 0x00, 0xc0, 0x7f, 0x00, 0x04, 0x40, 0x00, 0x0c, 0x40, 0x00, 0x10, 0x20, 0x00,
  0xc0, 0x3f, 0x00, 0xc0, 0x7f, 0x00, 0x00, 0x00, 0xc0, 0x3f, 0x00, 0xc0, 0x7f, 0x00, 0x10, 0x40,
  0x00, 0x08, 0x40, 0x00, 0x04, 0x20, 0x00, 0xc0, 0x3f, 0x00, 0xc0, 0x7f, 0x00, 0x00, 0x00, 0xc0,
  0x3f, 0x00, 0xd0, 0x7f, 0x00, 0x0c, 0x40, 0x00, 0x04, 0x40, 0x00, 0x0c, 0x20, 0x00, 0xd0, 0x3f,
  0x00, 0xc0, 0x7f, 0x00, 0x00, 0x00, 0xc0, 0x3f, 0x00, 0xd0, 0x7f, 0x00, 0x10, 0x40, 0x00, 0x00,
  0x40, 0x00, 0x10, 0x20, 0x00, 0xd0, 0x3f, 0x00, 0xc0, 0x7f, 0x40, 0x00, 0x00, 0xc0, 0x03, 0x02,
  0x00, 0x1e, 0x03, 0x10, 0xf0, 0x01, 0x0c, 0x70, 0x00, 0x04, 0x1e, 0x00, 0xc0, 0x03, 0x00, 0x40,
  0x00, 0x00, 0x00, 0xf8, 0xff, 0x03, 0x80, 0x7f, 0x00, 0xc0, 0x40, 0x00, 0x40, 0x40, 0x00, 0x40,
  0x40, 0x00, 0xc0, 0x60, 0x00, 0x80, 0x3f, 0x40, 0x00, 0x00, 0xc0, 0x03, 0x02, 0x10, 0x1e, 0x03,
  0x00, 0xf0, 0x01, 0x00, 0x70, 0x00, 0x10, 0x1e, 0x00, 0xc0, 0x03, 0x00, 0x40,
};

return TRIAL_1;
}

// nominal=24; cap=17; H_top=5; baseline=22; line_box=28; bearing_shifts=[106]; vertical_shifts=[]

inline const uint8_t* fontStorage2() {

static const uint8_t TRIAL_2[] = {
  0x18, 0x1c, 0x20, 0xe0, 0xff, 0xff, 0x00, 0x07, 0x00, 0x00, 0x0f, 0x07, 0x00, 0x0f, 0x1a, 0x09,
  0x00, 0x29, 0x33, 0x0d, 0x00, 0x5c, 0x33, 0x0d, 0x00, 0x8f, 0x4f, 0x15, 0x00, 0xde, 0x3f, 0x10,
  0x01, 0x1d, 0x0a, 0x05, 0x01, 0x27, 0x1c, 0x08, 0x01, 0x43, 0x17, 0x08, 0x01, 0x5a, 0x22, 0x09,
  0x01, 0x7c, 0x32, 0x0e, 0x01, 0xae, 0x13, 0x07, 0x01, 0xc1, 0x1b, 0x08, 0x01, 0xdc, 0x0f, 0x07,
  0x01, 0xeb, 0x19, 0x07, 0x02, 0x04, 0x2f, 0x0d, 0x02, 0x33, 0x2f, 0x0d, 0x02, 0x62, 0x2f, 0x0d,
  0x02, 0x91, 0x2f, 0x0d, 0x02, 0xc0, 0x33, 0x0d, 0x02, 0xf3, 0x2f, 0x0d, 0x03, 0x22, 0x2f, 0x0d,
  0x03, 0x51, 0x2d, 0x0d, 0x03, 0x7e, 0x2f, 0x0d, 0x03, 0xad, 0x2f, 0x0d, 0x03, 0xdc, 0x0f, 0x07,
  0x03, 0xeb, 0x13, 0x07, 0x03, 0xfe, 0x33, 0x0e, 0x04, 0x31, 0x33, 0x0e, 0x04, 0x64, 0x32, 0x0e,
  0x04, 0x96, 0x2e, 0x0d, 0x04, 0xc4, 0x57, 0x18, 0x05, 0x1b, 0x3f, 0x10, 0x05, 0x5a, 0x3b, 0x10,
  0x05, 0x95, 0x3f, 0x11, 0x05, 0xd4, 0x3f, 0x11, 0x06, 0x13, 0x3b, 0x10, 0x06, 0x4e, 0x35, 0x0f,
  0x06, 0x83, 0x43, 0x13, 0x06, 0xc6, 0x3b, 0x11, 0x07, 0x01, 0x0f, 0x07, 0x07, 0x10, 0x27, 0x0c,
  0x07, 0x37, 0x3b, 0x10, 0x07, 0x72, 0x33, 0x0d, 0x07, 0xa5, 0x47, 0x14, 0x07, 0xec, 0x3b, 0x11,
  0x08, 0x27, 0x43, 0x13, 0x08, 0x6a, 0x3a, 0x10, 0x08, 0xa4, 0x43, 0x13, 0x08, 0xe7, 0x3f, 0x11,
  0x09, 0x26, 0x3b, 0x10, 0x09, 0x61, 0x35, 0x0f, 0x09, 0x96, 0x3b, 0x11, 0x09, 0xd1, 0x3d, 0x10,
  0x0a, 0x0e, 0x56, 0x17, 0x0a, 0x64, 0x3b, 0x10, 0x0a, 0x9f, 0x39, 0x10, 0x0a, 0xd8, 0x37, 0x0f,
  0x0b, 0x0f, 0x18, 0x07, 0x0b, 0x27, 0x1b, 0x07, 0x0b, 0x42, 0x14, 0x07, 0x0b, 0x56, 0x2a, 0x0b,
  0x0b, 0x80, 0x38, 0x0e, 0x0b, 0xb8, 0x15, 0x08, 0x0b, 0xcd, 0x33, 0x0d, 0x0c, 0x00, 0x2f, 0x0d,
  0x0c, 0x2f, 0x2b, 0x0c, 0x0c, 0x5a, 0x2f, 0x0d, 0x0c, 0x89, 0x2e, 0x0d, 0x0c, 0xb7, 0x1a, 0x07,
  0x0c, 0xd1, 0x2f, 0x0d, 0x0d, 0x00, 0x2f, 0x0d, 0x0d, 0x2f, 0x0f, 0x05, 0x0d, 0x3e, 0x14, 0x06,
  0x0d, 0x52, 0x2f, 0x0c, 0x0d, 0x81, 0x0f, 0x05, 0x0d, 0x90, 0x47, 0x14, 0x0d, 0xd7, 0x2f, 0x0d,
  0x0e, 0x06, 0x2f, 0x0d, 0x0e, 0x35, 0x2f, 0x0d, 0x0e, 0x64, 0x30, 0x0d, 0x0e, 0x94, 0x1e, 0x08,
  0x0e, 0xb2, 0x2b, 0x0c, 0x0e, 0xdd, 0x17, 0x07, 0x0e, 0xf4, 0x2f, 0x0d, 0x0f, 0x23, 0x2e, 0x0c,
  0x0f, 0x51, 0x42, 0x11, 0x0f, 0x93, 0x2b, 0x0c, 0x0f, 0xbe, 0x2e, 0x0c, 0x0f, 0xec, 0x2b, 0x0c,
  0x10, 0x17, 0x20, 0x08, 0x10, 0x37, 0x10, 0x06, 0x10, 0x47, 0x1e, 0x08, 0x10, 0x65, 0x32, 0x0e,
  0xff, 0xff, 0x00, 0x00, 0xff, 0xff, 0x00, 0x18, 0xff, 0xff, 0x00, 0x18, 0xff, 0xff, 0x00, 0x18,
  0xff, 0xff, 0x00, 0x18, 0xff, 0xff, 0x00, 0x18, 0xff, 0xff, 0x00, 0x18, 0xff, 0xff, 0x00, 0x18,
  0xff, 0xff, 0x00, 0x18, 0xff, 0xff, 0x00, 0x18, 0xff, 0xff, 0x00, 0x18, 0xff, 0xff, 0x00, 0x18,
  0xff, 0xff, 0x00, 0x18, 0xff, 0xff, 0x00, 0x18, 0xff, 0xff, 0x00, 0x18, 0xff, 0xff, 0x00, 0x18,
  0xff, 0xff, 0x00, 0x18, 0xff, 0xff, 0x00, 0x18, 0xff, 0xff, 0x00, 0x18, 0xff, 0xff, 0x00, 0x18,
  0xff, 0xff, 0x00, 0x18, 0xff, 0xff, 0x00, 0x18, 0xff, 0xff, 0x00, 0x18, 0xff, 0xff, 0x00, 0x18,
  0xff, 0xff, 0x00, 0x18, 0xff, 0xff, 0x00, 0x18, 0xff, 0xff, 0x00, 0x18, 0xff, 0xff, 0x00, 0x18,
  0xff, 0xff, 0x00, 0x18, 0xff, 0xff, 0x00, 0x18, 0xff, 0xff, 0x00, 0x18, 0xff, 0xff, 0x00, 0x18,
  0xff, 0xff, 0x00, 0x18, 0xff, 0xff, 0x00, 0x07, 0x10, 0x97, 0x14, 0x08, 0x10, 0xab, 0x2f, 0x0d,
  0x10, 0xda, 0x33, 0x0d, 0x11, 0x0d, 0x2f, 0x0d, 0x11, 0x3c, 0x31, 0x0d, 0x11, 0x6d, 0x10, 0x06,
  0x11, 0x7d, 0x2f, 0x0d, 0x11, 0xac, 0x19, 0x08, 0x11, 0xc5, 0x43, 0x12, 0x12, 0x08, 0x22, 0x09,
  0x12, 0x2a, 0x2f, 0x0d, 0x12, 0x59, 0x33, 0x0e, 0x12, 0x8c, 0x1b, 0x08, 0x12, 0xa7, 0x43, 0x12,
  0x12, 0xea, 0x31, 0x0d, 0x13, 0x1b, 0x1e, 0x0a, 0x13, 0x39, 0x2f, 0x0d, 0x13, 0x68, 0x1e, 0x08,
  0x13, 0x86, 0x1a, 0x08, 0x13, 0xa0, 0x15, 0x08, 0x13, 0xb5, 0x33, 0x0e, 0x13, 0xe8, 0x2d, 0x0d,
  0x14, 0x15, 0x12, 0x08, 0x14, 0x27, 0x18, 0x08, 0x14, 0x3f, 0x1a, 0x08, 0x14, 0x59, 0x1e, 0x09,
  0x14, 0x77, 0x2f, 0x0d, 0x14, 0xa6, 0x4b, 0x14, 0x14, 0xf1, 0x4b, 0x14, 0x15, 0x3c, 0x4b, 0x14,
  0x15, 0x87, 0x33, 0x0f, 0x15, 0xba, 0x3f, 0x10, 0x15, 0xf9, 0x3f, 0x10, 0x16, 0x38, 0x3f, 0x10,
  0x16, 0x77, 0x3f, 0x10, 0x16, 0xb6, 0x3f, 0x10, 0x16, 0xf5, 0x3f, 0x10, 0x17, 0x34, 0x5b, 0x18,
  0x17, 0x8f, 0x3f, 0x11, 0x17, 0xce, 0x3b, 0x10, 0x18, 0x09, 0x3b, 0x10, 0x18, 0x44, 0x3b, 0x10,
  0x18, 0x7f, 0x3b, 0x10, 0x18, 0xba, 0x11, 0x07, 0x18, 0xcb, 0x15, 0x07, 0x18, 0xe0, 0x19, 0x07,
  0x18, 0xf9, 0x19, 0x07, 0x19, 0x12, 0x3f, 0x11, 0x19, 0x51, 0x3b, 0x11, 0x19, 0x8c, 0x43, 0x13,
  0x19, 0xcf, 0x43, 0x13, 0x1a, 0x12, 0x43, 0x13, 0x1a, 0x55, 0x43, 0x13, 0x1a, 0x98, 0x43, 0x13,
  0x1a, 0xdb, 0x2f, 0x0e, 0x1b, 0x0a, 0x43, 0x13, 0x1b, 0x4d, 0x3b, 0x11, 0x1b, 0x88, 0x3b, 0x11,
  0x1b, 0xc3, 0x3b, 0x11, 0x1b, 0xfe, 0x3b, 0x11, 0x1c, 0x39, 0x39, 0x10, 0x1c, 0x72, 0x3a, 0x10,
  0x1c, 0xac, 0x37, 0x0f, 0x1c, 0xe3, 0x33, 0x0d, 0x1d, 0x16, 0x33, 0x0d, 0x1d, 0x49, 0x33, 0x0d,
  0x1d, 0x7c, 0x33, 0x0d, 0x1d, 0xaf, 0x33, 0x0d, 0x1d, 0xe2, 0x33, 0x0d, 0x1e, 0x15, 0x4e, 0x15,
  0x1e, 0x63, 0x2b, 0x0c, 0x1e, 0x8e, 0x2e, 0x0d, 0x1e, 0xbc, 0x2e, 0x0d, 0x1e, 0xea, 0x2e, 0x0d,
  0x1f, 0x18, 0x2e, 0x0d, 0x1f, 0x46, 0x11, 0x07, 0x1f, 0x57, 0x15, 0x07, 0x1f, 0x6c, 0x19, 0x07,
  0x1f, 0x85, 0x19, 0x07, 0x1f, 0x9e, 0x2f, 0x0d, 0x1f, 0xcd, 0x2f, 0x0d, 0x1f, 0xfc, 0x2f, 0x0d,
  0x20, 0x2b, 0x2f, 0x0d, 0x20, 0x5a, 0x2f, 0x0d, 0x20, 0x89, 0x2f, 0x0d, 0x20, 0xb8, 0x2f, 0x0d,
  0x20, 0xe7, 0x2e, 0x0d, 0x21, 0x15, 0x36, 0x0f, 0x21, 0x4b, 0x2f, 0x0d, 0x21, 0x7a, 0x2f, 0x0d,
  0x21, 0xa9, 0x2f, 0x0d, 0x21, 0xd8, 0x2f, 0x0d, 0x22, 0x07, 0x2e, 0x0c, 0x22, 0x35, 0x2f, 0x0d,
  0x22, 0x64, 0x2e, 0x0c, 0x00, 0x00, 0x00, 0x00, 0x00, 0x00, 0x00, 0x00, 0xe0, 0xff, 0x39, 0x00,
  0xe0, 0xff, 0x39, 0x00, 0x00, 0x00, 0x00, 0xe0, 0x03, 0x00, 0x00, 0xe0, 0x03, 0x00, 0x00, 0x00,
  0x00, 0x00, 0x00, 0x00, 0x00, 0x00, 0x00, 0xe0, 0x00, 0x00, 0x00, 0xe0, 0x03, 0x00, 0x00, 0x01,
  0x00, 0x00, 0x04, 0x01, 0x00, 0x00, 0x04, 0x3f, 0x00, 0x00, 0xf4, 0x03, 0x00, 0x80, 0x3f, 0x01,
  0x00, 0xe0, 0x05, 0x01, 0x00, 0x00, 0x04, 0x01, 0x00, 0x00, 0x04, 0x39, 0x00, 0x00, 0x84, 0x1f,
  0x00, 0x00, 0xfc, 0x01, 0x00, 0xe0, 0x07, 0x01, 0x00, 0x20, 0x04, 0x01, 0x00, 0x00, 0x04, 0x01,
  0x00, 0x00, 0x04, 0x00, 0x00, 0x0f, 0x0c, 0x00, 0x80, 0x1f, 0x1c, 0x00, 0x80, 0x39, 0x38, 0x00,
  0xc0, 0x30, 0x30, 0x00, 0xc0, 0x30, 0x30, 0x00, 0xf0, 0xff, 0xff, 0x00, 0xf0, 0xff, 0xff, 0x00,
  0xc0, 0x60, 0x30, 0x00, 0xc0, 0x60, 0x30, 0x00, 0x80, 0xc3, 0x18, 0x00, 0x00, 0xc3, 0x1f, 0x00,
  0x00, 0x00, 0x07, 0x00, 0x00, 0x00, 0x00, 0x80, 0x1f, 0x00, 0x00, 0xc0, 0x3f, 0x00, 0x00, 0x60,
  0x60, 0x00, 0x00, 0x20, 0x40, 0x00, 0x00, 0x60, 0x60, 0x30, 0x00, 0xe0, 0x39, 0x18, 0x00, 0xc0,
  0x1f, 0x0e, 0x00, 0x00, 0x80, 0x03, 0x00, 0x00, 0xc0, 0x01, 0x00, 0x00, 0x70, 0x00, 0x00, 0x00,
  0x38, 0x00, 0x00, 0x00, 0x0e, 0x00, 0x00, 0x00, 0xc3, 0x0f, 0x00, 0xc0, 0xe1, 0x1f, 0x00, 0x60,
  0x30, 0x30, 0x00, 0x20, 0x10, 0x20, 0x00, 0x00, 0x30, 0x30, 0x00, 0x00, 0x70, 0x38, 0x00, 0x00,
  0xe0, 0x1f, 0x00, 0x00, 0x00, 0x00, 0x00, 0x80, 0x0f, 0x00, 0x00, 0xc0, 0x1f, 0x00, 0x00, 0x60,
  0x38, 0x00, 0x80, 0x37, 0x30, 0x00, 0xc0, 0x3f, 0x30, 0x00, 0x60, 0x78, 0x30, 0x00, 0x60, 0xd8,
  0x31, 0x00, 0x20, 0x88, 0x33, 0x00, 0x60, 0x0c, 0x1f, 0x00, 0xc0, 0x07, 0x1e, 0x00, 0x80, 0x03,
  0x1f, 0x00, 0x00, 0xe0, 0x33, 0x00, 0x00, 0xe0, 0x30, 0x00, 0x00, 0x00, 0x30, 0x00, 0x00, 0x00,
  0x20, 0x00, 0x00, 0x00, 0x00, 0xe0, 0x03, 0x00, 0x00, 0xe0, 0x03, 0x00, 0x00, 0x00, 0x00, 0x00,
  0x00, 0x00, 0x00, 0x00, 0xfc, 0x3f, 0x00, 0x00, 0xff, 0xff, 0x00, 0x80, 0x03, 0xe0, 0x01, 0xe0,
  0x00, 0x00, 0x07, 0x60, 0x00, 0x00, 0x06, 0x00, 0x00, 0x00, 0x00, 0x60, 0x00, 0x00, 0x06, 0xe0,
  0x00, 0x00, 0x07, 0x80, 0x07, 0xe0, 0x01, 0x00, 0xff, 0xff, 0x00, 0x00, 0xfc, 0x3f, 0x00, 0x00,
  0x00, 0x00, 0x00, 0x01, 0x00, 0x00, 0x00, 0x33, 0x00, 0x00, 0x00, 0x1f, 0x00, 0x00, 0xe0, 0x07,
  0x00, 0x00, 0x00, 0x0f, 0x00, 0x00, 0x00, 0x3b, 0x00, 0x00, 0x00, 0x01, 0x00, 0x00, 0x00, 0x01,
  0x00, 0x00, 0x00, 0x00, 0x00, 0x60, 0x00, 0x00, 0x00, 0x60, 0x00, 0x00, 0x00, 0x60, 0x00, 0x00,
  0x00, 0x60, 0x00, 0x00, 0x00, 0x60, 0x00, 0x00, 0x00, 0xff, 0x0f, 0x00, 0x00, 0xff, 0x0f, 0x00,
  0x00, 0x60, 0x00, 0x00, 0x00, 0x60, 0x00, 0x00, 0x00, 0x60, 0x00, 0x00, 0x00, 0x60, 0x00, 0x00,
  0x00, 0x60, 0x00, 0x00, 0x00, 0x00, 0x00, 0x00, 0x00, 0x00, 0x00, 0x00, 0x38, 0x01, 0x00, 0x00,
  0xf8, 0x01, 0x00, 0x00, 0x18, 0x00, 0x00, 0x00, 0x00, 0x00, 0x80, 0x01, 0x00, 0x00, 0x80, 0x01,
  0x00, 0x00, 0x80, 0x01, 0x00, 0x00, 0x80, 0x01, 0x00, 0x00, 0x80, 0x01, 0x00, 0x00, 0x80, 0x01,
  0x00, 0x00, 0x00, 0x00, 0x00, 0x00, 0x00, 0x00, 0x00, 0x00, 0x38, 0x00, 0x00, 0x00, 0x38, 0x00,
  0x00, 0x30, 0x00, 0x00, 0x00, 0x3e, 0x00, 0x00, 0xe0, 0x0f, 0x00, 0x00, 0xfc, 0x00, 0x00, 0xc0,
  0x1f, 0x00, 0x00, 0xe0, 0x01, 0x00, 0x00, 0x20, 0x00, 0x00, 0x00, 0x00, 0x00, 0xfe, 0x03, 0x00,
  0x80, 0xff, 0x0f, 0x00, 0xc0, 0x01, 0x1e, 0x00, 0xe0, 0x00, 0x38, 0x00, 0x60, 0x00, 0x30, 0x00,
  0x60, 0x00, 0x30, 0x00, 0x60, 0x00, 0x30, 0x00, 0x60, 0x00, 0x30, 0x00, 0xc0, 0x01, 0x1c, 0x00,
  0x80, 0xff, 0x0f, 0x00, 0x00, 0xff, 0x07, 0x00, 0x00, 0x00, 0x00, 0x00, 0x00, 0x00, 0x00, 0x00,
  0x01, 0x30, 0x00, 0x80, 0x01, 0x30, 0x00, 0xc0, 0x00, 0x30, 0x00, 0x40, 0x00, 0x30, 0x00, 0xe0,
  0xff, 0x3f, 0x00, 0xe0, 0xff, 0x3f, 0x00, 0x00, 0x00, 0x30, 0x00, 0x00, 0x00, 0x30, 0x00, 0x00,
  0x00, 0x30, 0x00, 0x00, 0x00, 0x30, 0x00, 0x00, 0x00, 0x00, 0x00, 0x01, 0x30, 0x00, 0x80, 0x01,
  0x3c, 0x00, 0xc0, 0x01, 0x3e, 0x00, 0xe0, 0x00, 0x37, 0x00, 0x60, 0x80, 0x33, 0x00, 0x60, 0xc0,
  0x31, 0x00, 0x60, 0xc0, 0x30, 0x00, 0x60, 0x60, 0x30, 0x00, 0xc0, 0x39, 0x30, 0x00, 0xc0, 0x1f,
  0x30, 0x00, 0x00, 0x07, 0x30, 0x00, 0x00, 0x00, 0x00, 0x00, 0x01, 0x06, 0x00, 0x80, 0x01, 0x1e,
  0x00, 0xc0, 0x01, 0x18, 0x00, 0x60, 0x00, 0x30, 0x00, 0x60, 0x30, 0x30, 0x00, 0x60, 0x30, 0x30,
  0x00, 0x60, 0x30, 0x30, 0x00, 0x60, 0x38, 0x30, 0x00, 0xc0, 0x6d, 0x18, 0x00, 0xc0, 0xcf, 0x1f,
  0x00, 0x80, 0x87, 0x0f, 0x00, 0x00, 0x00, 0x00, 0x00, 0x80, 0x03, 0x00, 0x00, 0xe0, 0x03, 0x00,
  0x00, 0x70, 0x03, 0x00, 0x00, 0x1c, 0x03, 0x00, 0x00, 0x0e, 0x03, 0x00, 0x80, 0x03, 0x03, 0x00,
  0xc0, 0x01, 0x03, 0x00, 0xe0, 0xff, 0x3f, 0x00, 0xe0, 0xff, 0x3f, 0x00, 0x00, 0x00, 0x03, 0x00,
  0x00, 0x00, 0x03, 0x00, 0x00, 0x00, 0x01, 0x00, 0x00, 0x00, 0x00, 0x00, 0x00, 0x0c, 0x00, 0xe0,
  0x3f, 0x1c, 0x00, 0xe0, 0x3f, 0x18, 0x00, 0x60, 0x10, 0x30, 0x00, 0x60, 0x18, 0x30, 0x00, 0x60,
  0x18, 0x30, 0x00, 0x60, 0x18, 0x30, 0x00, 0x60, 0x18, 0x30, 0x00, 0x60, 0x30, 0x18, 0x00, 0x60,
  0xf0, 0x1f, 0x00, 0x00, 0xe0, 0x0f, 0x00, 0x00, 0x00, 0x00, 0x00, 0xf8, 0x01, 0x00, 0x00, 0xff,
  0x0f, 0x00, 0xc0, 0xf7, 0x1f, 0x00, 0xc0, 0x30, 0x18, 0x00, 0x60, 0x18, 0x30, 0x00, 0x60, 0x18,
  0x30, 0x00, 0x60, 0x18, 0x30, 0x00, 0x60, 0x18, 0x30, 0x00, 0xc0, 0x38, 0x18, 0x00, 0xc0, 0xf1,
  0x1f, 0x00, 0x00, 0xe0, 0x0f, 0x00, 0x00, 0x00, 0x00, 0x60, 0x00, 0x00, 0x00, 0x60, 0x00, 0x00,
  0x00, 0x60, 0x00, 0x00, 0x00, 0x60, 0x00, 0x38, 0x00, 0x60, 0x80, 0x3f, 0x00, 0x60, 0xe0, 0x3f,
  0x00, 0x60, 0xf8, 0x00, 0x00, 0x60, 0x1e, 0x00, 0x00, 0x60, 0x07, 0x00, 0x00, 0xe0, 0x01, 0x00,
  0x00, 0xe0, 0x00, 0x00, 0x00, 0x00, 0x00, 0x82, 0x07, 0x00, 0xc0, 0xcf, 0x1f, 0x00, 0xc0, 0xef,
  0x1c, 0x00, 0x60, 0x38, 0x30, 0x00, 0x60, 0x30, 0x30, 0x00, 0x60, 0x30, 0x30, 0x00, 0x60, 0x30,
  0x30, 0x00, 0x60, 0x30, 0x30, 0x00, 0xc0, 0x7c, 0x18, 0x00, 0xc0, 0xef, 0x1f, 0x00, 0x80, 0xc7,
  0x0f, 0x00, 0x00, 0x00, 0x00, 0x00, 0x1f, 0x00, 0x00, 0x80, 0x3f, 0x1c, 0x00, 0xc0, 0x71, 0x18,
  0x00, 0x60, 0xc0, 0x30, 0x00, 0x60, 0xc0, 0x30, 0x00, 0x60, 0xc0, 0x30, 0x00, 0x60, 0xc0, 0x30,
  0x00, 0x60, 0x40, 0x38, 0x00, 0xc0, 0x61, 0x1c, 0x00, 0x80, 0xff, 0x0f, 0x00, 0x00, 0xff, 0x03,
  0x00, 0x00, 0x00, 0x00, 0x00, 0x00, 0x00, 0x00, 0x00, 0x0e, 0x38, 0x00, 0x00, 0x0e, 0x38, 0x00,
  0x00, 0x00, 0x00, 0x00, 0x00, 0x00, 0x00, 0x00, 0x0e, 0x38, 0x01, 0x00, 0x0e, 0xf8, 0x01, 0x00,
  0x0e, 0x18, 0x00, 0x00, 0x00, 0x00, 0x00, 0xe0, 0x00, 0x00, 0x00, 0xe0, 0x00, 0x00, 0x00, 0xb0,
  0x01, 0x00, 0x00, 0xb0, 0x01, 0x00, 0x00, 0x18, 0x03, 0x00, 0x00, 0x18, 0x03, 0x00, 0x00, 0x0c,
  0x06, 0x00, 0x00, 0x0c, 0x06, 0x00, 0x00, 0x04, 0x04, 0x00, 0x00, 0x06, 0x0c, 0x00, 0x00, 0x02,
  0x08, 0x00, 0x00, 0x03, 0x18, 0x00, 0x00, 0x00, 0x00, 0x00, 0x0c, 0x03, 0x00, 0x00, 0x0c, 0x03,
  0x00, 0x00, 0x0c, 0x03, 0x00, 0x00, 0x0c, 0x03, 0x00, 0x00, 0x0c, 0x03, 0x00, 0x00, 0x0c, 0x03,
  0x00, 0x00, 0x0c, 0x03, 0x00, 0x00, 0x0c, 0x03, 0x00, 0x00, 0x0c, 0x03, 0x00, 0x00, 0x0c, 0x03,
  0x00, 0x00, 0x0c, 0x03, 0x00, 0x00, 0x0c, 0x03, 0x00, 0x00, 0x00, 0x00, 0x00, 0x03, 0x18, 0x00,
  0x00, 0x02, 0x08, 0x00, 0x00, 0x06, 0x0c, 0x00, 0x00, 0x04, 0x0c, 0x00, 0x00, 0x0c, 0x06, 0x00,
  0x00, 0x0c, 0x06, 0x00, 0x00, 0x18, 0x03, 0x00, 0x00, 0x18, 0x03, 0x00, 0x00, 0xb0, 0x01, 0x00,
  0x00, 0xb0, 0x01, 0x00, 0x00, 0xe0, 0x00, 0x00, 0x00, 0xe0, 0x00, 0x00, 0x00, 0x00, 0x00, 0x03,
  0x00, 0x00, 0x80, 0x03, 0x00, 0x00, 0xc0, 0x01, 0x00, 0x00, 0xe0, 0x00, 0x00, 0x00, 0x60, 0x00,
  0x39, 0x00, 0x60, 0xc0, 0x39, 0x00, 0x60, 0xe0, 0x00, 0x00, 0x60, 0x60, 0x00, 0x00, 0xe0, 0x30,
  0x00, 0x00, 0xc0, 0x1f, 0x00, 0x00, 0x80, 0x0f, 0x00, 0x00, 0x00, 0x00, 0x00, 0x00, 0x00, 0x00,
  0x00, 0xf0, 0x0f, 0x00, 0x00, 0xfc, 0x1f, 0x00, 0x00, 0x0e, 0x70, 0x00, 0x00, 0x03, 0x60, 0x00,
  0x80, 0x81, 0xc3, 0x00, 0xc0, 0xf0, 0x8f, 0x00, 0xc0, 0x78, 0x9c, 0x01, 0x40, 0x0c, 0x98, 0x01,
  0x60, 0x06, 0x98, 0x01, 0x60, 0x06, 0x98, 0x01, 0x60, 0x06, 0x88, 0x01, 0x60, 0x06, 0x8c, 0x01,
  0x60, 0x04, 0x87, 0x01, 0x60, 0xf8, 0x9f, 0x00, 0x60, 0xfe, 0xd9, 0x00, 0xc0, 0x0e, 0xd8, 0x00,
  0xc0, 0x00, 0x58, 0x00, 0x80, 0x01, 0x0c, 0x00, 0x00, 0x8f, 0x07, 0x00, 0x00, 0xfc, 0x03, 0x00,
  0x00, 0x20, 0x00, 0x00, 0x00, 0x3c, 0x00, 0x00, 0x00, 0x3f, 0x00, 0x00, 0xe0, 0x07, 0x00, 0x00,
  0xf8, 0x01, 0x00, 0x00, 0xbf, 0x01, 0x00, 0xc0, 0x87, 0x01, 0x00, 0xe0, 0x80, 0x01, 0x00, 0xe0,
  0x80, 0x01, 0x00, 0xe0, 0x87, 0x01, 0x00, 0x00, 0x9f, 0x01, 0x00, 0x00, 0xf8, 0x01, 0x00, 0x00,
  0xe0, 0x07, 0x00, 0x00, 0x00, 0x3f, 0x00, 0x00, 0x00, 0x3c, 0x00, 0x00, 0x00, 0x20, 0x00, 0x00,
  0x00, 0x00, 0x00, 0x00, 0x00, 0x00, 0xe0, 0xff, 0x3f, 0x00, 0xe0, 0xff, 0x3f, 0x00, 0x60, 0x30,
  0x30, 0x00, 0x60, 0x30, 0x30, 0x00, 0x60, 0x30, 0x30, 0x00, 0x60, 0x30, 0x30, 0x00, 0x60, 0x30,
  0x30, 0x00, 0x60, 0x30, 0x30, 0x00, 0x60, 0x38, 0x30, 0x00, 0xc0, 0x6f, 0x38, 0x00, 0xc0, 0xef,
  0x1f, 0x00, 0x00, 0xc3, 0x0f, 0x00, 0x00, 0x00, 0x07, 0x00, 0x00, 0x00, 0x00, 0x00, 0xf8, 0x00,
  0x00, 0x00, 0xff, 0x03, 0x00, 0x80, 0xff, 0x0f, 0x00, 0xc0, 0x01, 0x1e, 0x00, 0xc0, 0x00, 0x18,
  0x00, 0x60, 0x00, 0x38, 0x00, 0x60, 0x00, 0x30, 0x00, 0x60, 0x00, 0x30, 0x00, 0x60, 0x00, 0x30,
  0x00, 0x60, 0x00, 0x30, 0x00, 0x60, 0x00, 0x30, 0x00, 0xc0, 0x00, 0x18, 0x00, 0xc0, 0x01, 0x1c,
  0x00, 0x80, 0x03, 0x0e, 0x00, 0x00, 0x03, 0x06, 0x00, 0x00, 0x00, 0x00, 0x00, 0x00, 0x00, 0x00,
  0xe0, 0xff, 0x3f, 0x00, 0xe0, 0xff, 0x3f, 0x00, 0x60, 0x00, 0x30, 0x00, 0x60, 0x00, 0x30, 0x00,
  0x60, 0x00, 0x30, 0x00, 0x60, 0x00, 0x30, 0x00, 0x60, 0x00, 0x30, 0x00, 0x60, 0x00, 0x30, 0x00,
  0x60, 0x00, 0x30, 0x00, 0xc0, 0x00, 0x18, 0x00, 0xc0, 0x01, 0x1c, 0x00, 0x80, 0x07, 0x0f, 0x00,
  0x00, 0xff, 0x07, 0x00, 0x00, 0xfc, 0x01, 0x00, 0x00, 0x00, 0x00, 0x00, 0x00, 0x00, 0x00, 0xe0,
  0xff, 0x3f, 0x00, 0xe0, 0xff, 0x3f, 0x00, 0x60, 0x30, 0x30, 0x00, 0x60, 0x30, 0x30, 0x00, 0x60,
  0x30, 0x30, 0x00, 0x60, 0x30, 0x30, 0x00, 0x60, 0x30, 0x30, 0x00, 0x60, 0x30, 0x30, 0x00, 0x60,
  0x30, 0x30, 0x00, 0x60, 0x30, 0x30, 0x00, 0x60, 0x30, 0x30, 0x00, 0x60, 0x30, 0x30, 0x00, 0x20,
  0x00, 0x30, 0x00, 0x00, 0x00, 0x00, 0x00, 0x00, 0x00, 0x00, 0xe0, 0xff, 0x3f, 0x00, 0xe0, 0xff,
  0x3f, 0x00, 0x60, 0x60, 0x00, 0x00, 0x60, 0x60, 0x00, 0x00, 0x60, 0x60, 0x00, 0x00, 0x60, 0x60,
  0x00, 0x00, 0x60, 0x60, 0x00, 0x00, 0x60, 0x60, 0x00, 0x00, 0x60, 0x60, 0x00, 0x00, 0x60, 0x60,
  0x00, 0x00, 0x60, 0x60, 0x00, 0x00, 0x60, 0x00, 0x00, 0x00, 0x00, 0x00, 0xf8, 0x00, 0x00, 0x00,
  0xff, 0x03, 0x00, 0x80, 0xff, 0x0f, 0x00, 0xc0, 0x01, 0x1c, 0x00, 0xc0, 0x00, 0x18, 0x00, 0x60,
  0x00, 0x38, 0x00, 0x60, 0x00, 0x30, 0x00, 0x60, 0x00, 0x30, 0x00, 0x60, 0x00, 0x30, 0x00, 0x60,
  0xc0, 0x30, 0x00, 0x60, 0xc0, 0x30, 0x00, 0xe0, 0xc0, 0x30, 0x00, 0xc0, 0xc1, 0x18, 0x00, 0x80,
  0xc3, 0x18, 0x00, 0x00, 0xc3, 0x0f, 0x00, 0x00, 0xc0, 0x0f, 0x00, 0x00, 0x00, 0x00, 0x00, 0x00,
  0x00, 0x00, 0xe0, 0xff, 0x3f, 0x00, 0xe0, 0xff, 0x3f, 0x00, 0x00, 0x30, 0x00, 0x00, 0x00, 0x30,
  0x00, 0x00, 0x00, 0x30, 0x00, 0x00, 0x00, 0x30, 0x00, 0x00, 0x00, 0x30, 0x00, 0x00, 0x00, 0x30,
  0x00, 0x00, 0x00, 0x30, 0x00, 0x00, 0x00, 0x30, 0x00, 0x00, 0x00, 0x30, 0x00, 0x00, 0xe0, 0xff,
  0x3f, 0x00, 0xe0, 0xff, 0x3f, 0x00, 0x00, 0x00, 0x00, 0x00, 0x00, 0x00, 0x00, 0xe0, 0xff, 0x3f,
  0x00, 0xe0, 0xff, 0x3f, 0x00, 0x00, 0x00, 0x00, 0x00, 0x00, 0x0e, 0x00, 0x00, 0x00, 0x1e, 0x00,
  0x00, 0x00, 0x38, 0x00, 0x00, 0x00, 0x30, 0x00, 0x60, 0x00, 0x30, 0x00, 0x60, 0x00, 0x30, 0x00,
  0x60, 0x00, 0x38, 0x00, 0xe0, 0xff, 0x1f, 0x00, 0xe0, 0xff, 0x0f, 0x00, 0x00, 0x00, 0x00, 0x00,
  0x00, 0x00, 0x00, 0xe0, 0xff, 0x3f, 0x00, 0xe0, 0xff, 0x3f, 0x00, 0x00, 0x60, 0x00, 0x00, 0x00,
  0x30, 0x00, 0x00, 0x00, 0x38, 0x00, 0x00, 0x00, 0x7c, 0x00, 0x00, 0x00, 0xee, 0x00, 0x00, 0x00,
  0xc7, 0x03, 0x00, 0x80, 0x03, 0x07, 0x00, 0xc0, 0x00, 0x0e, 0x00, 0x60, 0x00, 0x1c, 0x00, 0x20,
  0x00, 0x38, 0x00, 0x00, 0x00, 0x20, 0x00, 0x00, 0x00, 0x00, 0x00, 0x00, 0x00, 0x00, 0xe0, 0xff,
  0x3f, 0x00, 0xe0, 0xff, 0x3f, 0x00, 0x00, 0x00, 0x30, 0x00, 0x00, 0x00, 0x30, 0x00, 0x00, 0x00,
  0x30, 0x00, 0x00, 0x00, 0x30, 0x00, 0x00, 0x00, 0x30, 0x00, 0x00, 0x00, 0x30, 0x00, 0x00, 0x00,
  0x30, 0x00, 0x00, 0x00, 0x30, 0x00, 0x00, 0x00, 0x20, 0x00, 0x00, 0x00, 0x00, 0x00, 0x00, 0x00,
  0x00, 0xe0, 0xff, 0x3f, 0x00, 0xe0, 0xff, 0x3f, 0x00, 0xe0, 0x01, 0x00, 0x00, 0x80, 0x0f, 0x00,
  0x00, 0x00, 0x7e, 0x00, 0x00, 0x00, 0xf0, 0x01, 0x00, 0x00, 0x80, 0x0f, 0x00, 0x00, 0x00, 0x3c,
  0x00, 0x00, 0x00, 0x3c, 0x00, 0x00, 0x80, 0x0f, 0x00, 0x00, 0xf0, 0x01, 0x00, 0x00, 0x7c, 0x00,
  0x00, 0x80, 0x0f, 0x00, 0x00, 0xe0, 0x01, 0x00, 0x00, 0xe0, 0xff, 0x3f, 0x00, 0xe0, 0xff, 0x3f,
  0x00, 0x00, 0x00, 0x00, 0x00, 0x00, 0x00, 0x00, 0xe0, 0xff, 0x3f, 0x00, 0xe0, 0xff, 0x3f, 0x00,
  0xe0, 0x01, 0x00, 0x00, 0x80, 0x03, 0x00, 0x00, 0x00, 0x0f, 0x00, 0x00, 0x00, 0x1c, 0x00, 0x00,
  0x00, 0x78, 0x00, 0x00, 0x00, 0xe0, 0x01, 0x00, 0x00, 0x80, 0x03, 0x00, 0x00, 0x00, 0x0f, 0x00,
  0x00, 0x00, 0x3c, 0x00, 0xe0, 0xff, 0x3f, 0x00, 0xe0, 0xff, 0x3f, 0x00, 0x00, 0x00, 0x00, 0x00,
  0xf8, 0x00, 0x00, 0x00, 0xff, 0x07, 0x00, 0x80, 0x8f, 0x0f, 0x00, 0xc0, 0x01, 0x1c, 0x00, 0xc0,
  0x00, 0x18, 0x00, 0x60, 0x00, 0x30, 0x00, 0x60, 0x00, 0x30, 0x00, 0x60, 0x00, 0x30, 0x00, 0x60,
  0x00, 0x30, 0x00, 0x60, 0x00, 0x30, 0x00, 0x60, 0x00, 0x30, 0x00, 0xc0, 0x00, 0x18, 0x00, 0xc0,
  0x00, 0x18, 0x00, 0x80, 0x03, 0x0e, 0x00, 0x80, 0xff, 0x07, 0x00, 0x00, 0xfe, 0x03, 0x00, 0x00,
  0x00, 0x00, 0x00, 0x00, 0x00, 0x00, 0xe0, 0xff, 0x3f, 0x00, 0xe0, 0xff, 0x3f, 0x00, 0x60, 0xc0,
  0x00, 0x00, 0x60, 0xc0, 0x00, 0x00, 0x60, 0xc0, 0x00, 0x00, 0x60, 0xc0, 0x00, 0x00, 0x60, 0xc0,
  0x00, 0x00, 0x60, 0xc0, 0x00, 0x00, 0x60, 0xc0, 0x00, 0x00, 0xe0, 0x60, 0x00, 0x00, 0xc0, 0x7f,
  0x00, 0x00, 0x80, 0x3f, 0x00, 0x00, 0x00, 0x0e, 0x00, 0x00, 0x00, 0x00, 0x00, 0xf8, 0x00, 0x00,
  0x00, 0xff, 0x07, 0x00, 0x80, 0x8f, 0x0f, 0x00, 0xc0, 0x01, 0x1c, 0x00, 0xc0, 0x00, 0x18, 0x00,
  0x60, 0x00, 0x30, 0x00, 0x60, 0x00, 0x30, 0x00, 0x60, 0x00, 0x30, 0x00, 0x60, 0x00, 0xf0, 0x00,
  0x60, 0x00, 0xf0, 0x03, 0x60, 0x00, 0x30, 0x07, 0xc0, 0x00, 0x18, 0x06, 0xc0, 0x00, 0x18, 0x06,
  0x80, 0x03, 0x0e, 0x06, 0x00, 0xff, 0x07, 0x00, 0x00, 0xfe, 0x03, 0x00, 0x00, 0x00, 0x00, 0x00,
  0x00, 0x00, 0x00, 0xe0, 0xff, 0x3f, 0x00, 0xe0, 0xff, 0x3f, 0x00, 0x60, 0x60, 0x00, 0x00, 0x60,
  0x60, 0x00, 0x00, 0x60, 0x60, 0x00, 0x00, 0x60, 0x60, 0x00, 0x00, 0x60, 0x60, 0x00, 0x00, 0x60,
  0x60, 0x00, 0x00, 0x60, 0xe0, 0x01, 0x00, 0x60, 0xe0, 0x03, 0x00, 0xe0, 0x30, 0x0f, 0x00, 0xc0,
  0x3f, 0x3c, 0x00, 0x80, 0x1f, 0x38, 0x00, 0x00, 0x02, 0x20, 0x00, 0x00, 0x00, 0x00, 0x00, 0x00,
  0x04, 0x00, 0x80, 0x0f, 0x0c, 0x00, 0xc0, 0x1f, 0x1c, 0x00, 0xc0, 0x18, 0x18, 0x00, 0x60, 0x38,
  0x30, 0x00, 0x60, 0x30, 0x30, 0x00, 0x60, 0x30, 0x30, 0x00, 0x60, 0x30, 0x30, 0x00, 0x60, 0x70,
  0x30, 0x00, 0x60, 0x60, 0x30, 0x00, 0xe0, 0x60, 0x38, 0x00, 0xc0, 0xe1, 0x1c, 0x00, 0x80, 0xc1,
  0x0f, 0x00, 0x00, 0x80, 0x07, 0x00, 0x00, 0x00, 0x00, 0x60, 0x00, 0x00, 0x00, 0x60, 0x00, 0x00,
  0x00, 0x60, 0x00, 0x00, 0x00, 0x60, 0x00, 0x00, 0x00, 0x60, 0x00, 0x00, 0x00, 0xe0, 0xff, 0x3f,
  0x00, 0xe0, 0xff, 0x3f, 0x00, 0x60, 0x00, 0x00, 0x00, 0x60, 0x00, 0x00, 0x00, 0x60, 0x00, 0x00,
  0x00, 0x60, 0x00, 0x00, 0x00, 0x60, 0x00, 0x00, 0x00, 0x60, 0x00, 0x00, 0x00, 0x00, 0x00, 0x00,
  0x00, 0x00, 0xe0, 0xff, 0x07, 0x00, 0xe0, 0xff, 0x0f, 0x00, 0x00, 0x00, 0x1c, 0x00, 0x00, 0x00,
  0x18, 0x00, 0x00, 0x00, 0x30, 0x00, 0x00, 0x00, 0x30, 0x00, 0x00, 0x00, 0x30, 0x00, 0x00, 0x00,
  0x30, 0x00, 0x00, 0x00, 0x30, 0x00, 0x00, 0x00, 0x18, 0x00, 0x00, 0x00, 0x1c, 0x00, 0xe0, 0xff,
  0x0f, 0x00, 0xe0, 0xff, 0x07, 0x20, 0x00, 0x00, 0x00, 0xe0, 0x01, 0x00, 0x00, 0xe0, 0x07, 0x00,
  0x00, 0x00, 0x3f, 0x00, 0x00, 0x00, 0xfc, 0x00, 0x00, 0x00, 0xe0, 0x07, 0x00, 0x00, 0x00, 0x1f,
  0x00, 0x00, 0x00, 0x3c, 0x00, 0x00, 0x00, 0x38, 0x00, 0x00, 0x00, 0x1f, 0x00, 0x00, 0xe0, 0x07,
  0x00, 0x00, 0xfc, 0x00, 0x00, 0x00, 0x3f, 0x00, 0x00, 0xe0, 0x07, 0x00, 0x00, 0xe0, 0x01, 0x00,
  0x00, 0x20, 0x20, 0x00, 0x00, 0x00, 0xe0, 0x03, 0x00, 0x00, 0xe0, 0x1f, 0x00, 0x00, 0x00, 0xfe,
  0x01, 0x00, 0x00, 0xe0, 0x0f, 0x00, 0x00, 0x00, 0x3f, 0x00, 0x00, 0x00, 0x38, 0x00, 0x00, 0x80,
  0x3f, 0x00, 0x00, 0xf0, 0x07, 0x00, 0x00, 0x7f, 0x00, 0x00, 0xe0, 0x07, 0x00, 0x00, 0xe0, 0x01,
  0x00, 0x00, 0xe0, 0x0f, 0x00, 0x00, 0x00, 0xfe, 0x00, 0x00, 0x00, 0xe0, 0x0f, 0x00, 0x00, 0x00,
  0x3f, 0x00, 0x00, 0x00, 0x38, 0x00, 0x00, 0x80, 0x3f, 0x00, 0x00, 0xf8, 0x07, 0x00, 0x00, 0xff,
  0x00, 0x00, 0xe0, 0x0f, 0x00, 0x00, 0xe0, 0x01, 0x00, 0x00, 0x00, 0x00, 0x20, 0x00, 0x20, 0x00,
  0x60, 0x00, 0x38, 0x00, 0xe0, 0x00, 0x1c, 0x00, 0xc0, 0x03, 0x0f, 0x00, 0x00, 0x87, 0x03, 0x00,
  0x00, 0xde, 0x01, 0x00, 0x00, 0x78, 0x00, 0x00, 0x00, 0x78, 0x00, 0x00, 0x00, 0xfc, 0x01, 0x00,
  0x00, 0x87, 0x03, 0x00, 0x80, 0x03, 0x0f, 0x00, 0xe0, 0x01, 0x1c, 0x00, 0x60, 0x00, 0x38, 0x00,
  0x20, 0x00, 0x20, 0x00, 0x00, 0x00, 0x00, 0x60, 0x00, 0x00, 0x00, 0xe0, 0x00, 0x00, 0x00, 0xc0,
  0x03, 0x00, 0x00, 0x80, 0x07, 0x00, 0x00, 0x00, 0x1e, 0x00, 0x00, 0x00, 0x38, 0x00, 0x00, 0x00,
  0xf0, 0x3f, 0x00, 0x00, 0xf0, 0x3f, 0x00, 0x00, 0x38, 0x00, 0x00, 0x00, 0x1e, 0x00, 0x00, 0x80,
  0x07, 0x00, 0x00, 0xc0, 0x03, 0x00, 0x00, 0xe0, 0x00, 0x00, 0x00, 0x60, 0x00, 0x00, 0x00, 0x00,
  0x00, 0x00, 0x38, 0x00, 0x60, 0x00, 0x3c, 0x00, 0x60, 0x00, 0x3e, 0x00, 0x60, 0x80, 0x37, 0x00,
  0x60, 0xc0, 0x31, 0x00, 0x60, 0xe0, 0x30, 0x00, 0x60, 0x78, 0x30, 0x00, 0x60, 0x1c, 0x30, 0x00,
  0x60, 0x0e, 0x30, 0x00, 0xe0, 0x03, 0x30, 0x00, 0xe0, 0x01, 0x30, 0x00, 0xe0, 0x00, 0x30, 0x00,
  0x00, 0x00, 0x30, 0x00, 0x00, 0x00, 0x00, 0x00, 0x00, 0x00, 0x00, 0xe0, 0xff, 0xff, 0x07, 0xe0,
  0xff, 0xff, 0x07, 0x60, 0x00, 0x00, 0x06, 0x60, 0x00, 0x00, 0x06, 0x60, 0x00, 0x00, 0x00, 0xe0,
  0x03, 0x00, 0x00, 0x80, 0x3f, 0x00, 0x00, 0x00, 0xf8, 0x01, 0x00, 0x00, 0xc0, 0x1f, 0x00, 0x00,
  0x00, 0x3c, 0x00, 0x00, 0x00, 0x20, 0x20, 0x00, 0x00, 0x04, 0x60, 0x00, 0x00, 0x06, 0x60, 0x00,
  0x00, 0x06, 0xe0, 0xff, 0xff, 0x07, 0xe0, 0xff, 0xff, 0x07, 0x00, 0x20, 0x00, 0x00, 0x00, 0x38,
  0x00, 0x00, 0x00, 0x1e, 0x00, 0x00, 0x80, 0x07, 0x00, 0x00, 0xe0, 0x01, 0x00, 0x00, 0x60, 0x00,
  0x00, 0x00, 0xe0, 0x00, 0x00, 0x00, 0xc0, 0x03, 0x00, 0x00, 0x00, 0x0e, 0x00, 0x00, 0x00, 0x38,
  0x00, 0x00, 0x00, 0x20, 0x00, 0x00, 0x00, 0x06, 0x00, 0x00, 0x00, 0x06, 0x00, 0x00, 0x00, 0x06,
  0x00, 0x00, 0x00, 0x06, 0x00, 0x00, 0x00, 0x06, 0x00, 0x00, 0x00, 0x06, 0x00, 0x00, 0x00, 0x06,
  0x00, 0x00, 0x00, 0x06, 0x00, 0x00, 0x00, 0x06, 0x00, 0x00, 0x00, 0x06, 0x00, 0x00, 0x00, 0x06,
  0x00, 0x00, 0x00, 0x06, 0x00, 0x00, 0x00, 0x06, 0x00, 0x00, 0x00, 0x02, 0x00, 0x00, 0x00, 0x00,
  0x10, 0x00, 0x00, 0x00, 0x30, 0x00, 0x00, 0x00, 0x30, 0x00, 0x00, 0x00, 0x60, 0x00, 0x00, 0x00,
  0x80, 0x00, 0x00, 0x00, 0x00, 0x00, 0x00, 0x0f, 0x00, 0x00, 0x98, 0x1f, 0x00, 0x00, 0x9c, 0x39,
  0x00, 0x00, 0xc6, 0x30, 0x00, 0x00, 0xc6, 0x30, 0x00, 0x00, 0xc6, 0x30, 0x00, 0x00, 0xc6, 0x10,
  0x00, 0x00, 0xc6, 0x08, 0x00, 0x00, 0xfc, 0x0f, 0x00, 0x00, 0xfc, 0x3f, 0x00, 0x00, 0x00, 0x38,
  0x00, 0x00, 0x00, 0x20, 0x00, 0x00, 0x00, 0x00, 0x00, 0x00, 0x00, 0x00, 0xe0, 0xff, 0x3f, 0x00,
  0xe0, 0xff, 0x3f, 0x00, 0x00, 0x0c, 0x18, 0x00, 0x00, 0x06, 0x30, 0x00, 0x00, 0x06, 0x30, 0x00,
  0x00, 0x06, 0x30, 0x00, 0x00, 0x06, 0x30, 0x00, 0x00, 0x0e, 0x38, 0x00, 0x00, 0xfc, 0x1f, 0x00,
  0x00, 0xf8, 0x0f, 0x00, 0x00, 0x00, 0x00, 0x00, 0xf0, 0x07, 0x00, 0x00, 0xf8, 0x0f, 0x00, 0x00,
  0x1c, 0x1c, 0x00, 0x00, 0x06, 0x30, 0x00, 0x00, 0x06, 0x30, 0x00, 0x00, 0x06, 0x30, 0x00, 0x00,
  0x06, 0x30, 0x00, 0x00, 0x0e, 0x38, 0x00, 0x00, 0x1c, 0x1c, 0x00, 0x00, 0x18, 0x0c, 0x00, 0x00,
  0x00, 0x00, 0x00, 0xf0, 0x07, 0x00, 0x00, 0xfc, 0x1f, 0x00, 0x00, 0x1c, 0x3c, 0x00, 0x00, 0x06,
  0x30, 0x00, 0x00, 0x06, 0x30, 0x00, 0x00, 0x06, 0x30, 0x00, 0x00, 0x06, 0x30, 0x00, 0x00, 0x04,
  0x18, 0x00, 0x00, 0x3c, 0x0e, 0x00, 0xe0, 0xff, 0x3f, 0x00, 0xe0, 0xff, 0x3f, 0x00, 0x00, 0x00,
  0x00, 0x00, 0xf0, 0x07, 0x00, 0x00, 0xf8, 0x0f, 0x00, 0x00, 0xdc, 0x1c, 0x00, 0x00, 0xc6, 0x30,
  0x00, 0x00, 0xc6, 0x30, 0x00, 0x00, 0xc6, 0x30, 0x00, 0x00, 0xc6, 0x30, 0x00, 0x00, 0xc6, 0x30,
  0x00, 0x00, 0xcc, 0x18, 0x00, 0x00, 0xfc, 0x1c, 0x00, 0x00, 0xf0, 0x00, 0x02, 0x00, 0x00, 0x00,
  0x06, 0x00, 0x00, 0xc0, 0xff, 0x3f, 0x00, 0xe0, 0xff, 0x3f, 0x00, 0x60, 0x06, 0x00, 0x00, 0x60,
  0x06, 0x00, 0x00, 0x60, 0x02, 0x00, 0x00, 0x00, 0x00, 0x00, 0xf0, 0x07, 0x00, 0x00, 0xfc, 0x1f,
  0x03, 0x00, 0x1c, 0x3c, 0x03, 0x00, 0x06, 0x30, 0x06, 0x00, 0x06, 0x30, 0x06, 0x00, 0x06, 0x30,
  0x06, 0x00, 0x06, 0x30, 0x06, 0x00, 0x0c, 0x18, 0x06, 0x00, 0x38, 0x8e, 0x03, 0x00, 0xfe, 0xff,
  0x01, 0x00, 0xfe, 0x7f, 0x00, 0x00, 0x00, 0x00, 0x00, 0x00, 0x00, 0x00, 0xe0, 0xff, 0x3f, 0x00,
  0xe0, 0xff, 0x3f, 0x00, 0x00, 0x0c, 0x00, 0x00, 0x00, 0x04, 0x00, 0x00, 0x00, 0x06, 0x00, 0x00,
  0x00, 0x06, 0x00, 0x00, 0x00, 0x06, 0x00, 0x00, 0x00, 0x0e, 0x00, 0x00, 0x00, 0xfc, 0x3f, 0x00,
  0x00, 0xf8, 0x3f, 0x00, 0x00, 0x00, 0x00, 0x00, 0x00, 0x00, 0x00, 0x60, 0xfe, 0x3f, 0x00, 0x60,
  0xfe, 0x3f, 0x00, 0x00, 0x00, 0x04, 0x00, 0x00, 0x00, 0x06, 0x00, 0x00, 0x00, 0x07, 0x60, 0xfe,
  0xff, 0x07, 0x60, 0xfe, 0xff, 0x01, 0x00, 0x00, 0x00, 0x00, 0x00, 0x00, 0x00, 0x00, 0xe0, 0xff,
  0x3f, 0x00, 0xe0, 0xff, 0x3f, 0x00, 0x00, 0xc0, 0x01, 0x00, 0x00, 0xe0, 0x00, 0x00, 0x00, 0xf0,
  0x03, 0x00, 0x00, 0x38, 0x07, 0x00, 0x00, 0x1c, 0x1e, 0x00, 0x00, 0x06, 0x38, 0x00, 0x00, 0x02,
  0x30, 0x00, 0x00, 0x00, 0x20, 0x00, 0x00, 0x00, 0x00, 0x00, 0x00, 0x00, 0x00, 0xe0, 0xff, 0x3f,
  0x00, 0xe0, 0xff, 0x3f, 0x00, 0x00, 0x00, 0x00, 0x00, 0x00, 0x00, 0x00, 0x00, 0xfe, 0x3f, 0x00,
  0x00, 0xfe, 0x3f, 0x00, 0x00, 0x0c, 0x00, 0x00, 0x00, 0x06, 0x00, 0x00, 0x00, 0x06, 0x00, 0x00,
  0x00, 0x06, 0x00, 0x00, 0x00, 0x06, 0x00, 0x00, 0x00, 0xfc, 0x3f, 0x00, 0x00, 0xf8, 0x3f, 0x00,
  0x00, 0x08, 0x00, 0x00, 0x00, 0x04, 0x00, 0x00, 0x00, 0x06, 0x00, 0x00, 0x00, 0x06, 0x00, 0x00,
  0x00, 0x06, 0x00, 0x00, 0x00, 0xfe, 0x3f, 0x00, 0x00, 0xfc, 0x3f, 0x00, 0x00, 0x00, 0x00, 0x00,
  0x00, 0x00, 0x00, 0x00, 0xfe, 0x3f, 0x00, 0x00, 0xfe, 0x3f, 0x00, 0x00, 0x0c, 0x00, 0x00, 0x00,
  0x04, 0x00, 0x00, 0x00, 0x06, 0x00, 0x00, 0x00, 0x06, 0x00, 0x00, 0x00, 0x06, 0x00, 0x00, 0x00,
  0x0e, 0x00, 0x00, 0x00, 0xfc, 0x3f, 0x00, 0x00, 0xf8, 0x3f, 0x00, 0x00, 0x00, 0x00, 0x00, 0xf0,
  0x07, 0x00, 0x00, 0xf8, 0x0f, 0x00, 0x00, 0x1c, 0x1c, 0x00, 0x00, 0x06, 0x30, 0x00, 0x00, 0x06,
  0x30, 0x00, 0x00, 0x06, 0x30, 0x00, 0x00, 0x06, 0x30, 0x00, 0x00, 0x06, 0x30, 0x00, 0x00, 0x0c,
  0x18, 0x00, 0x00, 0xfc, 0x1f, 0x00, 0x00, 0xf8, 0x07, 0x00, 0x00, 0x00, 0x00, 0x00, 0x00, 0x00,
  0x00, 0x00, 0xfe, 0xff, 0x07, 0x00, 0xfe, 0xff, 0x07, 0x00, 0x0c, 0x18, 0x00, 0x00, 0x06, 0x30,
  0x00, 0x00, 0x06, 0x30, 0x00, 0x00, 0x06, 0x30, 0x00, 0x00, 0x06, 0x30, 0x00, 0x00, 0x0e, 0x38,
  0x00, 0x00, 0xfc, 0x1f, 0x00, 0x00, 0xf8, 0x0f, 0x00, 0x00, 0x00, 0x00, 0x00, 0xf0, 0x07, 0x00,
  0x00, 0xfc, 0x1f, 0x00, 0x00, 0x1c, 0x3c, 0x00, 0x00, 0x06, 0x30, 0x00, 0x00, 0x06, 0x30, 0x00,
  0x00, 0x06, 0x30, 0x00, 0x00, 0x06, 0x30, 0x00, 0x00, 0x04, 0x18, 0x00, 0x00, 0x3c, 0x0e, 0x00,
  0x00, 0xfe, 0xff, 0x07, 0x00, 0xfe, 0xff, 0x07, 0x00, 0x00, 0x00, 0x00, 0x00, 0x00, 0x00, 0x00,
  0x00, 0xfe, 0x3f, 0x00, 0x00, 0xfe, 0x3f, 0x00, 0x00, 0x0c, 0x00, 0x00, 0x00, 0x06, 0x00, 0x00,
  0x00, 0x06, 0x00, 0x00, 0x00, 0x06, 0x00, 0x00, 0x00, 0x00, 0x00, 0x38, 0x08, 0x00, 0x00, 0x7c,
  0x18, 0x00, 0x00, 0x6e, 0x30, 0x00, 0x00, 0xc6, 0x30, 0x00, 0x00, 0xc6, 0x30, 0x00, 0x00, 0xc6,
  0x30, 0x00, 0x00, 0x86, 0x31, 0x00, 0x00, 0x86, 0x31, 0x00, 0x00, 0x8c, 0x1f, 0x00, 0x00, 0x08,
  0x0f, 0x00, 0x02, 0x00, 0x00, 0x00, 0x06, 0x00, 0x00, 0xc0, 0xff, 0x1f, 0x00, 0xc0, 0xff, 0x3f,
  0x00, 0x00, 0x06, 0x30, 0x00, 0x00, 0x06, 0x30, 0x00, 0x00, 0x00, 0x00, 0x00, 0x00, 0x00, 0x00,
  0x00, 0xfe, 0x1f, 0x00, 0x00, 0xfe, 0x3f, 0x00, 0x00, 0x00, 0x30, 0x00, 0x00, 0x00, 0x30, 0x00,
  0x00, 0x00, 0x30, 0x00, 0x00, 0x00, 0x30, 0x00, 0x00, 0x00, 0x18, 0x00, 0x00, 0x00, 0x0e, 0x00,
  0x00, 0xfe, 0x3f, 0x00, 0x00, 0xfe, 0x3f, 0x00, 0x02, 0x00, 0x00, 0x00, 0x1e, 0x00, 0x00, 0x00,
  0xfc, 0x00, 0x00, 0x00, 0xe0, 0x07, 0x00, 0x00, 0x00, 0x1f, 0x00, 0x00, 0x00, 0x38, 0x00, 0x00,
  0x00, 0x3c, 0x00, 0x00, 0x80, 0x1f, 0x00, 0x00, 0xe0, 0x03, 0x00, 0x00, 0xfc, 0x00, 0x00, 0x00,
  0x1e, 0x00, 0x00, 0x00, 0x02, 0x00, 0x06, 0x00, 0x00, 0x00, 0x7e, 0x00, 0x00, 0x00, 0xf8, 0x03,
  0x00, 0x00, 0x80, 0x3f, 0x00, 0x00, 0x00, 0x38, 0x00, 0x00, 0x00, 0x3e, 0x00, 0x00, 0xe0, 0x0f,
  0x00, 0x00, 0xfe, 0x00, 0x00, 0x00, 0x0e, 0x00, 0x00, 0x00, 0x3e, 0x00, 0x00, 0x00, 0xf0, 0x07,
  0x00, 0x00, 0x00, 0x3f, 0x00, 0x00, 0x00, 0x38, 0x00, 0x00, 0x00, 0x3f, 0x00, 0x00, 0xf0, 0x07,
  0x00, 0x00, 0xfe, 0x00, 0x00, 0x00, 0x0e, 0x00, 0x00, 0x00, 0x00, 0x00, 0x02, 0x30, 0x00, 0x00,
  0x0e, 0x38, 0x00, 0x00, 0x1c, 0x1e, 0x00, 0x00, 0x70, 0x07, 0x00, 0x00, 0xe0, 0x01, 0x00, 0x00,
  0xe0, 0x01, 0x00, 0x00, 0x70, 0x07, 0x00, 0x00, 0x1c, 0x1e, 0x00, 0x00, 0x0e, 0x38, 0x00, 0x00,
  0x02, 0x30, 0x00, 0x02, 0x00, 0x00, 0x00, 0x1e, 0x00, 0x06, 0x00, 0x7c, 0x00, 0x06, 0x00, 0xf0,
  0x03, 0x06, 0x00, 0x80, 0x8f, 0x03, 0x00, 0x00, 0xfc, 0x01, 0x00, 0x00, 0x78, 0x00, 0x00, 0x00,
  0x1f, 0x00, 0x00, 0xe0, 0x03, 0x00, 0x00, 0xfc, 0x00, 0x00, 0x00, 0x1e, 0x00, 0x00, 0x00, 0x02,
  0x00, 0x00, 0x00, 0x00, 0x00, 0x02, 0x30, 0x00, 0x00, 0x06, 0x3c, 0x00, 0x00, 0x06, 0x3e, 0x00,
  0x00, 0x06, 0x37, 0x00, 0x00, 0xc6, 0x33, 0x00, 0x00, 0xe6, 0x30, 0x00, 0x00, 0x7e, 0x30, 0x00,
  0x00, 0x1e, 0x30, 0x00, 0x00, 0x0e, 0x30, 0x00, 0x00, 0x06, 0x30, 0x00, 0x80, 0x00, 0x00, 0x00,
  0x80, 0x01, 0x00, 0x00, 0xc0, 0x03, 0x00, 0xc0, 0x7f, 0xff, 0x03, 0xe0, 0x3f, 0xfe, 0x07, 0x60,
  0x00, 0x00, 0x06, 0x60, 0x00, 0x00, 0x06, 0x20, 0x00, 0x00, 0x04, 0x00, 0x00, 0x00, 0x00, 0x00,
  0x00, 0x00, 0x00, 0xe0, 0xff, 0xff, 0x07, 0xe0, 0xff, 0xff, 0x07, 0x20, 0x00, 0x00, 0x04, 0x60,
  0x00, 0x00, 0x06, 0x60, 0x00, 0x00, 0x06, 0xe0, 0x3f, 0xfe, 0x07, 0xc0, 0x7f, 0xff, 0x03, 0x00,
  0xc0, 0x03, 0x00, 0x00, 0x80, 0x01, 0x00, 0x00, 0x80, 0x00, 0x00, 0x00, 0x00, 0x00, 0x60, 0x00,
  0x00, 0x00, 0x30, 0x00, 0x00, 0x00, 0x30, 0x00, 0x00, 0x00, 0x30, 0x00, 0x00, 0x00, 0x30, 0x00,
  0x00, 0x00, 0x60, 0x00, 0x00, 0x00, 0x60, 0x00, 0x00, 0x00, 0xc0, 0x00, 0x00, 0x00, 0xc0, 0x00,
  0x00, 0x00, 0xc0, 0x00, 0x00, 0x00, 0xc0, 0x00, 0x00, 0x00, 0x60, 0x00, 0x00, 0x00, 0x00, 0x00,
  0x00, 0x00, 0x00, 0x00, 0x00, 0x00, 0x00, 0x00, 0xce, 0xff, 0x03, 0x00, 0xce, 0xff, 0x03, 0x00,
  0x00, 0x00, 0x00, 0x00, 0x00, 0x00, 0x00, 0x00, 0xfc, 0x03, 0x00, 0x00, 0xff, 0x07, 0x00, 0x00,
  0x03, 0x0e, 0x00, 0x80, 0x01, 0x0c, 0x00, 0xc0, 0xff, 0x3f, 0x00, 0xc0, 0xff, 0x3f, 0x00, 0x80,
  0x01, 0x0c, 0x00, 0x00, 0x07, 0x0e, 0x00, 0x00, 0x06, 0x07, 0x00, 0x00, 0x04, 0x03, 0x00, 0x00,
  0x00, 0x00, 0x00, 0x30, 0x30, 0x00, 0x00, 0x30, 0x3c, 0x00, 0x80, 0xff, 0x3f, 0x00, 0xc0, 0xff,
  0x33, 0x00, 0xe0, 0x30, 0x30, 0x00, 0x60, 0x30, 0x30, 0x00, 0x60, 0x30, 0x30, 0x00, 0x60, 0x30,
  0x30, 0x00, 0xe0, 0x10, 0x30, 0x00, 0xc0, 0x00, 0x38, 0x00, 0x80, 0x00, 0x1c, 0x00, 0x00, 0x00,
  0x0c, 0x00, 0x00, 0x00, 0x00, 0x00, 0x00, 0x00, 0x00, 0x00, 0xfe, 0x07, 0x00, 0x00, 0xfc, 0x03,
  0x00, 0x00, 0x0c, 0x03, 0x00, 0x00, 0x06, 0x06, 0x00, 0x00, 0x06, 0x06, 0x00, 0x00, 0x06, 0x06,
  0x00, 0x00, 0x06, 0x06, 0x00, 0x00, 0x0c, 0x03, 0x00, 0x00, 0xfe, 0x07, 0x00, 0x00, 0xf0, 0x04,
  0x20, 0x00, 0x00, 0x00, 0xe0, 0x40, 0x02, 0x00, 0xe0, 0x43, 0x02, 0x00, 0x80, 0x47, 0x02, 0x00,
  0x00, 0x5e, 0x02, 0x00, 0x00, 0xf8, 0x06, 0x00, 0x00, 0xe0, 0x3f, 0x00, 0x00, 0xf0, 0x3f, 0x00,
  0x00, 0x7c, 0x02, 0x00, 0x00, 0x4f, 0x02, 0x00, 0xc0, 0x43, 0x02, 0x00, 0xe0, 0x40, 0x02, 0x00,
  0x60, 0x00, 0x00, 0x00, 0x00, 0x00, 0x00, 0x00, 0x00, 0xe0, 0x3f, 0xfc, 0x07, 0xe0, 0x3f, 0xfc,
  0x07, 0x00, 0x00, 0x00, 0x00, 0x00, 0x00, 0x00, 0x00, 0x80, 0xe3, 0x60, 0x00, 0xc0, 0xf7, 0x61,
  0x00, 0x60, 0x1c, 0xc1, 0x00, 0x60, 0x0c, 0xc3, 0x00, 0x60, 0x08, 0xc2, 0x00, 0x60, 0x08, 0xc2,
  0x00, 0x60, 0x18, 0xc6, 0x00, 0xc0, 0x10, 0xc7, 0x00, 0xc0, 0xf0, 0x7d, 0x00, 0x80, 0xe0, 0x38,
  0x00, 0x00, 0x00, 0x00, 0xc0, 0x00, 0x00, 0x00, 0x00, 0x00, 0x00, 0x00, 0x00, 0x00, 0x00, 0x00,
  0x00, 0x00, 0x00, 0x00, 0xc0, 0x00, 0x00, 0x00, 0xc0, 0x00, 0x70, 0x00, 0x00, 0x00, 0xfe, 0x03,
  0x00, 0x00, 0x03, 0x06, 0x00, 0x80, 0x00, 0x08, 0x00, 0xc0, 0x70, 0x18, 0x00, 0x40, 0xfc, 0x11,
  0x00, 0x60, 0x06, 0x31, 0x00, 0x20, 0x06, 0x23, 0x00, 0x20, 0x02, 0x22, 0x00, 0x20, 0x02, 0x22,
  0x00, 0x20, 0x06, 0x23, 0x00, 0x60, 0x8c, 0x31, 0x00, 0x40, 0x80, 0x10, 0x00, 0xc0, 0x00, 0x18,
  0x00, 0x80, 0x01, 0x0c, 0x00, 0x00, 0x03, 0x06, 0x00, 0x00, 0xfc, 0x01, 0x00, 0x08, 0x00, 0x00,
  0xc0, 0x3c, 0x00, 0x00, 0xe0, 0x36, 0x00, 0x00, 0x20, 0x22, 0x00, 0x00, 0x20, 0x32, 0x00, 0x00,
  0x60, 0x12, 0x00, 0x00, 0xc0, 0x1f, 0x00, 0x00, 0x80, 0x3f, 0x00, 0x00, 0x00, 0x20, 0x00, 0x00,
  0x00, 0x00, 0x00, 0x80, 0x00, 0x00, 0x00, 0xc0, 0x01, 0x00, 0x00, 0x70, 0x07, 0x00, 0x00, 0x38,
  0x0e, 0x00, 0x00, 0x18, 0x0c, 0x00, 0x00, 0x88, 0x08, 0x00, 0x00, 0xc0, 0x01, 0x00, 0x00, 0xe0,
  0x03, 0x00, 0x00, 0x30, 0x06, 0x00, 0x00, 0x18, 0x0c, 0x00, 0x00, 0x08, 0x08, 0x00, 0x00, 0x00,
  0x00, 0x00, 0x60, 0x00, 0x00, 0x00, 0x60, 0x00, 0x00, 0x00, 0x60, 0x00, 0x00, 0x00, 0x60, 0x00,
  0x00, 0x00, 0x60, 0x00, 0x00, 0x00, 0x60, 0x00, 0x00, 0x00, 0x60, 0x00, 0x00, 0x00, 0x60, 0x00,
  0x00, 0x00, 0x60, 0x00, 0x00, 0x00, 0x60, 0x00, 0x00, 0x00, 0xe0, 0x0f, 0x00, 0x00, 0xe0, 0x0f,
  0x00, 0x00, 0x00, 0x00, 0x00, 0x80, 0x01, 0x00, 0x00, 0x80, 0x01, 0x00, 0x00, 0x80, 0x01, 0x00,
  0x00, 0x80, 0x01, 0x00, 0x00, 0x80, 0x01, 0x00, 0x00, 0x80, 0x01, 0x00, 0x70, 0x00, 0x00, 0x00,
  0xfe, 0x03, 0x00, 0x00, 0x03, 0x06, 0x00, 0x80, 0x00, 0x08, 0x00, 0xc0, 0x00, 0x18, 0x00, 0x40,
  0xfe, 0x13, 0x00, 0x60, 0xfe, 0x33, 0x00, 0x20, 0x22, 0x20, 0x00, 0x20, 0x22, 0x20, 0x00, 0x20,
  0x62, 0x20, 0x00, 0x20, 0xe6, 0x21, 0x00, 0x60, 0x1c, 0x33, 0x00, 0x40, 0x00, 0x12, 0x00, 0xc0,
  0x00, 0x18, 0x00, 0x80, 0x01, 0x0c, 0x00, 0x00, 0x03, 0x06, 0x00, 0x00, 0xfc, 0x01, 0x10, 0x00,
  0x00, 0x00, 0x10, 0x00, 0x00, 0x00, 0x10, 0x00, 0x00, 0x00, 0x10, 0x00, 0x00, 0x00, 0x10, 0x00,
  0x00, 0x00, 0x10, 0x00, 0x00, 0x00, 0x10, 0x00, 0x00, 0x00, 0x10, 0x00, 0x00, 0x00, 0x10, 0x00,
  0x00, 0x00, 0x10, 0x00, 0x00, 0x00, 0x10, 0x00, 0x00, 0x00, 0x10, 0x00, 0x00, 0x00, 0x10, 0x00,
  0x00, 0x00, 0x00, 0x00, 0x01, 0x00, 0x00, 0xc0, 0x07, 0x00, 0x00, 0x60, 0x0c, 0x00, 0x00, 0x20,
  0x08, 0x00, 0x00, 0x20, 0x08, 0x00, 0x00, 0x40, 0x04, 0x00, 0x00, 0x80, 0x03, 0x00, 0x00, 0x00,
  0x00, 0x00, 0x30, 0x30, 0x00, 0x00, 0x30, 0x30, 0x00, 0x00, 0x30, 0x30, 0x00, 0x00, 0x30, 0x30,
  0x00, 0x00, 0x30, 0x30, 0x00, 0x80, 0xff, 0x33, 0x00, 0x00, 0x30, 0x30, 0x00, 0x00, 0x30, 0x30,
  0x00, 0x00, 0x30, 0x30, 0x00, 0x00, 0x30, 0x30, 0x00, 0x00, 0x30, 0x30, 0x00, 0x40, 0x00, 0x00,
  0xc0, 0x70, 0x00, 0x00, 0x60, 0x78, 0x00, 0x00, 0x20, 0x48, 0x00, 0x00, 0x20, 0x4c, 0x00, 0x00,
  0x60, 0x46, 0x00, 0x00, 0xc0, 0x43, 0x00, 0x00, 0x00, 0x40, 0x00, 0x00, 0x00, 0x00, 0xc0, 0x30,
  0x00, 0x00, 0x60, 0x60, 0x00, 0x00, 0x20, 0x42, 0x00, 0x00, 0x20, 0x42, 0x00, 0x00, 0x60, 0x67,
  0x00, 0x00, 0xc0, 0x3d, 0x00, 0x00, 0x00, 0x00, 0x80, 0x00, 0x00, 0x00, 0x60, 0x00, 0x00, 0x00,
  0x70, 0x00, 0x00, 0x00, 0x30, 0x00, 0x00, 0x00, 0x10, 0x00, 0x00, 0x00, 0x00, 0x00, 0x00, 0x00,
  0x00, 0x00, 0xfe, 0xff, 0x07, 0x00, 0xfe, 0xff, 0x07, 0x00, 0x00, 0x30, 0x00, 0x00, 0x00, 0x30,
  0x00, 0x00, 0x00, 0x30, 0x00, 0x00, 0x00, 0x30, 0x00, 0x00, 0x00, 0x10, 0x00, 0x00, 0x00, 0x0e,
  0x00, 0x00, 0xfe, 0x3f, 0x00, 0x00, 0xfe, 0x3f, 0x00, 0x00, 0x00, 0x30, 0x00, 0x00, 0x00, 0x00,
  0x80, 0x0f, 0x00, 0x00, 0xc0, 0x1f, 0x00, 0x00, 0xe0, 0x3f, 0x00, 0x00, 0xe0, 0x3f, 0x00, 0x00,
  0xe0, 0xff, 0xff, 0x01, 0xe0, 0xff, 0xff, 0x01, 0x20, 0x00, 0x00, 0x00, 0x20, 0x00, 0x00, 0x00,
  0xe0, 0xff, 0xff, 0x01, 0x20, 0x00, 0x00, 0x00, 0x20, 0x00, 0x00, 0x00, 0x00, 0x00, 0x00, 0x00,
  0x00, 0x00, 0x00, 0x00, 0x00, 0x00, 0xe0, 0x00, 0x00, 0x00, 0xe0, 0x00, 0x00, 0x00, 0x00, 0x00,
  0x00, 0x00, 0x04, 0x00, 0x00, 0xc0, 0x04, 0x00, 0x00, 0xc0, 0x04, 0x00, 0x00, 0x80, 0x07, 0x00,
  0x00, 0x00, 0x01, 0x00, 0x00, 0x00, 0x00, 0xc0, 0x40, 0x00, 0x00, 0x40, 0x40, 0x00, 0x00, 0xe0,
  0x7f, 0x00, 0x00, 0xe0, 0x7f, 0x00, 0x00, 0x00, 0x40, 0x00, 0x00, 0x00, 0x40, 0x00, 0x07, 0x00,
  0x00, 0xc0, 0x1f, 0x00, 0x00, 0x60, 0x30, 0x00, 0x00, 0x20, 0x20, 0x00, 0x00, 0x20, 0x20, 0x00,
  0x00, 0x60, 0x30, 0x00, 0x00, 0xe0, 0x38, 0x00, 0x00, 0xc0, 0x1f, 0x00, 0x00, 0x00, 0x00, 0x00,
  0x08, 0x08, 0x00, 0x00, 0x18, 0x0c, 0x00, 0x00, 0x30, 0x06, 0x00, 0x00, 0x60, 0x03, 0x00, 0x00,
  0xc0, 0x01, 0x00, 0x00, 0x80, 0x00, 0x00, 0x00, 0x08, 0x08, 0x00, 0x00, 0x38, 0x0c, 0x00, 0x00,
  0x70, 0x07, 0x00, 0x00, 0xe0, 0x03, 0x00, 0x00, 0xc0, 0x01, 0x00, 0x00, 0x00, 0x00, 0xc0, 0x40,
  0x00, 0x00, 0x60, 0x40, 0x00, 0x00, 0xe0, 0x7f, 0x00, 0x00, 0xe0, 0x7f, 0x20, 0x00, 0x00, 0x40,
  0x30, 0x00, 0x00, 0x40, 0x1c, 0x00, 0x00, 0x00, 0x07, 0x00, 0x00, 0x80, 0x03, 0x00, 0x00, 0xe0,
  0x00, 0x00, 0x00, 0x38, 0x00, 0x00, 0x00, 0x1c, 0x08, 0x00, 0x00, 0x07, 0x0e, 0x00, 0xc0, 0x01,
  0x0b, 0x00, 0xe0, 0xc0, 0x08, 0x00, 0x20, 0x60, 0x08, 0x00, 0x00, 0xf0, 0x3f, 0x00, 0x00, 0xf0,
  0x3f, 0x00, 0x00, 0x00, 0x08, 0x00, 0x00, 0x00, 0x00, 0xc0, 0x40, 0x00, 0x00, 0x60, 0x40, 0x00,
  0x00, 0xe0, 0x7f, 0x00, 0x00, 0xe0, 0x7f, 0x20, 0x00, 0x00, 0x40, 0x30, 0x00, 0x00, 0x40, 0x1c,
  0x00, 0x00, 0x00, 0x07, 0x00, 0x00, 0x80, 0x03, 0x00, 0x00, 0xe0, 0x00, 0x00, 0x00, 0x38, 0x00,
  0x00, 0x00, 0x1c, 0x00, 0x00, 0x00, 0x07, 0x20, 0x00, 0xc0, 0x61, 0x38, 0x00, 0xe0, 0x30, 0x3c,
  0x00, 0x20, 0x10, 0x24, 0x00, 0x00, 0x10, 0x22, 0x00, 0x00, 0xb0, 0x23, 0x00, 0x00, 0xe0, 0x21,
  0x00, 0x00, 0x00, 0x00, 0x80, 0x30, 0x00, 0x00, 0xc0, 0x60, 0x00, 0x00, 0x60, 0x40, 0x00, 0x00,
  0x20, 0x42, 0x00, 0x00, 0x20, 0x46, 0x30, 0x00, 0xe0, 0x7f, 0x1c, 0x00, 0xc0, 0x38, 0x0e, 0x00,
  0x00, 0x80, 0x03, 0x00, 0x00, 0xe0, 0x00, 0x00, 0x00, 0x70, 0x00, 0x00, 0x00, 0x1c, 0x08, 0x00,
  0x00, 0x07, 0x0e, 0x00, 0x80, 0x03, 0x0b, 0x00, 0xe0, 0xc0, 0x08, 0x00, 0x20, 0x60, 0x08, 0x00,
  0x00, 0xf0, 0x3f, 0x00, 0x00, 0xf0, 0x3f, 0x00, 0x00, 0x00, 0x08, 0x00, 0x00, 0x00, 0x00, 0x00,
  0x00, 0x00, 0x00, 0x00, 0x00, 0xf8, 0x00, 0x00, 0x00, 0xfc, 0x01, 0x00, 0x00, 0x86, 0x03, 0x00,
  0x00, 0x03, 0x03, 0x00, 0x80, 0x03, 0x03, 0x00, 0xce, 0x01, 0x03, 0x00, 0x4e, 0x00, 0x03, 0x00,
  0x00, 0x80, 0x03, 0x00, 0x00, 0xc0, 0x01, 0x00, 0x00, 0xe0, 0x00, 0x00, 0x00, 0x60, 0x00, 0x00,
  0x20, 0x00, 0x00, 0x00, 0x3c, 0x00, 0x00, 0x00, 0x3f, 0x00, 0x00, 0xe0, 0x07, 0x00, 0x00, 0xf8,
  0x01, 0x00, 0x02, 0xbf, 0x01, 0x00, 0xc2, 0x87, 0x01, 0x00, 0xe6, 0x80, 0x01, 0x00, 0xec, 0x80,
  0x01, 0x00, 0xe8, 0x87, 0x01, 0x00, 0x00, 0x9f, 0x01, 0x00, 0x00, 0xf8, 0x01, 0x00, 0x00, 0xe0,
  0x07, 0x00, 0x00, 0x00, 0x3f, 0x00, 0x00, 0x00, 0x3c, 0x00, 0x00, 0x00, 0x20, 0x00, 0x00, 0x20,
  0x00, 0x00, 0x00, 0x3c, 0x00, 0x00, 0x00, 0x3f, 0x00, 0x00, 0xe0, 0x07, 0x00, 0x00, 0xf8, 0x01,
  0x00, 0x00, 0xbf, 0x01, 0x00, 0xc0, 0x87, 0x01, 0x00, 0xe8, 0x80, 0x01, 0x00, 0xe6, 0x80, 0x01,
  0x00, 0xe6, 0x87, 0x01, 0x00, 0x02, 0x9f, 0x01, 0x00, 0x00, 0xf8, 0x01, 0x00, 0x00, 0xe0, 0x07,
  0x00, 0x00, 0x00, 0x3f, 0x00, 0x00, 0x00, 0x3c, 0x00, 0x00, 0x00, 0x20, 0x00, 0x00, 0x20, 0x00,
  0x00, 0x00, 0x3c, 0x00, 0x00, 0x00, 0x3f, 0x00, 0x00, 0xe0, 0x07, 0x00, 0x08, 0xf8, 0x01, 0x00,
  0x0c, 0xbf, 0x01, 0x00, 0xc6, 0x87, 0x01, 0x00, 0xe6, 0x80, 0x01, 0x00, 0xe6, 0x80, 0x01, 0x00,
  0xe6, 0x87, 0x01, 0x00, 0x0c, 0x9f, 0x01, 0x00, 0x08, 0xf8, 0x01, 0x00, 0x00, 0xe0, 0x07, 0x00,
  0x00, 0x00, 0x3f, 0x00, 0x00, 0x00, 0x3c, 0x00, 0x00, 0x00, 0x20, 0x00, 0x00, 0x20, 0x00, 0x00,
  0x00, 0x3c, 0x00, 0x00, 0x00, 0x3f, 0x00, 0x00, 0xe0, 0x07, 0x00, 0x0c, 0xf8, 0x01, 0x00, 0x06,
  0xbf, 0x01, 0x00, 0xc6, 0x87, 0x01, 0x00, 0xe6, 0x80, 0x01, 0x00, 0xec, 0x80, 0x01, 0x00, 0xec,
  0x87, 0x01, 0x00, 0x0c, 0x9f, 0x01, 0x00, 0x06, 0xf8, 0x01, 0x00, 0x00, 0xe0, 0x07, 0x00, 0x00,
  0x00, 0x3f, 0x00, 0x00, 0x00, 0x3c, 0x00, 0x00, 0x00, 0x20, 0x00, 0x00, 0x20, 0x00, 0x00, 0x00,
  0x3c, 0x00, 0x00, 0x00, 0x3f, 0x00, 0x00, 0xe0, 0x07, 0x00, 0x00, 0xf8, 0x01, 0x00, 0x0c, 0xbf,
  0x01, 0x00, 0xcc, 0x87, 0x01, 0x00, 0xe0, 0x80, 0x01, 0x00, 0xe0, 0x80, 0x01, 0x00, 0xec, 0x87,
  0x01, 0x00, 0x0c, 0x9f, 0x01, 0x00, 0x00, 0xf8, 0x01, 0x00, 0x00, 0xe0, 0x07, 0x00, 0x00, 0x00,
  0x3f, 0x00, 0x00, 0x00, 0x3c, 0x00, 0x00, 0x00, 0x20, 0x00, 0x00, 0x20, 0x00, 0x00, 0x00, 0x3c,
  0x00, 0x00, 0x00, 0x3f, 0x00, 0x00, 0xe0, 0x07, 0x00, 0x00, 0xf8, 0x01, 0x00, 0x18, 0xbf, 0x01,
  0x00, 0xfc, 0x87, 0x01, 0x00, 0xe6, 0x80, 0x01, 0x00, 0xe6, 0x80, 0x01, 0x00, 0xf4, 0x87, 0x01,
  0x00, 0x18, 0x9f, 0x01, 0x00, 0x00, 0xf8, 0x01, 0x00, 0x00, 0xe0, 0x07, 0x00, 0x00, 0x00, 0x3f,
  0x00, 0x00, 0x00, 0x3c, 0x00, 0x00, 0x00, 0x20, 0x00, 0x00, 0x00, 0x00, 0x00, 0x00, 0x38, 0x00,
  0x00, 0x00, 0x3e, 0x00, 0x00, 0x80, 0x0f, 0x00, 0x00, 0xe0, 0x03, 0x00, 0x00, 0xf8, 0x01, 0x00,
  0x00, 0x9e, 0x01, 0x00, 0x80, 0x87, 0x01, 0x00, 0xe0, 0x81, 0x01, 0x00, 0x60, 0x80, 0x01, 0x00,
  0x60, 0x80, 0x01, 0x00, 0xe0, 0xff, 0x3f, 0x00, 0xe0, 0xff, 0x3f, 0x00, 0xe0, 0xff, 0x3f, 0x00,
  0x60, 0x30, 0x30, 0x00, 0x60, 0x30, 0x30, 0x00, 0x60, 0x30, 0x30, 0x00, 0x60, 0x30, 0x30, 0x00,
  0x60, 0x30, 0x30, 0x00, 0x60, 0x30, 0x30, 0x00, 0x60, 0x30, 0x30, 0x00, 0x60, 0x30, 0x30, 0x00,
  0x00, 0x00, 0x30, 0x00, 0x00, 0x00, 0x00, 0x00, 0xf8, 0x00, 0x00, 0x00, 0xff, 0x03, 0x00, 0x80,
  0xff, 0x0f, 0x00, 0xc0, 0x01, 0x1e, 0x00, 0xc0, 0x00, 0x18, 0x00, 0x60, 0x00, 0x38, 0x00, 0x60,
  0x00, 0x30, 0x04, 0x60, 0x00, 0xf0, 0x04, 0x60, 0x00, 0xf0, 0x04, 0x60, 0x00, 0xb0, 0x07, 0x60,
  0x00, 0x30, 0x01, 0xc0, 0x00, 0x18, 0x00, 0xc0, 0x01, 0x1c, 0x00, 0x80, 0x03, 0x0e, 0x00, 0x00,
  0x03, 0x06, 0x00, 0x00, 0x00, 0x00, 0x00, 0x00, 0x00, 0x00, 0xe0, 0xff, 0x3f, 0x00, 0xe0, 0xff,
  0x3f, 0x00, 0x60, 0x30, 0x30, 0x00, 0x62, 0x30, 0x30, 0x00, 0x62, 0x30, 0x30, 0x00, 0x66, 0x30,
  0x30, 0x00, 0x6c, 0x30, 0x30, 0x00, 0x68, 0x30, 0x30, 0x00, 0x60, 0x30, 0x30, 0x00, 0x60, 0x30,
  0x30, 0x00, 0x60, 0x30, 0x30, 0x00, 0x60, 0x30, 0x30, 0x00, 0x20, 0x00, 0x30, 0x00, 0x00, 0x00,
  0x00, 0x00, 0x00, 0x00, 0x00, 0xe0, 0xff, 0x3f, 0x00, 0xe0, 0xff, 0x3f, 0x00, 0x60, 0x30, 0x30,
  0x00, 0x60, 0x30, 0x30, 0x00, 0x60, 0x30, 0x30, 0x00, 0x68, 0x30, 0x30, 0x00, 0x64, 0x30, 0x30,
  0x00, 0x66, 0x30, 0x30, 0x00, 0x62, 0x30, 0x30, 0x00, 0x60, 0x30, 0x30, 0x00, 0x60, 0x30, 0x30,
  0x00, 0x60, 0x30, 0x30, 0x00, 0x20, 0x00, 0x30, 0x00, 0x00, 0x00, 0x00, 0x00, 0x00, 0x00, 0x00,
  0xe0, 0xff, 0x3f, 0x00, 0xe0, 0xff, 0x3f, 0x00, 0x60, 0x30, 0x30, 0x00, 0x68, 0x30, 0x30, 0x00,
  0x64, 0x30, 0x30, 0x00, 0x66, 0x30, 0x30, 0x00, 0x66, 0x30, 0x30, 0x00, 0x66, 0x30, 0x30, 0x00,
  0x6c, 0x30, 0x30, 0x00, 0x68, 0x30, 0x30, 0x00, 0x60, 0x30, 0x30, 0x00, 0x60, 0x30, 0x30, 0x00,
  0x20, 0x00, 0x30, 0x00, 0x00, 0x00, 0x00, 0x00, 0x00, 0x00, 0x00, 0xe0, 0xff, 0x3f, 0x00, 0xe0,
  0xff, 0x3f, 0x00, 0x60, 0x30, 0x30, 0x00, 0x6c, 0x30, 0x30, 0x00, 0x6c, 0x30, 0x30, 0x00, 0x60,
  0x30, 0x30, 0x00, 0x60, 0x30, 0x30, 0x00, 0x60, 0x30, 0x30, 0x00, 0x6c, 0x30, 0x30, 0x00, 0x60,
  0x30, 0x30, 0x00, 0x60, 0x30, 0x30, 0x00, 0x60, 0x30, 0x30, 0x00, 0x20, 0x00, 0x30, 0x02, 0x00,
  0x00, 0x00, 0x02, 0x00, 0x00, 0x00, 0xe6, 0xff, 0x3f, 0x00, 0xec, 0xff, 0x3f, 0x00, 0x08, 0x00,
  0x00, 0x00, 0x00, 0x00, 0x00, 0x00, 0x00, 0xe8, 0xff, 0x3f, 0x00, 0xec, 0xff, 0x3f, 0x00, 0x06,
  0x00, 0x00, 0x00, 0x02, 0x08, 0x00, 0x00, 0x00, 0x0c, 0x00, 0x00, 0x00, 0xe6, 0xff, 0x3f, 0x00,
  0xe6, 0xff, 0x3f, 0x00, 0x06, 0x00, 0x00, 0x00, 0x0c, 0x00, 0x00, 0x00, 0x08, 0x0c, 0x00, 0x00,
  0x00, 0x0c, 0x00, 0x00, 0x00, 0xe0, 0xff, 0x3f, 0x00, 0xe0, 0xff, 0x3f, 0x00, 0x00, 0x00, 0x00,
  0x00, 0x0c, 0x00, 0x00, 0x00, 0x0c, 0x00, 0x30, 0x00, 0x00, 0x00, 0x30, 0x00, 0x00, 0xe0, 0xff,
  0x3f, 0x00, 0xe0, 0xff, 0x3f, 0x00, 0x60, 0x30, 0x30, 0x00, 0x60, 0x30, 0x30, 0x00, 0x60, 0x30,
  0x30, 0x00, 0x60, 0x30, 0x30, 0x00, 0x60, 0x30, 0x30, 0x00, 0x60, 0x00, 0x30, 0x00, 0x60, 0x00,
  0x30, 0x00, 0xc0, 0x00, 0x18, 0x00, 0xc0, 0x01, 0x1c, 0x00, 0x80, 0x07, 0x0f, 0x00, 0x00, 0xff,
  0x07, 0x00, 0x00, 0xfc, 0x01, 0x00, 0x00, 0x00, 0x00, 0x00, 0x00, 0x00, 0x00, 0xe0, 0xff, 0x3f,
  0x00, 0xe0, 0xff, 0x3f, 0x00, 0xe0, 0x01, 0x00, 0x00, 0x8c, 0x03, 0x00, 0x00, 0x06, 0x0f, 0x00,
  0x00, 0x06, 0x1c, 0x00, 0x00, 0x06, 0x78, 0x00, 0x00, 0x0c, 0xe0, 0x01, 0x00, 0x0c, 0x80, 0x03,
  0x00, 0x0c, 0x00, 0x0f, 0x00, 0x06, 0x00, 0x3c, 0x00, 0xe0, 0xff, 0x3f, 0x00, 0xe0, 0xff, 0x3f,
  0x00, 0x00, 0x00, 0x00, 0x00, 0xf8, 0x00, 0x00, 0x00, 0xff, 0x07, 0x00, 0x80, 0x8f, 0x0f, 0x00,
  0xc0, 0x01, 0x1c, 0x00, 0xc0, 0x00, 0x18, 0x00, 0x60, 0x00, 0x30, 0x00, 0x62, 0x00, 0x30, 0x00,
  0x66, 0x00, 0x30, 0x00, 0x6c, 0x00, 0x30, 0x00, 0x68, 0x00, 0x30, 0x00, 0x60, 0x00, 0x30, 0x00,
  0xc0, 0x00, 0x18, 0x00, 0xc0, 0x00, 0x18, 0x00, 0x80, 0x03, 0x0e, 0x00, 0x80, 0xff, 0x07, 0x00,
  0x00, 0xfe, 0x03, 0x00, 0x00, 0x00, 0x00, 0x00, 0xf8, 0x00, 0x00, 0x00, 0xff, 0x07, 0x00, 0x80,
  0x8f, 0x0f, 0x00, 0xc0, 0x01, 0x1c, 0x00, 0xc0, 0x00, 0x18, 0x00, 0x60, 0x00, 0x30, 0x00, 0x60,
  0x00, 0x30, 0x00, 0x6c, 0x00, 0x30, 0x00, 0x66, 0x00, 0x30, 0x00, 0x66, 0x00, 0x30, 0x00, 0x62,
  0x00, 0x30, 0x00, 0xc0, 0x00, 0x18, 0x00, 0xc0, 0x00, 0x18, 0x00, 0x80, 0x03, 0x0e, 0x00, 0x80,
  0xff, 0x07, 0x00, 0x00, 0xfe, 0x03, 0x00, 0x00, 0x00, 0x00, 0x00, 0xf8, 0x00, 0x00, 0x00, 0xff,
  0x07, 0x00, 0x80, 0x8f, 0x0f, 0x00, 0xc0, 0x01, 0x1c, 0x00, 0xc0, 0x00, 0x18, 0x00, 0x68, 0x00,
  0x30, 0x00, 0x6c, 0x00, 0x30, 0x00, 0x66, 0x00, 0x30, 0x00, 0x66, 0x00, 0x30, 0x00, 0x66, 0x00,
  0x30, 0x00, 0x6c, 0x00, 0x30, 0x00, 0xc8, 0x00, 0x18, 0x00, 0xc0, 0x00, 0x18, 0x00, 0x80, 0x03,
  0x0e, 0x00, 0x80, 0xff, 0x07, 0x00, 0x00, 0xfe, 0x03, 0x00, 0x00, 0x00, 0x00, 0x00, 0xf8, 0x00,
  0x00, 0x00, 0xff, 0x07, 0x00, 0x80, 0x8f, 0x0f, 0x00, 0xc0, 0x01, 0x1c, 0x00, 0xcc, 0x00, 0x18,
  0x00, 0x66, 0x00, 0x30, 0x00, 0x66, 0x00, 0x30, 0x00, 0x66, 0x00, 0x30, 0x00, 0x6c, 0x00, 0x30,
  0x00, 0x6c, 0x00, 0x30, 0x00, 0x6c, 0x00, 0x30, 0x00, 0xc6, 0x00, 0x18, 0x00, 0xc0, 0x00, 0x18,
  0x00, 0x80, 0x03, 0x0e, 0x00, 0x80, 0xff, 0x07, 0x00, 0x00, 0xfe, 0x03, 0x00, 0x00, 0x00, 0x00,
  0x00, 0xf8, 0x00, 0x00, 0x00, 0xff, 0x07, 0x00, 0x80, 0x8f, 0x0f, 0x00, 0xc0, 0x01, 0x1c, 0x00,
  0xc0, 0x00, 0x18, 0x00, 0x6c, 0x00, 0x30, 0x00, 0x6c, 0x00, 0x30, 0x00, 0x60, 0x00, 0x30, 0x00,
  0x60, 0x00, 0x30, 0x00, 0x60, 0x00, 0x30, 0x00, 0x6c, 0x00, 0x30, 0x00, 0xcc, 0x00, 0x18, 0x00,
  0xc0, 0x00, 0x18, 0x00, 0x80, 0x03, 0x0e, 0x00, 0x80, 0xff, 0x07, 0x00, 0x00, 0xfe, 0x03, 0x00,
  0x00, 0x00, 0x00, 0x00, 0x00, 0x00, 0x00, 0x00, 0x02, 0x02, 0x00, 0x00, 0x06, 0x03, 0x00, 0x00,
  0x8c, 0x01, 0x00, 0x00, 0xd8, 0x00, 0x00, 0x00, 0x70, 0x00, 0x00, 0x00, 0x70, 0x00, 0x00, 0x00,
  0xd8, 0x00, 0x00, 0x00, 0x8c, 0x01, 0x00, 0x00, 0x06, 0x03, 0x00, 0x00, 0x02, 0x02, 0x00, 0x00,
  0x00, 0x00, 0x00, 0xf8, 0x00, 0x00, 0x00, 0xff, 0x37, 0x00, 0x80, 0x8f, 0x3f, 0x00, 0xc0, 0x01,
  0x1e, 0x00, 0xc0, 0x00, 0x1e, 0x00, 0x60, 0x00, 0x33, 0x00, 0x60, 0xc0, 0x31, 0x00, 0x60, 0xe0,
  0x30, 0x00, 0x60, 0x70, 0x30, 0x00, 0x60, 0x18, 0x30, 0x00, 0x60, 0x0c, 0x30, 0x00, 0xc0, 0x07,
  0x18, 0x00, 0xc0, 0x03, 0x18, 0x00, 0xc0, 0x03, 0x0e, 0x00, 0xe0, 0xff, 0x07, 0x00, 0x20, 0xfe,
  0x03, 0x00, 0x00, 0x00, 0x00, 0x00, 0x00, 0x00, 0x00, 0xe0, 0xff, 0x07, 0x00, 0xe0, 0xff, 0x0f,
  0x00, 0x00, 0x00, 0x1c, 0x00, 0x00, 0x00, 0x18, 0x00, 0x02, 0x00, 0x30, 0x00, 0x06, 0x00, 0x30,
  0x00, 0x06, 0x00, 0x30, 0x00, 0x0c, 0x00, 0x30, 0x00, 0x08, 0x00, 0x30, 0x00, 0x00, 0x00, 0x18,
  0x00, 0x00, 0x00, 0x1c, 0x00, 0xe0, 0xff, 0x0f, 0x00, 0xe0, 0xff, 0x07, 0x00, 0x00, 0x00, 0x00,
  0x00, 0x00, 0x00, 0x00, 0xe0, 0xff, 0x07, 0x00, 0xe0, 0xff, 0x0f, 0x00, 0x00, 0x00, 0x1c, 0x00,
  0x00, 0x00, 0x18, 0x00, 0x00, 0x00, 0x30, 0x00, 0x08, 0x00, 0x30, 0x00, 0x0c, 0x00, 0x30, 0x00,
  0x06, 0x00, 0x30, 0x00, 0x02, 0x00, 0x30, 0x00, 0x00, 0x00, 0x18, 0x00, 0x00, 0x00, 0x1c, 0x00,
  0xe0, 0xff, 0x0f, 0x00, 0xe0, 0xff, 0x07, 0x00, 0x00, 0x00, 0x00, 0x00, 0x00, 0x00, 0x00, 0xe0,
  0xff, 0x07, 0x00, 0xe0, 0xff, 0x0f, 0x00, 0x00, 0x00, 0x1c, 0x00, 0x08, 0x00, 0x18, 0x00, 0x0c,
  0x00, 0x30, 0x00, 0x06, 0x00, 0x30, 0x00, 0x06, 0x00, 0x30, 0x00, 0x06, 0x00, 0x30, 0x00, 0x04,
  0x00, 0x30, 0x00, 0x08, 0x00, 0x18, 0x00, 0x00, 0x00, 0x1c, 0x00, 0xe0, 0xff, 0x0f, 0x00, 0xe0,
  0xff, 0x07, 0x00, 0x00, 0x00, 0x00, 0x00, 0x00, 0x00, 0x00, 0xe0, 0xff, 0x07, 0x00, 0xe0, 0xff,
  0x0f, 0x00, 0x00, 0x00, 0x1c, 0x00, 0x0c, 0x00, 0x18, 0x00, 0x0c, 0x00, 0x30, 0x00, 0x00, 0x00,
  0x30, 0x00, 0x00, 0x00, 0x30, 0x00, 0x00, 0x00, 0x30, 0x00, 0x0c, 0x00, 0x30, 0x00, 0x0c, 0x00,
  0x18, 0x00, 0x00, 0x00, 0x1c, 0x00, 0xe0, 0xff, 0x0f, 0x00, 0xe0, 0xff, 0x07, 0x00, 0x00, 0x00,
  0x00, 0x60, 0x00, 0x00, 0x00, 0xe0, 0x00, 0x00, 0x00, 0xc0, 0x03, 0x00, 0x00, 0x80, 0x07, 0x00,
  0x00, 0x00, 0x1e, 0x00, 0x00, 0x00, 0x38, 0x00, 0x00, 0x0c, 0xf0, 0x3f, 0x00, 0x06, 0xf0, 0x3f,
  0x00, 0x06, 0x38, 0x00, 0x00, 0x02, 0x1e, 0x00, 0x00, 0x80, 0x07, 0x00, 0x00, 0xc0, 0x03, 0x00,
  0x00, 0xe0, 0x00, 0x00, 0x00, 0x60, 0x00, 0x00, 0x00, 0x00, 0x00, 0x00, 0x00, 0x00, 0xe0, 0xff,
  0x3f, 0x00, 0xe0, 0xff, 0x3f, 0x00, 0x00, 0x03, 0x03, 0x00, 0x00, 0x03, 0x03, 0x00, 0x00, 0x03,
  0x03, 0x00, 0x00, 0x03, 0x03, 0x00, 0x00, 0x03, 0x03, 0x00, 0x00, 0x03, 0x03, 0x00, 0x00, 0x03,
  0x03, 0x00, 0x00, 0x87, 0x03, 0x00, 0x00, 0xfe, 0x01, 0x00, 0x00, 0xfc, 0x00, 0x00, 0x00, 0x38,
  0x00, 0x00, 0x00, 0x00, 0x00, 0x00, 0x00, 0x00, 0x80, 0xff, 0x3f, 0x00, 0xc0, 0xff, 0x3f, 0x00,
  0xe0, 0x00, 0x00, 0x00, 0x60, 0x00, 0x00, 0x00, 0x60, 0x00, 0x10, 0x00, 0x60, 0x30, 0x30, 0x00,
  0x60, 0x78, 0x30, 0x00, 0xe0, 0xec, 0x30, 0x00, 0xc0, 0xc7, 0x31, 0x00, 0x80, 0x83, 0x3b, 0x00,
  0x00, 0x00, 0x1f, 0x00, 0x00, 0x00, 0x0e, 0x00, 0x00, 0x00, 0x00, 0x00, 0x00, 0x0f, 0x00, 0x00,
  0x98, 0x1f, 0x00, 0x00, 0x9c, 0x39, 0x00, 0x10, 0xc6, 0x30, 0x00, 0x30, 0xc6, 0x30, 0x00, 0x60,
  0xc6, 0x30, 0x00, 0xc0, 0xc6, 0x10, 0x00, 0x00, 0xc6, 0x08, 0x00, 0x00, 0xfc, 0x0f, 0x00, 0x00,
  0xfc, 0x3f, 0x00, 0x00, 0x00, 0x38, 0x00, 0x00, 0x00, 0x20, 0x00, 0x00, 0x00, 0x00, 0x00, 0x00,
  0x0f, 0x00, 0x00, 0x98, 0x1f, 0x00, 0x00, 0x9c, 0x39, 0x00, 0x00, 0xc6, 0x30, 0x00, 0x80, 0xc6,
  0x30, 0x00, 0x60, 0xc6, 0x30, 0x00, 0x70, 0xc6, 0x10, 0x00, 0x30, 0xc6, 0x08, 0x00, 0x10, 0xfc,
  0x0f, 0x00, 0x00, 0xfc, 0x3f, 0x00, 0x00, 0x00, 0x38, 0x00, 0x00, 0x00, 0x20, 0x00, 0x00, 0x00,
  0x00, 0x00, 0x00, 0x0f, 0x00, 0x00, 0x98, 0x1f, 0x00, 0xc0, 0x9c, 0x39, 0x00, 0x60, 0xc6, 0x30,
  0x00, 0x70, 0xc6, 0x30, 0x00, 0x30, 0xc6, 0x30, 0x00, 0x70, 0xc6, 0x10, 0x00, 0x60, 0xc6, 0x08,
  0x00, 0x80, 0xfc, 0x0f, 0x00, 0x00, 0xfc, 0x3f, 0x00, 0x00, 0x00, 0x38, 0x00, 0x00, 0x00, 0x20,
  0x00, 0x00, 0x00, 0x00, 0x00, 0x00, 0x0f, 0x00, 0x00, 0x98, 0x1f, 0x00, 0xc0, 0x9c, 0x39, 0x00,
  0x60, 0xc6, 0x30, 0x00, 0x60, 0xc6, 0x30, 0x00, 0x60, 0xc6, 0x30, 0x00, 0xc0, 0xc6, 0x10, 0x00,
  0xc0, 0xc6, 0x08, 0x00, 0xc0, 0xfc, 0x0f, 0x00, 0x60, 0xfc, 0x3f, 0x00, 0x00, 0x00, 0x38, 0x00,
  0x00, 0x00, 0x20, 0x00, 0x00, 0x00, 0x00, 0x00, 0x00, 0x0f, 0x00, 0x00, 0x98, 0x1f, 0x00, 0xc0,
  0x9c, 0x39, 0x00, 0xc0, 0xc6, 0x30, 0x00, 0x00, 0xc6, 0x30, 0x00, 0x00, 0xc6, 0x30, 0x00, 0x00,
  0xc6, 0x10, 0x00, 0xc0, 0xc6, 0x08, 0x00, 0xc0, 0xfc, 0x0f, 0x00, 0x00, 0xfc, 0x3f, 0x00, 0x00,
  0x00, 0x38, 0x00, 0x00, 0x00, 0x20, 0x00, 0x00, 0x00, 0x00, 0x00, 0x00, 0x0f, 0x00, 0x00, 0x98,
  0x1f, 0x00, 0x00, 0x9c, 0x39, 0x00, 0x70, 0xc6, 0x30, 0x00, 0xd8, 0xc6, 0x30, 0x00, 0x88, 0xc6,
  0x30, 0x00, 0xd8, 0xc6, 0x10, 0x00, 0x70, 0xc6, 0x08, 0x00, 0x00, 0xfc, 0x0f, 0x00, 0x00, 0xfc,
  0x3f, 0x00, 0x00, 0x00, 0x38, 0x00, 0x00, 0x00, 0x20, 0x00, 0x00, 0x00, 0x00, 0x00, 0x00, 0x1f,
  0x00, 0x00, 0x9c, 0x1f, 0x00, 0x00, 0xdc, 0x31, 0x00, 0x00, 0xc6, 0x30, 0x00, 0x00, 0xc6, 0x30,
  0x00, 0x00, 0xc6, 0x30, 0x00, 0x00, 0xc6, 0x10, 0x00, 0x00, 0xc6, 0x18, 0x00, 0x00, 0xfc, 0x07,
  0x00, 0x00, 0xfc, 0x0f, 0x00, 0x00, 0xdc, 0x1e, 0x00, 0x00, 0xc6, 0x30, 0x00, 0x00, 0xc6, 0x30,
  0x00, 0x00, 0xc6, 0x30, 0x00, 0x00, 0xc6, 0x30, 0x00, 0x00, 0xc6, 0x30, 0x00, 0x00, 0xcc, 0x18,
  0x00, 0x00, 0xfc, 0x1c, 0x00, 0x00, 0xf0, 0x00, 0x00, 0x00, 0x00, 0x00, 0xf0, 0x07, 0x00, 0x00,
  0xf8, 0x0f, 0x00, 0x00, 0x1c, 0x1c, 0x00, 0x00, 0x06, 0x30, 0x00, 0x00, 0x06, 0xb0, 0x04, 0x00,
  0x06, 0xf0, 0x04, 0x00, 0x06, 0xb0, 0x07, 0x00, 0x0e, 0x38, 0x03, 0x00, 0x1c, 0x1c, 0x00, 0x00,
  0x18, 0x0c, 0x00, 0x00, 0x00, 0x00, 0x00, 0xf0, 0x07, 0x00, 0x00, 0xf8, 0x0f, 0x00, 0x00, 0xdc,
  0x1c, 0x00, 0x10, 0xc6, 0x30, 0x00, 0x30, 0xc6, 0x30, 0x00, 0x70, 0xc6, 0x30, 0x00, 0xc0, 0xc6,
  0x30, 0x00, 0x80, 0xc6, 0x30, 0x00, 0x00, 0xcc, 0x18, 0x00, 0x00, 0xfc, 0x1c, 0x00, 0x00, 0xf0,
  0x00, 0x00, 0x00, 0x00, 0x00, 0xf0, 0x07, 0x00, 0x00, 0xf8, 0x0f, 0x00, 0x00, 0xdc, 0x1c, 0x00,
  0x00, 0xc6, 0x30, 0x00, 0x80, 0xc6, 0x30, 0x00, 0xc0, 0xc6, 0x30, 0x00, 0x70, 0xc6, 0x30, 0x00,
  0x30, 0xc6, 0x30, 0x00, 0x10, 0xcc, 0x18, 0x00, 0x00, 0xfc, 0x1c, 0x00, 0x00, 0xf0, 0x00, 0x00,
  0x00, 0x00, 0x00, 0xf0, 0x07, 0x00, 0x00, 0xf8, 0x0f, 0x00, 0x80, 0xdc, 0x1c, 0x00, 0xc0, 0xc6,
  0x30, 0x00, 0x70, 0xc6, 0x30, 0x00, 0x30, 0xc6, 0x30, 0x00, 0x30, 0xc6, 0x30, 0x00, 0x60, 0xc6,
  0x30, 0x00, 0xc0, 0xcc, 0x18, 0x00, 0x00, 0xfc, 0x1c, 0x00, 0x00, 0xf0, 0x00, 0x00, 0x00, 0x00,
  0x00, 0xf0, 0x07, 0x00, 0x00, 0xf8, 0x0f, 0x00, 0xc0, 0xdc, 0x1c, 0x00, 0xc0, 0xc6, 0x30, 0x00,
  0x00, 0xc6, 0x30, 0x00, 0x00, 0xc6, 0x30, 0x00, 0x00, 0xc6, 0x30, 0x00, 0xc0, 0xc6, 0x30, 0x00,
  0xc0, 0xcc, 0x18, 0x00, 0x00, 0xfc, 0x1c, 0x00, 0x00, 0xf0, 0x10, 0x00, 0x00, 0x00, 0x30, 0x00,
  0x00, 0x00, 0x70, 0xfe, 0x3f, 0x00, 0xe0, 0xfe, 0x3f, 0x00, 0x80, 0x00, 0x00, 0x00, 0x00, 0x00,
  0x00, 0x00, 0x00, 0xc0, 0xfe, 0x3f, 0x00, 0x60, 0xfe, 0x3f, 0x00, 0x30, 0x00, 0x00, 0x00, 0x10,
  0xc0, 0x00, 0x00, 0x00, 0x60, 0x00, 0x00, 0x00, 0x30, 0xfe, 0x3f, 0x00, 0x30, 0xfe, 0x3f, 0x00,
  0x70, 0x00, 0x00, 0x00, 0xe0, 0x00, 0x00, 0x00, 0x80, 0xc0, 0x00, 0x00, 0x00, 0xc0, 0x00, 0x00,
  0x00, 0x00, 0xfe, 0x3f, 0x00, 0x00, 0xfe, 0x3f, 0x00, 0x00, 0x00, 0x00, 0x00, 0xc0, 0x00, 0x00,
  0x00, 0xc0, 0x00, 0x00, 0x00, 0x00, 0x00, 0xc0, 0x07, 0x00, 0x00, 0xf0, 0x1f, 0x00, 0x00, 0x71,
  0x1c, 0x00, 0xa0, 0x18, 0x30, 0x00, 0xe0, 0x18, 0x30, 0x00, 0xc0, 0x18, 0x30, 0x00, 0xc0, 0x19,
  0x30, 0x00, 0xc0, 0x1b, 0x30, 0x00, 0x40, 0x3f, 0x18, 0x00, 0x20, 0xfe, 0x1f, 0x00, 0x00, 0xf8,
  0x0f, 0x00, 0x00, 0x00, 0x00, 0x00, 0x00, 0x00, 0x00, 0x00, 0xfe, 0x3f, 0x00, 0xc0, 0xfe, 0x3f,
  0x00, 0x60, 0x0c, 0x00, 0x00, 0x60, 0x04, 0x00, 0x00, 0x60, 0x06, 0x00, 0x00, 0xc0, 0x06, 0x00,
  0x00, 0xc0, 0x06, 0x00, 0x00, 0xc0, 0x0e, 0x00, 0x00, 0x60, 0xfc, 0x3f, 0x00, 0x00, 0xf8, 0x3f,
  0x00, 0x00, 0x00, 0x00, 0x00, 0xf0, 0x07, 0x00, 0x00, 0xf8, 0x0f, 0x00, 0x00, 0x1c, 0x1c, 0x00,
  0x10, 0x06, 0x30, 0x00, 0x30, 0x06, 0x30, 0x00, 0x70, 0x06, 0x30, 0x00, 0xc0, 0x06, 0x30, 0x00,
  0x80, 0x06, 0x30, 0x00, 0x00, 0x0c, 0x18, 0x00, 0x00, 0xfc, 0x1f, 0x00, 0x00, 0xf8, 0x07, 0x00,
  0x00, 0x00, 0x00, 0x00, 0xf0, 0x07, 0x00, 0x00, 0xf8, 0x0f, 0x00, 0x00, 0x1c, 0x1c, 0x00, 0x00,
  0x06, 0x30, 0x00, 0x80, 0x06, 0x30, 0x00, 0xc0, 0x06, 0x30, 0x00, 0x70, 0x06, 0x30, 0x00, 0x30,
  0x06, 0x30, 0x00, 0x10, 0x0c, 0x18, 0x00, 0x00, 0xfc, 0x1f, 0x00, 0x00, 0xf8, 0x07, 0x00, 0x00,
  0x00, 0x00, 0x00, 0xf0, 0x07, 0x00, 0x00, 0xf8, 0x0f, 0x00, 0x80, 0x1c, 0x1c, 0x00, 0xe0, 0x06,
  0x30, 0x00, 0x70, 0x06, 0x30, 0x00, 0x30, 0x06, 0x30, 0x00, 0x30, 0x06, 0x30, 0x00, 0x60, 0x06,
  0x30, 0x00, 0xc0, 0x0c, 0x18, 0x00, 0x00, 0xfc, 0x1f, 0x00, 0x00, 0xf8, 0x07, 0x00, 0x00, 0x00,
  0x00, 0x00, 0xf0, 0x07, 0x00, 0x00, 0xf8, 0x0f, 0x00, 0xc0, 0x1c, 0x1c, 0x00, 0x60, 0x06, 0x30,
  0x00, 0x60, 0x06, 0x30, 0x00, 0x60, 0x06, 0x30, 0x00, 0xc0, 0x06, 0x30, 0x00, 0xc0, 0x06, 0x30,
  0x00, 0xc0, 0x0c, 0x18, 0x00, 0x60, 0xfc, 0x1f, 0x00, 0x00, 0xf8, 0x07, 0x00, 0x00, 0x00, 0x00,
  0x00, 0xf0, 0x07, 0x00, 0x00, 0xf8, 0x0f, 0x00, 0xc0, 0x1c, 0x1c, 0x00, 0xc0, 0x06, 0x30, 0x00,
  0x00, 0x06, 0x30, 0x00, 0x00, 0x06, 0x30, 0x00, 0x00, 0x06, 0x30, 0x00, 0xc0, 0x06, 0x30, 0x00,
  0xc0, 0x0c, 0x18, 0x00, 0x00, 0xfc, 0x1f, 0x00, 0x00, 0xf8, 0x07, 0x00, 0x00, 0x00, 0x00, 0x00,
  0x60, 0x00, 0x00, 0x00, 0x60, 0x00, 0x00, 0x00, 0x60, 0x00, 0x00, 0x00, 0x60, 0x00, 0x00, 0x00,
  0x60, 0x00, 0x00, 0x00, 0x63, 0x0c, 0x00, 0x00, 0x63, 0x04, 0x00, 0x00, 0x60, 0x00, 0x00, 0x00,
  0x60, 0x00, 0x00, 0x00, 0x60, 0x00, 0x00, 0x00, 0x60, 0x00, 0x00, 0x00, 0x00, 0x00, 0x00, 0x20,
  0x00, 0x00, 0xf0, 0x37, 0x00, 0x00, 0xfc, 0x1f, 0x00, 0x00, 0x0c, 0x1e, 0x00, 0x00, 0x06, 0x37,
  0x00, 0x00, 0x86, 0x33, 0x00, 0x00, 0xc6, 0x30, 0x00, 0x00, 0x66, 0x30, 0x00, 0x00, 0x36, 0x30,
  0x00, 0x00, 0x1c, 0x1c, 0x00, 0x00, 0xfc, 0x0f, 0x00, 0x00, 0xf6, 0x07, 0x00, 0x00, 0x02, 0x00,
  0x00, 0x00, 0x00, 0x00, 0x00, 0x00, 0x00, 0x00, 0xfe, 0x1f, 0x00, 0x00, 0xfe, 0x3f, 0x00, 0x10,
  0x00, 0x30, 0x00, 0x30, 0x00, 0x30, 0x00, 0x70, 0x00, 0x30, 0x00, 0xc0, 0x00, 0x30, 0x00, 0x80,
  0x00, 0x10, 0x00, 0x00, 0x00, 0x0c, 0x00, 0x00, 0xfe, 0x3f, 0x00, 0x00, 0xfe, 0x3f, 0x00, 0x00,
  0x00, 0x00, 0x00, 0x00, 0x00, 0x00, 0x00, 0xfe, 0x1f, 0x00, 0x00, 0xfe, 0x3f, 0x00, 0x00, 0x00,
  0x30, 0x00, 0x80, 0x00, 0x30, 0x00, 0xe0, 0x00, 0x30, 0x00, 0x70, 0x00, 0x30, 0x00, 0x30, 0x00,
  0x10, 0x00, 0x10, 0x00, 0x0c, 0x00, 0x00, 0xfe, 0x3f, 0x00, 0x00, 0xfe, 0x3f, 0x00, 0x00, 0x00,
  0x00, 0x00, 0x00, 0x00, 0x00, 0x00, 0xfe, 0x1f, 0x00, 0x80, 0xfe, 0x3f, 0x00, 0xe0, 0x00, 0x30,
  0x00, 0x70, 0x00, 0x30, 0x00, 0x30, 0x00, 0x30, 0x00, 0x30, 0x00, 0x30, 0x00, 0x60, 0x00, 0x10,
  0x00, 0xc0, 0x00, 0x0c, 0x00, 0x00, 0xfe, 0x3f, 0x00, 0x00, 0xfe, 0x3f, 0x00, 0x00, 0x00, 0x00,
  0x00, 0x00, 0x00, 0x00, 0x00, 0xfe, 0x1f, 0x00, 0xc0, 0xfe, 0x3f, 0x00, 0xc0, 0x00, 0x30, 0x00,
  0x00, 0x00, 0x30, 0x00, 0x00, 0x00, 0x30, 0x00, 0x00, 0x00, 0x30, 0x00, 0xc0, 0x00, 0x10, 0x00,
  0xc0, 0x00, 0x0c, 0x00, 0x00, 0xfe, 0x3f, 0x00, 0x00, 0xfe, 0x3f, 0x00, 0x02, 0x00, 0x00, 0x00,
  0x1e, 0x00, 0x06, 0x00, 0x7c, 0x00, 0x06, 0x00, 0xf0, 0x03, 0x06, 0x80, 0x80, 0x8f, 0x03, 0xc0,
  0x00, 0xfc, 0x01, 0x70, 0x00, 0x78, 0x00, 0x30, 0x00, 0x1f, 0x00, 0x10, 0xe0, 0x03, 0x00, 0x00,
  0xfc, 0x00, 0x00, 0x00, 0x1e, 0x00, 0x00, 0x00, 0x02, 0x00, 0x00, 0x00, 0x00, 0x00, 0x00, 0x00,
  0x00, 0xe0, 0xff, 0xff, 0x07, 0xe0, 0xff, 0xff, 0x07, 0x00, 0x0c, 0x18, 0x00, 0x00, 0x06, 0x30,
  0x00, 0x00, 0x06, 0x30, 0x00, 0x00, 0x06, 0x30, 0x00, 0x00, 0x06, 0x30, 0x00, 0x00, 0x0e, 0x38,
  0x00, 0x00, 0xfc, 0x1f, 0x00, 0x00, 0xf8, 0x0f, 0x00, 0x02, 0x00, 0x00, 0x00, 0x1e, 0x00, 0x06,
  0x00, 0x7c, 0x00, 0x06, 0xc0, 0xf0, 0x03, 0x06, 0xc0, 0x80, 0x8f, 0x03, 0x00, 0x00, 0xfc, 0x01,
  0x00, 0x00, 0x78, 0x00, 0xc0, 0x00, 0x1f, 0x00, 0xc0, 0xe0, 0x03, 0x00, 0x00, 0xfc, 0x00, 0x00,
  0x00, 0x1e, 0x00, 0x00, 0x00, 0x02,
};

return TRIAL_2;
}

#endif

#if MESH_ARIAL_EXPERIMENT == 5

/*
Derived MeshFontTrial5; source Noto Sans, Version 2.000;GOOG;noto-source:20170915:90ef993387c0; ttfautohint (v1.7)
Source SHA256: 6b04c8dd65af6b73eb4279472ed1580b29102d6496a377340e80a40cdb3b22c9
Upstream: https://github.com/notofonts/noto-fonts
SPDX-License-Identifier: OFL-1.1
Full license/copyright follows; it applies to the bitmap font data.
Copyright 2015 Google Inc. All Rights Reserved.

SIL OPEN FONT LICENSE Version 1.1 - 26 February 2007
-----------------------------------------------------------

PREAMBLE
The goals of the Open Font License (OFL) are to stimulate worldwide
development of collaborative font projects, to support the font creation
efforts of academic and linguistic communities, and to provide a free and
open framework in which fonts may be shared and improved in partnership
with others.

The OFL allows the licensed fonts to be used, studied, modified and
redistributed freely as long as they are not sold by themselves. The
fonts, including any derivative works, can be bundled, embedded,
redistributed and/or sold with any software provided that any reserved
names are not used by derivative works. The fonts and derivatives,
however, cannot be released under any other type of license. The
requirement for fonts to remain under this license does not apply
to any document created using the fonts or their derivatives.

DEFINITIONS
"Font Software" refers to the set of files released by the Copyright
Holder(s) under this license and clearly marked as such. This may
include source files, build scripts and documentation.

"Reserved Font Name" refers to any names specified as such after the
copyright statement(s).

"Original Version" refers to the collection of Font Software components as
distributed by the Copyright Holder(s).

"Modified Version" refers to any derivative made by adding to, deleting,
or substituting -- in part or in whole -- any of the components of the
Original Version, by changing formats or by porting the Font Software to a
new environment.

"Author" refers to any designer, engineer, programmer, technical
writer or other person who contributed to the Font Software.

PERMISSION & CONDITIONS
Permission is hereby granted, free of charge, to any person obtaining
a copy of the Font Software, to use, study, copy, merge, embed, modify,
redistribute, and sell modified and unmodified copies of the Font Software,
subject to the following conditions:

1) Neither the Font Software nor any of its individual components,
in Original or Modified Versions, may be sold by itself.

2) Original or Modified Versions of the Font Software may be bundled,
redistributed and/or sold with any software, provided that each copy
contains the above copyright notice and this license. These can be
included either as stand-alone text files, human-readable headers or
in the appropriate machine-readable metadata fields within text or
binary files as long as those fields can be easily viewed by the user.

3) No Modified Version of the Font Software may use the Reserved Font
Name(s) unless explicit written permission is granted by the corresponding
Copyright Holder. This restriction only applies to the primary font name as
presented to the users.

4) The name(s) of the Copyright Holder(s) or the Author(s) of the Font
Software shall not be used to promote, endorse or advertise any
Modified Version, except to acknowledge the contribution(s) of the
Copyright Holder(s) and the Author(s) or with their explicit written
permission.

5) The Font Software, modified or unmodified, in part or in whole,
must be distributed entirely under this license, and must not be
distributed under any other license. The requirement for fonts to
remain under this license does not apply to any document created
using the Font Software.

TERMINATION
This license becomes null and void if any of the above conditions are
not met.

DISCLAIMER
THE FONT SOFTWARE IS PROVIDED "AS IS", WITHOUT WARRANTY OF ANY KIND,
EXPRESS OR IMPLIED, INCLUDING BUT NOT LIMITED TO ANY WARRANTIES OF
MERCHANTABILITY, FITNESS FOR A PARTICULAR PURPOSE AND NONINFRINGEMENT
OF COPYRIGHT, PATENT, TRADEMARK, OR OTHER RIGHT. IN NO EVENT SHALL THE
COPYRIGHT HOLDER BE LIABLE FOR ANY CLAIM, DAMAGES OR OTHER LIABILITY,
INCLUDING ANY GENERAL, SPECIAL, INDIRECT, INCIDENTAL, OR CONSEQUENTIAL
DAMAGES, WHETHER IN AN ACTION OF CONTRACT, TORT OR OTHERWISE, ARISING
FROM, OUT OF THE USE OR INABILITY TO USE THE FONT SOFTWARE OR FROM
OTHER DEALINGS IN THE FONT SOFTWARE.
*/

// nominal=16; cap=12; H_top=3; baseline=15; line_box=19; bearing_shifts=[74, 106]; vertical_shifts=[(193, 1), (204, 1), (211, 1)]

inline const uint8_t* fontStorage1() {

static const uint8_t TRIAL_1[] = {
  0x10, 0x13, 0x20, 0xe0, 0xff, 0xff, 0x00, 0x04, 0x00, 0x00, 0x08, 0x04, 0x00, 0x08, 0x0d, 0x07,
  0x00, 0x15, 0x1c, 0x0a, 0x00, 0x31, 0x17, 0x09, 0x00, 0x48, 0x23, 0x0d, 0x00, 0x6b, 0x20, 0x0c,
  0x00, 0x8b, 0x07, 0x04, 0x00, 0x92, 0x0c, 0x05, 0x00, 0x9e, 0x0b, 0x05, 0x00, 0xa9, 0x16, 0x09,
  0x00, 0xbf, 0x17, 0x09, 0x00, 0xd6, 0x08, 0x04, 0x00, 0xde, 0x0e, 0x05, 0x00, 0xec, 0x08, 0x04,
  0x00, 0xf4, 0x10, 0x06, 0x01, 0x04, 0x17, 0x09, 0x01, 0x1b, 0x11, 0x09, 0x01, 0x2c, 0x17, 0x09,
  0x01, 0x43, 0x17, 0x09, 0x01, 0x5a, 0x1a, 0x09, 0x01, 0x74, 0x17, 0x09, 0x01, 0x8b, 0x17, 0x09,
  0x01, 0xa2, 0x16, 0x09, 0x01, 0xb8, 0x17, 0x09, 0x01, 0xcf, 0x17, 0x09, 0x01, 0xe6, 0x08, 0x04,
  0x01, 0xee, 0x08, 0x04, 0x01, 0xf6, 0x17, 0x09, 0x02, 0x0d, 0x17, 0x09, 0x02, 0x24, 0x17, 0x09,
  0x02, 0x3b, 0x10, 0x07, 0x02, 0x4b, 0x26, 0x0e, 0x02, 0x71, 0x1d, 0x0a, 0x02, 0x8e, 0x1d, 0x0a,
  0x02, 0xab, 0x1a, 0x0a, 0x02, 0xc5, 0x20, 0x0c, 0x02, 0xe5, 0x17, 0x09, 0x02, 0xfc, 0x17, 0x08,
  0x03, 0x13, 0x1d, 0x0c, 0x03, 0x30, 0x1d, 0x0c, 0x03, 0x4d, 0x0e, 0x05, 0x03, 0x5b, 0x0c, 0x05,
  0x03, 0x67, 0x1d, 0x0a, 0x03, 0x84, 0x17, 0x08, 0x03, 0x9b, 0x26, 0x0f, 0x03, 0xc1, 0x20, 0x0c,
  0x03, 0xe1, 0x20, 0x0d, 0x04, 0x01, 0x19, 0x0a, 0x04, 0x1a, 0x20, 0x0d, 0x04, 0x3a, 0x1a, 0x0a,
  0x04, 0x54, 0x17, 0x09, 0x04, 0x6b, 0x19, 0x09, 0x04, 0x84, 0x1d, 0x0c, 0x04, 0xa1, 0x19, 0x0a,
  0x04, 0xba, 0x2b, 0x0f, 0x04, 0xe5, 0x1a, 0x09, 0x04, 0xff, 0x19, 0x09, 0x05, 0x18, 0x1a, 0x09,
  0x05, 0x32, 0x0f, 0x05, 0x05, 0x41, 0x11, 0x06, 0x05, 0x52, 0x0c, 0x05, 0x05, 0x5e, 0x17, 0x09,
  0x05, 0x75, 0x15, 0x07, 0x05, 0x8a, 0x0a, 0x05, 0x05, 0x94, 0x17, 0x09, 0x05, 0xab, 0x1a, 0x0a,
  0x05, 0xc5, 0x14, 0x08, 0x05, 0xd9, 0x17, 0x0a, 0x05, 0xf0, 0x17, 0x09, 0x06, 0x07, 0x10, 0x06,
  0x06, 0x17, 0x18, 0x0a, 0x06, 0x2f, 0x1a, 0x0a, 0x06, 0x49, 0x08, 0x04, 0x06, 0x51, 0x0c, 0x05,
  0x06, 0x5d, 0x17, 0x09, 0x06, 0x74, 0x08, 0x04, 0x06, 0x7c, 0x29, 0x0f, 0x06, 0xa5, 0x1a, 0x0a,
  0x06, 0xbf, 0x1a, 0x0a, 0x06, 0xd9, 0x1a, 0x0a, 0x06, 0xf3, 0x18, 0x0a, 0x07, 0x0b, 0x10, 0x07,
  0x07, 0x1b, 0x14, 0x08, 0x07, 0x2f, 0x0e, 0x06, 0x07, 0x3d, 0x1a, 0x0a, 0x07, 0x57, 0x16, 0x08,
  0x07, 0x6d, 0x23, 0x0d, 0x07, 0x90, 0x17, 0x08, 0x07, 0xa7, 0x16, 0x08, 0x07, 0xbd, 0x14, 0x08,
  0x07, 0xd1, 0x12, 0x06, 0x07, 0xe3, 0x0f, 0x09, 0x07, 0xf2, 0x11, 0x06, 0x08, 0x03, 0x17, 0x09,
  0xff, 0xff, 0x00, 0x00, 0xff, 0xff, 0x00, 0x10, 0xff, 0xff, 0x00, 0x10, 0xff, 0xff, 0x00, 0x10,
  0xff, 0xff, 0x00, 0x10, 0xff, 0xff, 0x00, 0x10, 0xff, 0xff, 0x00, 0x10, 0xff, 0xff, 0x00, 0x10,
  0xff, 0xff, 0x00, 0x10, 0xff, 0xff, 0x00, 0x10, 0xff, 0xff, 0x00, 0x10, 0xff, 0xff, 0x00, 0x10,
  0xff, 0xff, 0x00, 0x10, 0xff, 0xff, 0x00, 0x10, 0xff, 0xff, 0x00, 0x10, 0xff, 0xff, 0x00, 0x10,
  0xff, 0xff, 0x00, 0x10, 0xff, 0xff, 0x00, 0x10, 0xff, 0xff, 0x00, 0x10, 0xff, 0xff, 0x00, 0x10,
  0xff, 0xff, 0x00, 0x10, 0xff, 0xff, 0x00, 0x10, 0xff, 0xff, 0x00, 0x10, 0xff, 0xff, 0x00, 0x10,
  0xff, 0xff, 0x00, 0x10, 0xff, 0xff, 0x00, 0x10, 0xff, 0xff, 0x00, 0x10, 0xff, 0xff, 0x00, 0x10,
  0xff, 0xff, 0x00, 0x10, 0xff, 0xff, 0x00, 0x10, 0xff, 0xff, 0x00, 0x10, 0xff, 0xff, 0x00, 0x10,
  0xff, 0xff, 0x00, 0x10, 0xff, 0xff, 0x00, 0x04, 0x08, 0x1a, 0x09, 0x04, 0x08, 0x23, 0x17, 0x09,
  0x08, 0x3a, 0x1a, 0x09, 0x08, 0x54, 0x17, 0x09, 0x08, 0x6b, 0x19, 0x09, 0x08, 0x84, 0x0f, 0x09,
  0x08, 0x93, 0x14, 0x08, 0x08, 0xa7, 0x13, 0x09, 0x08, 0xba, 0x23, 0x0d, 0x08, 0xdd, 0x0d, 0x06,
  0x08, 0xea, 0x14, 0x08, 0x08, 0xfe, 0x17, 0x09, 0x09, 0x15, 0x0e, 0x05, 0x09, 0x23, 0x23, 0x0d,
  0x09, 0x46, 0x16, 0x08, 0x09, 0x5c, 0x10, 0x07, 0x09, 0x6c, 0x17, 0x09, 0x09, 0x83, 0x0d, 0x06,
  0x09, 0x90, 0x0d, 0x06, 0x09, 0x9d, 0x07, 0x05, 0x09, 0xa4, 0x1a, 0x0a, 0x09, 0xbe, 0x1b, 0x0a,
  0x09, 0xd9, 0x08, 0x04, 0x09, 0xe1, 0x09, 0x04, 0x09, 0xea, 0x0a, 0x06, 0x09, 0xf4, 0x0d, 0x06,
  0x0a, 0x01, 0x14, 0x08, 0x0a, 0x15, 0x23, 0x0c, 0x0a, 0x38, 0x23, 0x0c, 0x0a, 0x5b, 0x23, 0x0d,
  0x0a, 0x7e, 0x12, 0x07, 0x0a, 0x90, 0x1d, 0x0a, 0x0a, 0xad, 0x1d, 0x0a, 0x0a, 0xca, 0x1d, 0x0a,
  0x0a, 0xe7, 0x1d, 0x0a, 0x0b, 0x04, 0x1d, 0x0a, 0x0b, 0x21, 0x1d, 0x0a, 0x0b, 0x3e, 0x26, 0x0e,
  0x0b, 0x64, 0x1a, 0x0a, 0x0b, 0x7e, 0x17, 0x09, 0x0b, 0x95, 0x17, 0x09, 0x0b, 0xac, 0x17, 0x09,
  0x0b, 0xc3, 0x17, 0x09, 0x0b, 0xda, 0x0e, 0x05, 0x0b, 0xe8, 0x0e, 0x05, 0x0b, 0xf6, 0x0e, 0x05,
  0x0c, 0x04, 0x0e, 0x05, 0x0c, 0x12, 0x20, 0x0c, 0x0c, 0x32, 0x20, 0x0c, 0x0c, 0x52, 0x20, 0x0d,
  0x0c, 0x72, 0x20, 0x0d, 0x0c, 0x92, 0x20, 0x0d, 0x0c, 0xb2, 0x20, 0x0d, 0x0c, 0xd2, 0x20, 0x0d,
  0x0c, 0xf2, 0x17, 0x09, 0x0d, 0x09, 0x20, 0x0d, 0x0d, 0x29, 0x1d, 0x0c, 0x0d, 0x46, 0x1d, 0x0c,
  0x0d, 0x63, 0x1d, 0x0c, 0x0d, 0x80, 0x1d, 0x0c, 0x0d, 0x9d, 0x19, 0x09, 0x0d, 0xb6, 0x1a, 0x0a,
  0x0d, 0xd0, 0x1a, 0x0a, 0x0d, 0xea, 0x17, 0x09, 0x0e, 0x01, 0x17, 0x09, 0x0e, 0x18, 0x17, 0x09,
  0x0e, 0x2f, 0x17, 0x09, 0x0e, 0x46, 0x17, 0x09, 0x0e, 0x5d, 0x17, 0x09, 0x0e, 0x74, 0x26, 0x0e,
  0x0e, 0x9a, 0x14, 0x08, 0x0e, 0xae, 0x17, 0x09, 0x0e, 0xc5, 0x17, 0x09, 0x0e, 0xdc, 0x17, 0x09,
  0x0e, 0xf3, 0x17, 0x09, 0x0f, 0x0a, 0x08, 0x04, 0x0f, 0x12, 0x0a, 0x04, 0x0f, 0x1c, 0x0a, 0x04,
  0x0f, 0x26, 0x0a, 0x04, 0x0f, 0x30, 0x1a, 0x0a, 0x0f, 0x4a, 0x1a, 0x0a, 0x0f, 0x64, 0x1a, 0x0a,
  0x0f, 0x7e, 0x1a, 0x0a, 0x0f, 0x98, 0x1a, 0x0a, 0x0f, 0xb2, 0x1a, 0x0a, 0x0f, 0xcc, 0x1a, 0x0a,
  0x0f, 0xe6, 0x17, 0x09, 0x0f, 0xfd, 0x1a, 0x0a, 0x10, 0x17, 0x1a, 0x0a, 0x10, 0x31, 0x1a, 0x0a,
  0x10, 0x4b, 0x1a, 0x0a, 0x10, 0x65, 0x1a, 0x0a, 0x10, 0x7f, 0x16, 0x08, 0x10, 0x95, 0x1a, 0x0a,
  0x10, 0xaf, 0x16, 0x08, 0x00, 0x00, 0x00, 0x78, 0x60, 0x00, 0xf8, 0x67, 0x00, 0x00, 0x00, 0x78,
  0x00, 0x00, 0x08, 0x00, 0x00, 0x00, 0x00, 0x00, 0x78, 0x00, 0x04, 0x00, 0x80, 0x04, 0x00, 0x80,
  0x7c, 0x00, 0xc0, 0x0f, 0x00, 0xf8, 0x04, 0x00, 0x80, 0x64, 0x00, 0x80, 0x3f, 0x00, 0xf8, 0x05,
  0x00, 0x80, 0x04, 0x00, 0x80, 0x00, 0x00, 0x00, 0xc0, 0x30, 0x00, 0xa0, 0x21, 0x00, 0x30, 0x23,
  0x00, 0xf8, 0xff, 0x00, 0x30, 0x22, 0x00, 0x20, 0x36, 0x00, 0x20, 0x1c, 0x00, 0x00, 0x00, 0xf0,
  0x01, 0x00, 0x18, 0x02, 0x00, 0x08, 0x42, 0x00, 0xf0, 0x33, 0x00, 0x00, 0x0c, 0x00, 0x00, 0x03,
  0x00, 0xc0, 0x01, 0x00, 0x70, 0x3e, 0x00, 0x18, 0x61, 0x00, 0x00, 0x41, 0x00, 0x00, 0x3e, 0x00,
  0x00, 0x00, 0x00, 0x3c, 0x00, 0x70, 0x66, 0x00, 0xd8, 0x43, 0x00, 0x08, 0x43, 0x00, 0x88, 0x47,
  0x00, 0xf8, 0x6c, 0x00, 0x20, 0x38, 0x00, 0x00, 0x38, 0x00, 0x00, 0x7e, 0x00, 0x00, 0x42, 0x00,
  0x00, 0x00, 0x78, 0x00, 0x00, 0x08, 0x00, 0x00, 0x00, 0xc0, 0x7f, 0x00, 0x70, 0xc0, 0x01, 0x08,
  0x00, 0x01, 0x00, 0x00, 0x00, 0x18, 0x00, 0x01, 0xf0, 0xe0, 0x00, 0xc0, 0x3f, 0x00, 0x00, 0x00,
  0x60, 0x00, 0x00, 0x40, 0x02, 0x00, 0xc0, 0x03, 0x00, 0xf8, 0x00, 0x00, 0xc0, 0x03, 0x00, 0x40,
  0x02, 0x00, 0x60, 0x00, 0x00, 0x00, 0x00, 0x01, 0x00, 0x00, 0x01, 0x00, 0x00, 0x01, 0x00, 0xe0,
  0x1f, 0x00, 0x00, 0x01, 0x00, 0x00, 0x01, 0x00, 0x00, 0x01, 0x00, 0x00, 0x00, 0x00, 0xe0, 0x01,
  0x00, 0x60, 0x00, 0x00, 0x00, 0x00, 0x04, 0x00, 0x00, 0x04, 0x00, 0x00, 0x04, 0x00, 0x00, 0x04,
  0x00, 0x00, 0x00, 0x00, 0x60, 0x00, 0x00, 0x60, 0x00, 0x40, 0x00, 0x00, 0x78, 0x00, 0x00, 0x0f,
  0x00, 0xc0, 0x01, 0x00, 0x78, 0x00, 0x00, 0x08, 0x00, 0x00, 0x00, 0xe0, 0x1f, 0x00, 0x30, 0x30,
  0x00, 0x18, 0x60, 0x00, 0x08, 0x40, 0x00, 0x08, 0x40, 0x00, 0x30, 0x30, 0x00, 0xe0, 0x1f, 0x00,
  0x00, 0x00, 0x00, 0x00, 0x00, 0x20, 0x00, 0x00, 0x10, 0x00, 0x00, 0xf8, 0x7f, 0x00, 0xf8, 0x7f,
  0x00, 0x00, 0x00, 0x10, 0x60, 0x00, 0x18, 0x70, 0x00, 0x08, 0x58, 0x00, 0x08, 0x4c, 0x00, 0x18,
  0x46, 0x00, 0xf0, 0x43, 0x00, 0xe0, 0x40, 0x00, 0x00, 0x00, 0x10, 0x60, 0x00, 0x18, 0x41, 0x00,
  0x08, 0x41, 0x00, 0x08, 0x41, 0x00, 0x88, 0x63, 0x00, 0xf0, 0x32, 0x00, 0x70, 0x3c, 0x00, 0x08,
  0x00, 0x00, 0x0e, 0x00, 0x00, 0x0b, 0x00, 0xc0, 0x08, 0x00, 0x60, 0x08, 0x00, 0x38, 0x08, 0x00,
  0xf8, 0x7f, 0x00, 0x00, 0x08, 0x00, 0x00, 0x08, 0x00, 0x00, 0x00, 0xc0, 0x61, 0x00, 0xf8, 0x41,
  0x00, 0x08, 0x41, 0x00, 0x08, 0x41, 0x00, 0x08, 0x61, 0x00, 0x08, 0x23, 0x00, 0x00, 0x3e, 0x00,
  0x00, 0x00, 0xc0, 0x1f, 0x00, 0x70, 0x33, 0x00, 0x90, 0x61, 0x00, 0x88, 0x40, 0x00, 0x88, 0x40,
  0x00, 0x88, 0x61, 0x00, 0x00, 0x3f, 0x00, 0x00, 0x00, 0x08, 0x00, 0x00, 0x08, 0x40, 0x00, 0x08,
  0x70, 0x00, 0x08, 0x1c, 0x00, 0x88, 0x07, 0x00, 0xe8, 0x00, 0x00, 0x38, 0x00, 0x00, 0x00, 0x60,
  0x3c, 0x00, 0xf0, 0x66, 0x00, 0x08, 0x43, 0x00, 0x08, 0x41, 0x00, 0x08, 0x43, 0x00, 0xd8, 0x66,
  0x00, 0x70, 0x3c, 0x00, 0x00, 0x00, 0xf0, 0x01, 0x00, 0x10, 0x43, 0x00, 0x08, 0x42, 0x00, 0x08,
  0x42, 0x00, 0x08, 0x22, 0x00, 0x30, 0x39, 0x00, 0xe0, 0x0f, 0x00, 0x00, 0x00, 0xc0, 0x60, 0x00,
  0xc0, 0x60, 0x00, 0x00, 0x00, 0xc0, 0xe0, 0x01, 0xc0, 0x60, 0x00, 0x00, 0x00, 0x00, 0x02, 0x00,
  0x00, 0x07, 0x00, 0x00, 0x05, 0x00, 0x80, 0x04, 0x00, 0x80, 0x08, 0x00, 0x40, 0x08, 0x00, 0x40,
  0x10, 0x00, 0x00, 0x00, 0x80, 0x04, 0x00, 0x80, 0x04, 0x00, 0x80, 0x04, 0x00, 0x80, 0x04, 0x00,
  0x80, 0x04, 0x00, 0x80, 0x04, 0x00, 0x80, 0x04, 0x00, 0x00, 0x00, 0x40, 0x10, 0x00, 0x40, 0x08,
  0x00, 0x80, 0x08, 0x00, 0x80, 0x0c, 0x00, 0x00, 0x05, 0x00, 0x00, 0x07, 0x00, 0x00, 0x02, 0x00,
  0x00, 0x00, 0x18, 0x00, 0x00, 0x08, 0x64, 0x00, 0x08, 0x63, 0x00, 0x98, 0x01, 0x00, 0xf0, 0x00,
  0x00, 0x00, 0x80, 0x1f, 0x00, 0xe0, 0x70, 0x00, 0x30, 0x40, 0x00, 0x10, 0xcf, 0x00, 0x98, 0x99,
  0x00, 0xc8, 0x90, 0x00, 0x48, 0x90, 0x00, 0xc8, 0x8c, 0x00, 0xd8, 0x9f, 0x00, 0x10, 0x10, 0x00,
  0x30, 0x10, 0x00, 0xc0, 0x0f, 0x00, 0x40, 0x00, 0x00, 0x78, 0x00, 0x00, 0x0f, 0x00, 0xc0, 0x07,
  0x00, 0x78, 0x04, 0x00, 0x38, 0x04, 0x00, 0xe0, 0x05, 0x00, 0x00, 0x0f, 0x00, 0x00, 0x3c, 0x00,
  0x00, 0x60, 0x00, 0x00, 0x00, 0x00, 0x00, 0x00, 0xf8, 0x7f, 0x00, 0x08, 0x41, 0x00, 0x08, 0x41,
  0x00, 0x08, 0x41, 0x00, 0x08, 0x41, 0x00, 0x98, 0x63, 0x00, 0xf0, 0x3e, 0x00, 0x00, 0x08, 0x00,
  0x00, 0x00, 0xc0, 0x0f, 0x00, 0xe0, 0x3f, 0x00, 0x30, 0x30, 0x00, 0x18, 0x60, 0x00, 0x08, 0x40,
  0x00, 0x08, 0x40, 0x00, 0x08, 0x40, 0x00, 0x18, 0x40, 0x00, 0x00, 0x00, 0x00, 0x00, 0x00, 0xf8,
  0x7f, 0x00, 0x08, 0x40, 0x00, 0x08, 0x40, 0x00, 0x08, 0x40, 0x00, 0x08, 0x60, 0x00, 0x18, 0x20,
  0x00, 0x30, 0x30, 0x00, 0xe0, 0x1f, 0x00, 0x80, 0x07, 0x00, 0x00, 0x00, 0x00, 0x00, 0x00, 0xf8,
  0x7f, 0x00, 0x08, 0x41, 0x00, 0x08, 0x41, 0x00, 0x08, 0x41, 0x00, 0x08, 0x41, 0x00, 0x08, 0x41,
  0x00, 0x00, 0x00, 0x00, 0x00, 0x00, 0xf8, 0x7f, 0x00, 0x08, 0x02, 0x00, 0x08, 0x02, 0x00, 0x08,
  0x02, 0x00, 0x08, 0x02, 0x00, 0x08, 0x02, 0x00, 0x00, 0x00, 0xc0, 0x0f, 0x00, 0xe0, 0x1f, 0x00,
  0x30, 0x30, 0x00, 0x18, 0x60, 0x00, 0x08, 0x40, 0x00, 0x08, 0x40, 0x00, 0x08, 0x42, 0x00, 0x08,
  0x42, 0x00, 0x18, 0x7e, 0x00, 0x00, 0x00, 0x00, 0x00, 0x00, 0xf8, 0x7f, 0x00, 0x00, 0x01, 0x00,
  0x00, 0x01, 0x00, 0x00, 0x01, 0x00, 0x00, 0x01, 0x00, 0x00, 0x01, 0x00, 0x00, 0x01, 0x00, 0xf8,
  0x7f, 0x00, 0x00, 0x00, 0x08, 0x40, 0x00, 0xf8, 0x7f, 0x00, 0x18, 0x40, 0x00, 0x08, 0x40, 0x00,
  0x00, 0x02, 0x00, 0x00, 0x02, 0xf8, 0xff, 0x03, 0xf8, 0xff, 0x01, 0x00, 0x00, 0x00, 0x00, 0x00,
  0x00, 0xf8, 0x7f, 0x00, 0x00, 0x03, 0x00, 0x80, 0x03, 0x00, 0xc0, 0x06, 0x00, 0x60, 0x1c, 0x00,
  0x30, 0x30, 0x00, 0x08, 0x60, 0x00, 0x00, 0x40, 0x00, 0x00, 0x00, 0x00, 0x00, 0x00, 0xf8, 0x7f,
  0x00, 0x00, 0x40, 0x00, 0x00, 0x40, 0x00, 0x00, 0x40, 0x00, 0x00, 0x40, 0x00, 0x00, 0x40, 0x00,
  0x00, 0x00, 0x00, 0x00, 0x00, 0xf8, 0x7f, 0x00, 0x38, 0x00, 0x00, 0xe0, 0x01, 0x00, 0x00, 0x0f,
  0x00, 0x00, 0x78, 0x00, 0x00, 0x70, 0x00, 0x00, 0x1e, 0x00, 0x80, 0x03, 0x00, 0xf0, 0x00, 0x00,
  0x38, 0x00, 0x00, 0xf8, 0x7f, 0x00, 0x00, 0x00, 0x00, 0x00, 0x00, 0xf8, 0x7f, 0x00, 0x38, 0x00,
  0x00, 0xe0, 0x00, 0x00, 0x80, 0x01, 0x00, 0x00, 0x07, 0x00, 0x00, 0x1c, 0x00, 0x00, 0x38, 0x00,
  0xf8, 0x7f, 0x00, 0xf8, 0x7f, 0x00, 0x00, 0x00, 0xc0, 0x0f, 0x00, 0xf0, 0x3f, 0x00, 0x10, 0x20,
  0x00, 0x18, 0x60, 0x00, 0x08, 0x40, 0x00, 0x08, 0x40, 0x00, 0x08, 0x40, 0x00, 0x18, 0x60, 0x00,
  0x30, 0x30, 0x00, 0xe0, 0x1f, 0x00, 0x00, 0x00, 0x00, 0x00, 0x00, 0xf8, 0x7f, 0x00, 0x08, 0x02,
  0x00, 0x08, 0x02, 0x00, 0x08, 0x02, 0x00, 0x18, 0x03, 0x00, 0xf0, 0x01, 0x00, 0xe0, 0x00, 0x00,
  0x00, 0xc0, 0x0f, 0x00, 0xf0, 0x3f, 0x00, 0x10, 0x20, 0x00, 0x18, 0x60, 0x00, 0x08, 0x40, 0x00,
  0x08, 0x40, 0x00, 0x08, 0xc0, 0x00, 0x18, 0xe0, 0x01, 0x30, 0x30, 0x01, 0xe0, 0x1f, 0x00, 0x00,
  0x00, 0x00, 0x00, 0x00, 0xf8, 0x7f, 0x00, 0x08, 0x02, 0x00, 0x08, 0x02, 0x00, 0x08, 0x06, 0x00,
  0x18, 0x0f, 0x00, 0xf0, 0x39, 0x00, 0xe0, 0x60, 0x00, 0x00, 0x00, 0xf0, 0x60, 0x00, 0xf8, 0x41,
  0x00, 0x08, 0x41, 0x00, 0x08, 0x43, 0x00, 0x08, 0x62, 0x00, 0x18, 0x3e, 0x00, 0x00, 0x1c, 0x08,
  0x00, 0x00, 0x08, 0x00, 0x00, 0x08, 0x00, 0x00, 0x08, 0x00, 0x00, 0xf8, 0x7f, 0x00, 0x08, 0x00,
  0x00, 0x08, 0x00, 0x00, 0x08, 0x00, 0x00, 0x08, 0x00, 0x00, 0x00, 0xf8, 0x07, 0x00, 0xf8, 0x3f,
  0x00, 0x00, 0x20, 0x00, 0x00, 0x40, 0x00, 0x00, 0x40, 0x00, 0x00, 0x40, 0x00, 0x00, 0x60, 0x00,
  0x00, 0x30, 0x00, 0xf8, 0x1f, 0x08, 0x00, 0x00, 0x78, 0x00, 0x00, 0xc0, 0x03, 0x00, 0x00, 0x1e,
  0x00, 0x00, 0x70, 0x00, 0x00, 0x78, 0x00, 0x00, 0x0f, 0x00, 0xe0, 0x01, 0x00, 0x38, 0x08, 0x00,
  0x00, 0xf8, 0x00, 0x00, 0xc0, 0x0f, 0x00, 0x00, 0x7c, 0x00, 0x00, 0x78, 0x00, 0x80, 0x0f, 0x00,
  0xf8, 0x00, 0x00, 0x38, 0x00, 0x00, 0xf0, 0x01, 0x00, 0x00, 0x1f, 0x00, 0x00, 0x78, 0x00, 0x00,
  0x7c, 0x00, 0xc0, 0x0f, 0x00, 0xf8, 0x00, 0x00, 0x08, 0x00, 0x40, 0x00, 0x18, 0x60, 0x00, 0x70,
  0x18, 0x00, 0xc0, 0x0e, 0x00, 0x80, 0x03, 0x00, 0xc0, 0x07, 0x00, 0x60, 0x1c, 0x00, 0x38, 0x70,
  0x00, 0x08, 0x40, 0x08, 0x00, 0x00, 0x38, 0x00, 0x00, 0xe0, 0x00, 0x00, 0x80, 0x03, 0x00, 0x00,
  0x7f, 0x00, 0x80, 0x03, 0x00, 0xe0, 0x00, 0x00, 0x38, 0x00, 0x00, 0x08, 0x00, 0x00, 0x00, 0x08,
  0x60, 0x00, 0x08, 0x78, 0x00, 0x08, 0x4e, 0x00, 0x08, 0x43, 0x00, 0xc8, 0x41, 0x00, 0x78, 0x40,
  0x00, 0x18, 0x40, 0x00, 0x00, 0x40, 0x00, 0x00, 0x00, 0xf8, 0xff, 0x01, 0xf8, 0xff, 0x01, 0x08,
  0x00, 0x01, 0x08, 0x00, 0x01, 0x08, 0x00, 0x00, 0x78, 0x00, 0x00, 0xc0, 0x03, 0x00, 0x00, 0x0e,
  0x00, 0x00, 0x78, 0x00, 0x00, 0x40, 0x08, 0x00, 0x01, 0x08, 0x00, 0x01, 0x18, 0x00, 0x01, 0xf8,
  0xff, 0x01, 0x00, 0x00, 0x00, 0x00, 0x06, 0x00, 0x80, 0x03, 0x00, 0x60, 0x00, 0x00, 0x30, 0x00,
  0x00, 0x60, 0x00, 0x00, 0x80, 0x01, 0x00, 0x00, 0x06, 0x00, 0x00, 0x01, 0x00, 0x00, 0x01, 0x00,
  0x00, 0x01, 0x00, 0x00, 0x01, 0x00, 0x00, 0x01, 0x00, 0x00, 0x01, 0x00, 0x00, 0x01, 0x00, 0x00,
  0x00, 0x0c, 0x00, 0x00, 0x18, 0x00, 0x00, 0x10, 0x00, 0x00, 0x00, 0x00, 0x38, 0x00, 0xc0, 0x6c,
  0x00, 0x40, 0x44, 0x00, 0x40, 0x44, 0x00, 0xc0, 0x24, 0x00, 0xc0, 0x3f, 0x00, 0x00, 0x7f, 0x00,
  0x00, 0x00, 0xf8, 0x7f, 0x00, 0xf8, 0x3f, 0x00, 0x80, 0x20, 0x00, 0x40, 0x40, 0x00, 0x40, 0x40,
  0x00, 0xc0, 0x60, 0x00, 0x80, 0x3f, 0x00, 0x00, 0x1f, 0x00, 0x00, 0x00, 0x00, 0x1f, 0x00, 0x80,
  0x31, 0x00, 0xc0, 0x60, 0x00, 0x40, 0x40, 0x00, 0x40, 0x40, 0x00, 0x40, 0x60, 0x00, 0x00, 0x00,
  0x00, 0x1f, 0x00, 0x80, 0x31, 0x00, 0xc0, 0x60, 0x00, 0x40, 0x40, 0x00, 0x40, 0x40, 0x00, 0x80,
  0x20, 0x00, 0xf8, 0x7f, 0x00, 0x00, 0x00, 0x00, 0x1f, 0x00, 0x80, 0x3d, 0x00, 0xc0, 0x64, 0x00,
  0x40, 0x44, 0x00, 0x40, 0x44, 0x00, 0x80, 0x45, 0x00, 0x00, 0x07, 0x00, 0x00, 0x00, 0x40, 0x00,
  0x00, 0xf0, 0x7f, 0x00, 0x58, 0x00, 0x00, 0x48, 0x00, 0x00, 0x08, 0x00, 0x00, 0x00, 0x00, 0x1f,
  0x00, 0x80, 0x31, 0x06, 0xc0, 0x60, 0x04, 0x40, 0x40, 0x04, 0x40, 0x40, 0x04, 0x80, 0x20, 0x06,
  0xc0, 0xff, 0x03, 0x00, 0x00, 0x00, 0xf8, 0x7f, 0x00, 0xf8, 0x7f, 0x00, 0x80, 0x00, 0x00, 0x40,
  0x00, 0x00, 0x40, 0x00, 0x00, 0xc0, 0x00, 0x00, 0x80, 0x7f, 0x00, 0x00, 0x7e, 0x00, 0x00, 0x00,
  0xc8, 0x7f, 0x00, 0xd8, 0x7f, 0x00, 0x00, 0x04, 0x00, 0x00, 0x04, 0xc8, 0xff, 0x07, 0xd8, 0xff,
  0x03, 0x00, 0x00, 0x00, 0xf8, 0x7f, 0x00, 0xf8, 0x7f, 0x00, 0x00, 0x06, 0x00, 0x00, 0x0f, 0x00,
  0x80, 0x19, 0x00, 0xc0, 0x70, 0x00, 0x40, 0x40, 0x00, 0x00, 0x00, 0xf8, 0x7f, 0x00, 0xf8, 0x7f,
  0x00, 0x00, 0x00, 0xc0, 0x7f, 0x00, 0xc0, 0x7f, 0x00, 0x80, 0x00, 0x00, 0x40, 0x00, 0x00, 0x40,
  0x00, 0x00, 0xc0, 0x00, 0x00, 0x80, 0x7f, 0x00, 0x80, 0x00, 0x00, 0x40, 0x00, 0x00, 0x40, 0x00,
  0x00, 0xc0, 0x00, 0x00, 0xc0, 0x7f, 0x00, 0x00, 0x7f, 0x00, 0x00, 0x00, 0xc0, 0x7f, 0x00, 0xc0,
  0x7f, 0x00, 0x80, 0x00, 0x00, 0x40, 0x00, 0x00, 0x40, 0x00, 0x00, 0xc0, 0x00, 0x00, 0x80, 0x7f,
  0x00, 0x00, 0x7e, 0x00, 0x00, 0x00, 0x00, 0x1f, 0x00, 0x80, 0x31, 0x00, 0xc0, 0x60, 0x00, 0x40,
  0x40, 0x00, 0x40, 0x40, 0x00, 0xc0, 0x60, 0x00, 0x80, 0x3f, 0x00, 0x00, 0x0e, 0x00, 0x00, 0x00,
  0xc0, 0xff, 0x07, 0xc0, 0xff, 0x07, 0x80, 0x20, 0x00, 0x40, 0x40, 0x00, 0x40, 0x40, 0x00, 0xc0,
  0x60, 0x00, 0x80, 0x3f, 0x00, 0x00, 0x1f, 0x00, 0x00, 0x00, 0x00, 0x1f, 0x00, 0x80, 0x31, 0x00,
  0xc0, 0x60, 0x00, 0x40, 0x40, 0x00, 0x40, 0x40, 0x00, 0x80, 0x20, 0x00, 0xc0, 0xff, 0x07, 0x00,
  0x00, 0x00, 0xc0, 0x7f, 0x00, 0xc0, 0x7f, 0x00, 0x80, 0x00, 0x00, 0x40, 0x00, 0x00, 0x40, 0x00,
  0x00, 0x00, 0x80, 0x63, 0x00, 0xc0, 0x42, 0x00, 0x40, 0x44, 0x00, 0x40, 0x44, 0x00, 0xc0, 0x6c,
  0x00, 0x00, 0x38, 0x40, 0x00, 0x00, 0xc0, 0x1f, 0x00, 0xf0, 0x7f, 0x00, 0x40, 0x40, 0x00, 0x40,
  0x40, 0x00, 0x00, 0x00, 0xc0, 0x1f, 0x00, 0xc0, 0x7f, 0x00, 0x00, 0x60, 0x00, 0x00, 0x40, 0x00,
  0x00, 0x40, 0x00, 0x00, 0x20, 0x00, 0xc0, 0x7f, 0x00, 0xc0, 0x7f, 0x40, 0x00, 0x00, 0xc0, 0x03,
  0x00, 0x00, 0x1e, 0x00, 0x00, 0x70, 0x00, 0x00, 0x70, 0x00, 0x00, 0x1e, 0x00, 0xc0, 0x03, 0x00,
  0xc0, 0x40, 0x00, 0x00, 0xc0, 0x07, 0x00, 0x00, 0x7c, 0x00, 0x00, 0x70, 0x00, 0x00, 0x3e, 0x00,
  0xc0, 0x03, 0x00, 0xc0, 0x01, 0x00, 0x80, 0x0f, 0x00, 0x00, 0x78, 0x00, 0x00, 0x70, 0x00, 0x00,
  0x1f, 0x00, 0xc0, 0x01, 0x00, 0x00, 0x00, 0xc0, 0x60, 0x00, 0x80, 0x31, 0x00, 0x00, 0x1f, 0x00,
  0x00, 0x0e, 0x00, 0x80, 0x1b, 0x00, 0xc0, 0x60, 0x00, 0x40, 0x40, 0x40, 0x00, 0x04, 0xc0, 0x03,
  0x04, 0x00, 0x1e, 0x06, 0x00, 0xf0, 0x03, 0x00, 0xf0, 0x00, 0x00, 0x1e, 0x00, 0xc0, 0x07, 0x00,
  0xc0, 0x00, 0x00, 0x00, 0x40, 0x60, 0x00, 0x40, 0x78, 0x00, 0x40, 0x4c, 0x00, 0x40, 0x43, 0x00,
  0xc0, 0x41, 0x00, 0xc0, 0x40, 0x00, 0x04, 0x00, 0x00, 0x04, 0x00, 0xe0, 0x7f, 0x00, 0xf0, 0xf3,
  0x01, 0x18, 0x00, 0x01, 0x08, 0x00, 0x01, 0x00, 0x00, 0x00, 0x00, 0x00, 0x00, 0x00, 0x00, 0x00,
  0x00, 0x00, 0x00, 0xf8, 0xff, 0x07, 0x00, 0x00, 0x00, 0x08, 0x00, 0x01, 0xf0, 0xf1, 0x01, 0xe0,
  0xff, 0x00, 0x00, 0x04, 0x00, 0x00, 0x04, 0x00, 0x00, 0x00, 0x00, 0x03, 0x00, 0x00, 0x01, 0x00,
  0x00, 0x01, 0x00, 0x00, 0x03, 0x00, 0x00, 0x02, 0x00, 0x00, 0x02, 0x00, 0x00, 0x02, 0x00, 0x00,
  0x00, 0xc0, 0xe0, 0x03, 0xc0, 0xfc, 0x03, 0x00, 0x00, 0x00, 0x00, 0x01, 0x00, 0xe0, 0x0f, 0x00,
  0x30, 0x18, 0x00, 0x10, 0x10, 0x00, 0x18, 0x70, 0x00, 0x10, 0x10, 0x00, 0x00, 0x10, 0x00, 0x00,
  0x00, 0x00, 0x62, 0x00, 0xe0, 0x7f, 0x00, 0xf0, 0x47, 0x00, 0x08, 0x42, 0x00, 0x08, 0x42, 0x00,
  0x08, 0x42, 0x00, 0x18, 0x40, 0x00, 0x00, 0x40, 0x00, 0x00, 0x00, 0x40, 0x08, 0x00, 0xc0, 0x0f,
  0x00, 0xc0, 0x08, 0x00, 0x40, 0x08, 0x00, 0x40, 0x08, 0x00, 0xc0, 0x0c, 0x00, 0x40, 0x0b, 0x08,
  0x00, 0x00, 0x18, 0x12, 0x00, 0x60, 0x12, 0x00, 0xc0, 0x13, 0x00, 0x00, 0x7f, 0x00, 0x80, 0x13,
  0x00, 0xe0, 0x12, 0x00, 0x38, 0x12, 0x00, 0x08, 0x00, 0x00, 0x00, 0x00, 0x00, 0x00, 0x00, 0x00,
  0x00, 0x00, 0x00, 0x00, 0xf8, 0xe1, 0x07, 0x00, 0x00, 0x00, 0x30, 0x63, 0x00, 0xf8, 0x46, 0x00,
  0x48, 0x44, 0x00, 0x88, 0x4c, 0x00, 0x88, 0x6c, 0x00, 0x18, 0x3b, 0x00, 0x00, 0x00, 0x00, 0x00,
  0x00, 0x00, 0x00, 0x00, 0x08, 0x00, 0x00, 0x00, 0x00, 0x00, 0x00, 0x00, 0x00, 0x08, 0x00, 0x00,
  0x00, 0xc0, 0x0f, 0x00, 0x20, 0x10, 0x00, 0x10, 0x20, 0x00, 0xd8, 0x4f, 0x00, 0x68, 0x58, 0x00,
  0x28, 0x50, 0x00, 0x28, 0x50, 0x00, 0x38, 0x50, 0x00, 0x10, 0x20, 0x00, 0x30, 0x30, 0x00, 0xc0,
  0x1c, 0x00, 0x00, 0x00, 0xe8, 0x00, 0x00, 0xa8, 0x00, 0x00, 0xa8, 0x00, 0x00, 0xf0, 0x00, 0x00,
  0x00, 0x00, 0x0c, 0x00, 0x00, 0x1b, 0x00, 0x00, 0x31, 0x00, 0x00, 0x0c, 0x00, 0x00, 0x1e, 0x00,
  0x00, 0x31, 0x00, 0x00, 0x00, 0x00, 0x02, 0x00, 0x00, 0x02, 0x00, 0x00, 0x02, 0x00, 0x00, 0x02,
  0x00, 0x00, 0x02, 0x00, 0x00, 0x02, 0x00, 0x00, 0x1e, 0x00, 0x00, 0x00, 0x00, 0x04, 0x00, 0x00,
  0x04, 0x00, 0x00, 0x04, 0x00, 0x00, 0x04, 0x00, 0x00, 0x00, 0xc0, 0x0f, 0x00, 0x20, 0x10, 0x00,
  0x10, 0x20, 0x00, 0xd8, 0x4f, 0x00, 0xc8, 0x4f, 0x00, 0x48, 0x42, 0x00, 0xc8, 0x46, 0x00, 0x98,
  0x59, 0x00, 0x10, 0x20, 0x00, 0x30, 0x30, 0x00, 0xc0, 0x1c, 0x02, 0x00, 0x00, 0x02, 0x00, 0x00,
  0x02, 0x00, 0x00, 0x02, 0x00, 0x00, 0x02, 0x00, 0x00, 0x02, 0x00, 0x00, 0x02, 0x00, 0x00, 0x02,
  0x00, 0x00, 0x00, 0x70, 0x00, 0x00, 0x88, 0x00, 0x00, 0x88, 0x00, 0x00, 0x98, 0x00, 0x00, 0x70,
  0x00, 0x00, 0x00, 0x00, 0x42, 0x00, 0x00, 0x42, 0x00, 0x00, 0x42, 0x00, 0xe0, 0x5f, 0x00, 0x00,
  0x42, 0x00, 0x00, 0x42, 0x00, 0x00, 0x42, 0x80, 0x00, 0x00, 0xc2, 0x00, 0x00, 0xa2, 0x00, 0x00,
  0x92, 0x00, 0x00, 0x8c, 0x00, 0x00, 0x00, 0x24, 0x01, 0x00, 0x24, 0x01, 0x00, 0x34, 0x01, 0x00,
  0xd8, 0x00, 0x00, 0x00, 0x10, 0x00, 0x00, 0x08, 0x00, 0x00, 0x00, 0xc0, 0xff, 0x07, 0xc0, 0xff,
  0x07, 0x00, 0x60, 0x00, 0x00, 0x40, 0x00, 0x00, 0x40, 0x00, 0x00, 0x20, 0x00, 0xc0, 0x7f, 0x00,
  0xc0, 0x7f, 0x00, 0x00, 0x00, 0xf0, 0x03, 0x00, 0xf8, 0x07, 0x00, 0xf8, 0x07, 0x00, 0xf8, 0x07,
  0x00, 0xf8, 0xff, 0x01, 0x08, 0x00, 0x00, 0x08, 0x00, 0x00, 0xf8, 0xff, 0x03, 0x00, 0x00, 0x00,
  0x00, 0x03, 0x00, 0x00, 0x03, 0x00, 0x00, 0x04, 0x00, 0x80, 0x04, 0x00, 0x00, 0x07, 0x00, 0x00,
  0x00, 0x04, 0x00, 0x00, 0x06, 0x00, 0x00, 0xfe, 0x00, 0x00, 0x00, 0x78, 0x00, 0x00, 0x88, 0x00,
  0x00, 0x88, 0x00, 0x00, 0x78, 0x00, 0x00, 0x00, 0x00, 0x31, 0x00, 0x00, 0x1a, 0x00, 0x00, 0x0c,
  0x00, 0x00, 0x21, 0x00, 0x00, 0x1b, 0x00, 0x00, 0x0c, 0x00, 0x00, 0x00, 0x10, 0x00, 0x00, 0x18,
  0x40, 0x00, 0xf8, 0x73, 0x00, 0x00, 0x18, 0x00, 0x00, 0x06, 0x00, 0x80, 0x11, 0x00, 0xc0, 0x18,
  0x00, 0x30, 0x16, 0x00, 0x08, 0x13, 0x00, 0x00, 0x7f, 0x00, 0x00, 0x10, 0x00, 0x00, 0x00, 0x10,
  0x00, 0x00, 0xf8, 0x63, 0x00, 0xf8, 0x33, 0x00, 0x00, 0x0c, 0x00, 0x00, 0x03, 0x00, 0x80, 0x01,
  0x00, 0x60, 0x40, 0x00, 0x18, 0x61, 0x00, 0x00, 0x51, 0x00, 0x00, 0x4f, 0x00, 0x00, 0x46, 0x00,
  0x02, 0x00, 0x48, 0x02, 0x00, 0x48, 0x02, 0x00, 0x78, 0x42, 0x00, 0xb0, 0x31, 0x00, 0x00, 0x0c,
  0x00, 0x00, 0x07, 0x00, 0x80, 0x11, 0x00, 0x60, 0x1c, 0x00, 0x18, 0x12, 0x00, 0x08, 0x7f, 0x00,
  0x00, 0x10, 0x00, 0xc0, 0x00, 0x00, 0xe0, 0x01, 0x00, 0x30, 0x03, 0xc0, 0x1c, 0x02, 0xc0, 0x04,
  0x02, 0x00, 0x00, 0x03, 0x00, 0x40, 0x00, 0x00, 0x78, 0x00, 0x00, 0x0f, 0x00, 0xc0, 0x07, 0x00,
  0x79, 0x04, 0x00, 0x3a, 0x04, 0x00, 0xe0, 0x05, 0x00, 0x00, 0x0f, 0x00, 0x00, 0x3c, 0x00, 0x00,
  0x60, 0x00, 0x80, 0x00, 0x00, 0xf0, 0x00, 0x00, 0x1e, 0x00, 0x80, 0x0f, 0x00, 0xf4, 0x08, 0x00,
  0x76, 0x08, 0x00, 0xc3, 0x0b, 0x00, 0x00, 0x1e, 0x00, 0x00, 0x78, 0x00, 0x00, 0xc0, 0x00, 0x40,
  0x00, 0x00, 0x78, 0x00, 0x00, 0x0f, 0x00, 0xc2, 0x07, 0x00, 0x79, 0x04, 0x00, 0x39, 0x04, 0x00,
  0xe3, 0x05, 0x00, 0x00, 0x0f, 0x00, 0x00, 0x3c, 0x00, 0x00, 0x60, 0x00, 0x40, 0x00, 0x00, 0x78,
  0x00, 0x02, 0x0f, 0x00, 0xc1, 0x07, 0x00, 0x79, 0x04, 0x00, 0x3a, 0x04, 0x00, 0xe2, 0x05, 0x00,
  0x01, 0x0f, 0x00, 0x00, 0x3c, 0x00, 0x00, 0x60, 0x00, 0x40, 0x00, 0x00, 0x78, 0x00, 0x00, 0x0f,
  0x00, 0xc1, 0x07, 0x00, 0x78, 0x04, 0x00, 0x38, 0x04, 0x00, 0xe1, 0x05, 0x00, 0x00, 0x0f, 0x00,
  0x00, 0x3c, 0x00, 0x00, 0x60, 0x00, 0x40, 0x00, 0x00, 0x78, 0x00, 0x00, 0x0f, 0x00, 0xc4, 0x07,
  0x00, 0x7e, 0x04, 0x00, 0x3a, 0x04, 0x00, 0xec, 0x05, 0x00, 0x00, 0x0f, 0x00, 0x00, 0x3c, 0x00,
  0x00, 0x60, 0x00, 0x40, 0x00, 0x00, 0x70, 0x00, 0x00, 0x1e, 0x00, 0x80, 0x07, 0x00, 0xe0, 0x04,
  0x00, 0x38, 0x04, 0x00, 0x08, 0x04, 0x00, 0xf8, 0x7f, 0x00, 0xf8, 0x7f, 0x00, 0x08, 0x41, 0x00,
  0x08, 0x41, 0x00, 0x08, 0x41, 0x00, 0x08, 0x41, 0x00, 0x00, 0x00, 0xc0, 0x0f, 0x00, 0xe0, 0x3f,
  0x00, 0x30, 0x30, 0x00, 0x18, 0x60, 0x04, 0x08, 0xc0, 0x04, 0x08, 0x40, 0x07, 0x08, 0x40, 0x00,
  0x18, 0x40, 0x00, 0x00, 0x00, 0x00, 0x00, 0x00, 0xf8, 0x7f, 0x00, 0x09, 0x41, 0x00, 0x0b, 0x41,
  0x00, 0x0a, 0x41, 0x00, 0x08, 0x41, 0x00, 0x08, 0x41, 0x00, 0x00, 0x00, 0x00, 0x00, 0x00, 0xf8,
  0x7f, 0x00, 0x08, 0x41, 0x00, 0x0a, 0x41, 0x00, 0x09, 0x41, 0x00, 0x08, 0x41, 0x00, 0x08, 0x41,
  0x00, 0x00, 0x00, 0x00, 0x00, 0x00, 0xf8, 0x7f, 0x00, 0x0b, 0x41, 0x00, 0x09, 0x41, 0x00, 0x09,
  0x41, 0x00, 0x0a, 0x41, 0x00, 0x08, 0x41, 0x00, 0x00, 0x00, 0x00, 0x00, 0x00, 0xf8, 0x7f, 0x00,
  0x09, 0x41, 0x00, 0x08, 0x41, 0x00, 0x08, 0x41, 0x00, 0x09, 0x41, 0x00, 0x08, 0x41, 0x00, 0x00,
  0x00, 0x13, 0x80, 0x00, 0xf6, 0xff, 0x00, 0x34, 0x80, 0x00, 0x10, 0x80, 0x00, 0x00, 0x00, 0x08,
  0x40, 0x00, 0xfa, 0x7f, 0x00, 0x19, 0x40, 0x00, 0x08, 0x40, 0x02, 0x00, 0x00, 0x0b, 0x40, 0x00,
  0xf9, 0x7f, 0x00, 0x19, 0x40, 0x00, 0x0a, 0x40, 0x00, 0x00, 0x00, 0x09, 0x40, 0x00, 0xf8, 0x7f,
  0x00, 0x18, 0x40, 0x00, 0x09, 0x40, 0x00, 0x02, 0x00, 0x00, 0x02, 0x00, 0xf8, 0x7f, 0x00, 0x08,
  0x42, 0x00, 0x08, 0x42, 0x00, 0x08, 0x42, 0x00, 0x08, 0x60, 0x00, 0x18, 0x20, 0x00, 0x30, 0x30,
  0x00, 0xe0, 0x1f, 0x00, 0x80, 0x07, 0x00, 0x00, 0x00, 0x00, 0x00, 0x00, 0xf8, 0x7f, 0x00, 0x3a,
  0x00, 0x00, 0xe1, 0x00, 0x00, 0x81, 0x01, 0x00, 0x02, 0x07, 0x00, 0x02, 0x1c, 0x00, 0x01, 0x38,
  0x00, 0xf8, 0x7f, 0x00, 0xf8, 0x7f, 0x00, 0x00, 0x00, 0xc0, 0x0f, 0x00, 0xf0, 0x3f, 0x00, 0x10,
  0x20, 0x00, 0x18, 0x60, 0x00, 0x09, 0x40, 0x00, 0x0a, 0x40, 0x00, 0x08, 0x40, 0x00, 0x18, 0x60,
  0x00, 0x30, 0x30, 0x00, 0xe0, 0x1f, 0x00, 0x00, 0x00, 0x80, 0x1f, 0x00, 0xe0, 0x7f, 0x00, 0x20,
  0x40, 0x00, 0x30, 0xc0, 0x00, 0x10, 0x80, 0x00, 0x16, 0x80, 0x00, 0x13, 0x80, 0x00, 0x30, 0xc0,
  0x00, 0x60, 0x60, 0x00, 0xc0, 0x3f, 0x00, 0x00, 0x00, 0xc0, 0x0f, 0x00, 0xf0, 0x3f, 0x00, 0x10,
  0x20, 0x00, 0x1a, 0x60, 0x00, 0x09, 0x40, 0x00, 0x09, 0x40, 0x00, 0x0b, 0x40, 0x00, 0x1a, 0x60,
  0x00, 0x30, 0x30, 0x00, 0xe0, 0x1f, 0x00, 0x00, 0x00, 0xc0, 0x0f, 0x00, 0xf0, 0x3f, 0x00, 0x12,
  0x20, 0x00, 0x1b, 0x60, 0x00, 0x09, 0x40, 0x00, 0x0a, 0x40, 0x00, 0x0a, 0x40, 0x00, 0x1b, 0x60,
  0x00, 0x30, 0x30, 0x00, 0xe0, 0x1f, 0x00, 0x00, 0x00, 0xc0, 0x0f, 0x00, 0xf0, 0x3f, 0x00, 0x10,
  0x20, 0x00, 0x19, 0x60, 0x00, 0x08, 0x40, 0x00, 0x08, 0x40, 0x00, 0x09, 0x40, 0x00, 0x18, 0x60,
  0x00, 0x30, 0x30, 0x00, 0xe0, 0x1f, 0x00, 0x00, 0x00, 0x40, 0x10, 0x00, 0xc0, 0x08, 0x00, 0x80,
  0x07, 0x00, 0x00, 0x03, 0x00, 0x00, 0x07, 0x00, 0x80, 0x0c, 0x00, 0x40, 0x18, 0x00, 0x00, 0x00,
  0xc0, 0x0f, 0x00, 0xf0, 0x7f, 0x00, 0x10, 0x30, 0x00, 0x18, 0x7c, 0x00, 0x08, 0x46, 0x00, 0x08,
  0x43, 0x00, 0xc8, 0x40, 0x00, 0x78, 0x60, 0x00, 0x38, 0x30, 0x00, 0xe8, 0x1f, 0x00, 0x00, 0x00,
  0xf8, 0x07, 0x00, 0xf8, 0x3f, 0x00, 0x00, 0x20, 0x00, 0x01, 0x40, 0x00, 0x03, 0x40, 0x00, 0x02,
  0x40, 0x00, 0x00, 0x60, 0x00, 0x00, 0x30, 0x00, 0xf8, 0x1f, 0x00, 0x00, 0x00, 0xf8, 0x07, 0x00,
  0xf8, 0x3f, 0x00, 0x00, 0x20, 0x00, 0x00, 0x40, 0x00, 0x02, 0x40, 0x00, 0x01, 0x40, 0x00, 0x00,
  0x60, 0x00, 0x00, 0x30, 0x00, 0xf8, 0x1f, 0x00, 0x00, 0x00, 0xf8, 0x07, 0x00, 0xf8, 0x3f, 0x00,
  0x00, 0x20, 0x00, 0x03, 0x40, 0x00, 0x01, 0x40, 0x00, 0x01, 0x40, 0x00, 0x02, 0x60, 0x00, 0x00,
  0x30, 0x00, 0xf8, 0x1f, 0x00, 0x00, 0x00, 0xf8, 0x07, 0x00, 0xf8, 0x3f, 0x00, 0x00, 0x20, 0x00,
  0x01, 0x40, 0x00, 0x00, 0x40, 0x00, 0x00, 0x40, 0x00, 0x01, 0x60, 0x00, 0x00, 0x30, 0x00, 0xf8,
  0x1f, 0x08, 0x00, 0x00, 0x38, 0x00, 0x00, 0xe0, 0x00, 0x00, 0x80, 0x03, 0x00, 0x03, 0x7f, 0x00,
  0x81, 0x03, 0x00, 0xe0, 0x00, 0x00, 0x38, 0x00, 0x00, 0x08, 0x00, 0x00, 0x00, 0x00, 0x00, 0x00,
  0xf8, 0x7f, 0x00, 0x20, 0x08, 0x00, 0x20, 0x08, 0x00, 0x20, 0x08, 0x00, 0x60, 0x0c, 0x00, 0xc0,
  0x07, 0x00, 0x80, 0x03, 0x00, 0x00, 0x00, 0xe0, 0x7f, 0x00, 0xf0, 0x7f, 0x00, 0x18, 0x00, 0x00,
  0x08, 0x60, 0x00, 0x88, 0x43, 0x00, 0xd8, 0x46, 0x00, 0x70, 0x64, 0x00, 0x00, 0x38, 0x00, 0x00,
  0x00, 0x00, 0x38, 0x00, 0xc0, 0x6c, 0x00, 0x4c, 0x44, 0x00, 0x58, 0x44, 0x00, 0xc0, 0x24, 0x00,
  0xc0, 0x3f, 0x00, 0x00, 0x7f, 0x00, 0x00, 0x00, 0x00, 0x38, 0x00, 0xc0, 0x6c, 0x00, 0x40, 0x44,
  0x00, 0x58, 0x44, 0x00, 0xc8, 0x24, 0x00, 0xc0, 0x3f, 0x00, 0x00, 0x7f, 0x00, 0x00, 0x00, 0x00,
  0x38, 0x00, 0xd0, 0x6c, 0x00, 0x48, 0x44, 0x00, 0x4c, 0x44, 0x00, 0xc8, 0x24, 0x00, 0xd0, 0x3f,
  0x00, 0x00, 0x7f, 0x00, 0x00, 0x00, 0x00, 0x38, 0x00, 0xd8, 0x6c, 0x00, 0x48, 0x44, 0x00, 0x58,
  0x44, 0x00, 0xd0, 0x24, 0x00, 0xd8, 0x3f, 0x00, 0x00, 0x7f, 0x00, 0x00, 0x00, 0x00, 0x38, 0x00,
  0xc8, 0x6c, 0x00, 0x48, 0x44, 0x00, 0x40, 0x44, 0x00, 0xc8, 0x24, 0x00, 0xc8, 0x3f, 0x00, 0x00,
  0x7f, 0x00, 0x00, 0x00, 0x00, 0x38, 0x00, 0xc0, 0x6c, 0x00, 0x5c, 0x44, 0x00, 0x54, 0x44, 0x00,
  0xdc, 0x24, 0x00, 0xc0, 0x3f, 0x00, 0x00, 0x7f, 0x00, 0x00, 0x00, 0x00, 0x38, 0x00, 0xc0, 0x6c,
  0x00, 0x40, 0x44, 0x00, 0x40, 0x44, 0x00, 0xc0, 0x24, 0x00, 0x80, 0x3f, 0x00, 0x80, 0x3f, 0x00,
  0xc0, 0x64, 0x00, 0x40, 0x44, 0x00, 0xc0, 0x44, 0x00, 0x80, 0x47, 0x00, 0x00, 0x07, 0x00, 0x00,
  0x00, 0x00, 0x1f, 0x00, 0x80, 0x31, 0x00, 0xc0, 0x60, 0x04, 0x40, 0xc0, 0x05, 0x40, 0x40, 0x03,
  0x40, 0x60, 0x00, 0x00, 0x00, 0x00, 0x1f, 0x00, 0x80, 0x3d, 0x00, 0xcc, 0x64, 0x00, 0x58, 0x44,
  0x00, 0x40, 0x44, 0x00, 0x80, 0x45, 0x00, 0x00, 0x07, 0x00, 0x00, 0x00, 0x00, 0x1f, 0x00, 0x80,
  0x3d, 0x00, 0xc0, 0x64, 0x00, 0x50, 0x44, 0x00, 0x48, 0x44, 0x00, 0x80, 0x45, 0x00, 0x00, 0x07,
  0x00, 0x00, 0x00, 0x00, 0x1f, 0x00, 0x90, 0x3d, 0x00, 0xd8, 0x64, 0x00, 0x4c, 0x44, 0x00, 0x48,
  0x44, 0x00, 0x90, 0x45, 0x00, 0x00, 0x07, 0x00, 0x00, 0x00, 0x00, 0x1f, 0x00, 0x88, 0x3d, 0x00,
  0xc8, 0x64, 0x00, 0x40, 0x44, 0x00, 0x48, 0x44, 0x00, 0x88, 0x45, 0x00, 0x00, 0x07, 0x00, 0x00,
  0x00, 0xc8, 0x7f, 0x00, 0xd0, 0x7f, 0x00, 0x00, 0x00, 0xd0, 0x7f, 0x00, 0xd8, 0x7f, 0x00, 0x0c,
  0x10, 0x00, 0x00, 0xc8, 0x7f, 0x00, 0xc8, 0x7f, 0x00, 0x18, 0x08, 0x00, 0x00, 0xc0, 0x7f, 0x00,
  0xc0, 0x7f, 0x00, 0x08, 0x00, 0x00, 0x00, 0x00, 0x1e, 0x00, 0x00, 0x33, 0x00, 0xac, 0x61, 0x00,
  0x98, 0x40, 0x00, 0x98, 0x40, 0x00, 0xb8, 0x61, 0x00, 0xc0, 0x3f, 0x00, 0x00, 0x0f, 0x00, 0x00,
  0x00, 0xc0, 0x7f, 0x00, 0xd0, 0x7f, 0x00, 0x88, 0x00, 0x00, 0x58, 0x00, 0x00, 0x50, 0x00, 0x00,
  0xd0, 0x00, 0x00, 0x88, 0x7f, 0x00, 0x00, 0x7e, 0x00, 0x00, 0x00, 0x00, 0x1f, 0x00, 0x80, 0x31,
  0x00, 0xcc, 0x60, 0x00, 0x58, 0x40, 0x00, 0x50, 0x40, 0x00, 0xc0, 0x60, 0x00, 0x80, 0x3f, 0x00,
  0x00, 0x0e, 0x00, 0x00, 0x00, 0x00, 0x1f, 0x00, 0x80, 0x31, 0x00, 0xc0, 0x60, 0x00, 0x50, 0x40,
  0x00, 0x48, 0x40, 0x00, 0xc0, 0x60, 0x00, 0x80, 0x3f, 0x00, 0x00, 0x0e, 0x00, 0x00, 0x00, 0x00,
  0x1f, 0x00, 0x90, 0x31, 0x00, 0xd8, 0x60, 0x00, 0x48, 0x40, 0x00, 0x48, 0x40, 0x00, 0xd0, 0x60,
  0x00, 0x80, 0x3f, 0x00, 0x00, 0x0e, 0x00, 0x00, 0x00, 0x00, 0x1f, 0x00, 0x90, 0x31, 0x00, 0xc8,
  0x60, 0x00, 0x58, 0x40, 0x00, 0x50, 0x40, 0x00, 0xd0, 0x60, 0x00, 0x88, 0x3f, 0x00, 0x00, 0x0e,
  0x00, 0x00, 0x00, 0x00, 0x1f, 0x00, 0x80, 0x31, 0x00, 0xc8, 0x60, 0x00, 0x40, 0x40, 0x00, 0x40,
  0x40, 0x00, 0xc8, 0x60, 0x00, 0x80, 0x3f, 0x00, 0x00, 0x0e, 0x00, 0x00, 0x00, 0x00, 0x02, 0x00,
  0x00, 0x02, 0x00, 0x00, 0x02, 0x00, 0x60, 0x1a, 0x00, 0x00, 0x02, 0x00, 0x00, 0x02, 0x00, 0x00,
  0x02, 0x00, 0x00, 0x00, 0x00, 0x5f, 0x00, 0x80, 0x71, 0x00, 0xc0, 0x78, 0x00, 0x40, 0x4c, 0x00,
  0x40, 0x46, 0x00, 0xc0, 0x61, 0x00, 0xc0, 0x3f, 0x00, 0x00, 0x0e, 0x00, 0x00, 0x00, 0xc0, 0x1f,
  0x00, 0xc0, 0x7f, 0x00, 0x00, 0x60, 0x00, 0x08, 0x40, 0x00, 0x10, 0x40, 0x00, 0x00, 0x20, 0x00,
  0xc0, 0x7f, 0x00, 0xc0, 0x7f, 0x00, 0x00, 0x00, 0xc0, 0x1f, 0x00, 0xc0, 0x7f, 0x00, 0x00, 0x60,
  0x00, 0x10, 0x40, 0x00, 0x08, 0x40, 0x00, 0x00, 0x20, 0x00, 0xc0, 0x7f, 0x00, 0xc0, 0x7f, 0x00,
  0x00, 0x00, 0xc0, 0x1f, 0x00, 0xc0, 0x7f, 0x00, 0x18, 0x60, 0x00, 0x08, 0x40, 0x00, 0x08, 0x40,
  0x00, 0x10, 0x20, 0x00, 0xc0, 0x7f, 0x00, 0xc0, 0x7f, 0x00, 0x00, 0x00, 0xc0, 0x1f, 0x00, 0xc0,
  0x7f, 0x00, 0x08, 0x60, 0x00, 0x00, 0x40, 0x00, 0x00, 0x40, 0x00, 0x08, 0x20, 0x00, 0xc0, 0x7f,
  0x00, 0xc0, 0x7f, 0x40, 0x00, 0x04, 0xc0, 0x03, 0x04, 0x00, 0x1e, 0x06, 0x10, 0xf0, 0x03, 0x18,
  0xf0, 0x00, 0x0c, 0x1e, 0x00, 0xc0, 0x07, 0x00, 0xc0, 0x00, 0x00, 0x00, 0xf8, 0xff, 0x07, 0xf8,
  0xff, 0x07, 0x80, 0x20, 0x00, 0x40, 0x40, 0x00, 0x40, 0x40, 0x00, 0xc0, 0x60, 0x00, 0x80, 0x3f,
  0x00, 0x00, 0x1f, 0x40, 0x00, 0x04, 0xc0, 0x03, 0x04, 0x08, 0x1e, 0x06, 0x00, 0xf0, 0x03, 0x00,
  0xf0, 0x00, 0x08, 0x1e, 0x00, 0xc0, 0x07, 0x00, 0xc0,
};

return TRIAL_1;
}

// nominal=24; cap=17; H_top=5; baseline=22; line_box=28; bearing_shifts=[74, 106, 238]; vertical_shifts=[]

inline const uint8_t* fontStorage2() {

static const uint8_t TRIAL_2[] = {
  0x18, 0x1c, 0x20, 0xe0, 0xff, 0xff, 0x00, 0x06, 0x00, 0x00, 0x13, 0x06, 0x00, 0x13, 0x1e, 0x0a,
  0x00, 0x31, 0x3a, 0x10, 0x00, 0x6b, 0x2f, 0x0e, 0x00, 0x9a, 0x4b, 0x14, 0x00, 0xe5, 0x43, 0x12,
  0x01, 0x28, 0x0e, 0x05, 0x01, 0x36, 0x18, 0x07, 0x01, 0x4e, 0x17, 0x07, 0x01, 0x65, 0x2e, 0x0d,
  0x01, 0x93, 0x2e, 0x0e, 0x01, 0xc1, 0x13, 0x06, 0x01, 0xd4, 0x1b, 0x08, 0x01, 0xef, 0x13, 0x06,
  0x02, 0x02, 0x1d, 0x09, 0x02, 0x1f, 0x32, 0x0e, 0x02, 0x51, 0x23, 0x0e, 0x02, 0x74, 0x2f, 0x0e,
  0x02, 0xa3, 0x2f, 0x0e, 0x02, 0xd2, 0x33, 0x0e, 0x03, 0x05, 0x2f, 0x0e, 0x03, 0x34, 0x33, 0x0e,
  0x03, 0x67, 0x31, 0x0e, 0x03, 0x98, 0x33, 0x0e, 0x03, 0xcb, 0x2f, 0x0e, 0x03, 0xfa, 0x13, 0x06,
  0x04, 0x0d, 0x12, 0x06, 0x04, 0x1f, 0x33, 0x0e, 0x04, 0x52, 0x2f, 0x0e, 0x04, 0x81, 0x2e, 0x0e,
  0x04, 0xaf, 0x26, 0x0a, 0x04, 0xd5, 0x4f, 0x16, 0x05, 0x24, 0x3b, 0x0f, 0x05, 0x5f, 0x37, 0x10,
  0x05, 0x96, 0x37, 0x0f, 0x05, 0xcd, 0x3f, 0x12, 0x06, 0x0c, 0x2f, 0x0d, 0x06, 0x3b, 0x2d, 0x0c,
  0x06, 0x68, 0x3f, 0x11, 0x06, 0xa7, 0x3b, 0x12, 0x06, 0xe2, 0x1b, 0x08, 0x06, 0xfd, 0x18, 0x09,
  0x07, 0x15, 0x37, 0x0f, 0x07, 0x4c, 0x2f, 0x0d, 0x07, 0x7b, 0x4b, 0x16, 0x07, 0xc6, 0x3f, 0x12,
  0x08, 0x05, 0x43, 0x13, 0x08, 0x48, 0x32, 0x0f, 0x08, 0x7a, 0x43, 0x13, 0x08, 0xbd, 0x37, 0x0f,
  0x08, 0xf4, 0x2f, 0x0d, 0x09, 0x23, 0x31, 0x0d, 0x09, 0x54, 0x3b, 0x12, 0x09, 0x8f, 0x35, 0x0e,
  0x09, 0xc4, 0x55, 0x16, 0x0a, 0x19, 0x37, 0x0e, 0x0a, 0x50, 0x31, 0x0e, 0x0a, 0x81, 0x33, 0x0e,
  0x0a, 0xb4, 0x1c, 0x08, 0x0a, 0xd0, 0x23, 0x09, 0x0a, 0xf3, 0x18, 0x08, 0x0b, 0x0b, 0x32, 0x0e,
  0x0b, 0x3d, 0x2c, 0x0b, 0x0b, 0x69, 0x15, 0x07, 0x0b, 0x7e, 0x2f, 0x0d, 0x0b, 0xad, 0x33, 0x0f,
  0x0b, 0xe0, 0x2b, 0x0c, 0x0c, 0x0b, 0x33, 0x0f, 0x0c, 0x3e, 0x2f, 0x0e, 0x0c, 0x6d, 0x21, 0x09,
  0x0c, 0x8e, 0x33, 0x0f, 0x0c, 0xc1, 0x33, 0x0f, 0x0c, 0xf4, 0x0f, 0x06, 0x0d, 0x03, 0x14, 0x07,
  0x0d, 0x17, 0x2f, 0x0d, 0x0d, 0x46, 0x0f, 0x06, 0x0d, 0x55, 0x53, 0x16, 0x0d, 0xa8, 0x33, 0x0f,
  0x0d, 0xdb, 0x33, 0x0f, 0x0e, 0x0e, 0x33, 0x0f, 0x0e, 0x41, 0x34, 0x0f, 0x0e, 0x75, 0x22, 0x0a,
  0x0e, 0x97, 0x27, 0x0c, 0x0e, 0xbe, 0x1f, 0x09, 0x0e, 0xdd, 0x33, 0x0f, 0x0f, 0x10, 0x2e, 0x0c,
  0x0f, 0x3e, 0x46, 0x13, 0x0f, 0x84, 0x2f, 0x0d, 0x0f, 0xb3, 0x2e, 0x0c, 0x0f, 0xe1, 0x27, 0x0b,
  0x10, 0x08, 0x20, 0x09, 0x10, 0x28, 0x1c, 0x0d, 0x10, 0x44, 0x1e, 0x09, 0x10, 0x62, 0x2e, 0x0e,
  0xff, 0xff, 0x00, 0x00, 0xff, 0xff, 0x00, 0x18, 0xff, 0xff, 0x00, 0x18, 0xff, 0xff, 0x00, 0x18,
  0xff, 0xff, 0x00, 0x18, 0xff, 0xff, 0x00, 0x18, 0xff, 0xff, 0x00, 0x18, 0xff, 0xff, 0x00, 0x18,
  0xff, 0xff, 0x00, 0x18, 0xff, 0xff, 0x00, 0x18, 0xff, 0xff, 0x00, 0x18, 0xff, 0xff, 0x00, 0x18,
  0xff, 0xff, 0x00, 0x18, 0xff, 0xff, 0x00, 0x18, 0xff, 0xff, 0x00, 0x18, 0xff, 0xff, 0x00, 0x18,
  0xff, 0xff, 0x00, 0x18, 0xff, 0xff, 0x00, 0x18, 0xff, 0xff, 0x00, 0x18, 0xff, 0xff, 0x00, 0x18,
  0xff, 0xff, 0x00, 0x18, 0xff, 0xff, 0x00, 0x18, 0xff, 0xff, 0x00, 0x18, 0xff, 0xff, 0x00, 0x18,
  0xff, 0xff, 0x00, 0x18, 0xff, 0xff, 0x00, 0x18, 0xff, 0xff, 0x00, 0x18, 0xff, 0xff, 0x00, 0x18,
  0xff, 0xff, 0x00, 0x18, 0xff, 0xff, 0x00, 0x18, 0xff, 0xff, 0x00, 0x18, 0xff, 0xff, 0x00, 0x18,
  0xff, 0xff, 0x00, 0x18, 0xff, 0xff, 0x00, 0x06, 0x10, 0x90, 0x12, 0x06, 0x10, 0xa2, 0x2b, 0x0e,
  0x10, 0xcd, 0x33, 0x0e, 0x11, 0x00, 0x2f, 0x0e, 0x11, 0x2f, 0x31, 0x0e, 0x11, 0x60, 0x1c, 0x0d,
  0x11, 0x7c, 0x2b, 0x0c, 0x11, 0xa7, 0x25, 0x0e, 0x11, 0xcc, 0x4a, 0x14, 0x12, 0x16, 0x1a, 0x09,
  0x12, 0x30, 0x2b, 0x0c, 0x12, 0x5b, 0x2f, 0x0e, 0x12, 0x8a, 0x1b, 0x08, 0x12, 0xa5, 0x4a, 0x14,
  0x12, 0xef, 0x2d, 0x0c, 0x13, 0x1c, 0x22, 0x0a, 0x13, 0x3e, 0x33, 0x0e, 0x13, 0x71, 0x1a, 0x08,
  0x13, 0x8b, 0x1e, 0x08, 0x13, 0xa9, 0x15, 0x07, 0x13, 0xbe, 0x33, 0x0f, 0x13, 0xf1, 0x34, 0x10,
  0x14, 0x25, 0x12, 0x06, 0x14, 0x37, 0x14, 0x05, 0x14, 0x4b, 0x16, 0x08, 0x14, 0x61, 0x1e, 0x09,
  0x14, 0x7f, 0x2b, 0x0c, 0x14, 0xaa, 0x47, 0x12, 0x14, 0xf1, 0x43, 0x13, 0x15, 0x34, 0x4b, 0x13,
  0x15, 0x7f, 0x28, 0x0a, 0x15, 0xa7, 0x3b, 0x0f, 0x15, 0xe2, 0x3b, 0x0f, 0x16, 0x1d, 0x3b, 0x0f,
  0x16, 0x58, 0x3b, 0x0f, 0x16, 0x93, 0x3b, 0x0f, 0x16, 0xce, 0x3b, 0x0f, 0x17, 0x09, 0x4f, 0x15,
  0x17, 0x58, 0x37, 0x0f, 0x17, 0x8f, 0x2f, 0x0d, 0x17, 0xbe, 0x2f, 0x0d, 0x17, 0xed, 0x2f, 0x0d,
  0x18, 0x1c, 0x2f, 0x0d, 0x18, 0x4b, 0x1b, 0x08, 0x18, 0x66, 0x1b, 0x08, 0x18, 0x81, 0x1d, 0x08,
  0x18, 0x9e, 0x1b, 0x08, 0x18, 0xb9, 0x3f, 0x12, 0x18, 0xf8, 0x3f, 0x12, 0x19, 0x37, 0x43, 0x13,
  0x19, 0x7a, 0x43, 0x13, 0x19, 0xbd, 0x43, 0x13, 0x1a, 0x00, 0x43, 0x13, 0x1a, 0x43, 0x43, 0x13,
  0x1a, 0x86, 0x2f, 0x0e, 0x1a, 0xb5, 0x43, 0x13, 0x1a, 0xf8, 0x3b, 0x12, 0x1b, 0x33, 0x3b, 0x12,
  0x1b, 0x6e, 0x3b, 0x12, 0x1b, 0xa9, 0x3b, 0x12, 0x1b, 0xe4, 0x31, 0x0e, 0x1c, 0x15, 0x32, 0x0f,
  0x1c, 0x47, 0x37, 0x0f, 0x1c, 0x7e, 0x2f, 0x0d, 0x1c, 0xad, 0x2f, 0x0d, 0x1c, 0xdc, 0x2f, 0x0d,
  0x1d, 0x0b, 0x2f, 0x0d, 0x1d, 0x3a, 0x2f, 0x0d, 0x1d, 0x69, 0x2f, 0x0d, 0x1d, 0x98, 0x4e, 0x15,
  0x1d, 0xe6, 0x2b, 0x0c, 0x1e, 0x11, 0x2f, 0x0e, 0x1e, 0x40, 0x2f, 0x0e, 0x1e, 0x6f, 0x2f, 0x0e,
  0x1e, 0x9e, 0x2f, 0x0e, 0x1e, 0xcd, 0x11, 0x06, 0x1e, 0xde, 0x15, 0x06, 0x1e, 0xf3, 0x1d, 0x08,
  0x1f, 0x10, 0x15, 0x06, 0x1f, 0x25, 0x33, 0x0f, 0x1f, 0x58, 0x33, 0x0f, 0x1f, 0x8b, 0x33, 0x0f,
  0x1f, 0xbe, 0x33, 0x0f, 0x1f, 0xf1, 0x33, 0x0f, 0x20, 0x24, 0x33, 0x0f, 0x20, 0x57, 0x33, 0x0f,
  0x20, 0x8a, 0x32, 0x0e, 0x20, 0xbc, 0x33, 0x0f, 0x20, 0xef, 0x33, 0x0f, 0x21, 0x22, 0x33, 0x0f,
  0x21, 0x55, 0x33, 0x0f, 0x21, 0x88, 0x33, 0x0f, 0x21, 0xbb, 0x2e, 0x0c, 0x21, 0xe9, 0x33, 0x0f,
  0x22, 0x1c, 0x2e, 0x0c, 0x00, 0x00, 0x00, 0x00, 0x00, 0x00, 0x00, 0x00, 0xe0, 0xff, 0x38, 0x00,
  0xe0, 0xff, 0x39, 0x00, 0x00, 0x00, 0x10, 0x00, 0x00, 0x00, 0x00, 0x00, 0x00, 0x00, 0x00, 0xe0,
  0x07, 0x00, 0x00, 0xe0, 0x01, 0x00, 0x00, 0x00, 0x00, 0x00, 0x00, 0x00, 0x00, 0x00, 0x00, 0xe0,
  0x07, 0x00, 0x00, 0xe0, 0x07, 0x00, 0x00, 0x00, 0x00, 0x00, 0x84, 0x01, 0x00, 0x00, 0x8c, 0x01,
  0x00, 0x00, 0x8c, 0x3d, 0x00, 0x00, 0xec, 0x1f, 0x00, 0x80, 0xff, 0x01, 0x00, 0xe0, 0x8f, 0x01,
  0x00, 0x20, 0x8c, 0x01, 0x00, 0x00, 0x8c, 0x3d, 0x00, 0x00, 0xec, 0x3f, 0x00, 0x00, 0xff, 0x01,
  0x00, 0xe0, 0x8f, 0x01, 0x00, 0x60, 0x8c, 0x01, 0x00, 0x00, 0x8c, 0x01, 0x00, 0x00, 0x04, 0x00,
  0x00, 0x00, 0x00, 0x00, 0x00, 0x08, 0x00, 0x80, 0x1f, 0x0c, 0x00, 0x80, 0x1f, 0x18, 0x00, 0xc0,
  0x30, 0x18, 0x00, 0xc0, 0x30, 0x18, 0x00, 0xf0, 0xff, 0x7f, 0x00, 0xf0, 0xff, 0x7f, 0x00, 0xc0,
  0x60, 0x18, 0x00, 0xc0, 0xe0, 0x0c, 0x00, 0x80, 0xc1, 0x0f, 0x00, 0x80, 0x80, 0x07, 0x00, 0x00,
  0x00, 0x00, 0x00, 0x1f, 0x00, 0x00, 0xc0, 0x7f, 0x00, 0x00, 0xe0, 0xe0, 0x00, 0x00, 0x60, 0xc0,
  0x00, 0x00, 0x60, 0xc0, 0x30, 0x00, 0xc0, 0x7b, 0x1c, 0x00, 0x80, 0x3f, 0x0f, 0x00, 0x00, 0xc0,
  0x03, 0x00, 0x00, 0xe0, 0x00, 0x00, 0x00, 0x38, 0x00, 0x00, 0x00, 0x0e, 0x00, 0x00, 0x80, 0xe7,
  0x0f, 0x00, 0xc0, 0x71, 0x3c, 0x00, 0x60, 0x10, 0x30, 0x00, 0x00, 0x10, 0x30, 0x00, 0x00, 0x30,
  0x38, 0x00, 0x00, 0xe0, 0x1f, 0x00, 0x00, 0xc0, 0x07, 0x00, 0x00, 0x00, 0x00, 0x00, 0x00, 0x07,
  0x00, 0x00, 0xc0, 0x1f, 0x00, 0x80, 0xe3, 0x1f, 0x00, 0xc0, 0x7f, 0x38, 0x00, 0x60, 0x3c, 0x30,
  0x00, 0x60, 0x38, 0x30, 0x00, 0x60, 0x78, 0x30, 0x00, 0x60, 0xec, 0x30, 0x00, 0xe0, 0xc7, 0x31,
  0x00, 0xc0, 0x87, 0x1b, 0x00, 0x00, 0x00, 0x1f, 0x00, 0x00, 0x00, 0x0e, 0x00, 0x00, 0x80, 0x1f,
  0x00, 0x00, 0xe0, 0x3b, 0x00, 0x00, 0xe0, 0x30, 0x00, 0x00, 0x00, 0x20, 0x00, 0x00, 0x00, 0x00,
  0x00, 0x00, 0x00, 0x00, 0xe0, 0x07, 0x00, 0x00, 0xe0, 0x01, 0x00, 0x00, 0x00, 0x00, 0x00, 0xf8,
  0x0f, 0x00, 0x00, 0xff, 0x3f, 0x00, 0xc0, 0x0f, 0xf8, 0x00, 0xe0, 0x01, 0xc0, 0x01, 0x60, 0x00,
  0x00, 0x01, 0x00, 0x00, 0x00, 0x00, 0x20, 0x00, 0x00, 0x01, 0xe0, 0x00, 0xc0, 0x01, 0xc0, 0x07,
  0xf0, 0x00, 0x00, 0xff, 0x7f, 0x00, 0x00, 0xfc, 0x0f, 0x00, 0x00, 0x00, 0x00, 0x00, 0x03, 0x00,
  0x00, 0x00, 0x03, 0x00, 0x00, 0x00, 0x33, 0x00, 0x00, 0x00, 0x3b, 0x00, 0x00, 0x10, 0x1f, 0x00,
  0x00, 0xf0, 0x07, 0x00, 0x00, 0x30, 0x1f, 0x00, 0x00, 0x00, 0x3b, 0x00, 0x00, 0x00, 0x33, 0x00,
  0x00, 0x00, 0x03, 0x00, 0x00, 0x80, 0x03, 0x00, 0x00, 0x00, 0x00, 0x00, 0x30, 0x00, 0x00, 0x00,
  0x30, 0x00, 0x00, 0x00, 0x30, 0x00, 0x00, 0x00, 0x30, 0x00, 0x00, 0x00, 0x30, 0x00, 0x00, 0x80,
  0xff, 0x07, 0x00, 0x80, 0xff, 0x07, 0x00, 0x00, 0x30, 0x00, 0x00, 0x00, 0x30, 0x00, 0x00, 0x00,
  0x30, 0x00, 0x00, 0x00, 0x30, 0x00, 0x00, 0x00, 0x00, 0x00, 0x00, 0x80, 0x01, 0x00, 0x00, 0xf8,
  0x01, 0x00, 0x00, 0x78, 0x00, 0x00, 0x00, 0x08, 0x00, 0x00, 0x00, 0x00, 0x00, 0x80, 0x01, 0x00,
  0x00, 0x80, 0x01, 0x00, 0x00, 0x80, 0x01, 0x00, 0x00, 0x80, 0x01, 0x00, 0x00, 0x80, 0x01, 0x00,
  0x00, 0x80, 0x01, 0x00, 0x00, 0x00, 0x00, 0x00, 0x00, 0x00, 0x00, 0x00, 0x00, 0x38, 0x00, 0x00,
  0x00, 0x38, 0x00, 0x00, 0x00, 0x10, 0x00, 0x00, 0x20, 0x00, 0x00, 0x00, 0x38, 0x00, 0x00, 0x00,
  0x1f, 0x00, 0x00, 0xe0, 0x07, 0x00, 0x00, 0xf8, 0x00, 0x00, 0x00, 0x1f, 0x00, 0x00, 0xe0, 0x07,
  0x00, 0x00, 0xe0, 0x00, 0x00, 0x00, 0x00, 0x00, 0xfc, 0x01, 0x00, 0x80, 0xff, 0x0f, 0x00, 0xc0,
  0x03, 0x1f, 0x00, 0xe0, 0x00, 0x18, 0x00, 0x60, 0x00, 0x30, 0x00, 0x60, 0x00, 0x30, 0x00, 0x60,
  0x00, 0x30, 0x00, 0x60, 0x00, 0x30, 0x00, 0xc0, 0x00, 0x18, 0x00, 0xc0, 0xff, 0x1f, 0x00, 0x00,
  0xff, 0x07, 0x00, 0x00, 0x20, 0x00, 0x00, 0x00, 0x00, 0x00, 0x00, 0x00, 0x00, 0x00, 0x01, 0x00,
  0x00, 0x00, 0x03, 0x00, 0x00, 0x80, 0x01, 0x00, 0x00, 0xc0, 0x00, 0x00, 0x00, 0xe0, 0xff, 0x3f,
  0x00, 0xe0, 0xff, 0x3f, 0x00, 0xe0, 0xff, 0x3f, 0x00, 0x00, 0x00, 0x00, 0x00, 0x00, 0x30, 0x00,
  0xc0, 0x00, 0x38, 0x00, 0xc0, 0x00, 0x3c, 0x00, 0x60, 0x00, 0x3e, 0x00, 0x60, 0x00, 0x37, 0x00,
  0x60, 0x80, 0x33, 0x00, 0x60, 0xc0, 0x31, 0x00, 0x60, 0xe0, 0x30, 0x00, 0xc0, 0x79, 0x30, 0x00,
  0xc0, 0x1f, 0x30, 0x00, 0x00, 0x07, 0x30, 0x00, 0x00, 0x00, 0x00, 0x00, 0x00, 0x18, 0x00, 0xc0,
  0x00, 0x30, 0x00, 0x40, 0x00, 0x30, 0x00, 0x60, 0x30, 0x30, 0x00, 0x60, 0x30, 0x30, 0x00, 0x60,
  0x30, 0x30, 0x00, 0x60, 0x30, 0x30, 0x00, 0x60, 0x78, 0x30, 0x00, 0xc0, 0x7c, 0x18, 0x00, 0xc0,
  0xcf, 0x1f, 0x00, 0x00, 0x87, 0x0f, 0x00, 0x00, 0x02, 0x00, 0x00, 0x80, 0x03, 0x00, 0x00, 0xe0,
  0x03, 0x00, 0x00, 0x70, 0x03, 0x00, 0x00, 0x18, 0x03, 0x00, 0x00, 0x0e, 0x03, 0x00, 0x00, 0x07,
  0x03, 0x00, 0xc0, 0x01, 0x03, 0x00, 0xe0, 0x00, 0x03, 0x00, 0xe0, 0xff, 0x3f, 0x00, 0xe0, 0xff,
  0x3f, 0x00, 0x00, 0x00, 0x03, 0x00, 0x00, 0x00, 0x03, 0x00, 0x00, 0x00, 0x00, 0x00, 0x00, 0x00,
  0x00, 0xc0, 0x1f, 0x30, 0x00, 0xe0, 0x1f, 0x30, 0x00, 0x60, 0x18, 0x30, 0x00, 0x60, 0x18, 0x30,
  0x00, 0x60, 0x18, 0x30, 0x00, 0x60, 0x18, 0x30, 0x00, 0x60, 0x38, 0x30, 0x00, 0x60, 0x30, 0x18,
  0x00, 0x60, 0xf0, 0x1f, 0x00, 0x00, 0xe0, 0x07, 0x00, 0x00, 0x00, 0x00, 0x00, 0xf0, 0x01, 0x00,
  0x00, 0xfe, 0x07, 0x00, 0x80, 0xff, 0x1f, 0x00, 0xc0, 0x31, 0x18, 0x00, 0xc0, 0x18, 0x30, 0x00,
  0x60, 0x18, 0x30, 0x00, 0x60, 0x18, 0x30, 0x00, 0x60, 0x18, 0x30, 0x00, 0x60, 0x38, 0x38, 0x00,
  0x60, 0xf0, 0x1f, 0x00, 0x00, 0xe0, 0x0f, 0x00, 0x00, 0x80, 0x01, 0x00, 0x00, 0x00, 0x00, 0x60,
  0x00, 0x00, 0x00, 0x60, 0x00, 0x00, 0x00, 0x60, 0x00, 0x20, 0x00, 0x60, 0x00, 0x38, 0x00, 0x60,
  0x00, 0x3e, 0x00, 0x60, 0x80, 0x0f, 0x00, 0x60, 0xe0, 0x03, 0x00, 0x60, 0xf8, 0x00, 0x00, 0x60,
  0x1f, 0x00, 0x00, 0xe0, 0x07, 0x00, 0x00, 0xe0, 0x01, 0x00, 0x00, 0x20, 0x00, 0x00, 0x00, 0x00,
  0x00, 0x00, 0x07, 0x00, 0x80, 0x87, 0x1f, 0x00, 0xc0, 0xcf, 0x18, 0x00, 0xe0, 0x78, 0x30, 0x00,
  0x60, 0x30, 0x30, 0x00, 0x60, 0x30, 0x30, 0x00, 0x60, 0x30, 0x30, 0x00, 0x60, 0x78, 0x30, 0x00,
  0xe0, 0xfc, 0x38, 0x00, 0xc0, 0xcf, 0x1f, 0x00, 0x80, 0x87, 0x0f, 0x00, 0x00, 0x00, 0x02, 0x00,
  0x00, 0x00, 0x00, 0x00, 0x1e, 0x00, 0x00, 0x80, 0x3f, 0x10, 0x00, 0xc0, 0x71, 0x30, 0x00, 0xe0,
  0xe0, 0x30, 0x00, 0x60, 0xc0, 0x30, 0x00, 0x60, 0xc0, 0x30, 0x00, 0x60, 0xc0, 0x30, 0x00, 0x60,
  0x40, 0x18, 0x00, 0xc0, 0x20, 0x1c, 0x00, 0x80, 0xff, 0x0f, 0x00, 0x00, 0xff, 0x03, 0x00, 0x00,
  0x00, 0x00, 0x00, 0x00, 0x00, 0x00, 0x00, 0x0e, 0x38, 0x00, 0x00, 0x0e, 0x38, 0x00, 0x00, 0x04,
  0x10, 0x00, 0x00, 0x00, 0x00, 0x00, 0x00, 0xc0, 0x01, 0x00, 0x0e, 0xf8, 0x01, 0x00, 0x0e, 0x38,
  0x00, 0x00, 0x04, 0x00, 0x00, 0x00, 0x00, 0x00, 0x20, 0x00, 0x00, 0x00, 0x70, 0x00, 0x00, 0x00,
  0x70, 0x00, 0x00, 0x00, 0xd8, 0x00, 0x00, 0x00, 0xd8, 0x00, 0x00, 0x00, 0x8c, 0x01, 0x00, 0x00,
  0x8c, 0x01, 0x00, 0x00, 0x06, 0x01, 0x00, 0x00, 0x06, 0x03, 0x00, 0x00, 0x03, 0x02, 0x00, 0x00,
  0x03, 0x06, 0x00, 0x00, 0x01, 0x04, 0x00, 0x00, 0x00, 0x00, 0x00, 0x08, 0x01, 0x00, 0x00, 0x8c,
  0x01, 0x00, 0x00, 0x8c, 0x01, 0x00, 0x00, 0x8c, 0x01, 0x00, 0x00, 0x8c, 0x01, 0x00, 0x00, 0x8c,
  0x01, 0x00, 0x00, 0x8c, 0x01, 0x00, 0x00, 0x8c, 0x01, 0x00, 0x00, 0x8c, 0x01, 0x00, 0x00, 0x8c,
  0x01, 0x00, 0x00, 0x8c, 0x01, 0x00, 0x00, 0x00, 0x00, 0x00, 0x01, 0x06, 0x00, 0x00, 0x03, 0x06,
  0x00, 0x00, 0x02, 0x03, 0x00, 0x00, 0x06, 0x03, 0x00, 0x00, 0x04, 0x01, 0x00, 0x00, 0x8c, 0x01,
  0x00, 0x00, 0x88, 0x00, 0x00, 0x00, 0xd8, 0x00, 0x00, 0x00, 0xd0, 0x00, 0x00, 0x00, 0x70, 0x00,
  0x00, 0x00, 0x60, 0x40, 0x00, 0x00, 0x00, 0xc0, 0x00, 0x00, 0x00, 0x60, 0x00, 0x00, 0x00, 0x60,
  0x80, 0x39, 0x00, 0x60, 0xe0, 0x39, 0x00, 0x60, 0x70, 0x10, 0x00, 0x60, 0x30, 0x00, 0x00, 0xe0,
  0x1c, 0x00, 0x00, 0xc0, 0x0f, 0x00, 0x00, 0x80, 0x07, 0x00, 0x00, 0x00, 0x00, 0x00, 0xc0, 0x01,
  0x00, 0x00, 0xfc, 0x0f, 0x00, 0x00, 0x0e, 0x1c, 0x00, 0x00, 0x03, 0x30, 0x00, 0x80, 0x01, 0x60,
  0x00, 0xc0, 0xe0, 0x60, 0x00, 0xc0, 0xf8, 0x43, 0x00, 0x60, 0x0c, 0xc7, 0x00, 0x60, 0x06, 0xc6,
  0x00, 0x60, 0x06, 0xc6, 0x00, 0x60, 0x06, 0xc6, 0x00, 0x60, 0x06, 0xc3, 0x00, 0x60, 0xfe, 0x41,
  0x00, 0x60, 0xfc, 0x63, 0x00, 0xc0, 0x00, 0x06, 0x00, 0xc0, 0x00, 0x06, 0x00, 0x80, 0x03, 0x06,
  0x00, 0x00, 0xff, 0x03, 0x00, 0x00, 0xfc, 0x01, 0x00, 0x00, 0x20, 0x00, 0x00, 0x00, 0x3c, 0x00,
  0x00, 0x00, 0x1f, 0x00, 0x00, 0xe0, 0x07, 0x00, 0x00, 0xf8, 0x01, 0x00, 0x00, 0xbf, 0x01, 0x00,
  0xc0, 0x87, 0x01, 0x00, 0xe0, 0x80, 0x01, 0x00, 0xe0, 0x83, 0x01, 0x00, 0x80, 0x9f, 0x01, 0x00,
  0x00, 0xfc, 0x01, 0x00, 0x00, 0xf0, 0x03, 0x00, 0x00, 0x80, 0x1f, 0x00, 0x00, 0x00, 0x3e, 0x00,
  0x00, 0x00, 0x30, 0x00, 0x00, 0x00, 0x00, 0x00, 0x00, 0x00, 0x00, 0xe0, 0xff, 0x3f, 0x00, 0xe0,
  0xff, 0x3f, 0x00, 0x60, 0x30, 0x30, 0x00, 0x60, 0x30, 0x30, 0x00, 0x60, 0x30, 0x30, 0x00, 0x60,
  0x30, 0x30, 0x00, 0x60, 0x30, 0x30, 0x00, 0x60, 0x30, 0x30, 0x00, 0x60, 0x70, 0x30, 0x00, 0xc0,
  0x7f, 0x18, 0x00, 0xc0, 0xcf, 0x1f, 0x00, 0x00, 0x87, 0x0f, 0x00, 0x00, 0x00, 0x00, 0x00, 0x20,
  0x00, 0x00, 0x00, 0xfe, 0x03, 0x00, 0x00, 0xff, 0x0f, 0x00, 0x80, 0x03, 0x1e, 0x00, 0xc0, 0x00,
  0x18, 0x00, 0xc0, 0x00, 0x38, 0x00, 0x60, 0x00, 0x30, 0x00, 0x60, 0x00, 0x30, 0x00, 0x60, 0x00,
  0x30, 0x00, 0x60, 0x00, 0x30, 0x00, 0x60, 0x00, 0x30, 0x00, 0x60, 0x00, 0x30, 0x00, 0x40, 0x00,
  0x10, 0x00, 0x00, 0x00, 0x00, 0x00, 0x00, 0x00, 0x00, 0xe0, 0xff, 0x3f, 0x00, 0xe0, 0xff, 0x3f,
  0x00, 0x60, 0x00, 0x30, 0x00, 0x60, 0x00, 0x30, 0x00, 0x60, 0x00, 0x30, 0x00, 0x60, 0x00, 0x30,
  0x00, 0x60, 0x00, 0x30, 0x00, 0x60, 0x00, 0x30, 0x00, 0x60, 0x00, 0x30, 0x00, 0xc0, 0x00, 0x18,
  0x00, 0xc0, 0x01, 0x1c, 0x00, 0x80, 0x07, 0x0f, 0x00, 0x00, 0xff, 0x07, 0x00, 0x00, 0xfc, 0x01,
  0x00, 0x00, 0x00, 0x00, 0x00, 0x00, 0x00, 0x00, 0xe0, 0xff, 0x3f, 0x00, 0xe0, 0xff, 0x3f, 0x00,
  0x60, 0x30, 0x30, 0x00, 0x60, 0x30, 0x30, 0x00, 0x60, 0x30, 0x30, 0x00, 0x60, 0x30, 0x30, 0x00,
  0x60, 0x30, 0x30, 0x00, 0x60, 0x30, 0x30, 0x00, 0x60, 0x30, 0x30, 0x00, 0x60, 0x00, 0x30, 0x00,
  0x00, 0x00, 0x00, 0x00, 0x00, 0x00, 0x00, 0xe0, 0xff, 0x3f, 0x00, 0xe0, 0xff, 0x3f, 0x00, 0x60,
  0x60, 0x00, 0x00, 0x60, 0x60, 0x00, 0x00, 0x60, 0x60, 0x00, 0x00, 0x60, 0x60, 0x00, 0x00, 0x60,
  0x60, 0x00, 0x00, 0x60, 0x60, 0x00, 0x00, 0x60, 0x60, 0x00, 0x00, 0x60, 0x00, 0x00, 0x00, 0x00,
  0x00, 0x20, 0x00, 0x00, 0x00, 0xfe, 0x03, 0x00, 0x00, 0xff, 0x0f, 0x00, 0x80, 0x03, 0x0e, 0x00,
  0xc0, 0x01, 0x18, 0x00, 0xc0, 0x00, 0x38, 0x00, 0x60, 0x00, 0x30, 0x00, 0x60, 0x00, 0x30, 0x00,
  0x60, 0x00, 0x30, 0x00, 0x60, 0x60, 0x30, 0x00, 0x60, 0x60, 0x30, 0x00, 0x60, 0x60, 0x30, 0x00,
  0x60, 0x60, 0x38, 0x00, 0xc0, 0xe0, 0x1f, 0x00, 0x00, 0xe0, 0x1f, 0x00, 0x00, 0x00, 0x00, 0x00,
  0x00, 0x00, 0x00, 0xe0, 0xff, 0x3f, 0x00, 0xe0, 0xff, 0x3f, 0x00, 0x00, 0x30, 0x00, 0x00, 0x00,
  0x30, 0x00, 0x00, 0x00, 0x30, 0x00, 0x00, 0x00, 0x30, 0x00, 0x00, 0x00, 0x30, 0x00, 0x00, 0x00,
  0x30, 0x00, 0x00, 0x00, 0x30, 0x00, 0x00, 0x00, 0x30, 0x00, 0x00, 0x00, 0x30, 0x00, 0x00, 0xe0,
  0xff, 0x3f, 0x00, 0xe0, 0xff, 0x3f, 0x00, 0x00, 0x00, 0x00, 0x20, 0x00, 0x20, 0x00, 0x60, 0x00,
  0x30, 0x00, 0xe0, 0xff, 0x3f, 0x00, 0xe0, 0xff, 0x3f, 0x00, 0x60, 0x00, 0x30, 0x00, 0x20, 0x00,
  0x20, 0x00, 0x00, 0x00, 0x06, 0x00, 0x00, 0x00, 0x06, 0x00, 0x00, 0x00, 0x06, 0x00, 0x00, 0x00,
  0x07, 0xe0, 0xff, 0xff, 0x03, 0xe0, 0xff, 0xff, 0x01, 0x00, 0x00, 0x00, 0x00, 0x00, 0x00, 0x00,
  0x00, 0xe0, 0xff, 0x3f, 0x00, 0xe0, 0xff, 0x3f, 0x00, 0x00, 0xf0, 0x00, 0x00, 0x00, 0x70, 0x00,
  0x00, 0x00, 0x38, 0x00, 0x00, 0x00, 0xfc, 0x00, 0x00, 0x00, 0xee, 0x01, 0x00, 0x00, 0x87, 0x03,
  0x00, 0x80, 0x01, 0x0f, 0x00, 0xc0, 0x00, 0x1e, 0x00, 0x60, 0x00, 0x38, 0x00, 0x20, 0x00, 0x30,
  0x00, 0x00, 0x00, 0x00, 0x00, 0x00, 0x00, 0x00, 0xe0, 0xff, 0x3f, 0x00, 0xe0, 0xff, 0x3f, 0x00,
  0x00, 0x00, 0x30, 0x00, 0x00, 0x00, 0x30, 0x00, 0x00, 0x00, 0x30, 0x00, 0x00, 0x00, 0x30, 0x00,
  0x00, 0x00, 0x30, 0x00, 0x00, 0x00, 0x30, 0x00, 0x00, 0x00, 0x30, 0x00, 0x00, 0x00, 0x30, 0x00,
  0x00, 0x00, 0x00, 0x00, 0x00, 0x00, 0x00, 0xe0, 0xff, 0x3f, 0x00, 0xe0, 0xff, 0x3f, 0x00, 0xe0,
  0x00, 0x00, 0x00, 0xe0, 0x03, 0x00, 0x00, 0x00, 0x1f, 0x00, 0x00, 0x00, 0xfc, 0x00, 0x00, 0x00,
  0xe0, 0x03, 0x00, 0x00, 0x00, 0x1f, 0x00, 0x00, 0x00, 0x3c, 0x00, 0x00, 0x00, 0x3e, 0x00, 0x00,
  0x80, 0x0f, 0x00, 0x00, 0xf0, 0x01, 0x00, 0x00, 0x7c, 0x00, 0x00, 0x80, 0x0f, 0x00, 0x00, 0xe0,
  0x01, 0x00, 0x00, 0xe0, 0xff, 0x3f, 0x00, 0xe0, 0xff, 0x3f, 0x00, 0x00, 0x00, 0x00, 0x00, 0x00,
  0x00, 0x00, 0xe0, 0xff, 0x3f, 0x00, 0xe0, 0xff, 0x3f, 0x00, 0xe0, 0x01, 0x00, 0x00, 0xc0, 0x03,
  0x00, 0x00, 0x00, 0x07, 0x00, 0x00, 0x00, 0x1e, 0x00, 0x00, 0x00, 0x38, 0x00, 0x00, 0x00, 0xf0,
  0x00, 0x00, 0x00, 0xc0, 0x03, 0x00, 0x00, 0x80, 0x07, 0x00, 0x00, 0x00, 0x1e, 0x00, 0x00, 0x00,
  0x3c, 0x00, 0xe0, 0xff, 0x3f, 0x00, 0xe0, 0xff, 0x3f, 0x00, 0x00, 0x00, 0x00, 0x00, 0x20, 0x00,
  0x00, 0x00, 0xfe, 0x03, 0x00, 0x80, 0xff, 0x0f, 0x00, 0xc0, 0x03, 0x1e, 0x00, 0xc0, 0x00, 0x18,
  0x00, 0x60, 0x00, 0x30, 0x00, 0x60, 0x00, 0x30, 0x00, 0x60, 0x00, 0x30, 0x00, 0x60, 0x00, 0x30,
  0x00, 0x60, 0x00, 0x30, 0x00, 0x60, 0x00, 0x30, 0x00, 0xc0, 0x00, 0x18, 0x00, 0xc0, 0x00, 0x18,
  0x00, 0x80, 0x03, 0x0e, 0x00, 0x00, 0xff, 0x07, 0x00, 0x00, 0xfe, 0x03, 0x00, 0x00, 0x00, 0x00,
  0x00, 0x00, 0x00, 0x00, 0xe0, 0xff, 0x3f, 0x00, 0xe0, 0xff, 0x3f, 0x00, 0x60, 0x60, 0x00, 0x00,
  0x60, 0x60, 0x00, 0x00, 0x60, 0x60, 0x00, 0x00, 0x60, 0x60, 0x00, 0x00, 0x60, 0x60, 0x00, 0x00,
  0x60, 0x60, 0x00, 0x00, 0xc0, 0x30, 0x00, 0x00, 0xc0, 0x3f, 0x00, 0x00, 0x80, 0x1f, 0x00, 0x00,
  0x00, 0x00, 0x00, 0x20, 0x00, 0x00, 0x00, 0xfe, 0x03, 0x00, 0x80, 0xff, 0x0f, 0x00, 0xc0, 0x03,
  0x1e, 0x00, 0xc0, 0x00, 0x18, 0x00, 0x60, 0x00, 0x30, 0x00, 0x60, 0x00, 0x30, 0x00, 0x60, 0x00,
  0x30, 0x00, 0x60, 0x00, 0x30, 0x00, 0x60, 0x00, 0x70, 0x00, 0x60, 0x00, 0xf0, 0x00, 0xc0, 0x00,
  0xf8, 0x01, 0xc0, 0x00, 0x98, 0x03, 0x80, 0x03, 0x0e, 0x03, 0x00, 0xff, 0x07, 0x02, 0x00, 0xfe,
  0x03, 0x00, 0x00, 0x00, 0x00, 0x00, 0x00, 0x00, 0x00, 0xe0, 0xff, 0x3f, 0x00, 0xe0, 0xff, 0x3f,
  0x00, 0x60, 0x60, 0x00, 0x00, 0x60, 0x60, 0x00, 0x00, 0x60, 0x60, 0x00, 0x00, 0x60, 0x60, 0x00,
  0x00, 0x60, 0xe0, 0x00, 0x00, 0x60, 0xe0, 0x03, 0x00, 0xc0, 0xb0, 0x07, 0x00, 0xc0, 0x3f, 0x1e,
  0x00, 0x80, 0x1f, 0x38, 0x00, 0x00, 0x00, 0x30, 0x00, 0x00, 0x00, 0x00, 0x00, 0x02, 0x10, 0x00,
  0x80, 0x0f, 0x30, 0x00, 0xc0, 0x1f, 0x30, 0x00, 0x60, 0x38, 0x30, 0x00, 0x60, 0x30, 0x30, 0x00,
  0x60, 0x30, 0x30, 0x00, 0x60, 0x60, 0x30, 0x00, 0x60, 0x60, 0x30, 0x00, 0x60, 0xe0, 0x18, 0x00,
  0xc0, 0xc0, 0x1f, 0x00, 0x00, 0x80, 0x07, 0x60, 0x00, 0x00, 0x00, 0x60, 0x00, 0x00, 0x00, 0x60,
  0x00, 0x00, 0x00, 0x60, 0x00, 0x00, 0x00, 0x60, 0x00, 0x00, 0x00, 0x60, 0x00, 0x00, 0x00, 0xe0,
  0xff, 0x3f, 0x00, 0xe0, 0xff, 0x3f, 0x00, 0x60, 0x00, 0x00, 0x00, 0x60, 0x00, 0x00, 0x00, 0x60,
  0x00, 0x00, 0x00, 0x60, 0x00, 0x00, 0x00, 0x60, 0x00, 0x00, 0x00, 0x00, 0x00, 0x00, 0x00, 0x00,
  0xe0, 0xff, 0x03, 0x00, 0xe0, 0xff, 0x0f, 0x00, 0x00, 0x00, 0x1e, 0x00, 0x00, 0x00, 0x18, 0x00,
  0x00, 0x00, 0x30, 0x00, 0x00, 0x00, 0x30, 0x00, 0x00, 0x00, 0x30, 0x00, 0x00, 0x00, 0x30, 0x00,
  0x00, 0x00, 0x30, 0x00, 0x00, 0x00, 0x30, 0x00, 0x00, 0x00, 0x18, 0x00, 0xe0, 0xff, 0x0f, 0x00,
  0xe0, 0xff, 0x07, 0x20, 0x00, 0x00, 0x00, 0xe0, 0x01, 0x00, 0x00, 0xc0, 0x0f, 0x00, 0x00, 0x00,
  0x7e, 0x00, 0x00, 0x00, 0xf8, 0x01, 0x00, 0x00, 0xc0, 0x0f, 0x00, 0x00, 0x00, 0x3e, 0x00, 0x00,
  0x00, 0x3c, 0x00, 0x00, 0x80, 0x1f, 0x00, 0x00, 0xf0, 0x07, 0x00, 0x00, 0xfc, 0x00, 0x00, 0x80,
  0x1f, 0x00, 0x00, 0xe0, 0x03, 0x00, 0x00, 0xe0, 0x20, 0x00, 0x00, 0x00, 0xe0, 0x03, 0x00, 0x00,
  0xe0, 0x1f, 0x00, 0x00, 0x00, 0xfe, 0x01, 0x00, 0x00, 0xe0, 0x1f, 0x00, 0x00, 0x00, 0x3e, 0x00,
  0x00, 0x00, 0x3e, 0x00, 0x00, 0xe0, 0x0f, 0x00, 0x00, 0xfc, 0x01, 0x00, 0x80, 0x1f, 0x00, 0x00,
  0xe0, 0x03, 0x00, 0x00, 0xe0, 0x01, 0x00, 0x00, 0xc0, 0x1f, 0x00, 0x00, 0x00, 0xfe, 0x00, 0x00,
  0x00, 0xe0, 0x07, 0x00, 0x00, 0x00, 0x3f, 0x00, 0x00, 0x00, 0x3c, 0x00, 0x00, 0xc0, 0x3f, 0x00,
  0x00, 0xfc, 0x03, 0x00, 0xc0, 0x3f, 0x00, 0x00, 0xe0, 0x07, 0x00, 0x00, 0x60, 0x00, 0x00, 0x20,
  0x00, 0x60, 0x00, 0x30, 0x00, 0xe0, 0x00, 0x3c, 0x00, 0xc0, 0x03, 0x0e, 0x00, 0x00, 0x87, 0x07,
  0x00, 0x00, 0xde, 0x01, 0x00, 0x00, 0x78, 0x00, 0x00, 0x00, 0x78, 0x00, 0x00, 0x00, 0xfe, 0x01,
  0x00, 0x00, 0x87, 0x07, 0x00, 0xc0, 0x03, 0x0e, 0x00, 0xe0, 0x00, 0x3c, 0x00, 0x60, 0x00, 0x30,
  0x00, 0x00, 0x00, 0x20, 0x20, 0x00, 0x00, 0x00, 0xe0, 0x00, 0x00, 0x00, 0xe0, 0x03, 0x00, 0x00,
  0x80, 0x07, 0x00, 0x00, 0x00, 0x1e, 0x00, 0x00, 0x00, 0x78, 0x00, 0x00, 0x00, 0xe0, 0x3f, 0x00,
  0x00, 0xf0, 0x3f, 0x00, 0x00, 0x3c, 0x00, 0x00, 0x00, 0x0f, 0x00, 0x00, 0xc0, 0x07, 0x00, 0x00,
  0xe0, 0x01, 0x00, 0x00, 0x60, 0x00, 0x00, 0x00, 0x00, 0x60, 0x00, 0x30, 0x00, 0x60, 0x00, 0x3c,
  0x00, 0x60, 0x00, 0x3e, 0x00, 0x60, 0x80, 0x37, 0x00, 0x60, 0xc0, 0x31, 0x00, 0x60, 0xf0, 0x30,
  0x00, 0x60, 0x3c, 0x30, 0x00, 0x60, 0x1e, 0x30, 0x00, 0xe0, 0x07, 0x30, 0x00, 0xe0, 0x03, 0x30,
  0x00, 0xe0, 0x00, 0x30, 0x00, 0x20, 0x00, 0x30, 0x00, 0x00, 0x00, 0x00, 0x00, 0x00, 0x00, 0x00,
  0xe0, 0xff, 0xff, 0x03, 0xe0, 0xff, 0xff, 0x03, 0x60, 0x00, 0x00, 0x03, 0x60, 0x00, 0x00, 0x03,
  0x60, 0x00, 0x00, 0x03, 0x20, 0x00, 0x00, 0x00, 0xe0, 0x00, 0x00, 0x00, 0xc0, 0x07, 0x00, 0x00,
  0x00, 0x3f, 0x00, 0x00, 0x00, 0xf8, 0x00, 0x00, 0x00, 0xe0, 0x07, 0x00, 0x00, 0x00, 0x3f, 0x00,
  0x00, 0x00, 0x38, 0x00, 0x00, 0x00, 0x20, 0x00, 0x00, 0x00, 0x00, 0x60, 0x00, 0x00, 0x03, 0x60,
  0x00, 0x00, 0x03, 0x60, 0x00, 0x00, 0x03, 0xe0, 0xff, 0xff, 0x03, 0xe0, 0xff, 0xff, 0x03, 0x00,
  0x00, 0x00, 0x00, 0x00, 0x80, 0x00, 0x00, 0x00, 0xe0, 0x00, 0x00, 0x00, 0x3c, 0x00, 0x00, 0x00,
  0x0f, 0x00, 0x00, 0xc0, 0x03, 0x00, 0x00, 0xe0, 0x00, 0x00, 0x00, 0xc0, 0x01, 0x00, 0x00, 0x00,
  0x07, 0x00, 0x00, 0x00, 0x1c, 0x00, 0x00, 0x00, 0x78, 0x00, 0x00, 0x00, 0xe0, 0x00, 0x00, 0x00,
  0x80, 0x00, 0x00, 0x00, 0x03, 0x00, 0x00, 0x00, 0x03, 0x00, 0x00, 0x00, 0x03, 0x00, 0x00, 0x00,
  0x03, 0x00, 0x00, 0x00, 0x03, 0x00, 0x00, 0x00, 0x03, 0x00, 0x00, 0x00, 0x03, 0x00, 0x00, 0x00,
  0x03, 0x00, 0x00, 0x00, 0x03, 0x00, 0x00, 0x00, 0x03, 0x00, 0x00, 0x00, 0x03, 0x00, 0x00, 0x00,
  0x00, 0x10, 0x00, 0x00, 0x00, 0x30, 0x00, 0x00, 0x00, 0x70, 0x00, 0x00, 0x00, 0xc0, 0x00, 0x00,
  0x00, 0x80, 0x00, 0x00, 0x00, 0x00, 0x00, 0x00, 0x0e, 0x00, 0x00, 0x80, 0x1f, 0x00, 0x00, 0x8c,
  0x3b, 0x00, 0x00, 0x86, 0x30, 0x00, 0x00, 0xc6, 0x30, 0x00, 0x00, 0xc6, 0x30, 0x00, 0x00, 0xc6,
  0x30, 0x00, 0x00, 0xc6, 0x18, 0x00, 0x00, 0xfe, 0x0f, 0x00, 0x00, 0xfc, 0x3f, 0x00, 0x00, 0xe0,
  0x3f, 0x00, 0x00, 0x00, 0x00, 0x00, 0x00, 0x00, 0x00, 0xf0, 0xff, 0x3f, 0x00, 0xf0, 0xff, 0x3f,
  0x00, 0x00, 0x1c, 0x1c, 0x00, 0x00, 0x04, 0x10, 0x00, 0x00, 0x06, 0x30, 0x00, 0x00, 0x06, 0x30,
  0x00, 0x00, 0x06, 0x30, 0x00, 0x00, 0x06, 0x30, 0x00, 0x00, 0x0c, 0x18, 0x00, 0x00, 0xfc, 0x1f,
  0x00, 0x00, 0xf8, 0x0f, 0x00, 0x00, 0x00, 0x00, 0x00, 0xc0, 0x01, 0x00, 0x00, 0xf8, 0x0f, 0x00,
  0x00, 0xfc, 0x1f, 0x00, 0x00, 0x0c, 0x18, 0x00, 0x00, 0x06, 0x30, 0x00, 0x00, 0x06, 0x30, 0x00,
  0x00, 0x06, 0x30, 0x00, 0x00, 0x06, 0x30, 0x00, 0x00, 0x06, 0x30, 0x00, 0x00, 0x00, 0x10, 0x00,
  0x00, 0x00, 0x00, 0x00, 0xc0, 0x03, 0x00, 0x00, 0xf8, 0x0f, 0x00, 0x00, 0xfc, 0x1f, 0x00, 0x00,
  0x0e, 0x38, 0x00, 0x00, 0x06, 0x30, 0x00, 0x00, 0x06, 0x30, 0x00, 0x00, 0x06, 0x30, 0x00, 0x00,
  0x06, 0x30, 0x00, 0x00, 0x0c, 0x18, 0x00, 0x00, 0x3c, 0x0e, 0x00, 0xf0, 0xff, 0x3f, 0x00, 0xf0,
  0xff, 0x3f, 0x00, 0x00, 0x00, 0x00, 0x00, 0xc0, 0x01, 0x00, 0x00, 0xf8, 0x0f, 0x00, 0x00, 0xfc,
  0x1f, 0x00, 0x00, 0xcc, 0x18, 0x00, 0x00, 0xc6, 0x30, 0x00, 0x00, 0xc6, 0x30, 0x00, 0x00, 0xc6,
  0x30, 0x00, 0x00, 0xc6, 0x30, 0x00, 0x00, 0xcc, 0x30, 0x00, 0x00, 0xfc, 0x30, 0x00, 0x00, 0xf8,
  0x10, 0x00, 0x00, 0x00, 0x00, 0x00, 0x06, 0x00, 0x00, 0x00, 0x06, 0x00, 0x00, 0xe0, 0xff, 0x3f,
  0x00, 0xe0, 0xff, 0x3f, 0x00, 0x30, 0x06, 0x00, 0x00, 0x30, 0x06, 0x00, 0x00, 0x30, 0x06, 0x00,
  0x00, 0x30, 0x00, 0x00, 0x00, 0x00, 0x00, 0xc0, 0x01, 0x00, 0x00, 0xf8, 0x0f, 0x04, 0x00, 0xfc,
  0x1f, 0x0c, 0x00, 0x0e, 0x38, 0x0c, 0x00, 0x06, 0x30, 0x0c, 0x00, 0x06, 0x30, 0x0c, 0x00, 0x06,
  0x30, 0x0c, 0x00, 0x06, 0x30, 0x0c, 0x00, 0x0c, 0x18, 0x0e, 0x00, 0x38, 0x9c, 0x07, 0x00, 0xfe,
  0xff, 0x03, 0x00, 0xfe, 0xff, 0x00, 0x00, 0x00, 0x00, 0x00, 0x00, 0x00, 0x00, 0xf0, 0xff, 0x3f,
  0x00, 0xf0, 0xff, 0x3f, 0x00, 0x00, 0x18, 0x00, 0x00, 0x00, 0x04, 0x00, 0x00, 0x00, 0x06, 0x00,
  0x00, 0x00, 0x06, 0x00, 0x00, 0x00, 0x06, 0x00, 0x00, 0x00, 0x06, 0x00, 0x00, 0x00, 0x0e, 0x00,
  0x00, 0x00, 0xfc, 0x3f, 0x00, 0x00, 0xf8, 0x3f, 0x00, 0x00, 0x00, 0x00, 0x00, 0x00, 0x00, 0x00,
  0x70, 0xfe, 0x3f, 0x00, 0x70, 0xfe, 0x3f, 0x00, 0x00, 0x00, 0x0c, 0x00, 0x00, 0x00, 0x0c, 0x00,
  0x00, 0x00, 0x0c, 0x70, 0xfe, 0xff, 0x0f, 0x70, 0xfe, 0xff, 0x07, 0x00, 0x00, 0x00, 0x00, 0x00,
  0x00, 0x00, 0x00, 0xf0, 0xff, 0x3f, 0x00, 0xf0, 0xff, 0x3f, 0x00, 0x00, 0x80, 0x01, 0x00, 0x00,
  0xc0, 0x00, 0x00, 0x00, 0xf0, 0x01, 0x00, 0x00, 0xb8, 0x07, 0x00, 0x00, 0x1c, 0x0e, 0x00, 0x00,
  0x0e, 0x1c, 0x00, 0x00, 0x06, 0x38, 0x00, 0x00, 0x02, 0x20, 0x00, 0x00, 0x00, 0x00, 0x00, 0x00,
  0x00, 0x00, 0xf0, 0xff, 0x3f, 0x00, 0xf0, 0xff, 0x3f, 0x00, 0x00, 0x00, 0x00, 0x00, 0x00, 0x00,
  0x00, 0x00, 0xfe, 0x3f, 0x00, 0x00, 0xfe, 0x3f, 0x00, 0x00, 0x18, 0x00, 0x00, 0x00, 0x04, 0x00,
  0x00, 0x00, 0x06, 0x00, 0x00, 0x00, 0x06, 0x00, 0x00, 0x00, 0x06, 0x00, 0x00, 0x00, 0x0e, 0x00,
  0x00, 0x00, 0xfc, 0x3f, 0x00, 0x00, 0xf8, 0x3f, 0x00, 0x00, 0x18, 0x00, 0x00, 0x00, 0x04, 0x00,
  0x00, 0x00, 0x06, 0x00, 0x00, 0x00, 0x06, 0x00, 0x00, 0x00, 0x06, 0x00, 0x00, 0x00, 0x06, 0x00,
  0x00, 0x00, 0xfe, 0x3f, 0x00, 0x00, 0xfc, 0x3f, 0x00, 0x00, 0xc0, 0x3f, 0x00, 0x00, 0x00, 0x00,
  0x00, 0x00, 0x00, 0x00, 0x00, 0xfe, 0x3f, 0x00, 0x00, 0xfe, 0x3f, 0x00, 0x00, 0x18, 0x00, 0x00,
  0x00, 0x04, 0x00, 0x00, 0x00, 0x06, 0x00, 0x00, 0x00, 0x06, 0x00, 0x00, 0x00, 0x06, 0x00, 0x00,
  0x00, 0x06, 0x00, 0x00, 0x00, 0x0e, 0x00, 0x00, 0x00, 0xfc, 0x3f, 0x00, 0x00, 0xf8, 0x3f, 0x00,
  0x00, 0x00, 0x00, 0x00, 0xc0, 0x01, 0x00, 0x00, 0xf8, 0x0f, 0x00, 0x00, 0xfc, 0x1f, 0x00, 0x00,
  0x0c, 0x18, 0x00, 0x00, 0x06, 0x30, 0x00, 0x00, 0x06, 0x30, 0x00, 0x00, 0x06, 0x30, 0x00, 0x00,
  0x06, 0x30, 0x00, 0x00, 0x06, 0x30, 0x00, 0x00, 0x1c, 0x1c, 0x00, 0x00, 0xf8, 0x0f, 0x00, 0x00,
  0xf0, 0x07, 0x00, 0x00, 0x00, 0x00, 0x00, 0x00, 0x00, 0x00, 0x00, 0xfe, 0xff, 0x0f, 0x00, 0xfe,
  0xff, 0x0f, 0x00, 0x18, 0x1c, 0x00, 0x00, 0x04, 0x10, 0x00, 0x00, 0x06, 0x30, 0x00, 0x00, 0x06,
  0x30, 0x00, 0x00, 0x06, 0x30, 0x00, 0x00, 0x06, 0x30, 0x00, 0x00, 0x0c, 0x18, 0x00, 0x00, 0xfc,
  0x1f, 0x00, 0x00, 0xf8, 0x0f, 0x00, 0x00, 0x00, 0x00, 0x00, 0xc0, 0x03, 0x00, 0x00, 0xf8, 0x0f,
  0x00, 0x00, 0xfc, 0x1f, 0x00, 0x00, 0x0e, 0x38, 0x00, 0x00, 0x06, 0x30, 0x00, 0x00, 0x06, 0x30,
  0x00, 0x00, 0x06, 0x30, 0x00, 0x00, 0x06, 0x30, 0x00, 0x00, 0x0c, 0x18, 0x00, 0x00, 0x38, 0x1e,
  0x00, 0x00, 0xfe, 0xff, 0x0f, 0x00, 0xfe, 0xff, 0x0f, 0x00, 0x00, 0x00, 0x00, 0x00, 0x00, 0x00,
  0x00, 0x00, 0xfe, 0x3f, 0x00, 0x00, 0xfe, 0x3f, 0x00, 0x00, 0x18, 0x00, 0x00, 0x00, 0x0c, 0x00,
  0x00, 0x00, 0x06, 0x00, 0x00, 0x00, 0x06, 0x00, 0x00, 0x00, 0x06, 0x00, 0x00, 0x00, 0x00, 0x00,
  0x38, 0x10, 0x00, 0x00, 0x7c, 0x30, 0x00, 0x00, 0x6e, 0x30, 0x00, 0x00, 0xc6, 0x30, 0x00, 0x00,
  0xc6, 0x30, 0x00, 0x00, 0x86, 0x31, 0x00, 0x00, 0x86, 0x31, 0x00, 0x00, 0x86, 0x1f, 0x00, 0x00,
  0x04, 0x1f, 0x00, 0x00, 0x00, 0x00, 0x00, 0x06, 0x00, 0x00, 0x00, 0xff, 0x0f, 0x00, 0xc0, 0xff,
  0x1f, 0x00, 0x00, 0x06, 0x38, 0x00, 0x00, 0x06, 0x30, 0x00, 0x00, 0x06, 0x30, 0x00, 0x00, 0x06,
  0x30, 0x00, 0x00, 0x00, 0x00, 0x00, 0x00, 0x00, 0x00, 0x00, 0xfe, 0x0f, 0x00, 0x00, 0xfe, 0x1f,
  0x00, 0x00, 0x00, 0x38, 0x00, 0x00, 0x00, 0x30, 0x00, 0x00, 0x00, 0x30, 0x00, 0x00, 0x00, 0x30,
  0x00, 0x00, 0x00, 0x30, 0x00, 0x00, 0x00, 0x18, 0x00, 0x00, 0x00, 0x0e, 0x00, 0x00, 0xfe, 0x3f,
  0x00, 0x00, 0xfe, 0x3f, 0x00, 0x02, 0x00, 0x00, 0x00, 0x1e, 0x00, 0x00, 0x00, 0xfc, 0x00, 0x00,
  0x00, 0xe0, 0x03, 0x00, 0x00, 0x80, 0x1f, 0x00, 0x00, 0x00, 0x3c, 0x00, 0x00, 0x00, 0x38, 0x00,
  0x00, 0x00, 0x1f, 0x00, 0x00, 0xe0, 0x07, 0x00, 0x00, 0xfc, 0x00, 0x00, 0x00, 0x1e, 0x00, 0x00,
  0x00, 0x06, 0x00, 0x02, 0x00, 0x00, 0x00, 0x3e, 0x00, 0x00, 0x00, 0xfe, 0x01, 0x00, 0x00, 0xe0,
  0x1f, 0x00, 0x00, 0x00, 0x3e, 0x00, 0x00, 0x00, 0x3c, 0x00, 0x00, 0x80, 0x1f, 0x00, 0x00, 0xf0,
  0x03, 0x00, 0x00, 0x7e, 0x00, 0x00, 0x00, 0x0e, 0x00, 0x00, 0x00, 0x7e, 0x00, 0x00, 0x00, 0xf0,
  0x07, 0x00, 0x00, 0x80, 0x3f, 0x00, 0x00, 0x00, 0x38, 0x00, 0x00, 0x00, 0x3f, 0x00, 0x00, 0xe0,
  0x0f, 0x00, 0x00, 0xfe, 0x01, 0x00, 0x00, 0x1e, 0x00, 0x00, 0x00, 0x00, 0x00, 0x02, 0x30, 0x00,
  0x00, 0x0e, 0x38, 0x00, 0x00, 0x1c, 0x1c, 0x00, 0x00, 0x78, 0x0f, 0x00, 0x00, 0xe0, 0x03, 0x00,
  0x00, 0xc0, 0x01, 0x00, 0x00, 0xf0, 0x07, 0x00, 0x00, 0x38, 0x0e, 0x00, 0x00, 0x1e, 0x1c, 0x00,
  0x00, 0x06, 0x30, 0x00, 0x00, 0x02, 0x20, 0x00, 0x02, 0x00, 0x0c, 0x00, 0x1e, 0x00, 0x0c, 0x00,
  0x7c, 0x00, 0x0c, 0x00, 0xf0, 0x03, 0x0c, 0x00, 0x80, 0x0f, 0x07, 0x00, 0x00, 0xfc, 0x03, 0x00,
  0x00, 0xf8, 0x00, 0x00, 0x00, 0x3f, 0x00, 0x00, 0xe0, 0x07, 0x00, 0x00, 0xfc, 0x00, 0x00, 0x00,
  0x3e, 0x00, 0x00, 0x00, 0x06, 0x00, 0x00, 0x00, 0x00, 0x00, 0x02, 0x30, 0x00, 0x00, 0x06, 0x3c,
  0x00, 0x00, 0x06, 0x3e, 0x00, 0x00, 0x86, 0x37, 0x00, 0x00, 0xc6, 0x31, 0x00, 0x00, 0xe6, 0x30,
  0x00, 0x00, 0x3e, 0x30, 0x00, 0x00, 0x1e, 0x30, 0x00, 0x00, 0x0e, 0x30, 0x00, 0x00, 0x00, 0x00,
  0x00, 0xc0, 0x00, 0x00, 0x00, 0xc0, 0x00, 0x00, 0x00, 0xe0, 0x03, 0x00, 0xc0, 0x3f, 0xff, 0x00,
  0xc0, 0x1f, 0xfe, 0x01, 0x60, 0x00, 0x80, 0x03, 0x60, 0x00, 0x00, 0x03, 0x00, 0x00, 0x00, 0x00,
  0x00, 0x00, 0x00, 0x00, 0x00, 0x00, 0x00, 0x00, 0x00, 0x00, 0x00, 0x00, 0x00, 0x00, 0x00, 0x00,
  0x00, 0x00, 0x00, 0x00, 0xf0, 0xff, 0xff, 0x0f, 0x00, 0x00, 0x00, 0x00, 0x60, 0x00, 0x00, 0x03,
  0x60, 0x00, 0x00, 0x03, 0xc0, 0x1f, 0xfc, 0x01, 0xc0, 0x3f, 0xff, 0x00, 0x00, 0xfe, 0x3f, 0x00,
  0x00, 0xc0, 0x00, 0x00, 0x00, 0xc0, 0x00, 0x00, 0x00, 0x00, 0x00, 0x60, 0x00, 0x00, 0x00, 0x30,
  0x00, 0x00, 0x00, 0x30, 0x00, 0x00, 0x00, 0x30, 0x00, 0x00, 0x00, 0x30, 0x00, 0x00, 0x00, 0x30,
  0x00, 0x00, 0x00, 0x60, 0x00, 0x00, 0x00, 0x60, 0x00, 0x00, 0x00, 0x60, 0x00, 0x00, 0x00, 0x60,
  0x00, 0x00, 0x00, 0x60, 0x00, 0x00, 0x00, 0x00, 0x00, 0x00, 0x00, 0x00, 0x00, 0xce, 0xff, 0x03,
  0x00, 0xce, 0xff, 0x03, 0x00, 0x04, 0x00, 0x00, 0x00, 0x00, 0x00, 0x00, 0x00, 0x00, 0x00, 0xfc,
  0x00, 0x00, 0x00, 0xff, 0x03, 0x00, 0x80, 0x87, 0x07, 0x00, 0x80, 0x01, 0x06, 0x00, 0xc0, 0x00,
  0x0c, 0x00, 0xe0, 0x00, 0x3c, 0x00, 0xc0, 0x00, 0x0c, 0x00, 0xc0, 0x00, 0x0c, 0x00, 0x80, 0x01,
  0x04, 0x00, 0x00, 0x00, 0x00, 0x00, 0x60, 0x30, 0x00, 0x00, 0x60, 0x38, 0x00, 0x00, 0xff, 0x3f,
  0x00, 0xc0, 0xff, 0x37, 0x00, 0xc0, 0x60, 0x30, 0x00, 0x60, 0x60, 0x30, 0x00, 0x60, 0x60, 0x30,
  0x00, 0x60, 0x60, 0x30, 0x00, 0x60, 0x60, 0x30, 0x00, 0x60, 0x00, 0x30, 0x00, 0x40, 0x00, 0x30,
  0x00, 0x00, 0x00, 0x30, 0x00, 0x00, 0x00, 0x00, 0x00, 0x00, 0x00, 0x00, 0x00, 0xf6, 0x06, 0x00,
  0x00, 0xfe, 0x07, 0x00, 0x00, 0x0c, 0x03, 0x00, 0x00, 0x06, 0x06, 0x00, 0x00, 0x06, 0x06, 0x00,
  0x00, 0x06, 0x06, 0x00, 0x00, 0x06, 0x02, 0x00, 0x00, 0x0c, 0x03, 0x00, 0x00, 0xfe, 0x07, 0x00,
  0x00, 0x02, 0x06, 0x00, 0x00, 0x00, 0x00, 0x60, 0x00, 0x00, 0x00, 0xe0, 0x41, 0x06, 0x00, 0x80,
  0xc7, 0x06, 0x00, 0x00, 0xde, 0x06, 0x00, 0x00, 0xf8, 0x06, 0x00, 0x00, 0xe0, 0x3f, 0x00, 0x00,
  0xf0, 0x3f, 0x00, 0x00, 0xfc, 0x06, 0x00, 0x00, 0xcf, 0x06, 0x00, 0xc0, 0xc3, 0x06, 0x00, 0xe0,
  0x40, 0x04, 0x00, 0x60, 0x00, 0x00, 0x00, 0x00, 0x00, 0x00, 0x00, 0x00, 0x00, 0x00, 0x00, 0x00,
  0x00, 0x00, 0x00, 0x00, 0x00, 0x00, 0x00, 0x00, 0x00, 0x00, 0x00, 0x00, 0xf0, 0x1f, 0xf8, 0x0f,
  0x00, 0x00, 0x00, 0x00, 0x00, 0x00, 0x10, 0x00, 0xe0, 0x79, 0x30, 0x00, 0xe0, 0xef, 0x30, 0x00,
  0x30, 0xc7, 0x30, 0x00, 0x30, 0x86, 0x30, 0x00, 0x30, 0x86, 0x31, 0x00, 0x30, 0x84, 0x31, 0x00,
  0x30, 0xcc, 0x1b, 0x00, 0x20, 0xf8, 0x1f, 0x00, 0x00, 0x30, 0x0c, 0x00, 0x00, 0x00, 0x00, 0x00,
  0x00, 0x00, 0x00, 0x00, 0x00, 0x00, 0x00, 0x00, 0x00, 0x00, 0x00, 0x60, 0x00, 0x00, 0x00, 0x40,
  0x00, 0x00, 0x00, 0x00, 0x00, 0x00, 0x00, 0x00, 0x00, 0x00, 0x00, 0x40, 0x00, 0x00, 0x00, 0x60,
  0x00, 0x00, 0x00, 0x00, 0x00, 0xf8, 0x00, 0x00, 0x00, 0xff, 0x03, 0x00, 0x80, 0x01, 0x06, 0x00,
  0xc0, 0x00, 0x0c, 0x00, 0x60, 0x00, 0x18, 0x00, 0x60, 0xfc, 0x19, 0x00, 0x20, 0xfe, 0x33, 0x00,
  0x30, 0x07, 0x33, 0x00, 0x30, 0x03, 0x36, 0x00, 0x30, 0x03, 0x36, 0x00, 0x30, 0x03, 0x36, 0x00,
  0x20, 0x03, 0x32, 0x00, 0x60, 0x00, 0x18, 0x00, 0x60, 0x00, 0x18, 0x00, 0xc0, 0x00, 0x0c, 0x00,
  0x80, 0x03, 0x06, 0x00, 0x00, 0xff, 0x03, 0x00, 0x00, 0x78, 0x00, 0x00, 0x00, 0x00, 0x00, 0x07,
  0x00, 0x00, 0xa0, 0x0d, 0x00, 0x00, 0xa0, 0x08, 0x00, 0x00, 0xa0, 0x08, 0x00, 0x00, 0xa0, 0x04,
  0x00, 0x00, 0xc0, 0x0f, 0x00, 0x00, 0x00, 0x00, 0x00, 0x80, 0x00, 0x00, 0x00, 0xc0, 0x03, 0x00,
  0x00, 0x70, 0x07, 0x00, 0x00, 0x38, 0x0e, 0x00, 0x00, 0x18, 0x08, 0x00, 0x00, 0x80, 0x01, 0x00,
  0x00, 0xe0, 0x03, 0x00, 0x00, 0x70, 0x07, 0x00, 0x00, 0x38, 0x0c, 0x00, 0x00, 0x18, 0x08, 0x00,
  0x00, 0x00, 0x00, 0x00, 0x30, 0x00, 0x00, 0x00, 0x30, 0x00, 0x00, 0x00, 0x30, 0x00, 0x00, 0x00,
  0x30, 0x00, 0x00, 0x00, 0x30, 0x00, 0x00, 0x00, 0x30, 0x00, 0x00, 0x00, 0x30, 0x00, 0x00, 0x00,
  0x30, 0x00, 0x00, 0x00, 0x30, 0x00, 0x00, 0x00, 0x30, 0x00, 0x00, 0x00, 0xf0, 0x03, 0x00, 0x00,
  0x00, 0x00, 0x00, 0x80, 0x01, 0x00, 0x00, 0x80, 0x01, 0x00, 0x00, 0x80, 0x01, 0x00, 0x00, 0x80,
  0x01, 0x00, 0x00, 0x80, 0x01, 0x00, 0x00, 0x80, 0x01, 0x00, 0x00, 0x00, 0x00, 0x00, 0xf8, 0x00,
  0x00, 0x00, 0xff, 0x03, 0x00, 0x80, 0x01, 0x06, 0x00, 0xc0, 0x00, 0x0c, 0x00, 0x60, 0x00, 0x18,
  0x00, 0x60, 0x00, 0x18, 0x00, 0x20, 0xff, 0x33, 0x00, 0x30, 0xff, 0x33, 0x00, 0x30, 0x63, 0x30,
  0x00, 0x30, 0x63, 0x30, 0x00, 0x30, 0xf7, 0x31, 0x00, 0x20, 0xbe, 0x33, 0x00, 0x60, 0x08, 0x1a,
  0x00, 0x60, 0x00, 0x18, 0x00, 0xc0, 0x00, 0x0c, 0x00, 0x80, 0x03, 0x06, 0x00, 0x00, 0xff, 0x03,
  0x00, 0x00, 0x78, 0x0c, 0x00, 0x00, 0x00, 0x0c, 0x00, 0x00, 0x00, 0x0c, 0x00, 0x00, 0x00, 0x0c,
  0x00, 0x00, 0x00, 0x0c, 0x00, 0x00, 0x00, 0x0c, 0x00, 0x00, 0x00, 0x0c, 0x00, 0x00, 0x00, 0x0c,
  0x00, 0x00, 0x00, 0x0c, 0x00, 0x00, 0x00, 0x0c, 0x00, 0x00, 0x00, 0x0c, 0x00, 0x00, 0x00, 0x0c,
  0x00, 0x00, 0x00, 0x00, 0x80, 0x01, 0x00, 0x00, 0xe0, 0x07, 0x00, 0x00, 0x60, 0x0c, 0x00, 0x00,
  0x30, 0x0c, 0x00, 0x00, 0x30, 0x0c, 0x00, 0x00, 0x30, 0x0c, 0x00, 0x00, 0xe0, 0x07, 0x00, 0x00,
  0xc0, 0x03, 0x00, 0x00, 0x00, 0x00, 0x00, 0x60, 0x30, 0x00, 0x00, 0x60, 0x30, 0x00, 0x00, 0x60,
  0x30, 0x00, 0x00, 0x60, 0x30, 0x00, 0x00, 0x60, 0x30, 0x00, 0x00, 0xff, 0x3f, 0x00, 0x00, 0xff,
  0x3f, 0x00, 0x00, 0x60, 0x30, 0x00, 0x00, 0x60, 0x30, 0x00, 0x00, 0x60, 0x30, 0x00, 0x00, 0x60,
  0x30, 0x00, 0x00, 0x00, 0x20, 0x00, 0x00, 0x00, 0x00, 0x08, 0x0c, 0x00, 0x00, 0x0c, 0x0e, 0x00,
  0x00, 0x04, 0x0b, 0x00, 0x00, 0x84, 0x09, 0x00, 0x00, 0xcc, 0x08, 0x00, 0x00, 0x78, 0x08, 0x00,
  0x04, 0x00, 0x00, 0x08, 0x0c, 0x00, 0x00, 0x4c, 0x08, 0x00, 0x00, 0x44, 0x08, 0x00, 0x00, 0x44,
  0x08, 0x00, 0x00, 0xec, 0x0c, 0x00, 0x00, 0xb8, 0x0f, 0x00, 0x00, 0x00, 0x03, 0x00, 0x00, 0x00,
  0x00, 0x80, 0x00, 0x00, 0x00, 0xe0, 0x00, 0x00, 0x00, 0x70, 0x00, 0x00, 0x00, 0x30, 0x00, 0x00,
  0x00, 0x10, 0x00, 0x00, 0x00, 0x00, 0x00, 0x00, 0x00, 0x00, 0x00, 0xfe, 0xff, 0x0f, 0x00, 0xfe,
  0xff, 0x0f, 0x00, 0x00, 0x18, 0x00, 0x00, 0x00, 0x30, 0x00, 0x00, 0x00, 0x30, 0x00, 0x00, 0x00,
  0x30, 0x00, 0x00, 0x00, 0x30, 0x00, 0x00, 0x00, 0x10, 0x00, 0x00, 0x00, 0x0c, 0x00, 0x00, 0xfe,
  0x3f, 0x00, 0x00, 0xfe, 0x3f, 0x00, 0x00, 0x00, 0x00, 0x00, 0x0f, 0x00, 0x00, 0xc0, 0x7f, 0x00,
  0x00, 0xe0, 0xff, 0x00, 0x00, 0xf0, 0xff, 0x00, 0x00, 0xf0, 0xff, 0x00, 0x00, 0xf0, 0xff, 0x00,
  0x00, 0xf0, 0xff, 0x00, 0x00, 0xf0, 0xff, 0xff, 0x03, 0x30, 0x00, 0x00, 0x00, 0x30, 0x00, 0x00,
  0x00, 0x30, 0x00, 0x00, 0x00, 0xf0, 0xff, 0xff, 0x03, 0x00, 0x00, 0x00, 0x00, 0x00, 0x00, 0x00,
  0x00, 0x00, 0x70, 0x00, 0x00, 0x00, 0x70, 0x00, 0x00, 0x00, 0x20, 0x00, 0x00, 0x00, 0x04, 0x00,
  0x00, 0x00, 0x06, 0x00, 0x00, 0xc0, 0x06, 0x00, 0x00, 0x80, 0x07, 0x00, 0x00, 0x00, 0x03, 0x00,
  0x00, 0x00, 0x00, 0x10, 0x00, 0x00, 0x00, 0x18, 0x00, 0x00, 0x00, 0x0c, 0x00, 0x00, 0x00, 0xfc,
  0x0f, 0x00, 0x00, 0xfc, 0x0f, 0x00, 0x00, 0x00, 0x00, 0xc0, 0x0f, 0x00, 0x00, 0xc0, 0x18, 0x00,
  0x00, 0x20, 0x10, 0x00, 0x00, 0x20, 0x10, 0x00, 0x00, 0x20, 0x10, 0x00, 0x00, 0x60, 0x18, 0x00,
  0x00, 0xc0, 0x0f, 0x00, 0x00, 0x00, 0x00, 0x00, 0x08, 0x08, 0x00, 0x00, 0x18, 0x0c, 0x00, 0x00,
  0x70, 0x06, 0x00, 0x00, 0xe0, 0x03, 0x00, 0x00, 0xc0, 0x01, 0x00, 0x00, 0x18, 0x08, 0x00, 0x00,
  0x38, 0x0c, 0x00, 0x00, 0x70, 0x07, 0x00, 0x00, 0xe0, 0x03, 0x00, 0x00, 0x80, 0x01, 0x00, 0x00,
  0x00, 0x00, 0x80, 0x00, 0x00, 0x00, 0xc0, 0x00, 0x00, 0x00, 0x60, 0x00, 0x20, 0x00, 0xe0, 0x7f,
  0x30, 0x00, 0xe0, 0x7f, 0x1c, 0x00, 0x00, 0x00, 0x07, 0x00, 0x00, 0x80, 0x03, 0x00, 0x00, 0xe0,
  0x00, 0x00, 0x00, 0x38, 0x00, 0x00, 0x00, 0x1c, 0x06, 0x00, 0x00, 0x07, 0x07, 0x00, 0x80, 0xc3,
  0x04, 0x00, 0xe0, 0x60, 0x04, 0x00, 0x20, 0xf0, 0x3f, 0x00, 0x00, 0xf0, 0x3f, 0x00, 0x00, 0x00,
  0x04, 0x00, 0x00, 0x00, 0x04, 0x00, 0x00, 0x00, 0x00, 0x80, 0x00, 0x00, 0x00, 0xc0, 0x00, 0x00,
  0x00, 0x60, 0x00, 0x30, 0x00, 0xe0, 0x7f, 0x1c, 0x00, 0x00, 0x00, 0x0e, 0x00, 0x00, 0x80, 0x03,
  0x00, 0x00, 0xc0, 0x00, 0x00, 0x00, 0x70, 0x00, 0x00, 0x00, 0x1c, 0x00, 0x00, 0x00, 0x0e, 0x00,
  0x00, 0x80, 0x23, 0x30, 0x00, 0xe0, 0x30, 0x38, 0x00, 0x60, 0x10, 0x3c, 0x00, 0x00, 0x10, 0x36,
  0x00, 0x00, 0x30, 0x33, 0x00, 0x00, 0xe0, 0x31, 0x00, 0x40, 0x00, 0x00, 0x60, 0x40, 0x00, 0x00,
  0x30, 0xc6, 0x00, 0x00, 0x30, 0xc6, 0x00, 0x00, 0x30, 0xc6, 0x20, 0x00, 0x60, 0x67, 0x30, 0x00,
  0xe0, 0x7d, 0x1c, 0x00, 0x00, 0x10, 0x07, 0x00, 0x00, 0xc0, 0x03, 0x00, 0x00, 0xe0, 0x00, 0x00,
  0x00, 0x38, 0x00, 0x00, 0x00, 0x0e, 0x06, 0x00, 0x00, 0x07, 0x07, 0x00, 0xc0, 0xc1, 0x04, 0x00,
  0x70, 0x60, 0x04, 0x00, 0x30, 0xf0, 0x3f, 0x00, 0x00, 0xf0, 0x3f, 0x00, 0x00, 0x00, 0x04, 0x00,
  0x00, 0x00, 0x04, 0x00, 0x00, 0x00, 0x00, 0x00, 0x00, 0xf8, 0x01, 0x00, 0x00, 0xfc, 0x01, 0x00,
  0x00, 0x0e, 0x03, 0x00, 0x00, 0x06, 0x03, 0x00, 0xce, 0x03, 0x03, 0x00, 0xce, 0x01, 0x03, 0x00,
  0x04, 0x00, 0x03, 0x00, 0x00, 0x00, 0x01, 0x00, 0x00, 0x00, 0x01, 0x00, 0x00, 0x20, 0x00, 0x00,
  0x00, 0x3c, 0x00, 0x00, 0x00, 0x1f, 0x00, 0x00, 0xe0, 0x07, 0x00, 0x00, 0xf8, 0x01, 0x00, 0x03,
  0xbf, 0x01, 0x00, 0xc7, 0x87, 0x01, 0x00, 0xee, 0x80, 0x01, 0x00, 0xe8, 0x83, 0x01, 0x00, 0x80,
  0x9f, 0x01, 0x00, 0x00, 0xfc, 0x01, 0x00, 0x00, 0xf0, 0x03, 0x00, 0x00, 0x80, 0x1f, 0x00, 0x00,
  0x00, 0x3e, 0x00, 0x00, 0x00, 0x30, 0x00, 0x00, 0x20, 0x00, 0x00, 0x00, 0x3c, 0x00, 0x00, 0x00,
  0x1f, 0x00, 0x00, 0xe0, 0x07, 0x00, 0x00, 0xf8, 0x01, 0x00, 0x00, 0xbf, 0x01, 0x00, 0xc8, 0x87,
  0x01, 0x00, 0xec, 0x80, 0x01, 0x00, 0xe7, 0x83, 0x01, 0x00, 0x83, 0x9f, 0x01, 0x00, 0x01, 0xfc,
  0x01, 0x00, 0x00, 0xf0, 0x03, 0x00, 0x00, 0x80, 0x1f, 0x00, 0x00, 0x00, 0x3e, 0x00, 0x00, 0x00,
  0x30, 0x00, 0x00, 0x20, 0x00, 0x00, 0x00, 0x3c, 0x00, 0x00, 0x00, 0x1f, 0x00, 0x00, 0xe0, 0x07,
  0x00, 0x08, 0xf8, 0x01, 0x00, 0x0c, 0xbf, 0x01, 0x00, 0xc7, 0x87, 0x01, 0x00, 0xe3, 0x80, 0x01,
  0x00, 0xe7, 0x83, 0x01, 0x00, 0x86, 0x9f, 0x01, 0x00, 0x0c, 0xfc, 0x01, 0x00, 0x00, 0xf0, 0x03,
  0x00, 0x00, 0x80, 0x1f, 0x00, 0x00, 0x00, 0x3e, 0x00, 0x00, 0x00, 0x30, 0x00, 0x00, 0x20, 0x00,
  0x00, 0x00, 0x3c, 0x00, 0x00, 0x00, 0x1f, 0x00, 0x08, 0xe0, 0x07, 0x00, 0x0e, 0xf8, 0x01, 0x00,
  0x06, 0xbf, 0x01, 0x00, 0xc6, 0x87, 0x01, 0x00, 0xe6, 0x80, 0x01, 0x00, 0xec, 0x83, 0x01, 0x00,
  0x8c, 0x9f, 0x01, 0x00, 0x0c, 0xfc, 0x01, 0x00, 0x06, 0xf0, 0x03, 0x00, 0x00, 0x80, 0x1f, 0x00,
  0x00, 0x00, 0x3e, 0x00, 0x00, 0x00, 0x30, 0x00, 0x00, 0x20, 0x00, 0x00, 0x00, 0x3c, 0x00, 0x00,
  0x00, 0x1f, 0x00, 0x00, 0xe0, 0x07, 0x00, 0x04, 0xf8, 0x01, 0x00, 0x06, 0xbf, 0x01, 0x00, 0xc0,
  0x87, 0x01, 0x00, 0xe0, 0x80, 0x01, 0x00, 0xe0, 0x83, 0x01, 0x00, 0x86, 0x9f, 0x01, 0x00, 0x06,
  0xfc, 0x01, 0x00, 0x00, 0xf0, 0x03, 0x00, 0x00, 0x80, 0x1f, 0x00, 0x00, 0x00, 0x3e, 0x00, 0x00,
  0x00, 0x30, 0x00, 0x00, 0x20, 0x00, 0x00, 0x00, 0x3c, 0x00, 0x00, 0x00, 0x1f, 0x00, 0x00, 0xe0,
  0x07, 0x00, 0x00, 0xf8, 0x01, 0x00, 0x1c, 0xbf, 0x01, 0x00, 0xf6, 0x87, 0x01, 0x00, 0xe2, 0x80,
  0x01, 0x00, 0xe2, 0x83, 0x01, 0x00, 0x9c, 0x9f, 0x01, 0x00, 0x00, 0xfc, 0x01, 0x00, 0x00, 0xf0,
  0x03, 0x00, 0x00, 0x80, 0x1f, 0x00, 0x00, 0x00, 0x3e, 0x00, 0x00, 0x00, 0x30, 0x00, 0x00, 0x20,
  0x00, 0x00, 0x00, 0x38, 0x00, 0x00, 0x00, 0x1e, 0x00, 0x00, 0x80, 0x07, 0x00, 0x00, 0xe0, 0x01,
  0x00, 0x00, 0xfc, 0x01, 0x00, 0x00, 0x9f, 0x01, 0x00, 0xc0, 0x87, 0x01, 0x00, 0xe0, 0x81, 0x01,
  0x00, 0x60, 0x80, 0x01, 0x00, 0x60, 0x80, 0x01, 0x00, 0xe0, 0xff, 0x3f, 0x00, 0xe0, 0xff, 0x3f,
  0x00, 0x60, 0x30, 0x30, 0x00, 0x60, 0x30, 0x30, 0x00, 0x60, 0x30, 0x30, 0x00, 0x60, 0x30, 0x30,
  0x00, 0x60, 0x30, 0x30, 0x00, 0x60, 0x30, 0x30, 0x00, 0x60, 0x00, 0x30, 0x00, 0x00, 0x00, 0x00,
  0x00, 0x20, 0x00, 0x00, 0x00, 0xfe, 0x03, 0x00, 0x00, 0xff, 0x0f, 0x00, 0x80, 0x03, 0x1e, 0x00,
  0xc0, 0x00, 0x18, 0x00, 0xc0, 0x00, 0x38, 0x00, 0x60, 0x00, 0x30, 0x06, 0x60, 0x00, 0xf0, 0x06,
  0x60, 0x00, 0xf0, 0x06, 0x60, 0x00, 0xb0, 0x07, 0x60, 0x00, 0x30, 0x00, 0x60, 0x00, 0x30, 0x00,
  0x40, 0x00, 0x10, 0x00, 0x00, 0x00, 0x00, 0x00, 0x00, 0x00, 0x00, 0xe0, 0xff, 0x3f, 0x00, 0xe0,
  0xff, 0x3f, 0x00, 0x61, 0x30, 0x30, 0x00, 0x63, 0x30, 0x30, 0x00, 0x67, 0x30, 0x30, 0x00, 0x6e,
  0x30, 0x30, 0x00, 0x68, 0x30, 0x30, 0x00, 0x60, 0x30, 0x30, 0x00, 0x60, 0x30, 0x30, 0x00, 0x60,
  0x00, 0x30, 0x00, 0x00, 0x00, 0x00, 0x00, 0x00, 0x00, 0x00, 0xe0, 0xff, 0x3f, 0x00, 0xe0, 0xff,
  0x3f, 0x00, 0x60, 0x30, 0x30, 0x00, 0x60, 0x30, 0x30, 0x00, 0x68, 0x30, 0x30, 0x00, 0x6e, 0x30,
  0x30, 0x00, 0x67, 0x30, 0x30, 0x00, 0x63, 0x30, 0x30, 0x00, 0x61, 0x30, 0x30, 0x00, 0x60, 0x00,
  0x30, 0x00, 0x00, 0x00, 0x00, 0x00, 0x00, 0x00, 0x00, 0xe0, 0xff, 0x3f, 0x00, 0xe0, 0xff, 0x3f,
  0x00, 0x6c, 0x30, 0x30, 0x00, 0x66, 0x30, 0x30, 0x00, 0x67, 0x30, 0x30, 0x00, 0x63, 0x30, 0x30,
  0x00, 0x67, 0x30, 0x30, 0x00, 0x6c, 0x30, 0x30, 0x00, 0x68, 0x30, 0x30, 0x00, 0x60, 0x00, 0x30,
  0x00, 0x00, 0x00, 0x00, 0x00, 0x00, 0x00, 0x00, 0xe0, 0xff, 0x3f, 0x00, 0xe0, 0xff, 0x3f, 0x00,
  0x66, 0x30, 0x30, 0x00, 0x66, 0x30, 0x30, 0x00, 0x60, 0x30, 0x30, 0x00, 0x60, 0x30, 0x30, 0x00,
  0x60, 0x30, 0x30, 0x00, 0x66, 0x30, 0x30, 0x00, 0x60, 0x30, 0x30, 0x00, 0x60, 0x00, 0x30, 0x00,
  0x00, 0x00, 0x00, 0x21, 0x00, 0x20, 0x00, 0x63, 0x00, 0x30, 0x00, 0xe7, 0xff, 0x3f, 0x00, 0xec,
  0xff, 0x3f, 0x00, 0x68, 0x00, 0x30, 0x00, 0x20, 0x00, 0x20, 0x00, 0x00, 0x00, 0x00, 0x20, 0x00,
  0x20, 0x00, 0x60, 0x00, 0x30, 0x00, 0xec, 0xff, 0x3f, 0x00, 0xee, 0xff, 0x3f, 0x00, 0x67, 0x00,
  0x30, 0x00, 0x21, 0x00, 0x20, 0x08, 0x00, 0x00, 0x00, 0x2c, 0x00, 0x20, 0x00, 0x66, 0x00, 0x30,
  0x00, 0xe3, 0xff, 0x3f, 0x00, 0xe3, 0xff, 0x3f, 0x00, 0x67, 0x00, 0x30, 0x00, 0x2c, 0x00, 0x20,
  0x00, 0x08, 0x00, 0x00, 0x00, 0x00, 0x26, 0x00, 0x20, 0x00, 0x64, 0x00, 0x30, 0x00, 0xe0, 0xff,
  0x3f, 0x00, 0xe0, 0xff, 0x3f, 0x00, 0x64, 0x00, 0x30, 0x00, 0x26, 0x00, 0x20, 0x00, 0x00, 0x00,
  0x00, 0x00, 0x60, 0x00, 0x00, 0xe0, 0xff, 0x3f, 0x00, 0xe0, 0xff, 0x3f, 0x00, 0xe0, 0xff, 0x3f,
  0x00, 0x60, 0x60, 0x30, 0x00, 0x60, 0x60, 0x30, 0x00, 0x60, 0x60, 0x30, 0x00, 0x60, 0x60, 0x30,
  0x00, 0x60, 0x00, 0x30, 0x00, 0x60, 0x00, 0x30, 0x00, 0xc0, 0x00, 0x18, 0x00, 0xc0, 0x01, 0x1c,
  0x00, 0x80, 0x07, 0x0f, 0x00, 0x00, 0xff, 0x07, 0x00, 0x00, 0xfc, 0x01, 0x00, 0x00, 0x00, 0x00,
  0x00, 0x00, 0x00, 0x00, 0xe0, 0xff, 0x3f, 0x00, 0xe0, 0xff, 0x3f, 0x00, 0xe0, 0x01, 0x00, 0x00,
  0xcc, 0x03, 0x00, 0x00, 0x06, 0x07, 0x00, 0x00, 0x06, 0x1e, 0x00, 0x00, 0x06, 0x38, 0x00, 0x00,
  0x0c, 0xf0, 0x00, 0x00, 0x0c, 0xc0, 0x03, 0x00, 0x0c, 0x80, 0x07, 0x00, 0x06, 0x00, 0x1e, 0x00,
  0x00, 0x00, 0x3c, 0x00, 0xe0, 0xff, 0x3f, 0x00, 0xe0, 0xff, 0x3f, 0x00, 0x00, 0x00, 0x00, 0x00,
  0x20, 0x00, 0x00, 0x00, 0xfe, 0x03, 0x00, 0x80, 0xff, 0x0f, 0x00, 0xc0, 0x03, 0x1e, 0x00, 0xc0,
  0x00, 0x18, 0x00, 0x61, 0x00, 0x30, 0x00, 0x63, 0x00, 0x30, 0x00, 0x67, 0x00, 0x30, 0x00, 0x6e,
  0x00, 0x30, 0x00, 0x68, 0x00, 0x30, 0x00, 0x60, 0x00, 0x30, 0x00, 0xc0, 0x00, 0x18, 0x00, 0xc0,
  0x00, 0x18, 0x00, 0x80, 0x03, 0x0e, 0x00, 0x00, 0xff, 0x07, 0x00, 0x00, 0xfe, 0x03, 0x00, 0x00,
  0x00, 0x00, 0x00, 0x20, 0x00, 0x00, 0x00, 0xfe, 0x03, 0x00, 0x80, 0xff, 0x0f, 0x00, 0xc0, 0x03,
  0x1e, 0x00, 0xc0, 0x00, 0x18, 0x00, 0x60, 0x00, 0x30, 0x00, 0x60, 0x00, 0x30, 0x00, 0x68, 0x00,
  0x30, 0x00, 0x6e, 0x00, 0x30, 0x00, 0x67, 0x00, 0x30, 0x00, 0x63, 0x00, 0x30, 0x00, 0xc1, 0x00,
  0x18, 0x00, 0xc0, 0x00, 0x18, 0x00, 0x80, 0x03, 0x0e, 0x00, 0x00, 0xff, 0x07, 0x00, 0x00, 0xfe,
  0x03, 0x00, 0x00, 0x00, 0x00, 0x00, 0x20, 0x00, 0x00, 0x00, 0xfe, 0x03, 0x00, 0x80, 0xff, 0x0f,
  0x00, 0xc0, 0x03, 0x1e, 0x00, 0xc0, 0x00, 0x18, 0x00, 0x6c, 0x00, 0x30, 0x00, 0x66, 0x00, 0x30,
  0x00, 0x67, 0x00, 0x30, 0x00, 0x63, 0x00, 0x30, 0x00, 0x67, 0x00, 0x30, 0x00, 0x6e, 0x00, 0x30,
  0x00, 0xc8, 0x00, 0x18, 0x00, 0xc0, 0x00, 0x18, 0x00, 0x80, 0x03, 0x0e, 0x00, 0x00, 0xff, 0x07,
  0x00, 0x00, 0xfe, 0x03, 0x00, 0x00, 0x00, 0x00, 0x00, 0x20, 0x00, 0x00, 0x00, 0xfe, 0x03, 0x00,
  0x80, 0xff, 0x0f, 0x00, 0xc0, 0x03, 0x1e, 0x00, 0xcc, 0x00, 0x18, 0x00, 0x66, 0x00, 0x30, 0x00,
  0x66, 0x00, 0x30, 0x00, 0x66, 0x00, 0x30, 0x00, 0x6c, 0x00, 0x30, 0x00, 0x6c, 0x00, 0x30, 0x00,
  0x6c, 0x00, 0x30, 0x00, 0xce, 0x00, 0x18, 0x00, 0xc2, 0x00, 0x18, 0x00, 0x80, 0x03, 0x0e, 0x00,
  0x00, 0xff, 0x07, 0x00, 0x00, 0xfe, 0x03, 0x00, 0x00, 0x00, 0x00, 0x00, 0x20, 0x00, 0x00, 0x00,
  0xfe, 0x03, 0x00, 0x80, 0xff, 0x0f, 0x00, 0xc0, 0x03, 0x1e, 0x00, 0xc0, 0x00, 0x18, 0x00, 0x66,
  0x00, 0x30, 0x00, 0x66, 0x00, 0x30, 0x00, 0x60, 0x00, 0x30, 0x00, 0x60, 0x00, 0x30, 0x00, 0x60,
  0x00, 0x30, 0x00, 0x66, 0x00, 0x30, 0x00, 0xc4, 0x00, 0x18, 0x00, 0xc0, 0x00, 0x18, 0x00, 0x80,
  0x03, 0x0e, 0x00, 0x00, 0xff, 0x07, 0x00, 0x00, 0xfe, 0x03, 0x00, 0x00, 0x00, 0x00, 0x00, 0x00,
  0x00, 0x00, 0x00, 0x02, 0x02, 0x00, 0x00, 0x06, 0x03, 0x00, 0x00, 0x8c, 0x01, 0x00, 0x00, 0xf8,
  0x00, 0x00, 0x00, 0x70, 0x00, 0x00, 0x00, 0x70, 0x00, 0x00, 0x00, 0xd8, 0x00, 0x00, 0x00, 0x8c,
  0x01, 0x00, 0x00, 0x06, 0x03, 0x00, 0x00, 0x02, 0x02, 0x00, 0x00, 0x00, 0x00, 0x00, 0x20, 0x00,
  0x00, 0x00, 0xfe, 0x03, 0x00, 0x80, 0xff, 0x3f, 0x00, 0xc0, 0x03, 0x3e, 0x00, 0xc0, 0x00, 0x1e,
  0x00, 0x60, 0x00, 0x3f, 0x00, 0x60, 0x80, 0x31, 0x00, 0x60, 0xe0, 0x30, 0x00, 0x60, 0x70, 0x30,
  0x00, 0x60, 0x1c, 0x30, 0x00, 0x60, 0x0e, 0x30, 0x00, 0xc0, 0x07, 0x38, 0x00, 0xc0, 0x01, 0x18,
  0x00, 0xe0, 0x03, 0x0e, 0x00, 0x60, 0xff, 0x07, 0x00, 0x00, 0xfe, 0x03, 0x00, 0x00, 0x00, 0x00,
  0x00, 0x00, 0x00, 0x00, 0xe0, 0xff, 0x03, 0x00, 0xe0, 0xff, 0x0f, 0x00, 0x00, 0x00, 0x1e, 0x00,
  0x00, 0x00, 0x18, 0x00, 0x01, 0x00, 0x30, 0x00, 0x07, 0x00, 0x30, 0x00, 0x06, 0x00, 0x30, 0x00,
  0x0c, 0x00, 0x30, 0x00, 0x00, 0x00, 0x30, 0x00, 0x00, 0x00, 0x30, 0x00, 0x00, 0x00, 0x18, 0x00,
  0xe0, 0xff, 0x0f, 0x00, 0xe0, 0xff, 0x07, 0x00, 0x00, 0x00, 0x00, 0x00, 0x00, 0x00, 0x00, 0xe0,
  0xff, 0x03, 0x00, 0xe0, 0xff, 0x0f, 0x00, 0x00, 0x00, 0x1e, 0x00, 0x00, 0x00, 0x18, 0x00, 0x00,
  0x00, 0x30, 0x00, 0x00, 0x00, 0x30, 0x00, 0x0c, 0x00, 0x30, 0x00, 0x07, 0x00, 0x30, 0x00, 0x03,
  0x00, 0x30, 0x00, 0x01, 0x00, 0x30, 0x00, 0x00, 0x00, 0x18, 0x00, 0xe0, 0xff, 0x0f, 0x00, 0xe0,
  0xff, 0x07, 0x00, 0x00, 0x00, 0x00, 0x00, 0x00, 0x00, 0x00, 0xe0, 0xff, 0x03, 0x00, 0xe0, 0xff,
  0x0f, 0x00, 0x00, 0x00, 0x1e, 0x00, 0x08, 0x00, 0x18, 0x00, 0x0c, 0x00, 0x30, 0x00, 0x07, 0x00,
  0x30, 0x00, 0x03, 0x00, 0x30, 0x00, 0x03, 0x00, 0x30, 0x00, 0x06, 0x00, 0x30, 0x00, 0x0c, 0x00,
  0x30, 0x00, 0x08, 0x00, 0x18, 0x00, 0xe0, 0xff, 0x0f, 0x00, 0xe0, 0xff, 0x07, 0x00, 0x00, 0x00,
  0x00, 0x00, 0x00, 0x00, 0x00, 0xe0, 0xff, 0x03, 0x00, 0xe0, 0xff, 0x0f, 0x00, 0x00, 0x00, 0x1e,
  0x00, 0x00, 0x00, 0x18, 0x00, 0x06, 0x00, 0x30, 0x00, 0x00, 0x00, 0x30, 0x00, 0x00, 0x00, 0x30,
  0x00, 0x00, 0x00, 0x30, 0x00, 0x06, 0x00, 0x30, 0x00, 0x06, 0x00, 0x30, 0x00, 0x00, 0x00, 0x18,
  0x00, 0xe0, 0xff, 0x0f, 0x00, 0xe0, 0xff, 0x07, 0x20, 0x00, 0x00, 0x00, 0xe0, 0x00, 0x00, 0x00,
  0xe0, 0x03, 0x00, 0x00, 0x80, 0x07, 0x00, 0x00, 0x00, 0x1e, 0x00, 0x00, 0x00, 0x78, 0x00, 0x00,
  0x0c, 0xe0, 0x3f, 0x00, 0x07, 0xf0, 0x3f, 0x00, 0x03, 0x3c, 0x00, 0x00, 0x01, 0x0f, 0x00, 0x00,
  0xc0, 0x07, 0x00, 0x00, 0xe0, 0x01, 0x00, 0x00, 0x60, 0x00, 0x00, 0x00, 0x00, 0x00, 0x00, 0x00,
  0x00, 0xe0, 0xff, 0x3f, 0x00, 0xe0, 0xff, 0x3f, 0x00, 0x00, 0x03, 0x03, 0x00, 0x00, 0x03, 0x03,
  0x00, 0x00, 0x03, 0x03, 0x00, 0x00, 0x03, 0x03, 0x00, 0x00, 0x03, 0x03, 0x00, 0x00, 0x03, 0x03,
  0x00, 0x00, 0x86, 0x01, 0x00, 0x00, 0xfe, 0x01, 0x00, 0x00, 0xfc, 0x00, 0x00, 0x00, 0x00, 0x00,
  0x00, 0x00, 0x00, 0xc0, 0xff, 0x3f, 0x00, 0xe0, 0xff, 0x3f, 0x00, 0x60, 0x00, 0x00, 0x00, 0x30,
  0x00, 0x00, 0x00, 0x30, 0x00, 0x10, 0x00, 0x30, 0x38, 0x30, 0x00, 0x30, 0x7c, 0x30, 0x00, 0x30,
  0x6e, 0x30, 0x00, 0xe0, 0xc7, 0x30, 0x00, 0xe0, 0xc3, 0x31, 0x00, 0x80, 0x80, 0x1f, 0x00, 0x00,
  0x00, 0x0f, 0x00, 0x00, 0x00, 0x00, 0x00, 0x00, 0x0e, 0x00, 0x00, 0x80, 0x1f, 0x00, 0x00, 0x8c,
  0x3b, 0x00, 0x10, 0x86, 0x30, 0x00, 0x70, 0xc6, 0x30, 0x00, 0xe0, 0xc6, 0x30, 0x00, 0xc0, 0xc6,
  0x30, 0x00, 0x00, 0xc6, 0x18, 0x00, 0x00, 0xfe, 0x0f, 0x00, 0x00, 0xfc, 0x3f, 0x00, 0x00, 0xe0,
  0x3f, 0x00, 0x00, 0x00, 0x00, 0x00, 0x00, 0x0e, 0x00, 0x00, 0x80, 0x1f, 0x00, 0x00, 0x8c, 0x3b,
  0x00, 0x00, 0x86, 0x30, 0x00, 0x80, 0xc6, 0x30, 0x00, 0xc0, 0xc6, 0x30, 0x00, 0x70, 0xc6, 0x30,
  0x00, 0x30, 0xc6, 0x18, 0x00, 0x10, 0xfe, 0x0f, 0x00, 0x00, 0xfc, 0x3f, 0x00, 0x00, 0xe0, 0x3f,
  0x00, 0x00, 0x00, 0x00, 0x00, 0x00, 0x0e, 0x00, 0x00, 0x80, 0x1f, 0x00, 0x80, 0x8c, 0x3b, 0x00,
  0xc0, 0x86, 0x30, 0x00, 0x70, 0xc6, 0x30, 0x00, 0x30, 0xc6, 0x30, 0x00, 0x30, 0xc6, 0x30, 0x00,
  0x60, 0xc6, 0x18, 0x00, 0xc0, 0xfe, 0x0f, 0x00, 0x80, 0xfc, 0x3f, 0x00, 0x00, 0xe0, 0x3f, 0x00,
  0x00, 0x00, 0x00, 0x00, 0x00, 0x0e, 0x00, 0x80, 0x80, 0x1f, 0x00, 0xc0, 0x8c, 0x3b, 0x00, 0x60,
  0x86, 0x30, 0x00, 0x60, 0xc6, 0x30, 0x00, 0x60, 0xc6, 0x30, 0x00, 0xc0, 0xc6, 0x30, 0x00, 0xc0,
  0xc6, 0x18, 0x00, 0xc0, 0xfe, 0x0f, 0x00, 0x60, 0xfc, 0x3f, 0x00, 0x00, 0xe0, 0x3f, 0x00, 0x00,
  0x00, 0x00, 0x00, 0x00, 0x0e, 0x00, 0x00, 0x80, 0x1f, 0x00, 0x00, 0x8c, 0x3b, 0x00, 0x60, 0x86,
  0x30, 0x00, 0x00, 0xc6, 0x30, 0x00, 0x00, 0xc6, 0x30, 0x00, 0x00, 0xc6, 0x30, 0x00, 0x60, 0xc6,
  0x18, 0x00, 0x60, 0xfe, 0x0f, 0x00, 0x00, 0xfc, 0x3f, 0x00, 0x00, 0xe0, 0x3f, 0x00, 0x00, 0x00,
  0x00, 0x00, 0x00, 0x0e, 0x00, 0x00, 0x80, 0x1f, 0x00, 0x00, 0x8c, 0x3b, 0x00, 0x38, 0x86, 0x30,
  0x00, 0x6c, 0xc6, 0x30, 0x00, 0x44, 0xc6, 0x30, 0x00, 0x44, 0xc6, 0x30, 0x00, 0x38, 0xc6, 0x18,
  0x00, 0x00, 0xfe, 0x0f, 0x00, 0x00, 0xfc, 0x3f, 0x00, 0x00, 0xe0, 0x3f, 0x00, 0x00, 0x00, 0x00,
  0x00, 0x00, 0x0f, 0x00, 0x00, 0x84, 0x1f, 0x00, 0x00, 0x84, 0x39, 0x00, 0x00, 0xc6, 0x30, 0x00,
  0x00, 0xc6, 0x30, 0x00, 0x00, 0xc6, 0x30, 0x00, 0x00, 0xc6, 0x30, 0x00, 0x00, 0xce, 0x18, 0x00,
  0x00, 0xfc, 0x0f, 0x00, 0x00, 0xf8, 0x0f, 0x00, 0x00, 0xdc, 0x1e, 0x00, 0x00, 0xc6, 0x38, 0x00,
  0x00, 0xc6, 0x30, 0x00, 0x00, 0xc6, 0x30, 0x00, 0x00, 0xc6, 0x30, 0x00, 0x00, 0xce, 0x30, 0x00,
  0x00, 0xfc, 0x30, 0x00, 0x00, 0xf8, 0x10, 0x00, 0x00, 0x40, 0x00, 0x00, 0x00, 0x00, 0x00, 0xc0,
  0x01, 0x00, 0x00, 0xf8, 0x0f, 0x00, 0x00, 0xfc, 0x1f, 0x00, 0x00, 0x0c, 0x18, 0x04, 0x00, 0x06,
  0x30, 0x06, 0x00, 0x06, 0xf0, 0x06, 0x00, 0x06, 0xb0, 0x07, 0x00, 0x06, 0x30, 0x03, 0x00, 0x06,
  0x30, 0x00, 0x00, 0x00, 0x10, 0x00, 0x00, 0x00, 0x00, 0x00, 0xc0, 0x01, 0x00, 0x00, 0xf8, 0x0f,
  0x00, 0x00, 0xfc, 0x1f, 0x00, 0x10, 0xcc, 0x18, 0x00, 0x30, 0xc6, 0x30, 0x00, 0x60, 0xc6, 0x30,
  0x00, 0xc0, 0xc6, 0x30, 0x00, 0x00, 0xc6, 0x30, 0x00, 0x00, 0xcc, 0x30, 0x00, 0x00, 0xfc, 0x30,
  0x00, 0x00, 0xf8, 0x10, 0x00, 0x00, 0x00, 0x00, 0x00, 0xc0, 0x01, 0x00, 0x00, 0xf8, 0x0f, 0x00,
  0x00, 0xfc, 0x1f, 0x00, 0x00, 0xcc, 0x18, 0x00, 0x00, 0xc6, 0x30, 0x00, 0xc0, 0xc6, 0x30, 0x00,
  0x70, 0xc6, 0x30, 0x00, 0x30, 0xc6, 0x30, 0x00, 0x10, 0xcc, 0x30, 0x00, 0x00, 0xfc, 0x30, 0x00,
  0x00, 0xf8, 0x10, 0x00, 0x00, 0x00, 0x00, 0x00, 0xc0, 0x01, 0x00, 0x00, 0xf8, 0x0f, 0x00, 0x80,
  0xfc, 0x1f, 0x00, 0xc0, 0xcc, 0x18, 0x00, 0x70, 0xc6, 0x30, 0x00, 0x30, 0xc6, 0x30, 0x00, 0x30,
  0xc6, 0x30, 0x00, 0x60, 0xc6, 0x30, 0x00, 0xc0, 0xcc, 0x30, 0x00, 0x80, 0xfc, 0x30, 0x00, 0x00,
  0xf8, 0x10, 0x00, 0x00, 0x00, 0x00, 0x00, 0xc0, 0x01, 0x00, 0x00, 0xf8, 0x0f, 0x00, 0x00, 0xfc,
  0x1f, 0x00, 0x60, 0xcc, 0x18, 0x00, 0x00, 0xc6, 0x30, 0x00, 0x00, 0xc6, 0x30, 0x00, 0x00, 0xc6,
  0x30, 0x00, 0x60, 0xc6, 0x30, 0x00, 0x60, 0xcc, 0x30, 0x00, 0x00, 0xfc, 0x30, 0x00, 0x00, 0xf8,
  0x10, 0x10, 0x00, 0x00, 0x00, 0x30, 0x00, 0x00, 0x00, 0x70, 0xfe, 0x3f, 0x00, 0xc0, 0xfe, 0x3f,
  0x00, 0x80, 0x00, 0x00, 0x00, 0x00, 0x00, 0x00, 0x00, 0x00, 0xc0, 0xfe, 0x3f, 0x00, 0xe0, 0xfe,
  0x3f, 0x00, 0x70, 0x00, 0x00, 0x00, 0x30, 0x80, 0x00, 0x00, 0x00, 0xc0, 0x00, 0x00, 0x00, 0x60,
  0x00, 0x00, 0x00, 0x30, 0xfe, 0x3f, 0x00, 0x30, 0xfe, 0x3f, 0x00, 0x70, 0x00, 0x00, 0x00, 0xc0,
  0x00, 0x00, 0x00, 0x80, 0x60, 0x00, 0x00, 0x00, 0x60, 0x00, 0x00, 0x00, 0x00, 0xfe, 0x3f, 0x00,
  0x00, 0xfe, 0x3f, 0x00, 0x40, 0x00, 0x00, 0x00, 0x60, 0x00, 0x00, 0x00, 0x00, 0x00, 0xc0, 0x03,
  0x00, 0x00, 0xf0, 0x0f, 0x00, 0x00, 0xf8, 0x1f, 0x00, 0x80, 0x18, 0x18, 0x00, 0x98, 0x0c, 0x30,
  0x00, 0xf0, 0x0c, 0x30, 0x00, 0x60, 0x0c, 0x30, 0x00, 0xe0, 0x0c, 0x30, 0x00, 0xf0, 0x19, 0x30,
  0x00, 0x90, 0x3f, 0x18, 0x00, 0x10, 0xfe, 0x0f, 0x00, 0x00, 0xf8, 0x07, 0x00, 0x00, 0x00, 0x00,
  0x00, 0x00, 0x00, 0x00, 0x00, 0xfe, 0x3f, 0x00, 0xc0, 0xfe, 0x3f, 0x00, 0x60, 0x18, 0x00, 0x00,
  0x60, 0x04, 0x00, 0x00, 0x60, 0x06, 0x00, 0x00, 0xc0, 0x06, 0x00, 0x00, 0xc0, 0x06, 0x00, 0x00,
  0xc0, 0x06, 0x00, 0x00, 0xe0, 0x0e, 0x00, 0x00, 0x20, 0xfc, 0x3f, 0x00, 0x00, 0xf8, 0x3f, 0x00,
  0x00, 0x00, 0x00, 0x00, 0xc0, 0x01, 0x00, 0x00, 0xf8, 0x0f, 0x00, 0x00, 0xfc, 0x1f, 0x00, 0x10,
  0x0c, 0x18, 0x00, 0x30, 0x06, 0x30, 0x00, 0x70, 0x06, 0x30, 0x00, 0xc0, 0x06, 0x30, 0x00, 0x80,
  0x06, 0x30, 0x00, 0x00, 0x06, 0x30, 0x00, 0x00, 0x1c, 0x1c, 0x00, 0x00, 0xf8, 0x0f, 0x00, 0x00,
  0xf0, 0x07, 0x00, 0x00, 0x00, 0x00, 0x00, 0xc0, 0x01, 0x00, 0x00, 0xf8, 0x0f, 0x00, 0x00, 0xfc,
  0x1f, 0x00, 0x00, 0x0c, 0x18, 0x00, 0x00, 0x06, 0x30, 0x00, 0x80, 0x06, 0x30, 0x00, 0xe0, 0x06,
  0x30, 0x00, 0x70, 0x06, 0x30, 0x00, 0x30, 0x06, 0x30, 0x00, 0x00, 0x1c, 0x1c, 0x00, 0x00, 0xf8,
  0x0f, 0x00, 0x00, 0xf0, 0x07, 0x00, 0x00, 0x00, 0x00, 0x00, 0xc0, 0x01, 0x00, 0x00, 0xf8, 0x0f,
  0x00, 0x80, 0xfc, 0x1f, 0x00, 0xc0, 0x0c, 0x18, 0x00, 0x60, 0x06, 0x30, 0x00, 0x70, 0x06, 0x30,
  0x00, 0x30, 0x06, 0x30, 0x00, 0x70, 0x06, 0x30, 0x00, 0xc0, 0x06, 0x30, 0x00, 0x80, 0x1c, 0x1c,
  0x00, 0x00, 0xf8, 0x0f, 0x00, 0x00, 0xf0, 0x07, 0x00, 0x00, 0x00, 0x00, 0x00, 0xc0, 0x01, 0x00,
  0x00, 0xf8, 0x0f, 0x00, 0xc0, 0xfc, 0x1f, 0x00, 0x60, 0x0c, 0x18, 0x00, 0x60, 0x06, 0x30, 0x00,
  0x60, 0x06, 0x30, 0x00, 0xc0, 0x06, 0x30, 0x00, 0xc0, 0x06, 0x30, 0x00, 0xc0, 0x06, 0x30, 0x00,
  0x60, 0x1c, 0x1c, 0x00, 0x20, 0xf8, 0x0f, 0x00, 0x00, 0xf0, 0x07, 0x00, 0x00, 0x00, 0x00, 0x00,
  0xc0, 0x01, 0x00, 0x00, 0xf8, 0x0f, 0x00, 0x00, 0xfc, 0x1f, 0x00, 0x60, 0x0c, 0x18, 0x00, 0x60,
  0x06, 0x30, 0x00, 0x00, 0x06, 0x30, 0x00, 0x00, 0x06, 0x30, 0x00, 0x00, 0x06, 0x30, 0x00, 0x60,
  0x06, 0x30, 0x00, 0x00, 0x1c, 0x1c, 0x00, 0x00, 0xf8, 0x0f, 0x00, 0x00, 0xf0, 0x07, 0x00, 0x00,
  0x00, 0x00, 0x00, 0x60, 0x00, 0x00, 0x00, 0x60, 0x00, 0x00, 0x00, 0x60, 0x00, 0x00, 0x00, 0x60,
  0x00, 0x00, 0x00, 0x60, 0x00, 0x00, 0x00, 0x67, 0x07, 0x00, 0x00, 0x67, 0x07, 0x00, 0x00, 0x60,
  0x00, 0x00, 0x00, 0x60, 0x00, 0x00, 0x00, 0x60, 0x00, 0x00, 0x00, 0x60, 0x00, 0x00, 0x00, 0x20,
  0x00, 0x00, 0x00, 0x00, 0x00, 0xc0, 0x01, 0x00, 0x00, 0xf8, 0x2f, 0x00, 0x00, 0xfc, 0x3f, 0x00,
  0x00, 0x0c, 0x1c, 0x00, 0x00, 0x06, 0x36, 0x00, 0x00, 0x86, 0x33, 0x00, 0x00, 0xc6, 0x31, 0x00,
  0x00, 0x66, 0x30, 0x00, 0x00, 0x3e, 0x30, 0x00, 0x00, 0x1c, 0x1c, 0x00, 0x00, 0xfe, 0x0f, 0x00,
  0x00, 0xf2, 0x07, 0x00, 0x00, 0x00, 0x00, 0x00, 0x00, 0x00, 0x00, 0x00, 0xfe, 0x0f, 0x00, 0x00,
  0xfe, 0x1f, 0x00, 0x10, 0x00, 0x38, 0x00, 0x30, 0x00, 0x30, 0x00, 0x70, 0x00, 0x30, 0x00, 0xe0,
  0x00, 0x30, 0x00, 0x80, 0x00, 0x30, 0x00, 0x00, 0x00, 0x18, 0x00, 0x00, 0x00, 0x0e, 0x00, 0x00,
  0xfe, 0x3f, 0x00, 0x00, 0xfe, 0x3f, 0x00, 0x00, 0x00, 0x00, 0x00, 0x00, 0x00, 0x00, 0x00, 0xfe,
  0x0f, 0x00, 0x00, 0xfe, 0x1f, 0x00, 0x00, 0x00, 0x38, 0x00, 0x00, 0x00, 0x30, 0x00, 0x80, 0x00,
  0x30, 0x00, 0xe0, 0x00, 0x30, 0x00, 0x70, 0x00, 0x30, 0x00, 0x30, 0x00, 0x18, 0x00, 0x10, 0x00,
  0x0e, 0x00, 0x00, 0xfe, 0x3f, 0x00, 0x00, 0xfe, 0x3f, 0x00, 0x00, 0x00, 0x00, 0x00, 0x00, 0x00,
  0x00, 0x00, 0xfe, 0x0f, 0x00, 0x00, 0xfe, 0x1f, 0x00, 0xc0, 0x00, 0x38, 0x00, 0xe0, 0x00, 0x30,
  0x00, 0x70, 0x00, 0x30, 0x00, 0x30, 0x00, 0x30, 0x00, 0x70, 0x00, 0x30, 0x00, 0xe0, 0x00, 0x18,
  0x00, 0x80, 0x00, 0x0e, 0x00, 0x00, 0xfe, 0x3f, 0x00, 0x00, 0xfe, 0x3f, 0x00, 0x00, 0x00, 0x00,
  0x00, 0x00, 0x00, 0x00, 0x00, 0xfe, 0x0f, 0x00, 0x00, 0xfe, 0x1f, 0x00, 0x60, 0x00, 0x38, 0x00,
  0x60, 0x00, 0x30, 0x00, 0x00, 0x00, 0x30, 0x00, 0x00, 0x00, 0x30, 0x00, 0x00, 0x00, 0x30, 0x00,
  0x60, 0x00, 0x18, 0x00, 0x40, 0x00, 0x0e, 0x00, 0x00, 0xfe, 0x3f, 0x00, 0x00, 0xfe, 0x3f, 0x00,
  0x02, 0x00, 0x0c, 0x00, 0x1e, 0x00, 0x0c, 0x00, 0x7c, 0x00, 0x0c, 0x00, 0xf0, 0x03, 0x0c, 0x00,
  0x80, 0x0f, 0x07, 0xc0, 0x00, 0xfc, 0x03, 0xe0, 0x00, 0xf8, 0x00, 0x70, 0x00, 0x3f, 0x00, 0x30,
  0xe0, 0x07, 0x00, 0x00, 0xfc, 0x00, 0x00, 0x00, 0x3e, 0x00, 0x00, 0x00, 0x06, 0x00, 0x00, 0x00,
  0x00, 0x00, 0x00, 0x00, 0x00, 0xf0, 0xff, 0xff, 0x0f, 0xf0, 0xff, 0xff, 0x0f, 0x00, 0x18, 0x1c,
  0x00, 0x00, 0x04, 0x10, 0x00, 0x00, 0x06, 0x30, 0x00, 0x00, 0x06, 0x30, 0x00, 0x00, 0x06, 0x30,
  0x00, 0x00, 0x06, 0x30, 0x00, 0x00, 0x0c, 0x18, 0x00, 0x00, 0xfc, 0x1f, 0x00, 0x00, 0xf8, 0x0f,
  0x00, 0x02, 0x00, 0x0c, 0x00, 0x1e, 0x00, 0x0c, 0x00, 0x7c, 0x00, 0x0c, 0x60, 0xf0, 0x03, 0x0c,
  0x60, 0x80, 0x0f, 0x07, 0x00, 0x00, 0xfc, 0x03, 0x00, 0x00, 0xf8, 0x00, 0x40, 0x00, 0x3f, 0x00,
  0x60, 0xe0, 0x07, 0x00, 0x00, 0xfc, 0x00, 0x00, 0x00, 0x3e, 0x00, 0x00, 0x00, 0x06,
};

return TRIAL_2;
}

#endif

#if MESH_ARIAL_EXPERIMENT == 6

/*
Derived MeshFontTrial6; source DejaVu Sans, Version 2.37
Source SHA256: 7da195a74c55bef988d0d48f9508bd5d849425c1770dba5d7bfc6ce9ed848954
Upstream: https://github.com/dejavu-fonts/dejavu-fonts
SPDX-License-Identifier: Bitstream-Vera AND LicenseRef-Arev
Full license/copyright follows; it applies to the bitmap font data.
Copyright (c) 2003 by Bitstream, Inc. All Rights Reserved.
Copyright (c) 2006 by Tavmjong Bah. All Rights Reserved.
DejaVu changes are in public domain


Fonts are (c) Bitstream (see below). DejaVu changes are in public domain. Glyphs imported from Arev fonts are (c) Tavmjung Bah (see below)

Bitstream Vera Fonts Copyright
------------------------------

Copyright (c) 2003 by Bitstream, Inc. All Rights Reserved. Bitstream Vera is
a trademark of Bitstream, Inc.

Permission is hereby granted, free of charge, to any person obtaining a copy
of the fonts accompanying this license ("Fonts") and associated
documentation files (the "Font Software"), to reproduce and distribute the
Font Software, including without limitation the rights to use, copy, merge,
publish, distribute, and/or sell copies of the Font Software, and to permit
persons to whom the Font Software is furnished to do so, subject to the
following conditions:

The above copyright and trademark notices and this permission notice shall
be included in all copies of one or more of the Font Software typefaces.

The Font Software may be modified, altered, or added to, and in particular
the designs of glyphs or characters in the Fonts may be modified and
additional glyphs or characters may be added to the Fonts, only if the fonts
are renamed to names not containing either the words "Bitstream" or the word
"Vera".

This License becomes null and void to the extent applicable to Fonts or Font
Software that has been modified and is distributed under the "Bitstream
Vera" names.

The Font Software may be sold as part of a larger software package but no
copy of one or more of the Font Software typefaces may be sold by itself.

THE FONT SOFTWARE IS PROVIDED "AS IS", WITHOUT WARRANTY OF ANY KIND, EXPRESS
OR IMPLIED, INCLUDING BUT NOT LIMITED TO ANY WARRANTIES OF MERCHANTABILITY,
FITNESS FOR A PARTICULAR PURPOSE AND NONINFRINGEMENT OF COPYRIGHT, PATENT,
TRADEMARK, OR OTHER RIGHT. IN NO EVENT SHALL BITSTREAM OR THE GNOME
FOUNDATION BE LIABLE FOR ANY CLAIM, DAMAGES OR OTHER LIABILITY, INCLUDING
ANY GENERAL, SPECIAL, INDIRECT, INCIDENTAL, OR CONSEQUENTIAL DAMAGES,
WHETHER IN AN ACTION OF CONTRACT, TORT OR OTHERWISE, ARISING FROM, OUT OF
THE USE OR INABILITY TO USE THE FONT SOFTWARE OR FROM OTHER DEALINGS IN THE
FONT SOFTWARE.

Except as contained in this notice, the names of Gnome, the Gnome
Foundation, and Bitstream Inc., shall not be used in advertising or
otherwise to promote the sale, use or other dealings in this Font Software
without prior written authorization from the Gnome Foundation or Bitstream
Inc., respectively. For further information, contact: fonts at gnome dot
org.

Arev Fonts Copyright
------------------------------

Copyright (c) 2006 by Tavmjong Bah. All Rights Reserved.

Permission is hereby granted, free of charge, to any person obtaining
a copy of the fonts accompanying this license ("Fonts") and
associated documentation files (the "Font Software"), to reproduce
and distribute the modifications to the Bitstream Vera Font Software,
including without limitation the rights to use, copy, merge, publish,
distribute, and/or sell copies of the Font Software, and to permit
persons to whom the Font Software is furnished to do so, subject to
the following conditions:

The above copyright and trademark notices and this permission notice
shall be included in all copies of one or more of the Font Software
typefaces.

The Font Software may be modified, altered, or added to, and in
particular the designs of glyphs or characters in the Fonts may be
modified and additional glyphs or characters may be added to the
Fonts, only if the fonts are renamed to names not containing either
the words "Tavmjong Bah" or the word "Arev".

This License becomes null and void to the extent applicable to Fonts
or Font Software that has been modified and is distributed under the
"Tavmjong Bah Arev" names.

The Font Software may be sold as part of a larger software package but
no copy of one or more of the Font Software typefaces may be sold by
itself.

THE FONT SOFTWARE IS PROVIDED "AS IS", WITHOUT WARRANTY OF ANY KIND,
EXPRESS OR IMPLIED, INCLUDING BUT NOT LIMITED TO ANY WARRANTIES OF
MERCHANTABILITY, FITNESS FOR A PARTICULAR PURPOSE AND NONINFRINGEMENT
OF COPYRIGHT, PATENT, TRADEMARK, OR OTHER RIGHT. IN NO EVENT SHALL
TAVMJONG BAH BE LIABLE FOR ANY CLAIM, DAMAGES OR OTHER LIABILITY,
INCLUDING ANY GENERAL, SPECIAL, INDIRECT, INCIDENTAL, OR CONSEQUENTIAL
DAMAGES, WHETHER IN AN ACTION OF CONTRACT, TORT OR OTHERWISE, ARISING
FROM, OUT OF THE USE OR INABILITY TO USE THE FONT SOFTWARE OR FROM
OTHER DEALINGS IN THE FONT SOFTWARE.

Except as contained in this notice, the name of Tavmjong Bah shall not
be used in advertising or otherwise to promote the sale, use or other
dealings in this Font Software without prior written authorization
from Tavmjong Bah. For further information, contact: tavmjong @ free
. fr.
*/

// nominal=16; cap=12; H_top=3; baseline=15; line_box=19; bearing_shifts=[74]; vertical_shifts=[]

inline const uint8_t* fontStorage1() {

static const uint8_t TRIAL_1[] = {
  0x10, 0x13, 0x20, 0xe0, 0xff, 0xff, 0x00, 0x05, 0x00, 0x00, 0x0b, 0x06, 0x00, 0x0b, 0x10, 0x07,
  0x00, 0x1b, 0x22, 0x0d, 0x00, 0x3d, 0x1a, 0x0a, 0x00, 0x57, 0x29, 0x0f, 0x00, 0x80, 0x20, 0x0c,
  0x00, 0xa0, 0x07, 0x04, 0x00, 0xa7, 0x0f, 0x06, 0x00, 0xb6, 0x0e, 0x06, 0x00, 0xc4, 0x14, 0x08,
  0x00, 0xd8, 0x23, 0x0d, 0x00, 0xfb, 0x0b, 0x05, 0x01, 0x06, 0x0e, 0x06, 0x01, 0x14, 0x08, 0x05,
  0x01, 0x1c, 0x0d, 0x05, 0x01, 0x29, 0x1a, 0x0a, 0x01, 0x43, 0x1a, 0x0a, 0x01, 0x5d, 0x1a, 0x0a,
  0x01, 0x77, 0x1a, 0x0a, 0x01, 0x91, 0x1a, 0x0a, 0x01, 0xab, 0x1a, 0x0a, 0x01, 0xc5, 0x1a, 0x0a,
  0x01, 0xdf, 0x19, 0x0a, 0x01, 0xf8, 0x1a, 0x0a, 0x02, 0x12, 0x1a, 0x0a, 0x02, 0x2c, 0x0b, 0x05,
  0x02, 0x37, 0x0b, 0x05, 0x02, 0x42, 0x23, 0x0d, 0x02, 0x65, 0x23, 0x0d, 0x02, 0x88, 0x23, 0x0d,
  0x02, 0xab, 0x13, 0x09, 0x02, 0xbe, 0x2c, 0x10, 0x02, 0xea, 0x20, 0x0b, 0x03, 0x0a, 0x1d, 0x0b,
  0x03, 0x27, 0x1d, 0x0b, 0x03, 0x44, 0x20, 0x0c, 0x03, 0x64, 0x1a, 0x0a, 0x03, 0x7e, 0x17, 0x09,
  0x03, 0x95, 0x20, 0x0c, 0x03, 0xb5, 0x1d, 0x0c, 0x03, 0xd2, 0x08, 0x05, 0x03, 0xda, 0x0c, 0x06,
  0x03, 0xe6, 0x1d, 0x0b, 0x04, 0x03, 0x1a, 0x09, 0x04, 0x1d, 0x23, 0x0e, 0x04, 0x40, 0x1d, 0x0c,
  0x04, 0x5d, 0x23, 0x0d, 0x04, 0x80, 0x1a, 0x0a, 0x04, 0x9a, 0x23, 0x0d, 0x04, 0xbd, 0x1d, 0x0b,
  0x04, 0xda, 0x1a, 0x0a, 0x04, 0xf4, 0x1c, 0x0a, 0x05, 0x10, 0x1d, 0x0c, 0x05, 0x2d, 0x1f, 0x0b,
  0x05, 0x4c, 0x2b, 0x10, 0x05, 0x77, 0x1d, 0x0b, 0x05, 0x94, 0x19, 0x0a, 0x05, 0xad, 0x1d, 0x0b,
  0x05, 0xca, 0x0f, 0x06, 0x05, 0xd9, 0x0e, 0x05, 0x05, 0xe7, 0x0f, 0x06, 0x05, 0xf6, 0x1f, 0x0d,
  0x06, 0x15, 0x18, 0x08, 0x06, 0x2d, 0x0d, 0x08, 0x06, 0x3a, 0x17, 0x0a, 0x06, 0x51, 0x1a, 0x0a,
  0x06, 0x6b, 0x17, 0x09, 0x06, 0x82, 0x1a, 0x0a, 0x06, 0x9c, 0x1a, 0x0a, 0x06, 0xb6, 0x10, 0x06,
  0x06, 0xc6, 0x1a, 0x0a, 0x06, 0xe0, 0x1a, 0x0a, 0x06, 0xfa, 0x08, 0x04, 0x07, 0x02, 0x09, 0x04,
  0x07, 0x0b, 0x1a, 0x09, 0x07, 0x25, 0x08, 0x04, 0x07, 0x2d, 0x29, 0x10, 0x07, 0x56, 0x1a, 0x0a,
  0x07, 0x70, 0x1a, 0x0a, 0x07, 0x8a, 0x1a, 0x0a, 0x07, 0xa4, 0x1b, 0x0a, 0x07, 0xbf, 0x13, 0x07,
  0x07, 0xd2, 0x17, 0x08, 0x07, 0xe9, 0x11, 0x06, 0x07, 0xfa, 0x1a, 0x0a, 0x08, 0x14, 0x19, 0x09,
  0x08, 0x2d, 0x23, 0x0d, 0x08, 0x50, 0x1a, 0x09, 0x08, 0x6a, 0x19, 0x09, 0x08, 0x83, 0x17, 0x08,
  0x08, 0x9a, 0x18, 0x0a, 0x08, 0xb2, 0x09, 0x05, 0x08, 0xbb, 0x17, 0x0a, 0x08, 0xd2, 0x23, 0x0d,
  0xff, 0xff, 0x00, 0x00, 0xff, 0xff, 0x00, 0x10, 0xff, 0xff, 0x00, 0x10, 0xff, 0xff, 0x00, 0x10,
  0xff, 0xff, 0x00, 0x10, 0xff, 0xff, 0x00, 0x10, 0xff, 0xff, 0x00, 0x10, 0xff, 0xff, 0x00, 0x10,
  0xff, 0xff, 0x00, 0x10, 0xff, 0xff, 0x00, 0x10, 0xff, 0xff, 0x00, 0x10, 0xff, 0xff, 0x00, 0x10,
  0xff, 0xff, 0x00, 0x10, 0xff, 0xff, 0x00, 0x10, 0xff, 0xff, 0x00, 0x10, 0xff, 0xff, 0x00, 0x10,
  0xff, 0xff, 0x00, 0x10, 0xff, 0xff, 0x00, 0x10, 0xff, 0xff, 0x00, 0x10, 0xff, 0xff, 0x00, 0x10,
  0xff, 0xff, 0x00, 0x10, 0xff, 0xff, 0x00, 0x10, 0xff, 0xff, 0x00, 0x10, 0xff, 0xff, 0x00, 0x10,
  0xff, 0xff, 0x00, 0x10, 0xff, 0xff, 0x00, 0x10, 0xff, 0xff, 0x00, 0x10, 0xff, 0xff, 0x00, 0x10,
  0xff, 0xff, 0x00, 0x10, 0xff, 0xff, 0x00, 0x10, 0xff, 0xff, 0x00, 0x10, 0xff, 0xff, 0x00, 0x10,
  0xff, 0xff, 0x00, 0x10, 0xff, 0xff, 0x00, 0x05, 0x08, 0xf5, 0x0c, 0x06, 0x09, 0x01, 0x17, 0x0a,
  0x09, 0x18, 0x1a, 0x0a, 0x09, 0x32, 0x1a, 0x0a, 0x09, 0x4c, 0x1a, 0x0a, 0x09, 0x66, 0x09, 0x05,
  0x09, 0x6f, 0x14, 0x08, 0x09, 0x83, 0x10, 0x08, 0x09, 0x93, 0x29, 0x10, 0x09, 0xbc, 0x11, 0x08,
  0x09, 0xcd, 0x17, 0x0a, 0x09, 0xe4, 0x23, 0x0d, 0x0a, 0x07, 0x0e, 0x06, 0x0a, 0x15, 0x29, 0x10,
  0x0a, 0x3e, 0x10, 0x08, 0x0a, 0x4e, 0x10, 0x08, 0x0a, 0x5e, 0x23, 0x0d, 0x0a, 0x81, 0x0e, 0x06,
  0x0a, 0x8f, 0x11, 0x06, 0x0a, 0xa0, 0x10, 0x08, 0x0a, 0xb0, 0x1d, 0x0a, 0x0a, 0xcd, 0x18, 0x0a,
  0x0a, 0xe5, 0x08, 0x05, 0x0a, 0xed, 0x0f, 0x08, 0x0a, 0xfc, 0x11, 0x06, 0x0b, 0x0d, 0x13, 0x08,
  0x0b, 0x20, 0x1a, 0x0a, 0x0b, 0x3a, 0x2c, 0x10, 0x0b, 0x66, 0x2c, 0x10, 0x0b, 0x92, 0x2c, 0x10,
  0x0b, 0xbe, 0x15, 0x09, 0x0b, 0xd3, 0x20, 0x0b, 0x0b, 0xf3, 0x20, 0x0b, 0x0c, 0x13, 0x20, 0x0b,
  0x0c, 0x33, 0x20, 0x0b, 0x0c, 0x53, 0x20, 0x0b, 0x0c, 0x73, 0x20, 0x0b, 0x0c, 0x93, 0x2c, 0x10,
  0x0c, 0xbf, 0x1d, 0x0b, 0x0c, 0xdc, 0x1a, 0x0a, 0x0c, 0xf6, 0x1a, 0x0a, 0x0d, 0x10, 0x1a, 0x0a,
  0x0d, 0x2a, 0x1a, 0x0a, 0x0d, 0x44, 0x08, 0x05, 0x0d, 0x4c, 0x0a, 0x05, 0x0d, 0x56, 0x0a, 0x05,
  0x0d, 0x60, 0x0d, 0x05, 0x0d, 0x6d, 0x20, 0x0c, 0x0d, 0x8d, 0x1d, 0x0c, 0x0d, 0xaa, 0x23, 0x0d,
  0x0d, 0xcd, 0x23, 0x0d, 0x0d, 0xf0, 0x23, 0x0d, 0x0e, 0x13, 0x23, 0x0d, 0x0e, 0x36, 0x23, 0x0d,
  0x0e, 0x59, 0x20, 0x0d, 0x0e, 0x79, 0x23, 0x0d, 0x0e, 0x9c, 0x1d, 0x0c, 0x0e, 0xb9, 0x1d, 0x0c,
  0x0e, 0xd6, 0x1d, 0x0c, 0x0e, 0xf3, 0x1d, 0x0c, 0x0f, 0x10, 0x19, 0x0a, 0x0f, 0x29, 0x1a, 0x0a,
  0x0f, 0x43, 0x1a, 0x0a, 0x0f, 0x5d, 0x17, 0x0a, 0x0f, 0x74, 0x17, 0x0a, 0x0f, 0x8b, 0x17, 0x0a,
  0x0f, 0xa2, 0x17, 0x0a, 0x0f, 0xb9, 0x17, 0x0a, 0x0f, 0xd0, 0x17, 0x0a, 0x0f, 0xe7, 0x2c, 0x10,
  0x10, 0x13, 0x17, 0x09, 0x10, 0x2a, 0x1a, 0x0a, 0x10, 0x44, 0x1a, 0x0a, 0x10, 0x5e, 0x1a, 0x0a,
  0x10, 0x78, 0x1a, 0x0a, 0x10, 0x92, 0x08, 0x04, 0x10, 0x9a, 0x0a, 0x04, 0x10, 0xa4, 0x0a, 0x04,
  0x10, 0xae, 0x0d, 0x05, 0x10, 0xbb, 0x1a, 0x0a, 0x10, 0xd5, 0x1a, 0x0a, 0x10, 0xef, 0x1a, 0x0a,
  0x11, 0x09, 0x1a, 0x0a, 0x11, 0x23, 0x1a, 0x0a, 0x11, 0x3d, 0x1a, 0x0a, 0x11, 0x57, 0x1a, 0x0a,
  0x11, 0x71, 0x23, 0x0d, 0x11, 0x94, 0x1a, 0x0a, 0x11, 0xae, 0x1a, 0x0a, 0x11, 0xc8, 0x1a, 0x0a,
  0x11, 0xe2, 0x1a, 0x0a, 0x11, 0xfc, 0x1a, 0x0a, 0x12, 0x16, 0x19, 0x09, 0x12, 0x2f, 0x1a, 0x0a,
  0x12, 0x49, 0x19, 0x09, 0x00, 0x00, 0x00, 0x00, 0x00, 0x00, 0xf8, 0x63, 0x00, 0xf8, 0x67, 0x00,
  0x00, 0x00, 0x00, 0x00, 0x00, 0x78, 0x00, 0x00, 0x00, 0x00, 0x00, 0x78, 0x00, 0x00, 0x78, 0x00,
  0x00, 0x00, 0x00, 0x08, 0x00, 0x80, 0x08, 0x00, 0x80, 0x68, 0x00, 0x80, 0x3e, 0x00, 0xe0, 0x0b,
  0x00, 0xb0, 0x08, 0x00, 0x80, 0x78, 0x00, 0x80, 0x0f, 0x00, 0xf0, 0x08, 0x00, 0x80, 0x08, 0x00,
  0x80, 0x00, 0x00, 0x00, 0x80, 0x21, 0x00, 0xc0, 0x43, 0x00, 0x20, 0x42, 0x00, 0x20, 0x46, 0x00,
  0x20, 0x46, 0x00, 0x20, 0x44, 0x00, 0x40, 0x3c, 0x00, 0x00, 0x18, 0x00, 0x00, 0x00, 0xf0, 0x00,
  0x00, 0x98, 0x01, 0x00, 0x08, 0x01, 0x00, 0x08, 0x61, 0x00, 0xf0, 0x18, 0x00, 0x00, 0x0c, 0x00,
  0x00, 0x03, 0x00, 0xc0, 0x01, 0x00, 0x60, 0x3c, 0x00, 0x18, 0x66, 0x00, 0x08, 0x42, 0x00, 0x00,
  0x42, 0x00, 0x00, 0x3c, 0x00, 0x00, 0x00, 0x00, 0x1c, 0x00, 0x60, 0x3e, 0x00, 0xf0, 0x61, 0x00,
  0x88, 0x43, 0x00, 0x08, 0x46, 0x00, 0x08, 0x4c, 0x00, 0x10, 0x78, 0x00, 0x00, 0x30, 0x00, 0x00,
  0x38, 0x00, 0x00, 0x4e, 0x00, 0x00, 0x00, 0x00, 0x00, 0x00, 0x78, 0x00, 0x00, 0x00, 0x00, 0x06,
  0x00, 0xe0, 0x7f, 0x00, 0x38, 0xc0, 0x01, 0x08, 0x00, 0x01, 0x00, 0x00, 0x00, 0x00, 0x00, 0x00,
  0x38, 0xc0, 0x01, 0xe0, 0x7f, 0x00, 0x80, 0x1f, 0x00, 0x00, 0x00, 0x20, 0x01, 0x00, 0xc0, 0x00,
  0x00, 0xc0, 0x00, 0x00, 0xc0, 0x00, 0x00, 0xc0, 0x00, 0x00, 0x20, 0x01, 0x00, 0x00, 0x00, 0x00,
  0x00, 0x00, 0x00, 0x04, 0x00, 0x00, 0x04, 0x00, 0x00, 0x04, 0x00, 0x00, 0x04, 0x00, 0xc0, 0x7f,
  0x00, 0x00, 0x04, 0x00, 0x00, 0x04, 0x00, 0x00, 0x04, 0x00, 0x00, 0x04, 0x00, 0x00, 0x04, 0x00,
  0x00, 0x00, 0x00, 0x00, 0x01, 0x00, 0xe0, 0x00, 0x00, 0x20, 0x00, 0x00, 0x00, 0x00, 0x04, 0x00,
  0x00, 0x04, 0x00, 0x00, 0x04, 0x00, 0x00, 0x04, 0x00, 0x00, 0x00, 0x00, 0x00, 0x00, 0x00, 0x60,
  0x00, 0xc0, 0x00, 0x00, 0x78, 0x00, 0x00, 0x0f, 0x00, 0xe0, 0x01, 0x00, 0x38, 0x00, 0x00, 0x00,
  0xc0, 0x0f, 0x00, 0xf0, 0x3f, 0x00, 0x18, 0x60, 0x00, 0x08, 0x40, 0x00, 0x08, 0x40, 0x00, 0x18,
  0x60, 0x00, 0xf0, 0x3c, 0x00, 0xe0, 0x1f, 0x00, 0x00, 0x00, 0x00, 0x00, 0x00, 0x10, 0x40, 0x00,
  0x08, 0x40, 0x00, 0x08, 0x40, 0x00, 0xf8, 0x7f, 0x00, 0x00, 0x40, 0x00, 0x00, 0x40, 0x00, 0x00,
  0x40, 0x00, 0x00, 0x00, 0x10, 0x40, 0x00, 0x18, 0x60, 0x00, 0x08, 0x78, 0x00, 0x08, 0x4c, 0x00,
  0x08, 0x46, 0x00, 0x18, 0x43, 0x00, 0xf0, 0x41, 0x00, 0x00, 0x40, 0x00, 0x00, 0x00, 0x00, 0x20,
  0x00, 0x10, 0x40, 0x00, 0x08, 0x41, 0x00, 0x08, 0x41, 0x00, 0x08, 0x41, 0x00, 0x98, 0x63, 0x00,
  0xf0, 0x3e, 0x00, 0x60, 0x1c, 0x00, 0x00, 0x00, 0x00, 0x0e, 0x00, 0x00, 0x0b, 0x00, 0xc0, 0x09,
  0x00, 0x60, 0x08, 0x00, 0x18, 0x08, 0x00, 0xf8, 0x7f, 0x00, 0xf8, 0x7f, 0x00, 0x00, 0x08, 0x00,
  0x00, 0x00, 0x00, 0x20, 0x00, 0xf8, 0x41, 0x00, 0x88, 0x40, 0x00, 0x88, 0x40, 0x00, 0x88, 0x40,
  0x00, 0x88, 0x61, 0x00, 0x08, 0x3f, 0x00, 0x00, 0x1e, 0x00, 0x00, 0x00, 0xc0, 0x0f, 0x00, 0xe0,
  0x3f, 0x00, 0x10, 0x61, 0x00, 0x88, 0x40, 0x00, 0x88, 0x40, 0x00, 0x88, 0x40, 0x00, 0x08, 0x33,
  0x00, 0x00, 0x1e, 0x00, 0x00, 0x00, 0x08, 0x00, 0x00, 0x08, 0x00, 0x00, 0x08, 0x60, 0x00, 0x08,
  0x78, 0x00, 0x08, 0x1f, 0x00, 0xe8, 0x03, 0x00, 0x78, 0x00, 0x00, 0x18, 0x00, 0x00, 0x00, 0x60,
  0x1c, 0x00, 0xf0, 0x3e, 0x00, 0x98, 0x63, 0x00, 0x08, 0x41, 0x00, 0x08, 0x41, 0x00, 0x08, 0x41,
  0x00, 0xf0, 0x3e, 0x00, 0x60, 0x3c, 0x00, 0x00, 0x00, 0xe0, 0x01, 0x00, 0xf0, 0x23, 0x00, 0x18,
  0x46, 0x00, 0x08, 0x44, 0x00, 0x08, 0x44, 0x00, 0x18, 0x26, 0x00, 0xf0, 0x3f, 0x00, 0xc0, 0x0f,
  0x00, 0x00, 0x00, 0x00, 0x00, 0x00, 0x80, 0x61, 0x00, 0x80, 0x61, 0x00, 0x00, 0x00, 0x00, 0x00,
  0x01, 0x80, 0xe1, 0x00, 0x80, 0x21, 0x00, 0x00, 0x00, 0x00, 0x00, 0x00, 0x00, 0x04, 0x00, 0x00,
  0x0e, 0x00, 0x00, 0x0a, 0x00, 0x00, 0x1b, 0x00, 0x00, 0x11, 0x00, 0x00, 0x11, 0x00, 0x80, 0x31,
  0x00, 0x80, 0x20, 0x00, 0xc0, 0x60, 0x00, 0x40, 0x40, 0x00, 0x00, 0x00, 0x00, 0x00, 0x00, 0x00,
  0x09, 0x00, 0x00, 0x09, 0x00, 0x00, 0x09, 0x00, 0x00, 0x09, 0x00, 0x00, 0x09, 0x00, 0x00, 0x09,
  0x00, 0x00, 0x09, 0x00, 0x00, 0x09, 0x00, 0x00, 0x09, 0x00, 0x00, 0x09, 0x00, 0x00, 0x00, 0x00,
  0x00, 0x00, 0xc0, 0x60, 0x00, 0x80, 0x20, 0x00, 0x80, 0x31, 0x00, 0x80, 0x31, 0x00, 0x00, 0x11,
  0x00, 0x00, 0x1b, 0x00, 0x00, 0x0a, 0x00, 0x00, 0x0e, 0x00, 0x00, 0x0e, 0x00, 0x00, 0x04, 0x00,
  0x00, 0x00, 0x10, 0x00, 0x00, 0x08, 0x00, 0x00, 0x08, 0x6e, 0x00, 0x08, 0x6f, 0x00, 0xd8, 0x01,
  0x00, 0xf0, 0x00, 0x00, 0x00, 0x00, 0x1e, 0x00, 0x80, 0x61, 0x00, 0x40, 0x80, 0x00, 0x20, 0x00,
  0x01, 0x20, 0x3f, 0x03, 0x90, 0x61, 0x02, 0x90, 0x40, 0x02, 0x90, 0x40, 0x02, 0x90, 0x61, 0x02,
  0x90, 0x7f, 0x02, 0x20, 0x40, 0x01, 0x40, 0x20, 0x00, 0x80, 0x31, 0x00, 0x00, 0x0f, 0x00, 0x40,
  0x00, 0x00, 0x78, 0x00, 0x00, 0x1e, 0x00, 0xc0, 0x0b, 0x00, 0xf8, 0x08, 0x00, 0x18, 0x08, 0x00,
  0xf8, 0x08, 0x00, 0xc0, 0x0f, 0x00, 0x00, 0x1e, 0x00, 0x00, 0x78, 0x00, 0x00, 0x40, 0x00, 0x00,
  0x00, 0x00, 0x00, 0x00, 0xf8, 0x7f, 0x00, 0x08, 0x41, 0x00, 0x08, 0x41, 0x00, 0x08, 0x41, 0x00,
  0x08, 0x41, 0x00, 0x98, 0x63, 0x00, 0xf0, 0x3e, 0x00, 0x00, 0x1c, 0x00, 0x00, 0x00, 0xc0, 0x0f,
  0x00, 0xe0, 0x1f, 0x00, 0x30, 0x20, 0x00, 0x18, 0x60, 0x00, 0x08, 0x40, 0x00, 0x08, 0x40, 0x00,
  0x08, 0x40, 0x00, 0x08, 0x40, 0x00, 0x10, 0x20, 0x00, 0x00, 0x00, 0x00, 0x00, 0x00, 0xf8, 0x7f,
  0x00, 0x08, 0x40, 0x00, 0x08, 0x40, 0x00, 0x08, 0x40, 0x00, 0x08, 0x40, 0x00, 0x08, 0x40, 0x00,
  0x10, 0x20, 0x00, 0x70, 0x38, 0x00, 0xe0, 0x1f, 0x00, 0x00, 0x00, 0x00, 0x00, 0x00, 0xf8, 0x7f,
  0x00, 0x08, 0x41, 0x00, 0x08, 0x41, 0x00, 0x08, 0x41, 0x00, 0x08, 0x41, 0x00, 0x08, 0x41, 0x00,
  0x08, 0x41, 0x00, 0x00, 0x00, 0x00, 0x00, 0x00, 0xf8, 0x7f, 0x00, 0x08, 0x01, 0x00, 0x08, 0x01,
  0x00, 0x08, 0x01, 0x00, 0x08, 0x01, 0x00, 0x08, 0x01, 0x00, 0x00, 0x00, 0xc0, 0x0f, 0x00, 0xe0,
  0x1f, 0x00, 0x10, 0x20, 0x00, 0x18, 0x60, 0x00, 0x08, 0x40, 0x00, 0x08, 0x40, 0x00, 0x08, 0x42,
  0x00, 0x08, 0x42, 0x00, 0x18, 0x62, 0x00, 0x10, 0x3e, 0x00, 0x00, 0x00, 0x00, 0x00, 0x00, 0xf8,
  0x7f, 0x00, 0x00, 0x01, 0x00, 0x00, 0x01, 0x00, 0x00, 0x01, 0x00, 0x00, 0x01, 0x00, 0x00, 0x01,
  0x00, 0x00, 0x01, 0x00, 0xf8, 0x7f, 0x00, 0x00, 0x00, 0x00, 0x00, 0x00, 0xf8, 0x7f, 0x00, 0x00,
  0x02, 0x00, 0x00, 0x02, 0x00, 0x80, 0x03, 0xf8, 0xff, 0x01, 0x00, 0x00, 0x00, 0x00, 0x00, 0x00,
  0xf8, 0x7f, 0x00, 0x00, 0x03, 0x00, 0x80, 0x07, 0x00, 0xc0, 0x0e, 0x00, 0x60, 0x18, 0x00, 0x30,
  0x30, 0x00, 0x18, 0x60, 0x00, 0x08, 0x40, 0x00, 0x00, 0x00, 0x00, 0x00, 0x00, 0xf8, 0x7f, 0x00,
  0x00, 0x40, 0x00, 0x00, 0x40, 0x00, 0x00, 0x40, 0x00, 0x00, 0x40, 0x00, 0x00, 0x40, 0x00, 0x00,
  0x40, 0x00, 0x00, 0x00, 0x00, 0x00, 0x00, 0xf8, 0x7f, 0x00, 0x38, 0x00, 0x00, 0xe0, 0x00, 0x00,
  0x80, 0x07, 0x00, 0x00, 0x1c, 0x00, 0x00, 0x1c, 0x00, 0x80, 0x07, 0x00, 0xf0, 0x00, 0x00, 0x38,
  0x00, 0x00, 0xf8, 0x7f, 0x00, 0x00, 0x00, 0x00, 0x00, 0x00, 0xf8, 0x7f, 0x00, 0x38, 0x00, 0x00,
  0xe0, 0x00, 0x00, 0xc0, 0x03, 0x00, 0x00, 0x0f, 0x00, 0x00, 0x1c, 0x00, 0x00, 0x70, 0x00, 0xf8,
  0x7f, 0x00, 0x00, 0x00, 0xc0, 0x0f, 0x00, 0xe0, 0x1f, 0x00, 0x30, 0x30, 0x00, 0x18, 0x60, 0x00,
  0x08, 0x40, 0x00, 0x08, 0x40, 0x00, 0x08, 0x40, 0x00, 0x18, 0x60, 0x00, 0x30, 0x30, 0x00, 0xe0,
  0x1f, 0x00, 0x80, 0x07, 0x00, 0x00, 0x00, 0x00, 0x00, 0x00, 0xf8, 0x7f, 0x00, 0x08, 0x02, 0x00,
  0x08, 0x02, 0x00, 0x08, 0x02, 0x00, 0x08, 0x02, 0x00, 0xf0, 0x01, 0x00, 0xf0, 0x01, 0x00, 0x00,
  0x00, 0xc0, 0x0f, 0x00, 0xe0, 0x1f, 0x00, 0x30, 0x30, 0x00, 0x18, 0x60, 0x00, 0x08, 0x40, 0x00,
  0x08, 0x40, 0x00, 0x08, 0xc0, 0x00, 0x18, 0xe0, 0x01, 0x30, 0x30, 0x01, 0xe0, 0x1f, 0x00, 0x80,
  0x07, 0x00, 0x00, 0x00, 0x00, 0x00, 0x00, 0xf8, 0x7f, 0x00, 0x08, 0x02, 0x00, 0x08, 0x02, 0x00,
  0x08, 0x02, 0x00, 0x08, 0x06, 0x00, 0xf0, 0x0f, 0x00, 0xf0, 0x39, 0x00, 0x00, 0x60, 0x00, 0x00,
  0x00, 0xe0, 0x30, 0x00, 0xf0, 0x61, 0x00, 0x18, 0x41, 0x00, 0x08, 0x41, 0x00, 0x08, 0x43, 0x00,
  0x08, 0x42, 0x00, 0x10, 0x76, 0x00, 0x10, 0x3c, 0x08, 0x00, 0x00, 0x08, 0x00, 0x00, 0x08, 0x00,
  0x00, 0x08, 0x00, 0x00, 0xf8, 0x7f, 0x00, 0xf8, 0x7f, 0x00, 0x08, 0x00, 0x00, 0x08, 0x00, 0x00,
  0x08, 0x00, 0x00, 0x08, 0x00, 0x00, 0x00, 0xf8, 0x0f, 0x00, 0xf8, 0x3f, 0x00, 0x00, 0x60, 0x00,
  0x00, 0x40, 0x00, 0x00, 0x40, 0x00, 0x00, 0x40, 0x00, 0x00, 0x40, 0x00, 0x00, 0x30, 0x00, 0xf8,
  0x1f, 0x08, 0x00, 0x00, 0x78, 0x00, 0x00, 0xe0, 0x01, 0x00, 0x00, 0x0f, 0x00, 0x00, 0x7c, 0x00,
  0x00, 0x70, 0x00, 0x00, 0x7c, 0x00, 0x00, 0x0f, 0x00, 0xe0, 0x01, 0x00, 0x78, 0x00, 0x00, 0x08,
  0x00, 0x00, 0x00, 0x78, 0x00, 0x00, 0xe0, 0x07, 0x00, 0x00, 0x7e, 0x00, 0x00, 0x70, 0x00, 0x00,
  0x7e, 0x00, 0xe0, 0x07, 0x00, 0x38, 0x00, 0x00, 0x78, 0x00, 0x00, 0xc0, 0x07, 0x00, 0x00, 0x7c,
  0x00, 0x00, 0x70, 0x00, 0x00, 0x3f, 0x00, 0xf0, 0x03, 0x00, 0x38, 0x00, 0x00, 0x00, 0x08, 0x60,
  0x00, 0x18, 0x70, 0x00, 0x70, 0x1c, 0x00, 0xc0, 0x0e, 0x00, 0x80, 0x03, 0x00, 0xc0, 0x07, 0x00,
  0x60, 0x1c, 0x00, 0x38, 0x70, 0x00, 0x08, 0x40, 0x08, 0x00, 0x00, 0x18, 0x00, 0x00, 0x70, 0x00,
  0x00, 0xc0, 0x00, 0x00, 0x80, 0x7f, 0x00, 0x80, 0x7f, 0x00, 0xe0, 0x00, 0x00, 0x70, 0x00, 0x00,
  0x18, 0x00, 0x00, 0x00, 0x08, 0x60, 0x00, 0x08, 0x78, 0x00, 0x08, 0x5c, 0x00, 0x08, 0x4e, 0x00,
  0x88, 0x43, 0x00, 0xc8, 0x41, 0x00, 0xe8, 0x40, 0x00, 0x38, 0x40, 0x00, 0x18, 0x40, 0x00, 0x00,
  0x00, 0xf8, 0xff, 0x01, 0xf8, 0xff, 0x01, 0x08, 0x00, 0x01, 0x08, 0x00, 0x01, 0x18, 0x00, 0x00,
  0xf0, 0x00, 0x00, 0x80, 0x07, 0x00, 0x00, 0x3c, 0x00, 0x00, 0xe0, 0x00, 0x00, 0x00, 0x00, 0x00,
  0x00, 0x08, 0x00, 0x01, 0xf8, 0xff, 0x01, 0xf8, 0xff, 0x01, 0x00, 0x00, 0x00, 0x00, 0x00, 0x00,
  0x40, 0x00, 0x00, 0x60, 0x00, 0x00, 0x30, 0x00, 0x00, 0x18, 0x00, 0x00, 0x08, 0x00, 0x00, 0x18,
  0x00, 0x00, 0x30, 0x00, 0x00, 0x20, 0x00, 0x00, 0x40, 0x00, 0x00, 0x04, 0x00, 0x00, 0x04, 0x00,
  0x00, 0x04, 0x00, 0x00, 0x04, 0x00, 0x00, 0x04, 0x00, 0x00, 0x04, 0x00, 0x00, 0x04, 0x00, 0x00,
  0x04, 0x00, 0x00, 0x00, 0x00, 0x00, 0x00, 0x04, 0x00, 0x00, 0x18, 0x00, 0x00, 0x10, 0x00, 0x00,
  0x00, 0x00, 0x3c, 0x00, 0x40, 0x6c, 0x00, 0x40, 0x42, 0x00, 0x40, 0x42, 0x00, 0x40, 0x42, 0x00,
  0xc0, 0x32, 0x00, 0x80, 0x7f, 0x00, 0x00, 0x00, 0xf8, 0x7f, 0x00, 0xf8, 0x7f, 0x00, 0x80, 0x20,
  0x00, 0x40, 0x40, 0x00, 0x40, 0x40, 0x00, 0x40, 0x40, 0x00, 0x80, 0x31, 0x00, 0x00, 0x1f, 0x00,
  0x00, 0x00, 0x00, 0x1f, 0x00, 0x80, 0x3b, 0x00, 0xc0, 0x60, 0x00, 0x40, 0x40, 0x00, 0x40, 0x40,
  0x00, 0x40, 0x40, 0x00, 0x80, 0x20, 0x00, 0x00, 0x00, 0x00, 0x1f, 0x00, 0x80, 0x31, 0x00, 0xc0,
  0x60, 0x00, 0x40, 0x40, 0x00, 0x40, 0x40, 0x00, 0x80, 0x20, 0x00, 0xf8, 0x7f, 0x00, 0xf8, 0x7f,
  0x00, 0x00, 0x00, 0x00, 0x1f, 0x00, 0x80, 0x37, 0x00, 0xc0, 0x64, 0x00, 0x40, 0x44, 0x00, 0x40,
  0x44, 0x00, 0x40, 0x44, 0x00, 0x80, 0x47, 0x00, 0x00, 0x27, 0x40, 0x00, 0x00, 0x40, 0x00, 0x00,
  0xf0, 0x7f, 0x00, 0x48, 0x00, 0x00, 0x48, 0x00, 0x00, 0x48, 0x00, 0x00, 0x00, 0x00, 0x1f, 0x00,
  0x80, 0x31, 0x01, 0xc0, 0x40, 0x02, 0x40, 0x40, 0x02, 0x40, 0x40, 0x02, 0x80, 0x20, 0x03, 0xc0,
  0xff, 0x01, 0xc0, 0xff, 0x00, 0x00, 0x00, 0xf8, 0x7f, 0x00, 0xf8, 0x7f, 0x00, 0x80, 0x00, 0x00,
  0x40, 0x00, 0x00, 0x40, 0x00, 0x00, 0x40, 0x00, 0x00, 0x80, 0x7f, 0x00, 0x00, 0x7f, 0x00, 0x00,
  0x00, 0x00, 0x00, 0x00, 0xd8, 0x7f, 0x00, 0x00, 0x02, 0x00, 0x80, 0x03, 0xd8, 0xff, 0x01, 0x00,
  0x00, 0x00, 0xf8, 0x7f, 0x00, 0xf8, 0x7f, 0x00, 0x00, 0x06, 0x00, 0x00, 0x0f, 0x00, 0x00, 0x19,
  0x00, 0x80, 0x30, 0x00, 0x40, 0x60, 0x00, 0x00, 0x40, 0x00, 0x00, 0x00, 0x00, 0x00, 0x00, 0xf8,
  0x7f, 0x00, 0x00, 0x00, 0xc0, 0x7f, 0x00, 0xc0, 0x7f, 0x00, 0x80, 0x00, 0x00, 0x40, 0x00, 0x00,
  0x40, 0x00, 0x00, 0xc0, 0x00, 0x00, 0x80, 0x7f, 0x00, 0x00, 0x7f, 0x00, 0x80, 0x00, 0x00, 0x40,
  0x00, 0x00, 0x40, 0x00, 0x00, 0xc0, 0x00, 0x00, 0x80, 0x7f, 0x00, 0x00, 0x00, 0xc0, 0x7f, 0x00,
  0xc0, 0x7f, 0x00, 0x80, 0x00, 0x00, 0x40, 0x00, 0x00, 0x40, 0x00, 0x00, 0x40, 0x00, 0x00, 0x80,
  0x7f, 0x00, 0x00, 0x7f, 0x00, 0x00, 0x00, 0x00, 0x1f, 0x00, 0x80, 0x3b, 0x00, 0xc0, 0x60, 0x00,
  0x40, 0x40, 0x00, 0x40, 0x40, 0x00, 0xc0, 0x60, 0x00, 0x80, 0x3f, 0x00, 0x00, 0x1f, 0x00, 0x00,
  0x00, 0xc0, 0xff, 0x03, 0xc0, 0xff, 0x03, 0x80, 0x20, 0x00, 0x40, 0x40, 0x00, 0x40, 0x40, 0x00,
  0x40, 0x40, 0x00, 0x80, 0x31, 0x00, 0x00, 0x1f, 0x00, 0x00, 0x00, 0x00, 0x1f, 0x00, 0x80, 0x31,
  0x00, 0xc0, 0x60, 0x00, 0x40, 0x40, 0x00, 0x40, 0x40, 0x00, 0x80, 0x20, 0x00, 0xc0, 0xff, 0x03,
  0xc0, 0xff, 0x03, 0x00, 0x00, 0x00, 0xc0, 0x7f, 0x00, 0xc0, 0x7f, 0x00, 0x80, 0x00, 0x00, 0x40,
  0x00, 0x00, 0x40, 0x00, 0x00, 0x40, 0x00, 0x00, 0x00, 0x80, 0x23, 0x00, 0xc0, 0x46, 0x00, 0x40,
  0x44, 0x00, 0x40, 0x44, 0x00, 0x40, 0x4c, 0x00, 0x80, 0x38, 0x00, 0x00, 0x10, 0x40, 0x00, 0x00,
  0xf0, 0x0f, 0x00, 0xf0, 0x7f, 0x00, 0x40, 0x40, 0x00, 0x40, 0x40, 0x00, 0x40, 0x40, 0x00, 0x00,
  0x00, 0xc0, 0x0f, 0x00, 0xc0, 0x3f, 0x00, 0x00, 0x60, 0x00, 0x00, 0x40, 0x00, 0x00, 0x40, 0x00,
  0x00, 0x20, 0x00, 0xc0, 0x7f, 0x00, 0xc0, 0x7f, 0x00, 0x00, 0x00, 0xc0, 0x01, 0x00, 0x80, 0x0f,
  0x00, 0x00, 0x3c, 0x00, 0x00, 0x60, 0x00, 0x00, 0x78, 0x00, 0x00, 0x1e, 0x00, 0xc0, 0x03, 0x00,
  0x40, 0x00, 0x00, 0x00, 0xc0, 0x01, 0x00, 0x00, 0x1f, 0x00, 0x00, 0x78, 0x00, 0x00, 0x78, 0x00,
  0x80, 0x0f, 0x00, 0xc0, 0x01, 0x00, 0xc0, 0x07, 0x00, 0x00, 0x7c, 0x00, 0x00, 0x70, 0x00, 0x00,
  0x3f, 0x00, 0xc0, 0x03, 0x00, 0x00, 0x00, 0x40, 0x40, 0x00, 0xc0, 0x70, 0x00, 0x80, 0x1b, 0x00,
  0x00, 0x0e, 0x00, 0x00, 0x1f, 0x00, 0x80, 0x31, 0x00, 0xc0, 0x60, 0x00, 0x00, 0x40, 0x00, 0x00,
  0x00, 0xc0, 0x01, 0x02, 0x80, 0x07, 0x02, 0x00, 0x3c, 0x03, 0x00, 0xf0, 0x01, 0x00, 0x78, 0x00,
  0x00, 0x0f, 0x00, 0xc0, 0x03, 0x00, 0x40, 0x00, 0x00, 0x00, 0x40, 0x60, 0x00, 0x40, 0x78, 0x00,
  0x40, 0x5c, 0x00, 0x40, 0x46, 0x00, 0x40, 0x43, 0x00, 0xc0, 0x41, 0x00, 0xc0, 0x40, 0x00, 0x00,
  0x00, 0x00, 0x00, 0x00, 0x00, 0x04, 0x00, 0x00, 0x04, 0x00, 0xe0, 0xff, 0x00, 0xf8, 0xfb, 0x03,
  0x08, 0x00, 0x02, 0x08, 0x00, 0x02, 0x00, 0x00, 0x00, 0x00, 0x00, 0x00, 0xf8, 0xff, 0x07, 0x00,
  0x00, 0x00, 0x00, 0x00, 0x00, 0x08, 0x00, 0x02, 0x08, 0x00, 0x02, 0xf8, 0xf1, 0x03, 0xf0, 0xff,
  0x01, 0x00, 0x04, 0x00, 0x00, 0x04, 0x00, 0x00, 0x00, 0x00, 0x00, 0x00, 0x00, 0x04, 0x00, 0x00,
  0x02, 0x00, 0x00, 0x02, 0x00, 0x00, 0x02, 0x00, 0x00, 0x02, 0x00, 0x00, 0x04, 0x00, 0x00, 0x04,
  0x00, 0x00, 0x04, 0x00, 0x00, 0x04, 0x00, 0x00, 0x02, 0x00, 0x00, 0x00, 0x00, 0x00, 0x00, 0xc0,
  0xf8, 0x03, 0xc0, 0xfc, 0x03, 0x00, 0x00, 0x00, 0x00, 0x0e, 0x00, 0x80, 0x3f, 0x00, 0x80, 0x20,
  0x00, 0x40, 0x40, 0x00, 0xf0, 0xff, 0x01, 0x40, 0x40, 0x00, 0x80, 0x60, 0x00, 0x00, 0x00, 0x00,
  0x42, 0x00, 0x00, 0x42, 0x00, 0xf0, 0x7f, 0x00, 0x38, 0x42, 0x00, 0x08, 0x42, 0x00, 0x08, 0x42,
  0x00, 0x08, 0x40, 0x00, 0x00, 0x40, 0x00, 0x00, 0x00, 0xc0, 0x60, 0x00, 0x80, 0x3f, 0x00, 0x80,
  0x31, 0x00, 0x80, 0x20, 0x00, 0x80, 0x20, 0x00, 0x80, 0x31, 0x00, 0x80, 0x3f, 0x00, 0xc0, 0x60,
  0x00, 0x00, 0x00, 0x18, 0x09, 0x00, 0x70, 0x09, 0x00, 0xc0, 0x09, 0x00, 0x00, 0x7f, 0x00, 0x00,
  0x7f, 0x00, 0xc0, 0x09, 0x00, 0x70, 0x09, 0x00, 0x18, 0x09, 0x00, 0x00, 0x00, 0x00, 0x00, 0x00,
  0xf0, 0xf3, 0x03, 0x00, 0x00, 0x00, 0xb0, 0x07, 0x01, 0xf8, 0x0c, 0x01, 0xc8, 0x18, 0x01, 0x88,
  0x31, 0x01, 0x08, 0xf1, 0x01, 0x00, 0xcf, 0x00, 0x00, 0x00, 0x00, 0x00, 0x00, 0x18, 0x00, 0x00,
  0x00, 0x00, 0x00, 0x00, 0x00, 0x00, 0x18, 0x00, 0x00, 0x00, 0x00, 0x00, 0x00, 0x80, 0x07, 0x00,
  0x60, 0x18, 0x00, 0x10, 0x30, 0x00, 0xd0, 0x2f, 0x00, 0x68, 0x58, 0x00, 0x28, 0x50, 0x00, 0x28,
  0x50, 0x00, 0x28, 0x50, 0x00, 0x10, 0x20, 0x00, 0x10, 0x20, 0x00, 0x60, 0x18, 0x00, 0x80, 0x07,
  0x00, 0x00, 0x00, 0xc8, 0x04, 0x00, 0x28, 0x05, 0x00, 0x28, 0x05, 0x00, 0x28, 0x05, 0x00, 0xf0,
  0x05, 0x00, 0x00, 0x00, 0x00, 0x04, 0x00, 0x00, 0x0e, 0x00, 0x00, 0x1b, 0x00, 0x80, 0x31, 0x00,
  0x00, 0x0e, 0x00, 0x00, 0x0a, 0x00, 0x00, 0x11, 0x00, 0x00, 0x00, 0x00, 0x00, 0x00, 0x00, 0x01,
  0x00, 0x00, 0x01, 0x00, 0x00, 0x01, 0x00, 0x00, 0x01, 0x00, 0x00, 0x01, 0x00, 0x00, 0x01, 0x00,
  0x00, 0x01, 0x00, 0x00, 0x01, 0x00, 0x00, 0x1f, 0x00, 0x00, 0x1f, 0x00, 0x00, 0x00, 0x00, 0x04,
  0x00, 0x00, 0x04, 0x00, 0x00, 0x04, 0x00, 0x00, 0x04, 0x00, 0x00, 0x00, 0x00, 0x00, 0x00, 0x80,
  0x07, 0x00, 0x60, 0x18, 0x00, 0x10, 0x30, 0x00, 0x10, 0x20, 0x00, 0xe8, 0x5f, 0x00, 0x28, 0x41,
  0x00, 0x28, 0x43, 0x00, 0xe8, 0x4f, 0x00, 0x10, 0x38, 0x00, 0x10, 0x30, 0x00, 0x60, 0x18, 0x00,
  0x80, 0x07, 0x00, 0x00, 0x00, 0x00, 0x00, 0x00, 0x08, 0x00, 0x00, 0x08, 0x00, 0x00, 0x08, 0x00,
  0x00, 0x08, 0x00, 0x00, 0x00, 0x00, 0x00, 0x00, 0x70, 0x00, 0x00, 0x88, 0x00, 0x00, 0x88, 0x00,
  0x00, 0x70, 0x00, 0x00, 0x00, 0x00, 0x00, 0x00, 0x00, 0x41, 0x00, 0x00, 0x41, 0x00, 0x00, 0x41,
  0x00, 0x00, 0x41, 0x00, 0xe0, 0x4f, 0x00, 0x00, 0x41, 0x00, 0x00, 0x41, 0x00, 0x00, 0x41, 0x00,
  0x00, 0x41, 0x00, 0x00, 0x41, 0x00, 0x00, 0x00, 0x08, 0x03, 0x00, 0x88, 0x03, 0x00, 0xc8, 0x02,
  0x00, 0x78, 0x02, 0x00, 0x00, 0x00, 0x08, 0x02, 0x00, 0x48, 0x02, 0x00, 0x48, 0x02, 0x00, 0xf8,
  0x03, 0x00, 0x00, 0x01, 0x00, 0x00, 0x00, 0x00, 0x00, 0x00, 0x00, 0x00, 0x00, 0x10, 0x00, 0x00,
  0x18, 0x00, 0x00, 0x04, 0x00, 0x00, 0x00, 0xc0, 0xff, 0x03, 0xc0, 0xff, 0x03, 0x00, 0x40, 0x00,
  0x00, 0x40, 0x00, 0x00, 0x40, 0x00, 0x00, 0x60, 0x00, 0xc0, 0x3f, 0x00, 0xc0, 0x7f, 0x00, 0x00,
  0x40, 0x00, 0x00, 0x00, 0xe0, 0x00, 0x00, 0xf0, 0x01, 0x00, 0xf8, 0x03, 0x00, 0xf8, 0x03, 0x00,
  0xf8, 0xff, 0x01, 0x08, 0x00, 0x00, 0xf8, 0xff, 0x01, 0x00, 0x00, 0x00, 0x00, 0x00, 0x00, 0x00,
  0x03, 0x00, 0x00, 0x00, 0x00, 0x00, 0x00, 0x00, 0x00, 0x02, 0x00, 0x00, 0x02, 0x00, 0x80, 0x03,
  0x00, 0x00, 0x00, 0x08, 0x02, 0x00, 0x08, 0x02, 0x00, 0xf8, 0x03, 0x00, 0x00, 0x02, 0x00, 0x00,
  0x02, 0x00, 0x00, 0x00, 0xf0, 0x04, 0x00, 0x98, 0x05, 0x00, 0x08, 0x05, 0x00, 0x08, 0x05, 0x00,
  0xf0, 0x04, 0x00, 0x60, 0x00, 0x00, 0x00, 0x00, 0x00, 0x00, 0x00, 0x11, 0x00, 0x00, 0x0a, 0x00,
  0x00, 0x04, 0x00, 0x00, 0x11, 0x00, 0x00, 0x1b, 0x00, 0x00, 0x0e, 0x00, 0x00, 0x04, 0x00, 0x00,
  0x00, 0x08, 0x02, 0x00, 0x08, 0x02, 0x00, 0xf8, 0x03, 0x00, 0x00, 0x62, 0x00, 0x00, 0x32, 0x00,
  0x00, 0x0c, 0x00, 0x00, 0x03, 0x00, 0x80, 0x01, 0x00, 0x60, 0x00, 0x00, 0x38, 0x38, 0x00, 0x08,
  0x24, 0x00, 0x00, 0x23, 0x00, 0x00, 0x7f, 0x00, 0x00, 0x20, 0x00, 0x00, 0x00, 0x08, 0x02, 0x00,
  0x08, 0x02, 0x00, 0xf8, 0x03, 0x00, 0x00, 0x62, 0x00, 0x00, 0x32, 0x00, 0x00, 0x0c, 0x00, 0x00,
  0x03, 0x00, 0x80, 0x01, 0x00, 0x60, 0x00, 0x00, 0x38, 0x61, 0x00, 0x08, 0x71, 0x00, 0x00, 0x59,
  0x00, 0x00, 0x4f, 0x00, 0x00, 0x40, 0x00, 0x00, 0x00, 0x08, 0x02, 0x00, 0x48, 0x02, 0x00, 0x48,
  0x02, 0x00, 0xf8, 0x63, 0x00, 0x00, 0x31, 0x00, 0x00, 0x0c, 0x00, 0x00, 0x03, 0x00, 0x80, 0x01,
  0x00, 0x60, 0x00, 0x00, 0x38, 0x38, 0x00, 0x08, 0x24, 0x00, 0x00, 0x23, 0x00, 0x00, 0x7f, 0x00,
  0x00, 0x20, 0x00, 0x00, 0x00, 0x00, 0xc0, 0x01, 0x00, 0xe0, 0x03, 0x00, 0x30, 0x02, 0xc0, 0x1e,
  0x02, 0x00, 0x00, 0x02, 0x00, 0x00, 0x01, 0x00, 0x40, 0x00, 0x00, 0x78, 0x00, 0x00, 0x1e, 0x00,
  0xc0, 0x0b, 0x00, 0xf9, 0x08, 0x00, 0x1a, 0x08, 0x00, 0xf8, 0x08, 0x00, 0xc0, 0x0f, 0x00, 0x00,
  0x1e, 0x00, 0x00, 0x78, 0x00, 0x00, 0x40, 0x00, 0x40, 0x00, 0x00, 0x78, 0x00, 0x00, 0x1e, 0x00,
  0xc0, 0x0b, 0x00, 0xf8, 0x08, 0x00, 0x1a, 0x08, 0x00, 0xf9, 0x08, 0x00, 0xc0, 0x0f, 0x00, 0x00,
  0x1e, 0x00, 0x00, 0x78, 0x00, 0x00, 0x40, 0x00, 0x40, 0x00, 0x00, 0x78, 0x00, 0x00, 0x1e, 0x00,
  0xc2, 0x0b, 0x00, 0xfb, 0x08, 0x00, 0x19, 0x08, 0x00, 0xfb, 0x08, 0x00, 0xc0, 0x0f, 0x00, 0x00,
  0x1e, 0x00, 0x00, 0x78, 0x00, 0x00, 0x40, 0x00, 0x40, 0x00, 0x00, 0x78, 0x00, 0x00, 0x1e, 0x00,
  0xc3, 0x0b, 0x00, 0xf9, 0x08, 0x00, 0x1b, 0x08, 0x00, 0xfa, 0x08, 0x00, 0xc1, 0x0f, 0x00, 0x00,
  0x1e, 0x00, 0x00, 0x78, 0x00, 0x00, 0x40, 0x00, 0x40, 0x00, 0x00, 0x78, 0x00, 0x00, 0x1e, 0x00,
  0xc3, 0x0b, 0x00, 0xfb, 0x08, 0x00, 0x18, 0x08, 0x00, 0xfb, 0x08, 0x00, 0xc3, 0x0f, 0x00, 0x00,
  0x1e, 0x00, 0x00, 0x78, 0x00, 0x00, 0x40, 0x00, 0x40, 0x00, 0x00, 0x78, 0x00, 0x00, 0x1e, 0x00,
  0xc6, 0x0f, 0x00, 0x7f, 0x08, 0x00, 0x19, 0x08, 0x00, 0xff, 0x08, 0x00, 0xc2, 0x0f, 0x00, 0x00,
  0x1e, 0x00, 0x00, 0x78, 0x00, 0x00, 0x40, 0x00, 0x40, 0x00, 0x00, 0x78, 0x00, 0x00, 0x1e, 0x00,
  0x80, 0x0f, 0x00, 0xf0, 0x08, 0x00, 0x18, 0x08, 0x00, 0x08, 0x08, 0x00, 0xf8, 0x7f, 0x00, 0xf8,
  0x7f, 0x00, 0x08, 0x41, 0x00, 0x08, 0x41, 0x00, 0x08, 0x41, 0x00, 0x08, 0x41, 0x00, 0x08, 0x41,
  0x00, 0x00, 0x40, 0x00, 0x00, 0x00, 0xc0, 0x0f, 0x00, 0xe0, 0x1f, 0x00, 0x30, 0x20, 0x00, 0x18,
  0x60, 0x00, 0x08, 0x40, 0x02, 0x08, 0xc0, 0x02, 0x08, 0x40, 0x01, 0x08, 0x40, 0x00, 0x10, 0x20,
  0x00, 0x00, 0x00, 0x00, 0x00, 0x00, 0xf8, 0x7f, 0x00, 0x08, 0x41, 0x00, 0x09, 0x41, 0x00, 0x0a,
  0x41, 0x00, 0x08, 0x41, 0x00, 0x08, 0x41, 0x00, 0x08, 0x41, 0x00, 0x00, 0x00, 0x00, 0x00, 0x00,
  0xf8, 0x7f, 0x00, 0x08, 0x41, 0x00, 0x08, 0x41, 0x00, 0x0b, 0x41, 0x00, 0x09, 0x41, 0x00, 0x08,
  0x41, 0x00, 0x08, 0x41, 0x00, 0x00, 0x00, 0x00, 0x00, 0x00, 0xf8, 0x7f, 0x00, 0x0a, 0x41, 0x00,
  0x09, 0x41, 0x00, 0x09, 0x41, 0x00, 0x0a, 0x41, 0x00, 0x08, 0x41, 0x00, 0x08, 0x41, 0x00, 0x00,
  0x00, 0x00, 0x00, 0x00, 0xf8, 0x7f, 0x00, 0x0b, 0x41, 0x00, 0x0b, 0x41, 0x00, 0x08, 0x41, 0x00,
  0x0b, 0x41, 0x00, 0x0b, 0x41, 0x00, 0x08, 0x41, 0x00, 0x00, 0x00, 0x01, 0x00, 0x00, 0xfa, 0x7f,
  0x00, 0x00, 0x00, 0x00, 0x00, 0x00, 0xfb, 0x7f, 0x00, 0x01, 0x02, 0x00, 0x00, 0x03, 0x00, 0x00,
  0xf9, 0x7f, 0x00, 0x03, 0x03, 0x00, 0x00, 0x03, 0x00, 0x00, 0xf8, 0x7f, 0x00, 0x03, 0x00, 0x00,
  0x03, 0x00, 0x01, 0x00, 0x00, 0x01, 0x00, 0xf8, 0x7f, 0x00, 0x08, 0x41, 0x00, 0x08, 0x41, 0x00,
  0x08, 0x41, 0x00, 0x08, 0x40, 0x00, 0x08, 0x40, 0x00, 0x10, 0x20, 0x00, 0x70, 0x38, 0x00, 0xe0,
  0x1f, 0x00, 0x00, 0x00, 0x00, 0x00, 0x00, 0xf8, 0x7f, 0x00, 0x3a, 0x00, 0x00, 0xe3, 0x00, 0x00,
  0xc1, 0x03, 0x00, 0x02, 0x0f, 0x00, 0x03, 0x1c, 0x00, 0x00, 0x70, 0x00, 0xf8, 0x7f, 0x00, 0x00,
  0x00, 0xc0, 0x0f, 0x00, 0xe0, 0x1f, 0x00, 0x30, 0x30, 0x00, 0x18, 0x60, 0x00, 0x09, 0x40, 0x00,
  0x0a, 0x40, 0x00, 0x08, 0x40, 0x00, 0x18, 0x60, 0x00, 0x30, 0x30, 0x00, 0xe0, 0x1f, 0x00, 0x80,
  0x07, 0x00, 0x00, 0x00, 0xc0, 0x0f, 0x00, 0xe0, 0x1f, 0x00, 0x30, 0x30, 0x00, 0x18, 0x60, 0x00,
  0x08, 0x40, 0x00, 0x0b, 0x40, 0x00, 0x09, 0x40, 0x00, 0x18, 0x60, 0x00, 0x30, 0x30, 0x00, 0xe0,
  0x1f, 0x00, 0x80, 0x07, 0x00, 0x00, 0x00, 0xc0, 0x0f, 0x00, 0xe0, 0x1f, 0x00, 0x30, 0x30, 0x00,
  0x1a, 0x60, 0x00, 0x09, 0x40, 0x00, 0x09, 0x40, 0x00, 0x0a, 0x40, 0x00, 0x18, 0x60, 0x00, 0x30,
  0x30, 0x00, 0xe0, 0x1f, 0x00, 0x80, 0x07, 0x00, 0x00, 0x00, 0xc0, 0x0f, 0x00, 0xe0, 0x1f, 0x00,
  0x30, 0x30, 0x00, 0x1b, 0x60, 0x00, 0x09, 0x40, 0x00, 0x0a, 0x40, 0x00, 0x0a, 0x40, 0x00, 0x19,
  0x60, 0x00, 0x30, 0x30, 0x00, 0xe0, 0x1f, 0x00, 0x80, 0x07, 0x00, 0x00, 0x00, 0xc0, 0x0f, 0x00,
  0xe0, 0x1f, 0x00, 0x30, 0x30, 0x00, 0x1b, 0x60, 0x00, 0x0b, 0x40, 0x00, 0x08, 0x40, 0x00, 0x0b,
  0x40, 0x00, 0x1b, 0x60, 0x00, 0x30, 0x30, 0x00, 0xe0, 0x1f, 0x00, 0x80, 0x07, 0x00, 0x00, 0x00,
  0x00, 0x00, 0x00, 0x00, 0x00, 0x00, 0x60, 0x30, 0x00, 0xc0, 0x18, 0x00, 0x80, 0x0d, 0x00, 0x00,
  0x07, 0x00, 0x00, 0x07, 0x00, 0x80, 0x0d, 0x00, 0xc0, 0x18, 0x00, 0x60, 0x30, 0x00, 0x00, 0x00,
  0xc0, 0x4f, 0x00, 0xe0, 0x3f, 0x00, 0x30, 0x30, 0x00, 0x18, 0x6c, 0x00, 0x08, 0x46, 0x00, 0x08,
  0x43, 0x00, 0x88, 0x40, 0x00, 0x78, 0x60, 0x00, 0x70, 0x30, 0x00, 0xf8, 0x1f, 0x00, 0x88, 0x07,
  0x00, 0x00, 0x00, 0xf8, 0x0f, 0x00, 0xf8, 0x3f, 0x00, 0x00, 0x60, 0x00, 0x01, 0x40, 0x00, 0x03,
  0x40, 0x00, 0x02, 0x40, 0x00, 0x00, 0x40, 0x00, 0x00, 0x30, 0x00, 0xf8, 0x1f, 0x00, 0x00, 0x00,
  0xf8, 0x0f, 0x00, 0xf8, 0x3f, 0x00, 0x00, 0x60, 0x00, 0x00, 0x40, 0x00, 0x02, 0x40, 0x00, 0x01,
  0x40, 0x00, 0x00, 0x40, 0x00, 0x00, 0x30, 0x00, 0xf8, 0x1f, 0x00, 0x00, 0x00, 0xf8, 0x0f, 0x00,
  0xf8, 0x3f, 0x00, 0x00, 0x60, 0x00, 0x02, 0x40, 0x00, 0x01, 0x40, 0x00, 0x01, 0x40, 0x00, 0x02,
  0x40, 0x00, 0x00, 0x30, 0x00, 0xf8, 0x1f, 0x00, 0x00, 0x00, 0xf8, 0x0f, 0x00, 0xf8, 0x3f, 0x00,
  0x00, 0x60, 0x00, 0x03, 0x40, 0x00, 0x00, 0x40, 0x00, 0x00, 0x40, 0x00, 0x03, 0x40, 0x00, 0x00,
  0x30, 0x00, 0xf8, 0x1f, 0x08, 0x00, 0x00, 0x18, 0x00, 0x00, 0x70, 0x00, 0x00, 0xc0, 0x00, 0x00,
  0x82, 0x7f, 0x00, 0x81, 0x7f, 0x00, 0xe0, 0x00, 0x00, 0x70, 0x00, 0x00, 0x18, 0x00, 0x00, 0x00,
  0x00, 0x00, 0x00, 0xf8, 0x7f, 0x00, 0x20, 0x08, 0x00, 0x20, 0x08, 0x00, 0x20, 0x08, 0x00, 0x20,
  0x08, 0x00, 0xc0, 0x07, 0x00, 0xc0, 0x07, 0x00, 0x00, 0x00, 0xc0, 0x7f, 0x00, 0xf0, 0x7f, 0x00,
  0x18, 0x00, 0x00, 0x08, 0x40, 0x00, 0xc8, 0x43, 0x00, 0x58, 0x46, 0x00, 0x70, 0x6c, 0x00, 0x00,
  0x38, 0x00, 0x00, 0x00, 0x00, 0x3c, 0x00, 0x44, 0x6c, 0x00, 0x4c, 0x42, 0x00, 0x58, 0x42, 0x00,
  0x40, 0x42, 0x00, 0xc0, 0x32, 0x00, 0x80, 0x7f, 0x00, 0x00, 0x00, 0x00, 0x3c, 0x00, 0x40, 0x6c,
  0x00, 0x40, 0x42, 0x00, 0x50, 0x42, 0x00, 0x4c, 0x42, 0x00, 0xc4, 0x32, 0x00, 0x80, 0x7f, 0x00,
  0x00, 0x00, 0x00, 0x3c, 0x00, 0x50, 0x6c, 0x00, 0x58, 0x42, 0x00, 0x44, 0x42, 0x00, 0x4c, 0x42,
  0x00, 0xd0, 0x32, 0x00, 0x80, 0x7f, 0x00, 0x00, 0x00, 0x00, 0x3c, 0x00, 0x50, 0x6c, 0x00, 0x48,
  0x42, 0x00, 0x48, 0x42, 0x00, 0x50, 0x42, 0x00, 0xd8, 0x32, 0x00, 0x80, 0x7f, 0x00, 0x00, 0x00,
  0x00, 0x3c, 0x00, 0x58, 0x6c, 0x00, 0x58, 0x42, 0x00, 0x40, 0x42, 0x00, 0x58, 0x42, 0x00, 0xd8,
  0x32, 0x00, 0x80, 0x7f, 0x00, 0x00, 0x00, 0x00, 0x3c, 0x00, 0x40, 0x6c, 0x00, 0x5e, 0x42, 0x00,
  0x52, 0x42, 0x00, 0x52, 0x42, 0x00, 0xcc, 0x32, 0x00, 0x80, 0x7f, 0x00, 0x00, 0x00, 0x00, 0x3c,
  0x00, 0x40, 0x6c, 0x00, 0x40, 0x42, 0x00, 0x40, 0x42, 0x00, 0x40, 0x42, 0x00, 0xc0, 0x22, 0x00,
  0x80, 0x1f, 0x00, 0x80, 0x35, 0x00, 0xc0, 0x64, 0x00, 0x40, 0x44, 0x00, 0x40, 0x44, 0x00, 0xc0,
  0x44, 0x00, 0x80, 0x27, 0x00, 0x00, 0x07, 0x00, 0x00, 0x00, 0x00, 0x1f, 0x00, 0x80, 0x3b, 0x00,
  0xc0, 0x60, 0x02, 0x40, 0x40, 0x02, 0x40, 0xc0, 0x03, 0x40, 0x40, 0x01, 0x80, 0x20, 0x00, 0x00,
  0x00, 0x00, 0x1f, 0x00, 0x80, 0x37, 0x00, 0xc4, 0x64, 0x00, 0x48, 0x44, 0x00, 0x50, 0x44, 0x00,
  0x40, 0x44, 0x00, 0x80, 0x47, 0x00, 0x00, 0x27, 0x00, 0x00, 0x00, 0x00, 0x1f, 0x00, 0x80, 0x37,
  0x00, 0xc0, 0x64, 0x00, 0x50, 0x44, 0x00, 0x58, 0x44, 0x00, 0x44, 0x44, 0x00, 0x80, 0x47, 0x00,
  0x00, 0x27, 0x00, 0x00, 0x00, 0x00, 0x1f, 0x00, 0x80, 0x37, 0x00, 0xd0, 0x64, 0x00, 0x4c, 0x44,
  0x00, 0x4c, 0x44, 0x00, 0x58, 0x44, 0x00, 0x80, 0x47, 0x00, 0x00, 0x27, 0x00, 0x00, 0x00, 0x00,
  0x1f, 0x00, 0x80, 0x37, 0x00, 0xd8, 0x64, 0x00, 0x40, 0x44, 0x00, 0x40, 0x44, 0x00, 0x58, 0x44,
  0x00, 0x80, 0x47, 0x00, 0x00, 0x27, 0x04, 0x00, 0x00, 0x08, 0x00, 0x00, 0xd0, 0x7f, 0x00, 0x00,
  0x00, 0x10, 0x00, 0x00, 0xd8, 0x7f, 0x00, 0x0c, 0x10, 0x00, 0x00, 0x0c, 0x00, 0x00, 0xc4, 0x7f,
  0x00, 0x18, 0x18, 0x00, 0x00, 0x00, 0x00, 0x00, 0xc0, 0x7f, 0x00, 0x18, 0x00, 0x00, 0x18, 0x00,
  0x00, 0x00, 0x00, 0x1f, 0x00, 0x80, 0x3b, 0x00, 0xd8, 0x60, 0x00, 0x58, 0x40, 0x00, 0x70, 0x40,
  0x00, 0x60, 0x60, 0x00, 0xc8, 0x3f, 0x00, 0x00, 0x1f, 0x00, 0x00, 0x00, 0xc0, 0x7f, 0x00, 0xc0,
  0x7f, 0x00, 0x98, 0x00, 0x00, 0x48, 0x00, 0x00, 0x50, 0x00, 0x00, 0x50, 0x00, 0x00, 0x88, 0x7f,
  0x00, 0x00, 0x7f, 0x00, 0x00, 0x00, 0x00, 0x1f, 0x00, 0x80, 0x3b, 0x00, 0xc4, 0x60, 0x00, 0x58,
  0x40, 0x00, 0x50, 0x40, 0x00, 0xc0, 0x60, 0x00, 0x80, 0x3f, 0x00, 0x00, 0x1f, 0x00, 0x00, 0x00,
  0x00, 0x1f, 0x00, 0x80, 0x3b, 0x00, 0xc0, 0x60, 0x00, 0x50, 0x40, 0x00, 0x48, 0x40, 0x00, 0xc4,
  0x60, 0x00, 0x80, 0x3f, 0x00, 0x00, 0x1f, 0x00, 0x00, 0x00, 0x00, 0x1f, 0x00, 0x80, 0x3b, 0x00,
  0xd8, 0x60, 0x00, 0x4c, 0x40, 0x00, 0x4c, 0x40, 0x00, 0xd0, 0x60, 0x00, 0x80, 0x3f, 0x00, 0x00,
  0x1f, 0x00, 0x00, 0x00, 0x00, 0x1f, 0x00, 0x90, 0x3b, 0x00, 0xc8, 0x60, 0x00, 0x48, 0x40, 0x00,
  0x50, 0x40, 0x00, 0xd8, 0x60, 0x00, 0x80, 0x3f, 0x00, 0x00, 0x1f, 0x00, 0x00, 0x00, 0x00, 0x1f,
  0x00, 0x80, 0x3b, 0x00, 0xd8, 0x60, 0x00, 0x40, 0x40, 0x00, 0x40, 0x40, 0x00, 0xd8, 0x60, 0x00,
  0x80, 0x3f, 0x00, 0x00, 0x1f, 0x00, 0x00, 0x00, 0x00, 0x00, 0x00, 0x00, 0x04, 0x00, 0x00, 0x04,
  0x00, 0x00, 0x04, 0x00, 0x00, 0x04, 0x00, 0x80, 0x35, 0x00, 0x80, 0x35, 0x00, 0x00, 0x04, 0x00,
  0x00, 0x04, 0x00, 0x00, 0x04, 0x00, 0x00, 0x04, 0x00, 0x00, 0x00, 0x00, 0x5f, 0x00, 0x80, 0x73,
  0x00, 0xc0, 0x78, 0x00, 0x40, 0x4c, 0x00, 0x40, 0x46, 0x00, 0xc0, 0x61, 0x00, 0xc0, 0x3f, 0x00,
  0x40, 0x1f, 0x00, 0x00, 0x00, 0xc0, 0x0f, 0x00, 0xc0, 0x3f, 0x00, 0x04, 0x60, 0x00, 0x18, 0x40,
  0x00, 0x10, 0x40, 0x00, 0x00, 0x20, 0x00, 0xc0, 0x7f, 0x00, 0xc0, 0x7f, 0x00, 0x00, 0x00, 0xc0,
  0x0f, 0x00, 0xc0, 0x3f, 0x00, 0x00, 0x60, 0x00, 0x10, 0x40, 0x00, 0x08, 0x40, 0x00, 0x04, 0x20,
  0x00, 0xc0, 0x7f, 0x00, 0xc0, 0x7f, 0x00, 0x00, 0x00, 0xc0, 0x0f, 0x00, 0xc0, 0x3f, 0x00, 0x18,
  0x60, 0x00, 0x0c, 0x40, 0x00, 0x0c, 0x40, 0x00, 0x18, 0x20, 0x00, 0xc0, 0x7f, 0x00, 0xc0, 0x7f,
  0x00, 0x00, 0x00, 0xc0, 0x0f, 0x00, 0xc0, 0x3f, 0x00, 0x18, 0x60, 0x00, 0x00, 0x40, 0x00, 0x00,
  0x40, 0x00, 0x18, 0x20, 0x00, 0xc0, 0x7f, 0x00, 0xc0, 0x7f, 0x00, 0x00, 0x00, 0xc0, 0x01, 0x02,
  0x80, 0x07, 0x02, 0x00, 0x3c, 0x03, 0x10, 0xf0, 0x01, 0x0c, 0x78, 0x00, 0x04, 0x0f, 0x00, 0xc0,
  0x03, 0x00, 0x40, 0x00, 0x00, 0x00, 0xf8, 0xff, 0x03, 0xf8, 0xff, 0x03, 0x80, 0x20, 0x00, 0x40,
  0x40, 0x00, 0x40, 0x40, 0x00, 0x40, 0x40, 0x00, 0x80, 0x31, 0x00, 0x00, 0x1f, 0x00, 0x00, 0x00,
  0xc0, 0x01, 0x02, 0x98, 0x07, 0x02, 0x18, 0x3c, 0x03, 0x00, 0xf0, 0x01, 0x18, 0x78, 0x00, 0x18,
  0x0f, 0x00, 0xc0, 0x03, 0x00, 0x40,
};

return TRIAL_1;
}

// nominal=23; cap=17; H_top=5; baseline=22; line_box=28; bearing_shifts=[74]; vertical_shifts=[]

inline const uint8_t* fontStorage2() {

static const uint8_t TRIAL_2[] = {
  0x18, 0x1c, 0x20, 0xe0, 0xff, 0xff, 0x00, 0x07, 0x00, 0x00, 0x17, 0x09, 0x00, 0x17, 0x1e, 0x0b,
  0x00, 0x35, 0x46, 0x13, 0x00, 0x7b, 0x33, 0x0f, 0x00, 0xae, 0x53, 0x16, 0x01, 0x01, 0x43, 0x12,
  0x01, 0x44, 0x0e, 0x06, 0x01, 0x52, 0x1c, 0x09, 0x01, 0x6e, 0x1b, 0x09, 0x01, 0x89, 0x26, 0x0c,
  0x01, 0xaf, 0x42, 0x13, 0x01, 0xf1, 0x13, 0x07, 0x02, 0x04, 0x1b, 0x08, 0x02, 0x1f, 0x13, 0x07,
  0x02, 0x32, 0x1d, 0x08, 0x02, 0x4f, 0x33, 0x0f, 0x02, 0x82, 0x33, 0x0f, 0x02, 0xb5, 0x2f, 0x0f,
  0x02, 0xe4, 0x33, 0x0f, 0x03, 0x17, 0x33, 0x0f, 0x03, 0x4a, 0x33, 0x0f, 0x03, 0x7d, 0x33, 0x0f,
  0x03, 0xb0, 0x31, 0x0f, 0x03, 0xe1, 0x33, 0x0f, 0x04, 0x14, 0x33, 0x0f, 0x04, 0x47, 0x13, 0x08,
  0x04, 0x5a, 0x13, 0x08, 0x04, 0x6d, 0x43, 0x13, 0x04, 0xb0, 0x43, 0x13, 0x04, 0xf3, 0x42, 0x13,
  0x05, 0x35, 0x2a, 0x0c, 0x05, 0x5f, 0x53, 0x17, 0x05, 0xb2, 0x3b, 0x10, 0x05, 0xed, 0x37, 0x10,
  0x06, 0x24, 0x3b, 0x10, 0x06, 0x5f, 0x3f, 0x12, 0x06, 0x9e, 0x33, 0x0f, 0x06, 0xd1, 0x2d, 0x0d,
  0x06, 0xfe, 0x3f, 0x12, 0x07, 0x3d, 0x3b, 0x11, 0x07, 0x78, 0x13, 0x07, 0x07, 0x8b, 0x17, 0x08,
  0x07, 0xa2, 0x3b, 0x0f, 0x07, 0xdd, 0x33, 0x0d, 0x08, 0x10, 0x47, 0x14, 0x08, 0x57, 0x3b, 0x11,
  0x08, 0x92, 0x42, 0x12, 0x08, 0xd4, 0x32, 0x0e, 0x09, 0x06, 0x42, 0x12, 0x09, 0x48, 0x3b, 0x10,
  0x09, 0x83, 0x33, 0x0f, 0x09, 0xb6, 0x35, 0x0e, 0x09, 0xeb, 0x3b, 0x11, 0x0a, 0x26, 0x39, 0x10,
  0x0a, 0x5f, 0x55, 0x17, 0x0a, 0xb4, 0x3b, 0x10, 0x0a, 0xef, 0x35, 0x0e, 0x0b, 0x24, 0x3b, 0x10,
  0x0b, 0x5f, 0x1c, 0x09, 0x0b, 0x7b, 0x1f, 0x08, 0x0b, 0x9a, 0x1c, 0x09, 0x0b, 0xb6, 0x3e, 0x13,
  0x0b, 0xf4, 0x30, 0x0c, 0x0c, 0x24, 0x19, 0x0c, 0x0c, 0x3d, 0x2f, 0x0e, 0x0c, 0x6c, 0x33, 0x0f,
  0x0c, 0x9f, 0x2b, 0x0d, 0x0c, 0xca, 0x33, 0x0f, 0x0c, 0xfd, 0x32, 0x0e, 0x0d, 0x2f, 0x21, 0x09,
  0x0d, 0x50, 0x33, 0x0f, 0x0d, 0x83, 0x33, 0x0f, 0x0d, 0xb6, 0x0f, 0x06, 0x0d, 0xc5, 0x10, 0x06,
  0x0d, 0xd5, 0x33, 0x0d, 0x0e, 0x08, 0x0f, 0x06, 0x0e, 0x17, 0x4f, 0x16, 0x0e, 0x66, 0x33, 0x0f,
  0x0e, 0x99, 0x33, 0x0e, 0x0e, 0xcc, 0x33, 0x0f, 0x0e, 0xff, 0x34, 0x0f, 0x0f, 0x33, 0x22, 0x09,
  0x0f, 0x55, 0x2b, 0x0c, 0x0f, 0x80, 0x1f, 0x09, 0x0f, 0x9f, 0x2f, 0x0f, 0x0f, 0xce, 0x32, 0x0e,
  0x10, 0x00, 0x46, 0x13, 0x10, 0x46, 0x33, 0x0e, 0x10, 0x79, 0x32, 0x0e, 0x10, 0xab, 0x2b, 0x0c,
  0x10, 0xd6, 0x30, 0x0f, 0x11, 0x06, 0x14, 0x08, 0x11, 0x1a, 0x2e, 0x0f, 0x11, 0x48, 0x42, 0x13,
  0xff, 0xff, 0x00, 0x00, 0xff, 0xff, 0x00, 0x18, 0xff, 0xff, 0x00, 0x18, 0xff, 0xff, 0x00, 0x18,
  0xff, 0xff, 0x00, 0x18, 0xff, 0xff, 0x00, 0x18, 0xff, 0xff, 0x00, 0x18, 0xff, 0xff, 0x00, 0x18,
  0xff, 0xff, 0x00, 0x18, 0xff, 0xff, 0x00, 0x18, 0xff, 0xff, 0x00, 0x18, 0xff, 0xff, 0x00, 0x18,
  0xff, 0xff, 0x00, 0x18, 0xff, 0xff, 0x00, 0x18, 0xff, 0xff, 0x00, 0x18, 0xff, 0xff, 0x00, 0x18,
  0xff, 0xff, 0x00, 0x18, 0xff, 0xff, 0x00, 0x18, 0xff, 0xff, 0x00, 0x18, 0xff, 0xff, 0x00, 0x18,
  0xff, 0xff, 0x00, 0x18, 0xff, 0xff, 0x00, 0x18, 0xff, 0xff, 0x00, 0x18, 0xff, 0xff, 0x00, 0x18,
  0xff, 0xff, 0x00, 0x18, 0xff, 0xff, 0x00, 0x18, 0xff, 0xff, 0x00, 0x18, 0xff, 0xff, 0x00, 0x18,
  0xff, 0xff, 0x00, 0x18, 0xff, 0xff, 0x00, 0x18, 0xff, 0xff, 0x00, 0x18, 0xff, 0xff, 0x00, 0x18,
  0xff, 0xff, 0x00, 0x18, 0xff, 0xff, 0x00, 0x07, 0x11, 0x8a, 0x18, 0x09, 0x11, 0xa2, 0x2f, 0x0f,
  0x11, 0xd1, 0x33, 0x0f, 0x12, 0x04, 0x33, 0x0f, 0x12, 0x37, 0x33, 0x0f, 0x12, 0x6a, 0x14, 0x08,
  0x12, 0x7e, 0x27, 0x0c, 0x12, 0xa5, 0x21, 0x0c, 0x12, 0xc6, 0x4e, 0x17, 0x13, 0x14, 0x22, 0x0b,
  0x13, 0x36, 0x2f, 0x0e, 0x13, 0x65, 0x43, 0x13, 0x13, 0xa8, 0x1b, 0x08, 0x13, 0xc3, 0x4e, 0x17,
  0x14, 0x11, 0x21, 0x0c, 0x14, 0x32, 0x22, 0x0c, 0x14, 0x54, 0x43, 0x13, 0x14, 0x97, 0x1e, 0x09,
  0x14, 0xb5, 0x1e, 0x09, 0x14, 0xd3, 0x21, 0x0c, 0x14, 0xf4, 0x37, 0x0f, 0x15, 0x2b, 0x2f, 0x0f,
  0x15, 0x5a, 0x12, 0x07, 0x15, 0x6c, 0x20, 0x0c, 0x15, 0x8c, 0x1e, 0x09, 0x15, 0xaa, 0x26, 0x0b,
  0x15, 0xd0, 0x2e, 0x0e, 0x15, 0xfe, 0x57, 0x16, 0x16, 0x55, 0x53, 0x16, 0x16, 0xa8, 0x57, 0x16,
  0x16, 0xff, 0x2c, 0x0c, 0x17, 0x2b, 0x3b, 0x10, 0x17, 0x66, 0x3b, 0x10, 0x17, 0xa1, 0x3b, 0x10,
  0x17, 0xdc, 0x3b, 0x10, 0x18, 0x17, 0x3b, 0x10, 0x18, 0x52, 0x3b, 0x10, 0x18, 0x8d, 0x53, 0x16,
  0x18, 0xe0, 0x3b, 0x10, 0x19, 0x1b, 0x33, 0x0f, 0x19, 0x4e, 0x33, 0x0f, 0x19, 0x81, 0x33, 0x0f,
  0x19, 0xb4, 0x33, 0x0f, 0x19, 0xe7, 0x13, 0x07, 0x19, 0xfa, 0x15, 0x07, 0x1a, 0x0f, 0x15, 0x07,
  0x1a, 0x24, 0x19, 0x07, 0x1a, 0x3d, 0x3f, 0x12, 0x1a, 0x7c, 0x3b, 0x11, 0x1a, 0xb7, 0x42, 0x12,
  0x1a, 0xf9, 0x42, 0x12, 0x1b, 0x3b, 0x42, 0x12, 0x1b, 0x7d, 0x42, 0x12, 0x1b, 0xbf, 0x42, 0x12,
  0x1c, 0x01, 0x3f, 0x13, 0x1c, 0x40, 0x42, 0x12, 0x1c, 0x82, 0x3b, 0x11, 0x1c, 0xbd, 0x3b, 0x11,
  0x1c, 0xf8, 0x3b, 0x11, 0x1d, 0x33, 0x3b, 0x11, 0x1d, 0x6e, 0x35, 0x0e, 0x1d, 0xa3, 0x32, 0x0e,
  0x1d, 0xd5, 0x33, 0x0e, 0x1e, 0x08, 0x2f, 0x0e, 0x1e, 0x37, 0x2f, 0x0e, 0x1e, 0x66, 0x2f, 0x0e,
  0x1e, 0x95, 0x2f, 0x0e, 0x1e, 0xc4, 0x2f, 0x0e, 0x1e, 0xf3, 0x2f, 0x0e, 0x1f, 0x22, 0x53, 0x17,
  0x1f, 0x75, 0x2b, 0x0d, 0x1f, 0xa0, 0x32, 0x0e, 0x1f, 0xd2, 0x32, 0x0e, 0x20, 0x04, 0x32, 0x0e,
  0x20, 0x36, 0x32, 0x0e, 0x20, 0x68, 0x0f, 0x06, 0x20, 0x77, 0x19, 0x07, 0x20, 0x90, 0x15, 0x06,
  0x20, 0xa5, 0x19, 0x07, 0x20, 0xbe, 0x33, 0x0e, 0x20, 0xf1, 0x33, 0x0f, 0x21, 0x24, 0x33, 0x0e,
  0x21, 0x57, 0x33, 0x0e, 0x21, 0x8a, 0x33, 0x0e, 0x21, 0xbd, 0x33, 0x0e, 0x21, 0xf0, 0x33, 0x0e,
  0x22, 0x23, 0x42, 0x13, 0x22, 0x65, 0x33, 0x0e, 0x22, 0x98, 0x2f, 0x0f, 0x22, 0xc7, 0x2f, 0x0f,
  0x22, 0xf6, 0x2f, 0x0f, 0x23, 0x25, 0x2f, 0x0f, 0x23, 0x54, 0x32, 0x0e, 0x23, 0x86, 0x33, 0x0f,
  0x23, 0xb9, 0x32, 0x0e, 0x00, 0x00, 0x00, 0x00, 0x00, 0x00, 0x00, 0x00, 0x00, 0x00, 0x00, 0x00,
  0xe0, 0x1f, 0x38, 0x00, 0xe0, 0xff, 0x38, 0x00, 0xe0, 0xff, 0x38, 0x00, 0x00, 0x00, 0x00, 0x00,
  0x00, 0x00, 0x00, 0xe0, 0x07, 0x00, 0x00, 0xe0, 0x07, 0x00, 0x00, 0x00, 0x00, 0x00, 0x00, 0x00,
  0x00, 0x00, 0x00, 0xe0, 0x07, 0x00, 0x00, 0xe0, 0x07, 0x00, 0x00, 0x00, 0x00, 0x00, 0x00, 0x00,
  0x00, 0x00, 0x80, 0x01, 0x00, 0x00, 0x8c, 0x01, 0x00, 0x00, 0x8c, 0x31, 0x00, 0x00, 0x8c, 0x3f,
  0x00, 0x00, 0xec, 0x0f, 0x00, 0x00, 0xff, 0x01, 0x00, 0xe0, 0x8f, 0x01, 0x00, 0x60, 0x8c, 0x21,
  0x00, 0x00, 0x8c, 0x3f, 0x00, 0x00, 0xec, 0x0f, 0x00, 0x00, 0xfe, 0x01, 0x00, 0xe0, 0x8f, 0x01,
  0x00, 0xe0, 0x8c, 0x01, 0x00, 0x00, 0x8c, 0x01, 0x00, 0x00, 0x0c, 0x00, 0x00, 0x00, 0x0c, 0x00,
  0x00, 0x00, 0x00, 0x00, 0x00, 0x00, 0x00, 0x00, 0x1e, 0x18, 0x00, 0x00, 0x3f, 0x10, 0x00, 0x80,
  0x63, 0x30, 0x00, 0x80, 0x61, 0x30, 0x00, 0x80, 0xe1, 0x30, 0x00, 0xf0, 0xff, 0xff, 0x01, 0x80,
  0xc1, 0x30, 0x00, 0x80, 0xc1, 0x38, 0x00, 0x00, 0xc3, 0x1d, 0x00, 0x00, 0x83, 0x1f, 0x00, 0x00,
  0x00, 0x06, 0x00, 0x00, 0x00, 0x00, 0x00, 0x07, 0x00, 0x00, 0xc0, 0x1f, 0x00, 0x00, 0x60, 0x30,
  0x00, 0x00, 0x20, 0x20, 0x00, 0x00, 0x20, 0x20, 0x20, 0x00, 0x60, 0x30, 0x38, 0x00, 0xc0, 0x1f,
  0x1c, 0x00, 0x80, 0x0f, 0x07, 0x00, 0x00, 0xc0, 0x01, 0x00, 0x00, 0xe0, 0x00, 0x00, 0x00, 0x38,
  0x00, 0x00, 0x00, 0x0e, 0x00, 0x00, 0x00, 0x87, 0x0f, 0x00, 0xc0, 0xc1, 0x1f, 0x00, 0xe0, 0x60,
  0x30, 0x00, 0x20, 0x20, 0x20, 0x00, 0x00, 0x20, 0x20, 0x00, 0x00, 0xe0, 0x38, 0x00, 0x00, 0xc0,
  0x1f, 0x00, 0x00, 0x00, 0x02, 0x00, 0x00, 0x00, 0x00, 0x00, 0x00, 0x01, 0x00, 0x00, 0xc0, 0x0f,
  0x00, 0x00, 0xe3, 0x1f, 0x00, 0xc0, 0x3f, 0x18, 0x00, 0xc0, 0x1f, 0x38, 0x00, 0x60, 0x38, 0x30,
  0x00, 0x60, 0x70, 0x30, 0x00, 0x60, 0xe0, 0x30, 0x00, 0x60, 0xc0, 0x31, 0x00, 0xc0, 0x80, 0x1b,
  0x00, 0xc0, 0x00, 0x1f, 0x00, 0x00, 0x00, 0x0e, 0x00, 0x00, 0x00, 0x1f, 0x00, 0x00, 0xe0, 0x3b,
  0x00, 0x00, 0xe0, 0x30, 0x00, 0x00, 0x00, 0x20, 0x00, 0x00, 0x00, 0x00, 0x00, 0x00, 0x00, 0x00,
  0xe0, 0x07, 0x00, 0x00, 0xe0, 0x07, 0x00, 0x00, 0x00, 0x00, 0x00, 0x00, 0x00, 0x00, 0x00, 0xf0,
  0x07, 0x00, 0x00, 0xfe, 0x3f, 0x00, 0x80, 0x0f, 0xf8, 0x00, 0xe0, 0x01, 0xc0, 0x03, 0x20, 0x00,
  0x00, 0x02, 0x00, 0x00, 0x00, 0x00, 0x00, 0x00, 0x00, 0x00, 0x20, 0x00, 0x00, 0x02, 0xe0, 0x01,
  0xc0, 0x03, 0x80, 0x0f, 0xf8, 0x00, 0x00, 0xfe, 0x3f, 0x00, 0x00, 0xf0, 0x07, 0x00, 0x00, 0x00,
  0x00, 0x80, 0x10, 0x00, 0x00, 0x00, 0x09, 0x00, 0x00, 0x00, 0x09, 0x00, 0x00, 0x00, 0x06, 0x00,
  0x00, 0xe0, 0x7f, 0x00, 0x00, 0x00, 0x06, 0x00, 0x00, 0x00, 0x0f, 0x00, 0x00, 0x00, 0x09, 0x00,
  0x00, 0x80, 0x19, 0x00, 0x00, 0x00, 0x00, 0x00, 0x00, 0x00, 0x00, 0x00, 0xc0, 0x00, 0x00, 0x00,
  0xc0, 0x00, 0x00, 0x00, 0xc0, 0x00, 0x00, 0x00, 0xc0, 0x00, 0x00, 0x00, 0xc0, 0x00, 0x00, 0x00,
  0xc0, 0x00, 0x00, 0x00, 0xc0, 0x00, 0x00, 0x00, 0xff, 0x3f, 0x00, 0x00, 0xff, 0x3f, 0x00, 0x00,
  0xc0, 0x00, 0x00, 0x00, 0xc0, 0x00, 0x00, 0x00, 0xc0, 0x00, 0x00, 0x00, 0xc0, 0x00, 0x00, 0x00,
  0xc0, 0x00, 0x00, 0x00, 0xc0, 0x00, 0x00, 0x00, 0x00, 0x00, 0x00, 0x00, 0x00, 0x00, 0x00, 0xc0,
  0x01, 0x00, 0x00, 0xf8, 0x00, 0x00, 0x00, 0x38, 0x00, 0x00, 0x00, 0x00, 0x00, 0x80, 0x01, 0x00,
  0x00, 0x80, 0x01, 0x00, 0x00, 0x80, 0x01, 0x00, 0x00, 0x80, 0x01, 0x00, 0x00, 0x80, 0x01, 0x00,
  0x00, 0x80, 0x01, 0x00, 0x00, 0x00, 0x00, 0x00, 0x00, 0x00, 0x00, 0x00, 0x00, 0x38, 0x00, 0x00,
  0x00, 0x38, 0x00, 0x00, 0x00, 0x38, 0x00, 0x00, 0xc0, 0x00, 0x00, 0x00, 0xf8, 0x00, 0x00, 0x00,
  0x3f, 0x00, 0x00, 0xe0, 0x07, 0x00, 0x00, 0xfe, 0x00, 0x00, 0xc0, 0x0f, 0x00, 0x00, 0xe0, 0x01,
  0x00, 0x00, 0x20, 0x00, 0x00, 0x00, 0x00, 0x00, 0x00, 0x00, 0x00, 0x00, 0xff, 0x07, 0x00, 0x80,
  0xff, 0x0f, 0x00, 0xc0, 0x01, 0x1c, 0x00, 0xe0, 0x00, 0x38, 0x00, 0x60, 0x00, 0x30, 0x00, 0x60,
  0x00, 0x30, 0x00, 0x60, 0x00, 0x30, 0x00, 0xe0, 0x00, 0x38, 0x00, 0xc0, 0x03, 0x1e, 0x00, 0x80,
  0xff, 0x0f, 0x00, 0x00, 0xfe, 0x03, 0x00, 0x00, 0x00, 0x00, 0x00, 0x00, 0x00, 0x00, 0x00, 0x00,
  0x00, 0x00, 0xc0, 0x00, 0x30, 0x00, 0xc0, 0x00, 0x30, 0x00, 0x60, 0x00, 0x30, 0x00, 0x60, 0x00,
  0x30, 0x00, 0xe0, 0xff, 0x3f, 0x00, 0xe0, 0xff, 0x3f, 0x00, 0x00, 0x00, 0x30, 0x00, 0x00, 0x00,
  0x30, 0x00, 0x00, 0x00, 0x30, 0x00, 0x00, 0x00, 0x30, 0x00, 0x00, 0x00, 0x00, 0x00, 0x00, 0x00,
  0x00, 0xc0, 0x00, 0x38, 0x00, 0x40, 0x00, 0x3c, 0x00, 0x60, 0x00, 0x3e, 0x00, 0x60, 0x00, 0x37,
  0x00, 0x60, 0x80, 0x33, 0x00, 0x60, 0xc0, 0x31, 0x00, 0xe0, 0xe0, 0x30, 0x00, 0xc0, 0x70, 0x30,
  0x00, 0xc0, 0x3f, 0x30, 0x00, 0x80, 0x0f, 0x30, 0x00, 0x00, 0x00, 0x00, 0x00, 0x00, 0x00, 0x00,
  0xc0, 0x00, 0x18, 0x00, 0xc0, 0x00, 0x30, 0x00, 0x60, 0x00, 0x30, 0x00, 0x60, 0x30, 0x30, 0x00,
  0x60, 0x30, 0x30, 0x00, 0x60, 0x30, 0x30, 0x00, 0x60, 0x30, 0x30, 0x00, 0xe0, 0x78, 0x18, 0x00,
  0xc0, 0xef, 0x1f, 0x00, 0x80, 0xcf, 0x0f, 0x00, 0x00, 0x80, 0x07, 0x00, 0x00, 0x00, 0x00, 0x00,
  0x80, 0x03, 0x00, 0x00, 0xc0, 0x03, 0x00, 0x00, 0x70, 0x03, 0x00, 0x00, 0x38, 0x03, 0x00, 0x00,
  0x0e, 0x03, 0x00, 0x80, 0x03, 0x03, 0x00, 0xc0, 0x01, 0x03, 0x00, 0xe0, 0x00, 0x03, 0x00, 0xe0,
  0xff, 0x3f, 0x00, 0xe0, 0xff, 0x3f, 0x00, 0x00, 0x00, 0x03, 0x00, 0x00, 0x00, 0x03, 0x00, 0x00,
  0x00, 0x00, 0x00, 0x00, 0x00, 0x00, 0xe0, 0x1f, 0x18, 0x00, 0xe0, 0x3f, 0x30, 0x00, 0xe0, 0x1f,
  0x30, 0x00, 0x60, 0x18, 0x30, 0x00, 0x60, 0x18, 0x30, 0x00, 0x60, 0x18, 0x30, 0x00, 0x60, 0x38,
  0x38, 0x00, 0x60, 0x30, 0x18, 0x00, 0x60, 0xf0, 0x1f, 0x00, 0x00, 0xe0, 0x0f, 0x00, 0x00, 0x80,
  0x03, 0x00, 0x00, 0x00, 0x00, 0x00, 0x00, 0x00, 0x00, 0x00, 0xfe, 0x07, 0x00, 0x80, 0xff, 0x0f,
  0x00, 0xc0, 0x73, 0x1c, 0x00, 0xc0, 0x30, 0x38, 0x00, 0xe0, 0x18, 0x30, 0x00, 0x60, 0x18, 0x30,
  0x00, 0x60, 0x18, 0x30, 0x00, 0x60, 0x38, 0x38, 0x00, 0x60, 0x70, 0x1c, 0x00, 0xc0, 0xf0, 0x1f,
  0x00, 0x00, 0xc0, 0x07, 0x00, 0x00, 0x00, 0x00, 0x00, 0x00, 0x00, 0x00, 0x60, 0x00, 0x00, 0x00,
  0x60, 0x00, 0x00, 0x00, 0x60, 0x00, 0x20, 0x00, 0x60, 0x00, 0x38, 0x00, 0x60, 0x00, 0x3f, 0x00,
  0x60, 0xe0, 0x0f, 0x00, 0x60, 0xf8, 0x01, 0x00, 0x60, 0x3f, 0x00, 0x00, 0xe0, 0x0f, 0x00, 0x00,
  0xe0, 0x01, 0x00, 0x00, 0x20, 0x00, 0x00, 0x00, 0x00, 0x00, 0x00, 0x00, 0x00, 0x80, 0xc7, 0x0f,
  0x00, 0xc0, 0xcf, 0x1f, 0x00, 0xc0, 0x78, 0x38, 0x00, 0x60, 0x30, 0x30, 0x00, 0x60, 0x30, 0x30,
  0x00, 0x60, 0x30, 0x30, 0x00, 0x60, 0x30, 0x30, 0x00, 0xe0, 0x78, 0x38, 0x00, 0xc0, 0xff, 0x1c,
  0x00, 0xc0, 0xcf, 0x1f, 0x00, 0x00, 0x83, 0x0f, 0x00, 0x00, 0x00, 0x00, 0x00, 0x04, 0x00, 0x00,
  0x80, 0x3f, 0x00, 0x00, 0xc0, 0x7f, 0x18, 0x00, 0xc0, 0xe0, 0x30, 0x00, 0x60, 0xc0, 0x30, 0x00,
  0x60, 0xc0, 0x30, 0x00, 0x60, 0xc0, 0x30, 0x00, 0x60, 0xc0, 0x38, 0x00, 0xc0, 0x60, 0x1c, 0x00,
  0xc0, 0x7f, 0x0f, 0x00, 0x80, 0xff, 0x07, 0x00, 0x00, 0xfe, 0x01, 0x00, 0x00, 0x00, 0x00, 0x00,
  0x00, 0x00, 0x00, 0x00, 0x00, 0x00, 0x00, 0x00, 0x1c, 0x38, 0x00, 0x00, 0x1c, 0x38, 0x00, 0x00,
  0x00, 0x00, 0x00, 0x00, 0x00, 0x00, 0x00, 0x00, 0xc0, 0x01, 0x00, 0x1c, 0xf8, 0x00, 0x00, 0x1c,
  0x38, 0x00, 0x00, 0x00, 0x00, 0x00, 0x00, 0x00, 0x00, 0x00, 0xc0, 0x00, 0x00, 0x00, 0xc0, 0x00,
  0x00, 0x00, 0xe0, 0x01, 0x00, 0x00, 0xe0, 0x01, 0x00, 0x00, 0xe0, 0x01, 0x00, 0x00, 0x30, 0x03,
  0x00, 0x00, 0x30, 0x03, 0x00, 0x00, 0x30, 0x03, 0x00, 0x00, 0x18, 0x06, 0x00, 0x00, 0x18, 0x06,
  0x00, 0x00, 0x18, 0x04, 0x00, 0x00, 0x0c, 0x0c, 0x00, 0x00, 0x0c, 0x0c, 0x00, 0x00, 0x06, 0x18,
  0x00, 0x00, 0x06, 0x18, 0x00, 0x00, 0x00, 0x00, 0x00, 0x00, 0x00, 0x00, 0x00, 0x18, 0x03, 0x00,
  0x00, 0x18, 0x03, 0x00, 0x00, 0x18, 0x03, 0x00, 0x00, 0x18, 0x03, 0x00, 0x00, 0x18, 0x03, 0x00,
  0x00, 0x18, 0x03, 0x00, 0x00, 0x18, 0x03, 0x00, 0x00, 0x18, 0x03, 0x00, 0x00, 0x18, 0x03, 0x00,
  0x00, 0x18, 0x03, 0x00, 0x00, 0x18, 0x03, 0x00, 0x00, 0x18, 0x03, 0x00, 0x00, 0x18, 0x03, 0x00,
  0x00, 0x18, 0x03, 0x00, 0x00, 0x18, 0x03, 0x00, 0x00, 0x00, 0x00, 0x00, 0x00, 0x00, 0x00, 0x00,
  0x06, 0x18, 0x00, 0x00, 0x06, 0x18, 0x00, 0x00, 0x0c, 0x0c, 0x00, 0x00, 0x0c, 0x0c, 0x00, 0x00,
  0x0c, 0x0c, 0x00, 0x00, 0x18, 0x06, 0x00, 0x00, 0x18, 0x06, 0x00, 0x00, 0x10, 0x06, 0x00, 0x00,
  0x30, 0x03, 0x00, 0x00, 0x30, 0x03, 0x00, 0x00, 0x20, 0x01, 0x00, 0x00, 0xe0, 0x01, 0x00, 0x00,
  0xe0, 0x01, 0x00, 0x00, 0xc0, 0x00, 0x00, 0x00, 0xc0, 0x00, 0x00, 0x00, 0x00, 0x00, 0x00, 0x00,
  0x00, 0xc0, 0x00, 0x00, 0x00, 0xc0, 0x00, 0x00, 0x00, 0x60, 0x80, 0x39, 0x00, 0x60, 0xe0, 0x39,
  0x00, 0x60, 0xf0, 0x39, 0x00, 0xe0, 0x38, 0x00, 0x00, 0xc0, 0x1f, 0x00, 0x00, 0xc0, 0x0f, 0x00,
  0x00, 0x00, 0x03, 0x00, 0x00, 0x00, 0x00, 0x00, 0x00, 0x00, 0x00, 0x00, 0xf0, 0x0f, 0x00, 0x00,
  0x3c, 0x3c, 0x00, 0x00, 0x0e, 0x70, 0x00, 0x00, 0x03, 0xc0, 0x00, 0x80, 0x03, 0xc0, 0x01, 0x80,
  0xe1, 0x87, 0x01, 0x80, 0xf1, 0x8f, 0x03, 0xc0, 0x38, 0x1c, 0x03, 0xc0, 0x18, 0x18, 0x03, 0xc0,
  0x18, 0x18, 0x03, 0xc0, 0x18, 0x18, 0x03, 0xc0, 0x30, 0x0c, 0x03, 0xc0, 0xf0, 0x8f, 0x01, 0x80,
  0xf9, 0x9f, 0x01, 0x80, 0x01, 0xd8, 0x00, 0x00, 0x03, 0xc8, 0x00, 0x00, 0x06, 0x0c, 0x00, 0x00,
  0x1c, 0x07, 0x00, 0x00, 0xf8, 0x03, 0x00, 0x00, 0x20, 0x00, 0x00, 0x00, 0x3c, 0x00, 0x00, 0x00,
  0x3f, 0x00, 0x00, 0xe0, 0x0f, 0x00, 0x00, 0xf8, 0x03, 0x00, 0x00, 0x3f, 0x03, 0x00, 0xe0, 0x07,
  0x03, 0x00, 0xe0, 0x00, 0x03, 0x00, 0xe0, 0x01, 0x03, 0x00, 0xc0, 0x0f, 0x03, 0x00, 0x00, 0x7e,
  0x03, 0x00, 0x00, 0xf8, 0x03, 0x00, 0x00, 0xc0, 0x0f, 0x00, 0x00, 0x00, 0x3e, 0x00, 0x00, 0x00,
  0x38, 0x00, 0x00, 0x00, 0x00, 0x00, 0x00, 0x00, 0x00, 0xe0, 0xff, 0x3f, 0x00, 0xe0, 0xff, 0x3f,
  0x00, 0xe0, 0xff, 0x3f, 0x00, 0x60, 0x30, 0x30, 0x00, 0x60, 0x30, 0x30, 0x00, 0x60, 0x30, 0x30,
  0x00, 0x60, 0x30, 0x30, 0x00, 0x60, 0x30, 0x30, 0x00, 0xe0, 0x78, 0x38, 0x00, 0xc0, 0xff, 0x1c,
  0x00, 0x80, 0xcf, 0x1f, 0x00, 0x00, 0x80, 0x0f, 0x00, 0x00, 0x00, 0x00, 0x00, 0xf8, 0x00, 0x00,
  0x00, 0xfe, 0x03, 0x00, 0x80, 0xff, 0x0f, 0x00, 0xc0, 0x03, 0x1e, 0x00, 0xc0, 0x00, 0x18, 0x00,
  0xe0, 0x00, 0x38, 0x00, 0x60, 0x00, 0x30, 0x00, 0x60, 0x00, 0x30, 0x00, 0x60, 0x00, 0x30, 0x00,
  0x60, 0x00, 0x30, 0x00, 0x60, 0x00, 0x30, 0x00, 0xc0, 0x00, 0x18, 0x00, 0xc0, 0x00, 0x18, 0x00,
  0x80, 0x01, 0x0c, 0x00, 0x00, 0x00, 0x00, 0x00, 0x00, 0x00, 0x00, 0xe0, 0xff, 0x3f, 0x00, 0xe0,
  0xff, 0x3f, 0x00, 0xe0, 0xff, 0x3f, 0x00, 0x60, 0x00, 0x30, 0x00, 0x60, 0x00, 0x30, 0x00, 0x60,
  0x00, 0x30, 0x00, 0x60, 0x00, 0x30, 0x00, 0x60, 0x00, 0x30, 0x00, 0x60, 0x00, 0x30, 0x00, 0xc0,
  0x00, 0x18, 0x00, 0xc0, 0x01, 0x1c, 0x00, 0x80, 0x07, 0x0f, 0x00, 0x00, 0xff, 0x07, 0x00, 0x00,
  0xfe, 0x03, 0x00, 0x00, 0x00, 0x00, 0x00, 0x00, 0x00, 0x00, 0xe0, 0xff, 0x3f, 0x00, 0xe0, 0xff,
  0x3f, 0x00, 0xe0, 0xff, 0x3f, 0x00, 0x60, 0x30, 0x30, 0x00, 0x60, 0x30, 0x30, 0x00, 0x60, 0x30,
  0x30, 0x00, 0x60, 0x30, 0x30, 0x00, 0x60, 0x30, 0x30, 0x00, 0x60, 0x30, 0x30, 0x00, 0x60, 0x30,
  0x30, 0x00, 0x60, 0x30, 0x30, 0x00, 0x00, 0x00, 0x00, 0x00, 0x00, 0x00, 0x00, 0xe0, 0xff, 0x3f,
  0x00, 0xe0, 0xff, 0x3f, 0x00, 0xe0, 0xff, 0x3f, 0x00, 0x60, 0x30, 0x00, 0x00, 0x60, 0x30, 0x00,
  0x00, 0x60, 0x30, 0x00, 0x00, 0x60, 0x30, 0x00, 0x00, 0x60, 0x30, 0x00, 0x00, 0x60, 0x30, 0x00,
  0x00, 0x60, 0x00, 0x00, 0x00, 0x00, 0x00, 0xf8, 0x00, 0x00, 0x00, 0xfe, 0x03, 0x00, 0x80, 0xff,
  0x0f, 0x00, 0xc0, 0x03, 0x1e, 0x00, 0xc0, 0x00, 0x18, 0x00, 0xe0, 0x00, 0x38, 0x00, 0x60, 0x00,
  0x30, 0x00, 0x60, 0x00, 0x30, 0x00, 0x60, 0x00, 0x30, 0x00, 0x60, 0x60, 0x30, 0x00, 0x60, 0x60,
  0x30, 0x00, 0x60, 0x60, 0x30, 0x00, 0xc0, 0x60, 0x18, 0x00, 0xc0, 0xe0, 0x1f, 0x00, 0x80, 0xe0,
  0x0f, 0x00, 0x00, 0x00, 0x00, 0x00, 0x00, 0x00, 0x00, 0xe0, 0xff, 0x3f, 0x00, 0xe0, 0xff, 0x3f,
  0x00, 0xe0, 0xff, 0x3f, 0x00, 0x00, 0x30, 0x00, 0x00, 0x00, 0x30, 0x00, 0x00, 0x00, 0x30, 0x00,
  0x00, 0x00, 0x30, 0x00, 0x00, 0x00, 0x30, 0x00, 0x00, 0x00, 0x30, 0x00, 0x00, 0x00, 0x30, 0x00,
  0x00, 0x00, 0x30, 0x00, 0x00, 0xe0, 0xff, 0x3f, 0x00, 0xe0, 0xff, 0x3f, 0x00, 0x00, 0x00, 0x00,
  0x00, 0x00, 0x00, 0x00, 0xe0, 0xff, 0x3f, 0x00, 0xe0, 0xff, 0x3f, 0x00, 0xe0, 0xff, 0x3f, 0x00,
  0x00, 0x00, 0x06, 0x00, 0x00, 0x00, 0x06, 0x00, 0x00, 0x00, 0x07, 0xe0, 0xff, 0xff, 0x03, 0xe0,
  0xff, 0xff, 0x01, 0xe0, 0xff, 0x3f, 0x00, 0x00, 0x00, 0x00, 0x00, 0x00, 0x00, 0x00, 0xe0, 0xff,
  0x3f, 0x00, 0xe0, 0xff, 0x3f, 0x00, 0xe0, 0xff, 0x3f, 0x00, 0x00, 0x78, 0x00, 0x00, 0x00, 0xfc,
  0x00, 0x00, 0x00, 0xce, 0x01, 0x00, 0x00, 0x87, 0x03, 0x00, 0x80, 0x03, 0x07, 0x00, 0xc0, 0x01,
  0x0e, 0x00, 0xc0, 0x00, 0x1c, 0x00, 0x60, 0x00, 0x38, 0x00, 0x20, 0x00, 0x30, 0x00, 0x00, 0x00,
  0x20, 0x00, 0x00, 0x00, 0x00, 0x00, 0x00, 0x00, 0x00, 0xe0, 0xff, 0x3f, 0x00, 0xe0, 0xff, 0x3f,
  0x00, 0xe0, 0xff, 0x3f, 0x00, 0x00, 0x00, 0x30, 0x00, 0x00, 0x00, 0x30, 0x00, 0x00, 0x00, 0x30,
  0x00, 0x00, 0x00, 0x30, 0x00, 0x00, 0x00, 0x30, 0x00, 0x00, 0x00, 0x30, 0x00, 0x00, 0x00, 0x30,
  0x00, 0x00, 0x00, 0x30, 0x00, 0x00, 0x00, 0x00, 0x00, 0x00, 0x00, 0x00, 0xe0, 0xff, 0x3f, 0x00,
  0xe0, 0xff, 0x3f, 0x00, 0xe0, 0x01, 0x00, 0x00, 0xe0, 0x03, 0x00, 0x00, 0x80, 0x1f, 0x00, 0x00,
  0x00, 0x7c, 0x00, 0x00, 0x00, 0xe0, 0x03, 0x00, 0x00, 0x00, 0x07, 0x00, 0x00, 0x80, 0x07, 0x00,
  0x00, 0xf0, 0x03, 0x00, 0x00, 0x7c, 0x00, 0x00, 0x80, 0x0f, 0x00, 0x00, 0xe0, 0x03, 0x00, 0x00,
  0xe0, 0xff, 0x3f, 0x00, 0xe0, 0xff, 0x3f, 0x00, 0xe0, 0xff, 0x3f, 0x00, 0x00, 0x00, 0x00, 0x00,
  0x00, 0x00, 0x00, 0xe0, 0xff, 0x3f, 0x00, 0xe0, 0xff, 0x3f, 0x00, 0xe0, 0x01, 0x00, 0x00, 0xe0,
  0x03, 0x00, 0x00, 0x80, 0x0f, 0x00, 0x00, 0x00, 0x3e, 0x00, 0x00, 0x00, 0xf8, 0x00, 0x00, 0x00,
  0xe0, 0x01, 0x00, 0x00, 0x80, 0x07, 0x00, 0x00, 0x00, 0x1e, 0x00, 0x00, 0x00, 0x3c, 0x00, 0xe0,
  0xff, 0x3f, 0x00, 0xe0, 0xff, 0x3f, 0x00, 0x00, 0x00, 0x00, 0x00, 0xf8, 0x00, 0x00, 0x00, 0xfe,
  0x03, 0x00, 0x80, 0xff, 0x0f, 0x00, 0xc0, 0x03, 0x1e, 0x00, 0xc0, 0x00, 0x18, 0x00, 0xe0, 0x00,
  0x38, 0x00, 0x60, 0x00, 0x30, 0x00, 0x60, 0x00, 0x30, 0x00, 0x60, 0x00, 0x30, 0x00, 0x60, 0x00,
  0x30, 0x00, 0xe0, 0x00, 0x38, 0x00, 0xc0, 0x00, 0x18, 0x00, 0xc0, 0x03, 0x1e, 0x00, 0x80, 0xff,
  0x0f, 0x00, 0x00, 0xff, 0x07, 0x00, 0x00, 0xf8, 0x00, 0x00, 0x00, 0x00, 0x00, 0x00, 0x00, 0x00,
  0xe0, 0xff, 0x3f, 0x00, 0xe0, 0xff, 0x3f, 0x00, 0xe0, 0xff, 0x3f, 0x00, 0x60, 0x60, 0x00, 0x00,
  0x60, 0x60, 0x00, 0x00, 0x60, 0x60, 0x00, 0x00, 0x60, 0x60, 0x00, 0x00, 0xe0, 0x70, 0x00, 0x00,
  0xc0, 0x39, 0x00, 0x00, 0xc0, 0x3f, 0x00, 0x00, 0x80, 0x1f, 0x00, 0x00, 0x00, 0x00, 0x00, 0xf8,
  0x00, 0x00, 0x00, 0xfe, 0x03, 0x00, 0x80, 0xff, 0x0f, 0x00, 0xc0, 0x03, 0x1e, 0x00, 0xc0, 0x00,
  0x18, 0x00, 0xe0, 0x00, 0x38, 0x00, 0x60, 0x00, 0x30, 0x00, 0x60, 0x00, 0x30, 0x00, 0x60, 0x00,
  0x30, 0x00, 0x60, 0x00, 0x70, 0x00, 0xe0, 0x00, 0xf8, 0x00, 0xc0, 0x00, 0xf8, 0x01, 0xc0, 0x03,
  0x9e, 0x01, 0x80, 0xff, 0x0f, 0x01, 0x00, 0xff, 0x07, 0x00, 0x00, 0xf8, 0x00, 0x00, 0x00, 0x00,
  0x00, 0x00, 0x00, 0x00, 0xe0, 0xff, 0x3f, 0x00, 0xe0, 0xff, 0x3f, 0x00, 0xe0, 0xff, 0x3f, 0x00,
  0x60, 0x60, 0x00, 0x00, 0x60, 0x60, 0x00, 0x00, 0x60, 0x60, 0x00, 0x00, 0x60, 0x60, 0x00, 0x00,
  0xe0, 0xf0, 0x00, 0x00, 0xc0, 0xf9, 0x01, 0x00, 0xc0, 0x9f, 0x07, 0x00, 0x80, 0x0f, 0x1e, 0x00,
  0x00, 0x00, 0x3c, 0x00, 0x00, 0x00, 0x30, 0x00, 0x00, 0x00, 0x00, 0x00, 0x00, 0x00, 0x00, 0x80,
  0x1f, 0x18, 0x00, 0xc0, 0x1f, 0x30, 0x00, 0xe0, 0x38, 0x30, 0x00, 0x60, 0x30, 0x30, 0x00, 0x60,
  0x30, 0x30, 0x00, 0x60, 0x70, 0x30, 0x00, 0x60, 0x70, 0x30, 0x00, 0x60, 0x60, 0x38, 0x00, 0x60,
  0xe0, 0x18, 0x00, 0xc0, 0xc0, 0x1f, 0x00, 0x00, 0x80, 0x0f, 0x60, 0x00, 0x00, 0x00, 0x60, 0x00,
  0x00, 0x00, 0x60, 0x00, 0x00, 0x00, 0x60, 0x00, 0x00, 0x00, 0x60, 0x00, 0x00, 0x00, 0x60, 0x00,
  0x00, 0x00, 0xe0, 0xff, 0x3f, 0x00, 0xe0, 0xff, 0x3f, 0x00, 0x60, 0x00, 0x00, 0x00, 0x60, 0x00,
  0x00, 0x00, 0x60, 0x00, 0x00, 0x00, 0x60, 0x00, 0x00, 0x00, 0x60, 0x00, 0x00, 0x00, 0x60, 0x00,
  0x00, 0x00, 0x00, 0x00, 0x00, 0x00, 0x00, 0xe0, 0xff, 0x03, 0x00, 0xe0, 0xff, 0x0f, 0x00, 0x00,
  0x00, 0x1e, 0x00, 0x00, 0x00, 0x18, 0x00, 0x00, 0x00, 0x30, 0x00, 0x00, 0x00, 0x30, 0x00, 0x00,
  0x00, 0x30, 0x00, 0x00, 0x00, 0x30, 0x00, 0x00, 0x00, 0x30, 0x00, 0x00, 0x00, 0x18, 0x00, 0x00,
  0x00, 0x1f, 0x00, 0xe0, 0xff, 0x0f, 0x00, 0xe0, 0xff, 0x03, 0x20, 0x00, 0x00, 0x00, 0xe0, 0x01,
  0x00, 0x00, 0xe0, 0x07, 0x00, 0x00, 0x00, 0x3f, 0x00, 0x00, 0x00, 0xfc, 0x00, 0x00, 0x00, 0xe0,
  0x07, 0x00, 0x00, 0x00, 0x3f, 0x00, 0x00, 0x00, 0x3c, 0x00, 0x00, 0x00, 0x3c, 0x00, 0x00, 0x80,
  0x1f, 0x00, 0x00, 0xf0, 0x03, 0x00, 0x00, 0xfc, 0x00, 0x00, 0x80, 0x1f, 0x00, 0x00, 0xe0, 0x03,
  0x00, 0x00, 0xe0, 0x00, 0x00, 0x00, 0x00, 0xe0, 0x00, 0x00, 0x00, 0xe0, 0x0f, 0x00, 0x00, 0x80,
  0xff, 0x00, 0x00, 0x00, 0xf8, 0x0f, 0x00, 0x00, 0x80, 0x3f, 0x00, 0x00, 0x00, 0x3c, 0x00, 0x00,
  0x00, 0x3f, 0x00, 0x00, 0xf0, 0x07, 0x00, 0x80, 0x7f, 0x00, 0x00, 0xe0, 0x07, 0x00, 0x00, 0xe0,
  0x00, 0x00, 0x00, 0xe0, 0x0f, 0x00, 0x00, 0x00, 0xfe, 0x00, 0x00, 0x00, 0xe0, 0x0f, 0x00, 0x00,
  0x00, 0x3e, 0x00, 0x00, 0x00, 0x3c, 0x00, 0x00, 0xc0, 0x3f, 0x00, 0x00, 0xfc, 0x07, 0x00, 0xc0,
  0x7f, 0x00, 0x00, 0xe0, 0x07, 0x00, 0x00, 0x60, 0x00, 0x00, 0x00, 0x00, 0x00, 0x00, 0x20, 0x00,
  0x60, 0x00, 0x38, 0x00, 0xe0, 0x00, 0x1c, 0x00, 0xc0, 0x03, 0x0f, 0x00, 0x80, 0x87, 0x07, 0x00,
  0x00, 0xfe, 0x01, 0x00, 0x00, 0xf8, 0x00, 0x00, 0x00, 0xfc, 0x00, 0x00, 0x00, 0xde, 0x01, 0x00,
  0x00, 0x87, 0x07, 0x00, 0xc0, 0x03, 0x0e, 0x00, 0xe0, 0x00, 0x3c, 0x00, 0x60, 0x00, 0x30, 0x00,
  0x00, 0x00, 0x20, 0x20, 0x00, 0x00, 0x00, 0x60, 0x00, 0x00, 0x00, 0xe0, 0x01, 0x00, 0x00, 0x80,
  0x03, 0x00, 0x00, 0x00, 0x0f, 0x00, 0x00, 0x00, 0x1c, 0x00, 0x00, 0x00, 0xf8, 0x3f, 0x00, 0x00,
  0xf8, 0x3f, 0x00, 0x00, 0x1c, 0x00, 0x00, 0x00, 0x0f, 0x00, 0x00, 0x80, 0x03, 0x00, 0x00, 0xe0,
  0x01, 0x00, 0x00, 0x60, 0x00, 0x00, 0x00, 0x20, 0x00, 0x00, 0x00, 0x00, 0x60, 0x00, 0x30, 0x00,
  0x60, 0x00, 0x3c, 0x00, 0x60, 0x00, 0x3e, 0x00, 0x60, 0x00, 0x37, 0x00, 0x60, 0x80, 0x33, 0x00,
  0x60, 0xe0, 0x31, 0x00, 0x60, 0x70, 0x30, 0x00, 0x60, 0x38, 0x30, 0x00, 0x60, 0x1c, 0x30, 0x00,
  0x60, 0x0f, 0x30, 0x00, 0xe0, 0x03, 0x30, 0x00, 0xe0, 0x01, 0x30, 0x00, 0xe0, 0x00, 0x30, 0x00,
  0x00, 0x00, 0x30, 0x00, 0x00, 0x00, 0x00, 0x00, 0x00, 0x00, 0x00, 0xe0, 0xff, 0xff, 0x03, 0xe0,
  0xff, 0xff, 0x03, 0x60, 0x00, 0x00, 0x03, 0x60, 0x00, 0x00, 0x03, 0x60, 0x00, 0x00, 0x03, 0x60,
  0x00, 0x00, 0x00, 0xe0, 0x03, 0x00, 0x00, 0x80, 0x1f, 0x00, 0x00, 0x00, 0xfc, 0x00, 0x00, 0x00,
  0xe0, 0x0f, 0x00, 0x00, 0x00, 0x7e, 0x00, 0x00, 0x00, 0xf0, 0x00, 0x00, 0x00, 0x80, 0x00, 0x00,
  0x00, 0x00, 0x00, 0x00, 0x00, 0x00, 0x60, 0x00, 0x00, 0x03, 0x60, 0x00, 0x00, 0x03, 0x60, 0x00,
  0x00, 0x03, 0xe0, 0xff, 0xff, 0x03, 0xe0, 0xff, 0xff, 0x03, 0x00, 0x00, 0x00, 0x00, 0x00, 0x00,
  0x00, 0x00, 0x00, 0x00, 0x00, 0x00, 0x00, 0x04, 0x00, 0x00, 0x00, 0x06, 0x00, 0x00, 0x00, 0x03,
  0x00, 0x00, 0x80, 0x01, 0x00, 0x00, 0xc0, 0x01, 0x00, 0x00, 0xe0, 0x00, 0x00, 0x00, 0x60, 0x00,
  0x00, 0x00, 0x60, 0x00, 0x00, 0x00, 0xc0, 0x00, 0x00, 0x00, 0x80, 0x01, 0x00, 0x00, 0x00, 0x03,
  0x00, 0x00, 0x00, 0x06, 0x00, 0x00, 0x00, 0x04, 0x00, 0x00, 0x00, 0x06, 0x00, 0x00, 0x00, 0x06,
  0x00, 0x00, 0x00, 0x06, 0x00, 0x00, 0x00, 0x06, 0x00, 0x00, 0x00, 0x06, 0x00, 0x00, 0x00, 0x06,
  0x00, 0x00, 0x00, 0x06, 0x00, 0x00, 0x00, 0x06, 0x00, 0x00, 0x00, 0x06, 0x00, 0x00, 0x00, 0x06,
  0x00, 0x00, 0x00, 0x06, 0x00, 0x00, 0x00, 0x06, 0x00, 0x00, 0x00, 0x00, 0x00, 0x00, 0x00, 0x00,
  0x10, 0x00, 0x00, 0x00, 0x30, 0x00, 0x00, 0x00, 0x70, 0x00, 0x00, 0x00, 0xc0, 0x00, 0x00, 0x00,
  0x80, 0x00, 0x00, 0x00, 0x00, 0x00, 0x00, 0x06, 0x00, 0x00, 0x8c, 0x1f, 0x00, 0x00, 0x8c, 0x3f,
  0x00, 0x00, 0xc6, 0x30, 0x00, 0x00, 0xc6, 0x30, 0x00, 0x00, 0xc6, 0x30, 0x00, 0x00, 0xc6, 0x30,
  0x00, 0x00, 0xc6, 0x18, 0x00, 0x00, 0xcc, 0x1c, 0x00, 0x00, 0xfc, 0x3f, 0x00, 0x00, 0xf0, 0x3f,
  0x00, 0x00, 0x00, 0x00, 0x00, 0x00, 0x00, 0x00, 0xe0, 0xff, 0x3f, 0x00, 0xe0, 0xff, 0x3f, 0x00,
  0x00, 0x1c, 0x1c, 0x00, 0x00, 0x0c, 0x18, 0x00, 0x00, 0x06, 0x30, 0x00, 0x00, 0x06, 0x30, 0x00,
  0x00, 0x06, 0x30, 0x00, 0x00, 0x0e, 0x38, 0x00, 0x00, 0x1c, 0x1c, 0x00, 0x00, 0xfc, 0x1f, 0x00,
  0x00, 0xf0, 0x07, 0x00, 0x00, 0x00, 0x00, 0x00, 0xc0, 0x01, 0x00, 0x00, 0xf8, 0x0f, 0x00, 0x00,
  0x7c, 0x1f, 0x00, 0x00, 0x0c, 0x18, 0x00, 0x00, 0x0e, 0x30, 0x00, 0x00, 0x06, 0x30, 0x00, 0x00,
  0x06, 0x30, 0x00, 0x00, 0x06, 0x30, 0x00, 0x00, 0x06, 0x30, 0x00, 0x00, 0x0c, 0x18, 0x00, 0x00,
  0x00, 0x00, 0x00, 0xe0, 0x03, 0x00, 0x00, 0xf8, 0x0f, 0x00, 0x00, 0x7c, 0x1f, 0x00, 0x00, 0x0e,
  0x38, 0x00, 0x00, 0x06, 0x30, 0x00, 0x00, 0x06, 0x30, 0x00, 0x00, 0x06, 0x30, 0x00, 0x00, 0x06,
  0x30, 0x00, 0x00, 0x0c, 0x18, 0x00, 0xe0, 0xff, 0x3f, 0x00, 0xe0, 0xff, 0x3f, 0x00, 0xe0, 0xff,
  0x3f, 0x00, 0x00, 0x00, 0x00, 0x00, 0xc0, 0x01, 0x00, 0x00, 0xf8, 0x0f, 0x00, 0x00, 0xfc, 0x1f,
  0x00, 0x00, 0xcc, 0x18, 0x00, 0x00, 0xc6, 0x38, 0x00, 0x00, 0xc6, 0x30, 0x00, 0x00, 0xc6, 0x30,
  0x00, 0x00, 0xc6, 0x30, 0x00, 0x00, 0xce, 0x30, 0x00, 0x00, 0xdc, 0x30, 0x00, 0x00, 0xf8, 0x18,
  0x00, 0x00, 0xf0, 0x00, 0x00, 0x00, 0x00, 0x00, 0x06, 0x00, 0x00, 0x00, 0xfe, 0x3f, 0x00, 0xc0,
  0xff, 0x3f, 0x00, 0xe0, 0xff, 0x3f, 0x00, 0x60, 0x06, 0x00, 0x00, 0x60, 0x06, 0x00, 0x00, 0x60,
  0x06, 0x00, 0x00, 0x60, 0x00, 0x00, 0x00, 0x00, 0x00, 0xe0, 0x03, 0x00, 0x00, 0xf8, 0x0f, 0x00,
  0x00, 0x7c, 0x1f, 0x03, 0x00, 0x0e, 0x38, 0x06, 0x00, 0x06, 0x30, 0x06, 0x00, 0x06, 0x30, 0x06,
  0x00, 0x06, 0x30, 0x06, 0x00, 0x06, 0x30, 0x06, 0x00, 0x0c, 0x18, 0x03, 0x00, 0xfe, 0xff, 0x03,
  0x00, 0xfe, 0xff, 0x01, 0x00, 0xfe, 0x0f, 0x00, 0x00, 0x00, 0x00, 0x00, 0x00, 0x00, 0x00, 0xe0,
  0xff, 0x3f, 0x00, 0xe0, 0xff, 0x3f, 0x00, 0x00, 0x1c, 0x00, 0x00, 0x00, 0x0c, 0x00, 0x00, 0x00,
  0x06, 0x00, 0x00, 0x00, 0x06, 0x00, 0x00, 0x00, 0x06, 0x00, 0x00, 0x00, 0x0e, 0x00, 0x00, 0x00,
  0x3c, 0x00, 0x00, 0x00, 0xfc, 0x3f, 0x00, 0x00, 0xe0, 0x3f, 0x00, 0x00, 0x00, 0x00, 0x00, 0x00,
  0x00, 0x00, 0xe0, 0xfe, 0x3f, 0x00, 0xe0, 0xfe, 0x3f, 0x00, 0x00, 0x00, 0x06, 0x00, 0x00, 0x00,
  0x06, 0xe0, 0xfe, 0xff, 0x03, 0xe0, 0xfe, 0xff, 0x03, 0x00, 0x00, 0x00, 0x00, 0x00, 0x00, 0x00,
  0x00, 0xe0, 0xff, 0x3f, 0x00, 0xe0, 0xff, 0x3f, 0x00, 0x00, 0xc0, 0x00, 0x00, 0x00, 0xe0, 0x01,
  0x00, 0x00, 0xf0, 0x03, 0x00, 0x00, 0x30, 0x07, 0x00, 0x00, 0x18, 0x0e, 0x00, 0x00, 0x0c, 0x1c,
  0x00, 0x00, 0x06, 0x38, 0x00, 0x00, 0x02, 0x30, 0x00, 0x00, 0x00, 0x20, 0x00, 0x00, 0x00, 0x00,
  0x00, 0x00, 0x00, 0x00, 0xe0, 0xff, 0x3f, 0x00, 0xe0, 0xff, 0x3f, 0x00, 0x00, 0x00, 0x00, 0x00,
  0x00, 0x00, 0x00, 0x00, 0xfe, 0x3f, 0x00, 0x00, 0xfe, 0x3f, 0x00, 0x00, 0x1c, 0x00, 0x00, 0x00,
  0x0c, 0x00, 0x00, 0x00, 0x06, 0x00, 0x00, 0x00, 0x06, 0x00, 0x00, 0x00, 0x06, 0x00, 0x00, 0x00,
  0x0e, 0x00, 0x00, 0x00, 0xfc, 0x3f, 0x00, 0x00, 0xf8, 0x3f, 0x00, 0x00, 0x18, 0x00, 0x00, 0x00,
  0x0c, 0x00, 0x00, 0x00, 0x06, 0x00, 0x00, 0x00, 0x06, 0x00, 0x00, 0x00, 0x06, 0x00, 0x00, 0x00,
  0x0e, 0x00, 0x00, 0x00, 0xfc, 0x3f, 0x00, 0x00, 0xf8, 0x3f, 0x00, 0x00, 0x00, 0x00, 0x00, 0x00,
  0x00, 0x00, 0x00, 0xfe, 0x3f, 0x00, 0x00, 0xfe, 0x3f, 0x00, 0x00, 0x1c, 0x00, 0x00, 0x00, 0x0c,
  0x00, 0x00, 0x00, 0x06, 0x00, 0x00, 0x00, 0x06, 0x00, 0x00, 0x00, 0x06, 0x00, 0x00, 0x00, 0x0e,
  0x00, 0x00, 0x00, 0x3c, 0x00, 0x00, 0x00, 0xfc, 0x3f, 0x00, 0x00, 0xe0, 0x3f, 0x00, 0x00, 0x00,
  0x00, 0x00, 0xe0, 0x03, 0x00, 0x00, 0xf8, 0x0f, 0x00, 0x00, 0x7c, 0x1f, 0x00, 0x00, 0x0c, 0x18,
  0x00, 0x00, 0x06, 0x30, 0x00, 0x00, 0x06, 0x30, 0x00, 0x00, 0x06, 0x30, 0x00, 0x00, 0x06, 0x30,
  0x00, 0x00, 0x0e, 0x38, 0x00, 0x00, 0x7c, 0x1f, 0x00, 0x00, 0xf8, 0x0f, 0x00, 0x00, 0xe0, 0x03,
  0x00, 0x00, 0x00, 0x00, 0x00, 0x00, 0x00, 0x00, 0x00, 0xfe, 0xff, 0x07, 0x00, 0xfe, 0xff, 0x07,
  0x00, 0x1c, 0x1c, 0x00, 0x00, 0x0c, 0x18, 0x00, 0x00, 0x06, 0x30, 0x00, 0x00, 0x06, 0x30, 0x00,
  0x00, 0x06, 0x30, 0x00, 0x00, 0x0e, 0x38, 0x00, 0x00, 0x1c, 0x1c, 0x00, 0x00, 0xfc, 0x1f, 0x00,
  0x00, 0xf0, 0x07, 0x00, 0x00, 0x00, 0x00, 0x00, 0xe0, 0x03, 0x00, 0x00, 0xf8, 0x0f, 0x00, 0x00,
  0x7c, 0x1f, 0x00, 0x00, 0x0e, 0x38, 0x00, 0x00, 0x06, 0x30, 0x00, 0x00, 0x06, 0x30, 0x00, 0x00,
  0x06, 0x30, 0x00, 0x00, 0x06, 0x30, 0x00, 0x00, 0x0c, 0x18, 0x00, 0x00, 0xfe, 0xff, 0x07, 0x00,
  0xfe, 0xff, 0x07, 0x00, 0xfe, 0xff, 0x07, 0x00, 0x00, 0x00, 0x00, 0x00, 0x00, 0x00, 0x00, 0x00,
  0xfe, 0x3f, 0x00, 0x00, 0xfe, 0x3f, 0x00, 0x00, 0x1c, 0x00, 0x00, 0x00, 0x0c, 0x00, 0x00, 0x00,
  0x06, 0x00, 0x00, 0x00, 0x06, 0x00, 0x00, 0x00, 0x06, 0x00, 0x00, 0x00, 0x00, 0x00, 0x30, 0x18,
  0x00, 0x00, 0x7c, 0x18, 0x00, 0x00, 0xee, 0x30, 0x00, 0x00, 0xc6, 0x30, 0x00, 0x00, 0xc6, 0x30,
  0x00, 0x00, 0x86, 0x31, 0x00, 0x00, 0x86, 0x31, 0x00, 0x00, 0x86, 0x3b, 0x00, 0x00, 0x0c, 0x1f,
  0x00, 0x00, 0x00, 0x0e, 0x00, 0x00, 0x00, 0x00, 0x00, 0x06, 0x00, 0x00, 0xe0, 0xff, 0x0f, 0x00,
  0xe0, 0xff, 0x1f, 0x00, 0x00, 0x06, 0x38, 0x00, 0x00, 0x06, 0x30, 0x00, 0x00, 0x06, 0x30, 0x00,
  0x00, 0x06, 0x30, 0x00, 0x00, 0x00, 0x00, 0x00, 0x00, 0x00, 0x00, 0x00, 0xfe, 0x0f, 0x00, 0x00,
  0xfe, 0x1f, 0x00, 0x00, 0x00, 0x38, 0x00, 0x00, 0x00, 0x30, 0x00, 0x00, 0x00, 0x30, 0x00, 0x00,
  0x00, 0x30, 0x00, 0x00, 0x00, 0x30, 0x00, 0x00, 0x00, 0x18, 0x00, 0x00, 0xfe, 0x3f, 0x00, 0x00,
  0xfe, 0x3f, 0x00, 0x00, 0x00, 0x00, 0x00, 0x06, 0x00, 0x00, 0x00, 0x3e, 0x00, 0x00, 0x00, 0xf8,
  0x01, 0x00, 0x00, 0xc0, 0x0f, 0x00, 0x00, 0x00, 0x3f, 0x00, 0x00, 0x00, 0x38, 0x00, 0x00, 0x00,
  0x3c, 0x00, 0x00, 0x80, 0x1f, 0x00, 0x00, 0xf0, 0x03, 0x00, 0x00, 0xfc, 0x00, 0x00, 0x00, 0x1e,
  0x00, 0x00, 0x00, 0x02, 0x00, 0x00, 0x00, 0x00, 0x00, 0x06, 0x00, 0x00, 0x00, 0x7e, 0x00, 0x00,
  0x00, 0xf8, 0x07, 0x00, 0x00, 0x80, 0x3f, 0x00, 0x00, 0x00, 0x3c, 0x00, 0x00, 0x00, 0x3f, 0x00,
  0x00, 0xf0, 0x07, 0x00, 0x00, 0x7e, 0x00, 0x00, 0x00, 0x0e, 0x00, 0x00, 0x00, 0xfe, 0x00, 0x00,
  0x00, 0xf0, 0x0f, 0x00, 0x00, 0x00, 0x3f, 0x00, 0x00, 0x00, 0x3c, 0x00, 0x00, 0xc0, 0x3f, 0x00,
  0x00, 0xfc, 0x03, 0x00, 0x00, 0x3e, 0x00, 0x00, 0x00, 0x02, 0x00, 0x00, 0x00, 0x00, 0x00, 0x02,
  0x20, 0x00, 0x00, 0x06, 0x38, 0x00, 0x00, 0x0e, 0x1c, 0x00, 0x00, 0x3c, 0x0e, 0x00, 0x00, 0xf0,
  0x07, 0x00, 0x00, 0xe0, 0x01, 0x00, 0x00, 0xe0, 0x03, 0x00, 0x00, 0x78, 0x07, 0x00, 0x00, 0x1c,
  0x1e, 0x00, 0x00, 0x0e, 0x38, 0x00, 0x00, 0x06, 0x30, 0x00, 0x00, 0x00, 0x20, 0x00, 0x00, 0x00,
  0x00, 0x00, 0x06, 0x00, 0x00, 0x00, 0x3e, 0x00, 0x06, 0x00, 0xf8, 0x00, 0x06, 0x00, 0xe0, 0x07,
  0x07, 0x00, 0x00, 0xdf, 0x03, 0x00, 0x00, 0xfc, 0x01, 0x00, 0x00, 0x7e, 0x00, 0x00, 0x80, 0x0f,
  0x00, 0x00, 0xf0, 0x03, 0x00, 0x00, 0x7c, 0x00, 0x00, 0x00, 0x1e, 0x00, 0x00, 0x00, 0x02, 0x00,
  0x00, 0x00, 0x00, 0x00, 0x06, 0x38, 0x00, 0x00, 0x06, 0x3c, 0x00, 0x00, 0x06, 0x3e, 0x00, 0x00,
  0x06, 0x37, 0x00, 0x00, 0x86, 0x31, 0x00, 0x00, 0xc6, 0x30, 0x00, 0x00, 0x76, 0x30, 0x00, 0x00,
  0x3e, 0x30, 0x00, 0x00, 0x1e, 0x30, 0x00, 0x00, 0x0e, 0x30, 0x00, 0x00, 0x00, 0x00, 0x00, 0x00,
  0x00, 0x00, 0x00, 0x00, 0x00, 0x00, 0x00, 0xc0, 0x00, 0x00, 0x00, 0xc0, 0x00, 0x00, 0x00, 0xc0,
  0x01, 0x00, 0x00, 0xff, 0x7f, 0x00, 0xc0, 0x3f, 0xff, 0x01, 0xe0, 0x01, 0xc0, 0x03, 0x60, 0x00,
  0x00, 0x03, 0x60, 0x00, 0x00, 0x03, 0x60, 0x00, 0x00, 0x03, 0x00, 0x00, 0x00, 0x00, 0x00, 0x00,
  0x00, 0x00, 0x00, 0x00, 0x00, 0x00, 0xe0, 0xff, 0xff, 0x0f, 0xe0, 0xff, 0xff, 0x0f, 0x00, 0x00,
  0x00, 0x00, 0x00, 0x00, 0x00, 0x00, 0x00, 0x00, 0x00, 0x00, 0x60, 0x00, 0x00, 0x03, 0x60, 0x00,
  0x00, 0x03, 0x60, 0x00, 0x00, 0x03, 0xe0, 0x1f, 0xfe, 0x03, 0xc0, 0xff, 0xff, 0x01, 0x00, 0xe0,
  0x01, 0x00, 0x00, 0xc0, 0x00, 0x00, 0x00, 0xc0, 0x00, 0x00, 0x00, 0xc0, 0x00, 0x00, 0x00, 0x00,
  0x00, 0x00, 0x00, 0x00, 0x00, 0x80, 0x00, 0x00, 0x00, 0xc0, 0x00, 0x00, 0x00, 0x40, 0x00, 0x00,
  0x00, 0x60, 0x00, 0x00, 0x00, 0x60, 0x00, 0x00, 0x00, 0x60, 0x00, 0x00, 0x00, 0xe0, 0x00, 0x00,
  0x00, 0xc0, 0x00, 0x00, 0x00, 0xc0, 0x00, 0x00, 0x00, 0x80, 0x01, 0x00, 0x00, 0x80, 0x01, 0x00,
  0x00, 0x80, 0x01, 0x00, 0x00, 0x80, 0x01, 0x00, 0x00, 0xc0, 0x00, 0x00, 0x00, 0x60, 0x00, 0x00,
  0x00, 0x00, 0x00, 0x00, 0x00, 0x00, 0x00, 0x00, 0x00, 0x00, 0x00, 0x0e, 0xfc, 0x03, 0x00, 0x8e,
  0xff, 0x03, 0x00, 0x8e, 0xff, 0x03, 0x00, 0x00, 0x00, 0x00, 0x00, 0x00, 0x00, 0x00, 0x00, 0xf0,
  0x07, 0x00, 0x00, 0xf8, 0x0f, 0x00, 0x00, 0x1c, 0x1c, 0x00, 0x00, 0x0c, 0x38, 0x00, 0x00, 0x06,
  0x30, 0x00, 0x00, 0x06, 0x30, 0x00, 0xc0, 0xff, 0xff, 0x01, 0x00, 0x06, 0x30, 0x00, 0x00, 0x06,
  0x30, 0x00, 0x00, 0x0c, 0x18, 0x00, 0x00, 0x00, 0x00, 0x00, 0x00, 0x30, 0x00, 0x00, 0x60, 0x30,
  0x00, 0x00, 0x60, 0x30, 0x00, 0x00, 0xff, 0x3f, 0x00, 0xc0, 0xff, 0x3f, 0x00, 0xc0, 0x61, 0x30,
  0x00, 0x60, 0x60, 0x30, 0x00, 0x60, 0x60, 0x30, 0x00, 0x60, 0x60, 0x30, 0x00, 0x60, 0x60, 0x30,
  0x00, 0xc0, 0x00, 0x30, 0x00, 0x00, 0x00, 0x30, 0x00, 0x00, 0x00, 0x00, 0x00, 0x00, 0x00, 0x00,
  0x00, 0x06, 0x18, 0x00, 0x00, 0xfc, 0x0f, 0x00, 0x00, 0x38, 0x07, 0x00, 0x00, 0x1c, 0x0e, 0x00,
  0x00, 0x0c, 0x0c, 0x00, 0x00, 0x0c, 0x0c, 0x00, 0x00, 0x0c, 0x0c, 0x00, 0x00, 0x18, 0x06, 0x00,
  0x00, 0xf8, 0x07, 0x00, 0x00, 0xec, 0x0d, 0x00, 0x00, 0x06, 0x18, 0x00, 0x00, 0x00, 0x00, 0x20,
  0x00, 0x00, 0x00, 0xe0, 0x98, 0x01, 0x00, 0xc0, 0x99, 0x01, 0x00, 0x00, 0x9f, 0x01, 0x00, 0x00,
  0x9c, 0x01, 0x00, 0x00, 0xf8, 0x3f, 0x00, 0x00, 0xf0, 0x3f, 0x00, 0x00, 0xb8, 0x01, 0x00, 0x00,
  0x9e, 0x01, 0x00, 0x80, 0x9b, 0x01, 0x00, 0xe0, 0x99, 0x01, 0x00, 0x60, 0x98, 0x01, 0x00, 0x00,
  0x00, 0x00, 0x00, 0x00, 0x00, 0x00, 0x00, 0x00, 0x00, 0x00, 0xe0, 0x3f, 0xfe, 0x03, 0xe0, 0x3f,
  0xfe, 0x03, 0x00, 0x00, 0x00, 0x00, 0x00, 0x70, 0x00, 0x00, 0xc0, 0xfb, 0x60, 0x00, 0xc0, 0x8f,
  0xc1, 0x00, 0x60, 0x0c, 0xc3, 0x00, 0x60, 0x0c, 0xc3, 0x00, 0x60, 0x18, 0xc6, 0x00, 0x60, 0x30,
  0xee, 0x00, 0xc0, 0x70, 0x7f, 0x00, 0x00, 0xe0, 0x39, 0x00, 0x00, 0x00, 0x00, 0x00, 0x00, 0x00,
  0x00, 0x60, 0x00, 0x00, 0x00, 0x60, 0x00, 0x00, 0x00, 0x60, 0x00, 0x00, 0x00, 0x00, 0x00, 0x00,
  0x00, 0x00, 0x00, 0x00, 0x00, 0x60, 0x00, 0x00, 0x00, 0x60, 0x00, 0x00, 0x00, 0x00, 0x00, 0x00,
  0x00, 0x00, 0x00, 0x00, 0x00, 0x00, 0x00, 0xf8, 0x00, 0x00, 0x00, 0x8e, 0x03, 0x00, 0x00, 0x01,
  0x04, 0x00, 0x80, 0x00, 0x08, 0x00, 0x40, 0xfc, 0x11, 0x00, 0x40, 0x8e, 0x13, 0x00, 0x20, 0x03,
  0x26, 0x00, 0x20, 0x01, 0x24, 0x00, 0x20, 0x01, 0x24, 0x00, 0x20, 0x01, 0x24, 0x00, 0x20, 0x01,
  0x24, 0x00, 0x40, 0x02, 0x12, 0x00, 0x40, 0x00, 0x10, 0x00, 0x80, 0x00, 0x08, 0x00, 0x00, 0x01,
  0x04, 0x00, 0x00, 0x8e, 0x03, 0x00, 0x00, 0xf8, 0x00, 0x00, 0x00, 0x00, 0x00, 0x0c, 0x00, 0x00,
  0x40, 0x9e, 0x00, 0x00, 0x20, 0xb3, 0x00, 0x00, 0x20, 0xa1, 0x00, 0x00, 0x20, 0xa1, 0x00, 0x00,
  0x20, 0xb1, 0x00, 0x00, 0x60, 0x9d, 0x00, 0x00, 0xc0, 0xbf, 0x00, 0x00, 0x00, 0x00, 0x00, 0x00,
  0x00, 0x00, 0x00, 0xc0, 0x00, 0x00, 0x00, 0xe0, 0x01, 0x00, 0x00, 0x30, 0x03, 0x00, 0x00, 0x18,
  0x06, 0x00, 0x00, 0x1c, 0x0e, 0x00, 0x00, 0xc0, 0x00, 0x00, 0x00, 0xe0, 0x01, 0x00, 0x00, 0x30,
  0x03, 0x00, 0x00, 0x18, 0x06, 0x00, 0x00, 0x0c, 0x0c, 0x00, 0x00, 0x00, 0x00, 0x00, 0x00, 0x00,
  0x00, 0x00, 0x30, 0x00, 0x00, 0x00, 0x30, 0x00, 0x00, 0x00, 0x30, 0x00, 0x00, 0x00, 0x30, 0x00,
  0x00, 0x00, 0x30, 0x00, 0x00, 0x00, 0x30, 0x00, 0x00, 0x00, 0x30, 0x00, 0x00, 0x00, 0x30, 0x00,
  0x00, 0x00, 0x30, 0x00, 0x00, 0x00, 0x30, 0x00, 0x00, 0x00, 0x30, 0x00, 0x00, 0x00, 0x30, 0x00,
  0x00, 0x00, 0x30, 0x00, 0x00, 0x00, 0xf0, 0x03, 0x00, 0x00, 0xf0, 0x03, 0x00, 0x00, 0x00, 0x00,
  0x00, 0x80, 0x01, 0x00, 0x00, 0x80, 0x01, 0x00, 0x00, 0x80, 0x01, 0x00, 0x00, 0x80, 0x01, 0x00,
  0x00, 0x80, 0x01, 0x00, 0x00, 0x80, 0x01, 0x00, 0x00, 0x00, 0x00, 0x00, 0x00, 0x00, 0x00, 0x00,
  0x00, 0x00, 0x00, 0x00, 0xf8, 0x00, 0x00, 0x00, 0x8e, 0x03, 0x00, 0x00, 0x01, 0x04, 0x00, 0x80,
  0x00, 0x08, 0x00, 0x40, 0x00, 0x10, 0x00, 0x40, 0xff, 0x17, 0x00, 0x20, 0xff, 0x27, 0x00, 0x20,
  0x11, 0x20, 0x00, 0x20, 0x11, 0x20, 0x00, 0x20, 0x71, 0x20, 0x00, 0x20, 0xff, 0x23, 0x00, 0x40,
  0x8e, 0x17, 0x00, 0x40, 0x00, 0x14, 0x00, 0x80, 0x00, 0x08, 0x00, 0x00, 0x01, 0x04, 0x00, 0x00,
  0x8e, 0x03, 0x00, 0x00, 0xf8, 0x00, 0x00, 0x00, 0x00, 0x00, 0x00, 0x00, 0x00, 0x60, 0x00, 0x00,
  0x00, 0x60, 0x00, 0x00, 0x00, 0x60, 0x00, 0x00, 0x00, 0x60, 0x00, 0x00, 0x00, 0x60, 0x00, 0x00,
  0x00, 0x60, 0x00, 0x00, 0x00, 0x60, 0x00, 0x00, 0x00, 0x00, 0x00, 0x00, 0x00, 0x00, 0x80, 0x03,
  0x00, 0x00, 0xc0, 0x07, 0x00, 0x00, 0x60, 0x0c, 0x00, 0x00, 0x20, 0x08, 0x00, 0x00, 0x20, 0x08,
  0x00, 0x00, 0x40, 0x04, 0x00, 0x00, 0xc0, 0x07, 0x00, 0x00, 0x00, 0x00, 0x00, 0x00, 0x00, 0x00,
  0x00, 0x30, 0x30, 0x00, 0x00, 0x30, 0x30, 0x00, 0x00, 0x30, 0x30, 0x00, 0x00, 0x30, 0x30, 0x00,
  0x00, 0x30, 0x30, 0x00, 0x00, 0x30, 0x30, 0x00, 0x00, 0x30, 0x30, 0x00, 0x00, 0xff, 0x33, 0x00,
  0x00, 0xff, 0x33, 0x00, 0x00, 0x30, 0x30, 0x00, 0x00, 0x30, 0x30, 0x00, 0x00, 0x30, 0x30, 0x00,
  0x00, 0x30, 0x30, 0x00, 0x00, 0x30, 0x30, 0x00, 0x00, 0x30, 0x30, 0x00, 0x00, 0x00, 0x00, 0x40,
  0x20, 0x00, 0x00, 0x20, 0x30, 0x00, 0x00, 0x20, 0x38, 0x00, 0x00, 0x20, 0x2c, 0x00, 0x00, 0x60,
  0x26, 0x00, 0x00, 0xc0, 0x23, 0x00, 0x00, 0x80, 0x20, 0x00, 0x00, 0x00, 0x00, 0x20, 0x20, 0x00,
  0x00, 0x20, 0x20, 0x00, 0x00, 0x20, 0x21, 0x00, 0x00, 0x20, 0x21, 0x00, 0x00, 0x20, 0x21, 0x00,
  0x00, 0xe0, 0x1f, 0x00, 0x00, 0xc0, 0x1e, 0x00, 0x00, 0x00, 0x00, 0x00, 0x00, 0x00, 0x00, 0x00,
  0x00, 0x00, 0x00, 0x00, 0x00, 0x00, 0x00, 0x00, 0x00, 0x00, 0x00, 0xc0, 0x00, 0x00, 0x00, 0x60,
  0x00, 0x00, 0x00, 0x30, 0x00, 0x00, 0x00, 0x10, 0x00, 0x00, 0x00, 0x00, 0x00, 0x00, 0x00, 0x00,
  0x00, 0xfe, 0xff, 0x07, 0x00, 0xfe, 0xff, 0x07, 0x00, 0x00, 0x18, 0x00, 0x00, 0x00, 0x30, 0x00,
  0x00, 0x00, 0x30, 0x00, 0x00, 0x00, 0x30, 0x00, 0x00, 0x00, 0x30, 0x00, 0x00, 0x00, 0x18, 0x00,
  0x00, 0xfe, 0x1f, 0x00, 0x00, 0xfe, 0x3f, 0x00, 0x00, 0x00, 0x38, 0x00, 0x00, 0x00, 0x30, 0x00,
  0x00, 0x00, 0x00, 0x00, 0x00, 0x00, 0x00, 0x80, 0x0f, 0x00, 0x00, 0xc0, 0x1f, 0x00, 0x00, 0xc0,
  0x3f, 0x00, 0x00, 0xe0, 0x3f, 0x00, 0x00, 0xe0, 0x3f, 0x00, 0x00, 0xe0, 0xff, 0xff, 0x00, 0x20,
  0x00, 0x00, 0x00, 0x20, 0x00, 0x00, 0x00, 0x20, 0x00, 0x00, 0x00, 0xe0, 0xff, 0xff, 0x00, 0x00,
  0x00, 0x00, 0x00, 0x00, 0x00, 0x00, 0x00, 0xe0, 0x00, 0x00, 0x00, 0xe0, 0x00, 0x00, 0x00, 0xe0,
  0x00, 0x00, 0x00, 0x00, 0x00, 0x00, 0x00, 0x00, 0x00, 0x00, 0x00, 0x00, 0x00, 0x00, 0x00, 0x03,
  0x00, 0x00, 0x00, 0x03, 0x00, 0x00, 0x00, 0x03, 0x00, 0x00, 0xc0, 0x03, 0x00, 0x00, 0x80, 0x01,
  0x00, 0x00, 0x00, 0x00, 0x00, 0x00, 0x00, 0x00, 0x20, 0x20, 0x00, 0x00, 0x20, 0x20, 0x00, 0x00,
  0xe0, 0x3f, 0x00, 0x00, 0xe0, 0x3f, 0x00, 0x00, 0x00, 0x20, 0x00, 0x00, 0x00, 0x20, 0x00, 0x00,
  0x00, 0x00, 0x80, 0x0f, 0x00, 0x00, 0xc0, 0x9f, 0x00, 0x00, 0x60, 0xb0, 0x00, 0x00, 0x20, 0xa0,
  0x00, 0x00, 0x20, 0xa0, 0x00, 0x00, 0x20, 0xa0, 0x00, 0x00, 0x60, 0xb0, 0x00, 0x00, 0xc0, 0x9f,
  0x00, 0x00, 0x00, 0x07, 0x00, 0x00, 0x00, 0x00, 0x00, 0x00, 0x00, 0x00, 0x00, 0x0c, 0x0c, 0x00,
  0x00, 0x18, 0x06, 0x00, 0x00, 0x30, 0x03, 0x00, 0x00, 0xe0, 0x01, 0x00, 0x00, 0xc0, 0x00, 0x00,
  0x00, 0x0c, 0x0c, 0x00, 0x00, 0x18, 0x06, 0x00, 0x00, 0x30, 0x03, 0x00, 0x00, 0xe0, 0x01, 0x00,
  0x00, 0xc0, 0x00, 0x00, 0x00, 0x00, 0x00, 0x00, 0x00, 0x00, 0x20, 0x20, 0x00, 0x00, 0x20, 0x20,
  0x00, 0x00, 0xe0, 0x3f, 0x00, 0x00, 0xe0, 0x3f, 0x20, 0x00, 0x00, 0x20, 0x30, 0x00, 0x00, 0x20,
  0x1c, 0x00, 0x00, 0x00, 0x07, 0x00, 0x00, 0x80, 0x03, 0x00, 0x00, 0xe0, 0x00, 0x00, 0x00, 0x38,
  0x00, 0x00, 0x00, 0x1c, 0x00, 0x00, 0x00, 0x07, 0x00, 0x00, 0x80, 0x01, 0x06, 0x00, 0xe0, 0x80,
  0x05, 0x00, 0x20, 0xc0, 0x04, 0x00, 0x00, 0x60, 0x04, 0x00, 0x00, 0xf0, 0x1f, 0x00, 0x00, 0xf0,
  0x1f, 0x00, 0x00, 0x00, 0x04, 0x00, 0x00, 0x00, 0x04, 0x00, 0x00, 0x00, 0x00, 0x00, 0x00, 0x00,
  0x00, 0x20, 0x20, 0x00, 0x00, 0x20, 0x20, 0x00, 0x00, 0xe0, 0x3f, 0x00, 0x00, 0xe0, 0x3f, 0x20,
  0x00, 0x00, 0x20, 0x30, 0x00, 0x00, 0x20, 0x1c, 0x00, 0x00, 0x00, 0x07, 0x00, 0x00, 0x80, 0x03,
  0x00, 0x00, 0xe0, 0x00, 0x00, 0x00, 0x38, 0x00, 0x00, 0x00, 0x1c, 0x00, 0x00, 0x00, 0x07, 0x00,
  0x00, 0x80, 0x21, 0x10, 0x00, 0xe0, 0x10, 0x18, 0x00, 0x20, 0x10, 0x1c, 0x00, 0x00, 0x10, 0x16,
  0x00, 0x00, 0x30, 0x13, 0x00, 0x00, 0xe0, 0x11, 0x00, 0x00, 0x40, 0x10, 0x00, 0x00, 0x00, 0x00,
  0x20, 0x20, 0x00, 0x00, 0x20, 0x20, 0x00, 0x00, 0x20, 0x21, 0x00, 0x00, 0x20, 0x21, 0x00, 0x00,
  0x20, 0x21, 0x20, 0x00, 0xe0, 0x1f, 0x30, 0x00, 0xc0, 0x1e, 0x1c, 0x00, 0x00, 0x00, 0x07, 0x00,
  0x00, 0x80, 0x03, 0x00, 0x00, 0xe0, 0x00, 0x00, 0x00, 0x38, 0x00, 0x00, 0x00, 0x1c, 0x00, 0x00,
  0x00, 0x07, 0x00, 0x00, 0x80, 0x01, 0x06, 0x00, 0xe0, 0x80, 0x05, 0x00, 0x20, 0xc0, 0x04, 0x00,
  0x00, 0x60, 0x04, 0x00, 0x00, 0xf0, 0x1f, 0x00, 0x00, 0xf0, 0x1f, 0x00, 0x00, 0x00, 0x04, 0x00,
  0x00, 0x00, 0x04, 0x00, 0x00, 0x00, 0x00, 0x00, 0x00, 0x00, 0x00, 0x00, 0x00, 0xf0, 0x01, 0x00,
  0x00, 0xf8, 0x03, 0x00, 0x00, 0x1c, 0x07, 0x00, 0x00, 0x0e, 0x06, 0x00, 0xce, 0x07, 0x06, 0x00,
  0xce, 0x01, 0x06, 0x00, 0x00, 0x00, 0x03, 0x00, 0x00, 0x00, 0x03, 0x00, 0x00, 0x00, 0x01, 0x00,
  0x00, 0x20, 0x00, 0x00, 0x00, 0x3c, 0x00, 0x00, 0x00, 0x3f, 0x00, 0x00, 0xe0, 0x0f, 0x00, 0x00,
  0xf8, 0x03, 0x00, 0x00, 0x3f, 0x03, 0x00, 0xe6, 0x07, 0x03, 0x00, 0xee, 0x00, 0x03, 0x00, 0xe8,
  0x01, 0x03, 0x00, 0xc0, 0x0f, 0x03, 0x00, 0x00, 0x7e, 0x03, 0x00, 0x00, 0xf8, 0x03, 0x00, 0x00,
  0xc0, 0x0f, 0x00, 0x00, 0x00, 0x3e, 0x00, 0x00, 0x00, 0x38, 0x00, 0x00, 0x20, 0x00, 0x00, 0x00,
  0x3c, 0x00, 0x00, 0x00, 0x3f, 0x00, 0x00, 0xe0, 0x0f, 0x00, 0x00, 0xf8, 0x03, 0x00, 0x00, 0x3f,
  0x03, 0x00, 0xe0, 0x07, 0x03, 0x00, 0xec, 0x00, 0x03, 0x00, 0xe6, 0x01, 0x03, 0x00, 0xc2, 0x0f,
  0x03, 0x00, 0x00, 0x7e, 0x03, 0x00, 0x00, 0xf8, 0x03, 0x00, 0x00, 0xc0, 0x0f, 0x00, 0x00, 0x00,
  0x3e, 0x00, 0x00, 0x00, 0x38, 0x00, 0x00, 0x20, 0x00, 0x00, 0x00, 0x3c, 0x00, 0x00, 0x00, 0x3f,
  0x00, 0x00, 0xe0, 0x0f, 0x00, 0x00, 0xf8, 0x03, 0x00, 0x08, 0x3f, 0x03, 0x00, 0xe6, 0x07, 0x03,
  0x00, 0xe2, 0x00, 0x03, 0x00, 0xe6, 0x01, 0x03, 0x00, 0xcc, 0x0f, 0x03, 0x00, 0x08, 0x7e, 0x03,
  0x00, 0x00, 0xf8, 0x03, 0x00, 0x00, 0xc0, 0x0f, 0x00, 0x00, 0x00, 0x3e, 0x00, 0x00, 0x00, 0x38,
  0x00, 0x00, 0x20, 0x00, 0x00, 0x00, 0x3c, 0x00, 0x00, 0x00, 0x3f, 0x00, 0x00, 0xe0, 0x0f, 0x00,
  0x04, 0xf8, 0x03, 0x00, 0x06, 0x3f, 0x03, 0x00, 0xe2, 0x07, 0x03, 0x00, 0xe2, 0x00, 0x03, 0x00,
  0xe4, 0x01, 0x03, 0x00, 0xc4, 0x0f, 0x03, 0x00, 0x06, 0x7e, 0x03, 0x00, 0x00, 0xf8, 0x03, 0x00,
  0x00, 0xc0, 0x0f, 0x00, 0x00, 0x00, 0x3e, 0x00, 0x00, 0x00, 0x38, 0x00, 0x00, 0x20, 0x00, 0x00,
  0x00, 0x3c, 0x00, 0x00, 0x00, 0x3f, 0x00, 0x00, 0xe0, 0x0f, 0x00, 0x00, 0xf8, 0x03, 0x00, 0x06,
  0x3f, 0x03, 0x00, 0xe6, 0x07, 0x03, 0x00, 0xe0, 0x00, 0x03, 0x00, 0xe0, 0x01, 0x03, 0x00, 0xc6,
  0x0f, 0x03, 0x00, 0x06, 0x7e, 0x03, 0x00, 0x00, 0xf8, 0x03, 0x00, 0x00, 0xc0, 0x0f, 0x00, 0x00,
  0x00, 0x3e, 0x00, 0x00, 0x00, 0x38, 0x00, 0x00, 0x20, 0x00, 0x00, 0x00, 0x3c, 0x00, 0x00, 0x00,
  0x3f, 0x00, 0x00, 0xe0, 0x0f, 0x00, 0x00, 0xfc, 0x03, 0x00, 0x1e, 0x3f, 0x03, 0x00, 0xf3, 0x07,
  0x03, 0x00, 0xe1, 0x00, 0x03, 0x00, 0xe1, 0x01, 0x03, 0x00, 0xfe, 0x0f, 0x03, 0x00, 0x1c, 0x7f,
  0x03, 0x00, 0x00, 0xf8, 0x03, 0x00, 0x00, 0xc0, 0x0f, 0x00, 0x00, 0x00, 0x3e, 0x00, 0x00, 0x00,
  0x38, 0x00, 0x00, 0x20, 0x00, 0x00, 0x00, 0x38, 0x00, 0x00, 0x00, 0x3f, 0x00, 0x00, 0xc0, 0x0f,
  0x00, 0x00, 0xf8, 0x03, 0x00, 0x00, 0x7e, 0x03, 0x00, 0xc0, 0x0f, 0x03, 0x00, 0xe0, 0x03, 0x03,
  0x00, 0x60, 0x00, 0x03, 0x00, 0x60, 0x00, 0x03, 0x00, 0xe0, 0xff, 0x3f, 0x00, 0xe0, 0xff, 0x3f,
  0x00, 0x60, 0x30, 0x30, 0x00, 0x60, 0x30, 0x30, 0x00, 0x60, 0x30, 0x30, 0x00, 0x60, 0x30, 0x30,
  0x00, 0x60, 0x30, 0x30, 0x00, 0x60, 0x30, 0x30, 0x00, 0x60, 0x30, 0x30, 0x00, 0x60, 0x30, 0x30,
  0x00, 0x60, 0x00, 0x30, 0x00, 0x00, 0x00, 0x00, 0x00, 0xf8, 0x00, 0x00, 0x00, 0xfe, 0x03, 0x00,
  0x80, 0xff, 0x0f, 0x00, 0xc0, 0x03, 0x1e, 0x00, 0xc0, 0x00, 0x18, 0x00, 0xe0, 0x00, 0x38, 0x00,
  0x60, 0x00, 0x30, 0x03, 0x60, 0x00, 0x30, 0x03, 0x60, 0x00, 0x70, 0x03, 0x60, 0x00, 0xb0, 0x03,
  0x60, 0x00, 0x30, 0x00, 0xc0, 0x00, 0x18, 0x00, 0xc0, 0x00, 0x18, 0x00, 0x80, 0x01, 0x0c, 0x00,
  0x00, 0x00, 0x00, 0x00, 0x00, 0x00, 0x00, 0xe0, 0xff, 0x3f, 0x00, 0xe0, 0xff, 0x3f, 0x00, 0xe0,
  0xff, 0x3f, 0x00, 0x62, 0x30, 0x30, 0x00, 0x66, 0x30, 0x30, 0x00, 0x6c, 0x30, 0x30, 0x00, 0x68,
  0x30, 0x30, 0x00, 0x60, 0x30, 0x30, 0x00, 0x60, 0x30, 0x30, 0x00, 0x60, 0x30, 0x30, 0x00, 0x60,
  0x30, 0x30, 0x00, 0x00, 0x00, 0x00, 0x00, 0x00, 0x00, 0x00, 0xe0, 0xff, 0x3f, 0x00, 0xe0, 0xff,
  0x3f, 0x00, 0xe0, 0xff, 0x3f, 0x00, 0x60, 0x30, 0x30, 0x00, 0x68, 0x30, 0x30, 0x00, 0x6c, 0x30,
  0x30, 0x00, 0x66, 0x30, 0x30, 0x00, 0x62, 0x30, 0x30, 0x00, 0x60, 0x30, 0x30, 0x00, 0x60, 0x30,
  0x30, 0x00, 0x60, 0x30, 0x30, 0x00, 0x00, 0x00, 0x00, 0x00, 0x00, 0x00, 0x00, 0xe0, 0xff, 0x3f,
  0x00, 0xe0, 0xff, 0x3f, 0x00, 0xe0, 0xff, 0x3f, 0x00, 0x6c, 0x30, 0x30, 0x00, 0x66, 0x30, 0x30,
  0x00, 0x62, 0x30, 0x30, 0x00, 0x66, 0x30, 0x30, 0x00, 0x6c, 0x30, 0x30, 0x00, 0x68, 0x30, 0x30,
  0x00, 0x60, 0x30, 0x30, 0x00, 0x60, 0x30, 0x30, 0x00, 0x00, 0x00, 0x00, 0x00, 0x00, 0x00, 0x00,
  0xe0, 0xff, 0x3f, 0x00, 0xe0, 0xff, 0x3f, 0x00, 0xe6, 0xff, 0x3f, 0x00, 0x66, 0x30, 0x30, 0x00,
  0x60, 0x30, 0x30, 0x00, 0x60, 0x30, 0x30, 0x00, 0x60, 0x30, 0x30, 0x00, 0x66, 0x30, 0x30, 0x00,
  0x66, 0x30, 0x30, 0x00, 0x60, 0x30, 0x30, 0x00, 0x60, 0x30, 0x30, 0x00, 0x00, 0x00, 0x00, 0x02,
  0x00, 0x00, 0x00, 0xe6, 0xff, 0x3f, 0x00, 0xec, 0xff, 0x3f, 0x00, 0xe8, 0xff, 0x3f, 0x00, 0x00,
  0x00, 0x00, 0x00, 0x00, 0x00, 0x00, 0xe8, 0xff, 0x3f, 0x00, 0xec, 0xff, 0x3f, 0x00, 0xe6, 0xff,
  0x3f, 0x00, 0x02, 0x08, 0x00, 0x00, 0x00, 0x0c, 0x00, 0x00, 0x00, 0xe6, 0xff, 0x3f, 0x00, 0xe2,
  0xff, 0x3f, 0x00, 0xe6, 0xff, 0x3f, 0x00, 0x0c, 0x06, 0x00, 0x00, 0x00, 0x06, 0x00, 0x00, 0x00,
  0xe0, 0xff, 0x3f, 0x00, 0xe0, 0xff, 0x3f, 0x00, 0xe6, 0xff, 0x3f, 0x00, 0x06, 0x00, 0x00, 0x00,
  0x06, 0x00, 0x60, 0x00, 0x00, 0x00, 0x60, 0x00, 0x00, 0xe0, 0xff, 0x3f, 0x00, 0xe0, 0xff, 0x3f,
  0x00, 0xe0, 0xff, 0x3f, 0x00, 0x60, 0x60, 0x30, 0x00, 0x60, 0x60, 0x30, 0x00, 0x60, 0x60, 0x30,
  0x00, 0x60, 0x00, 0x30, 0x00, 0x60, 0x00, 0x30, 0x00, 0x60, 0x00, 0x30, 0x00, 0xc0, 0x00, 0x18,
  0x00, 0xc0, 0x01, 0x1c, 0x00, 0x80, 0x03, 0x0e, 0x00, 0x80, 0xff, 0x0f, 0x00, 0x00, 0xfe, 0x03,
  0x00, 0x00, 0x00, 0x00, 0x00, 0x00, 0x00, 0x00, 0xe0, 0xff, 0x3f, 0x00, 0xe0, 0xff, 0x3f, 0x00,
  0xe0, 0x01, 0x00, 0x00, 0xe4, 0x03, 0x00, 0x00, 0x86, 0x0f, 0x00, 0x00, 0x02, 0x3e, 0x00, 0x00,
  0x06, 0xf8, 0x00, 0x00, 0x04, 0xe0, 0x01, 0x00, 0x04, 0x80, 0x07, 0x00, 0x06, 0x00, 0x1e, 0x00,
  0x00, 0x00, 0x3c, 0x00, 0xe0, 0xff, 0x3f, 0x00, 0xe0, 0xff, 0x3f, 0x00, 0x00, 0x00, 0x00, 0x00,
  0xf8, 0x00, 0x00, 0x00, 0xfe, 0x03, 0x00, 0x80, 0xff, 0x0f, 0x00, 0xc0, 0x03, 0x1e, 0x00, 0xc0,
  0x00, 0x18, 0x00, 0xe0, 0x00, 0x38, 0x00, 0x62, 0x00, 0x30, 0x00, 0x6e, 0x00, 0x30, 0x00, 0x6c,
  0x00, 0x30, 0x00, 0x60, 0x00, 0x30, 0x00, 0xe0, 0x00, 0x38, 0x00, 0xc0, 0x00, 0x18, 0x00, 0xc0,
  0x03, 0x1e, 0x00, 0x80, 0xff, 0x0f, 0x00, 0x00, 0xff, 0x07, 0x00, 0x00, 0xf8, 0x00, 0x00, 0x00,
  0x00, 0x00, 0xf8, 0x00, 0x00, 0x00, 0xfe, 0x03, 0x00, 0x80, 0xff, 0x0f, 0x00, 0xc0, 0x03, 0x1e,
  0x00, 0xc0, 0x00, 0x18, 0x00, 0xe0, 0x00, 0x38, 0x00, 0x60, 0x00, 0x30, 0x00, 0x68, 0x00, 0x30,
  0x00, 0x6e, 0x00, 0x30, 0x00, 0x62, 0x00, 0x30, 0x00, 0xe0, 0x00, 0x38, 0x00, 0xc0, 0x00, 0x18,
  0x00, 0xc0, 0x03, 0x1e, 0x00, 0x80, 0xff, 0x0f, 0x00, 0x00, 0xff, 0x07, 0x00, 0x00, 0xf8, 0x00,
  0x00, 0x00, 0x00, 0x00, 0xf8, 0x00, 0x00, 0x00, 0xfe, 0x03, 0x00, 0x80, 0xff, 0x0f, 0x00, 0xc0,
  0x03, 0x1e, 0x00, 0xc0, 0x00, 0x18, 0x00, 0xe8, 0x00, 0x38, 0x00, 0x6c, 0x00, 0x30, 0x00, 0x66,
  0x00, 0x30, 0x00, 0x62, 0x00, 0x30, 0x00, 0x6e, 0x00, 0x30, 0x00, 0xe8, 0x00, 0x38, 0x00, 0xc0,
  0x00, 0x18, 0x00, 0xc0, 0x03, 0x1e, 0x00, 0x80, 0xff, 0x0f, 0x00, 0x00, 0xff, 0x07, 0x00, 0x00,
  0xf8, 0x00, 0x00, 0x00, 0x00, 0x00, 0xf8, 0x00, 0x00, 0x00, 0xfe, 0x03, 0x00, 0x80, 0xff, 0x0f,
  0x00, 0xc0, 0x03, 0x1e, 0x00, 0xc4, 0x00, 0x18, 0x00, 0xe6, 0x00, 0x38, 0x00, 0x62, 0x00, 0x30,
  0x00, 0x62, 0x00, 0x30, 0x00, 0x64, 0x00, 0x30, 0x00, 0x64, 0x00, 0x30, 0x00, 0xe6, 0x00, 0x38,
  0x00, 0xc2, 0x00, 0x18, 0x00, 0xc0, 0x03, 0x1e, 0x00, 0x80, 0xff, 0x0f, 0x00, 0x00, 0xff, 0x07,
  0x00, 0x00, 0xf8, 0x00, 0x00, 0x00, 0x00, 0x00, 0xf8, 0x00, 0x00, 0x00, 0xfe, 0x03, 0x00, 0x80,
  0xff, 0x0f, 0x00, 0xc0, 0x03, 0x1e, 0x00, 0xc0, 0x00, 0x18, 0x00, 0xe6, 0x00, 0x38, 0x00, 0x66,
  0x00, 0x30, 0x00, 0x60, 0x00, 0x30, 0x00, 0x60, 0x00, 0x30, 0x00, 0x66, 0x00, 0x30, 0x00, 0xe6,
  0x00, 0x38, 0x00, 0xc0, 0x00, 0x18, 0x00, 0xc0, 0x03, 0x1e, 0x00, 0x80, 0xff, 0x0f, 0x00, 0x00,
  0xff, 0x07, 0x00, 0x00, 0xf8, 0x00, 0x00, 0x00, 0x00, 0x00, 0x00, 0x00, 0x00, 0x00, 0x00, 0x00,
  0x00, 0x00, 0x02, 0x08, 0x00, 0x00, 0x07, 0x1c, 0x00, 0x00, 0x0e, 0x0e, 0x00, 0x00, 0x1c, 0x07,
  0x00, 0x00, 0xb8, 0x03, 0x00, 0x00, 0xf0, 0x01, 0x00, 0x00, 0xe0, 0x00, 0x00, 0x00, 0xf0, 0x01,
  0x00, 0x00, 0xb8, 0x03, 0x00, 0x00, 0x1c, 0x07, 0x00, 0x00, 0x0e, 0x0e, 0x00, 0x00, 0x07, 0x1c,
  0x00, 0x00, 0x02, 0x08, 0x00, 0x00, 0x00, 0x00, 0x00, 0xf8, 0x20, 0x00, 0x00, 0xfe, 0x33, 0x00,
  0x80, 0xff, 0x1f, 0x00, 0xc0, 0x03, 0x0e, 0x00, 0xc0, 0x00, 0x1f, 0x00, 0xe0, 0x80, 0x39, 0x00,
  0x60, 0xc0, 0x30, 0x00, 0x60, 0x60, 0x30, 0x00, 0x60, 0x30, 0x30, 0x00, 0x60, 0x18, 0x30, 0x00,
  0xe0, 0x0c, 0x38, 0x00, 0xc0, 0x07, 0x18, 0x00, 0xc0, 0x03, 0x1e, 0x00, 0xc0, 0xff, 0x0f, 0x00,
  0x60, 0xfe, 0x07, 0x00, 0x20, 0xf8, 0x00, 0x00, 0x00, 0x00, 0x00, 0x00, 0x00, 0x00, 0xe0, 0xff,
  0x03, 0x00, 0xe0, 0xff, 0x0f, 0x00, 0x00, 0x00, 0x1e, 0x00, 0x00, 0x00, 0x18, 0x00, 0x02, 0x00,
  0x30, 0x00, 0x06, 0x00, 0x30, 0x00, 0x0c, 0x00, 0x30, 0x00, 0x08, 0x00, 0x30, 0x00, 0x00, 0x00,
  0x30, 0x00, 0x00, 0x00, 0x18, 0x00, 0x00, 0x00, 0x1f, 0x00, 0xe0, 0xff, 0x0f, 0x00, 0xe0, 0xff,
  0x03, 0x00, 0x00, 0x00, 0x00, 0x00, 0x00, 0x00, 0x00, 0xe0, 0xff, 0x03, 0x00, 0xe0, 0xff, 0x0f,
  0x00, 0x00, 0x00, 0x1e, 0x00, 0x00, 0x00, 0x18, 0x00, 0x00, 0x00, 0x30, 0x00, 0x08, 0x00, 0x30,
  0x00, 0x0c, 0x00, 0x30, 0x00, 0x06, 0x00, 0x30, 0x00, 0x02, 0x00, 0x30, 0x00, 0x00, 0x00, 0x18,
  0x00, 0x00, 0x00, 0x1f, 0x00, 0xe0, 0xff, 0x0f, 0x00, 0xe0, 0xff, 0x03, 0x00, 0x00, 0x00, 0x00,
  0x00, 0x00, 0x00, 0x00, 0xe0, 0xff, 0x03, 0x00, 0xe0, 0xff, 0x0f, 0x00, 0x00, 0x00, 0x1e, 0x00,
  0x08, 0x00, 0x18, 0x00, 0x0c, 0x00, 0x30, 0x00, 0x06, 0x00, 0x30, 0x00, 0x02, 0x00, 0x30, 0x00,
  0x06, 0x00, 0x30, 0x00, 0x0c, 0x00, 0x30, 0x00, 0x00, 0x00, 0x18, 0x00, 0x00, 0x00, 0x1f, 0x00,
  0xe0, 0xff, 0x0f, 0x00, 0xe0, 0xff, 0x03, 0x00, 0x00, 0x00, 0x00, 0x00, 0x00, 0x00, 0x00, 0xe0,
  0xff, 0x03, 0x00, 0xe0, 0xff, 0x0f, 0x00, 0x00, 0x00, 0x1e, 0x00, 0x06, 0x00, 0x18, 0x00, 0x06,
  0x00, 0x30, 0x00, 0x00, 0x00, 0x30, 0x00, 0x00, 0x00, 0x30, 0x00, 0x06, 0x00, 0x30, 0x00, 0x06,
  0x00, 0x30, 0x00, 0x06, 0x00, 0x18, 0x00, 0x00, 0x00, 0x1f, 0x00, 0xe0, 0xff, 0x0f, 0x00, 0xe0,
  0xff, 0x03, 0x20, 0x00, 0x00, 0x00, 0x60, 0x00, 0x00, 0x00, 0xe0, 0x01, 0x00, 0x00, 0x80, 0x03,
  0x00, 0x00, 0x00, 0x0f, 0x00, 0x00, 0x00, 0x1c, 0x00, 0x00, 0x08, 0xf8, 0x3f, 0x00, 0x0e, 0xf8,
  0x3f, 0x00, 0x02, 0x1c, 0x00, 0x00, 0x00, 0x0f, 0x00, 0x00, 0x80, 0x03, 0x00, 0x00, 0xe0, 0x01,
  0x00, 0x00, 0x60, 0x00, 0x00, 0x00, 0x20, 0x00, 0x00, 0x00, 0x00, 0x00, 0x00, 0x00, 0x00, 0xe0,
  0xff, 0x3f, 0x00, 0xe0, 0xff, 0x3f, 0x00, 0xe0, 0xff, 0x3f, 0x00, 0x00, 0x03, 0x03, 0x00, 0x00,
  0x03, 0x03, 0x00, 0x00, 0x03, 0x03, 0x00, 0x00, 0x03, 0x03, 0x00, 0x00, 0x87, 0x03, 0x00, 0x00,
  0xce, 0x01, 0x00, 0x00, 0xfe, 0x01, 0x00, 0x00, 0xfc, 0x00, 0x00, 0x00, 0x00, 0x00, 0x00, 0x00,
  0x00, 0x00, 0xff, 0x3f, 0x00, 0xc0, 0xff, 0x3f, 0x00, 0xc0, 0x00, 0x00, 0x00, 0x60, 0x00, 0x10,
  0x00, 0x60, 0x10, 0x10, 0x00, 0x60, 0x3c, 0x30, 0x00, 0x60, 0x7c, 0x30, 0x00, 0xe0, 0xc6, 0x30,
  0x00, 0xc0, 0xc3, 0x30, 0x00, 0x80, 0x83, 0x1f, 0x00, 0x00, 0x00, 0x1f, 0x00, 0x00, 0x00, 0x00,
  0x00, 0x00, 0x06, 0x00, 0x00, 0x8c, 0x1f, 0x00, 0x10, 0x8c, 0x3f, 0x00, 0x30, 0xc6, 0x30, 0x00,
  0x60, 0xc6, 0x30, 0x00, 0xc0, 0xc6, 0x30, 0x00, 0x80, 0xc6, 0x30, 0x00, 0x00, 0xc6, 0x18, 0x00,
  0x00, 0xcc, 0x1c, 0x00, 0x00, 0xfc, 0x3f, 0x00, 0x00, 0xf0, 0x3f, 0x00, 0x00, 0x00, 0x00, 0x00,
  0x00, 0x06, 0x00, 0x00, 0x8c, 0x1f, 0x00, 0x00, 0x8c, 0x3f, 0x00, 0x00, 0xc6, 0x30, 0x00, 0x80,
  0xc6, 0x30, 0x00, 0xc0, 0xc6, 0x30, 0x00, 0x60, 0xc6, 0x30, 0x00, 0x30, 0xc6, 0x18, 0x00, 0x10,
  0xcc, 0x1c, 0x00, 0x00, 0xfc, 0x3f, 0x00, 0x00, 0xf0, 0x3f, 0x00, 0x00, 0x00, 0x00, 0x00, 0x00,
  0x06, 0x00, 0x00, 0x8c, 0x1f, 0x00, 0x80, 0x8c, 0x3f, 0x00, 0xc0, 0xc6, 0x30, 0x00, 0x70, 0xc6,
  0x30, 0x00, 0x30, 0xc6, 0x30, 0x00, 0x30, 0xc6, 0x30, 0x00, 0xe0, 0xc6, 0x18, 0x00, 0x80, 0xcc,
  0x1c, 0x00, 0x00, 0xfc, 0x3f, 0x00, 0x00, 0xf0, 0x3f, 0x00, 0x00, 0x00, 0x00, 0x00, 0x00, 0x06,
  0x00, 0x00, 0x8c, 0x1f, 0x00, 0x60, 0x8c, 0x3f, 0x00, 0x30, 0xc6, 0x30, 0x00, 0x10, 0xc6, 0x30,
  0x00, 0x30, 0xc6, 0x30, 0x00, 0x60, 0xc6, 0x30, 0x00, 0x40, 0xc6, 0x18, 0x00, 0x30, 0xcc, 0x1c,
  0x00, 0x00, 0xfc, 0x3f, 0x00, 0x00, 0xf0, 0x3f, 0x00, 0x00, 0x00, 0x00, 0x00, 0x00, 0x06, 0x00,
  0x00, 0x8c, 0x1f, 0x00, 0x60, 0x8c, 0x3f, 0x00, 0x60, 0xc6, 0x30, 0x00, 0x60, 0xc6, 0x30, 0x00,
  0x00, 0xc6, 0x30, 0x00, 0x00, 0xc6, 0x30, 0x00, 0x60, 0xc6, 0x18, 0x00, 0x60, 0xcc, 0x1c, 0x00,
  0x00, 0xfc, 0x3f, 0x00, 0x00, 0xf0, 0x3f, 0x00, 0x00, 0x00, 0x00, 0x00, 0x00, 0x06, 0x00, 0x00,
  0x8c, 0x1f, 0x00, 0x00, 0x8c, 0x3f, 0x00, 0x78, 0xc6, 0x30, 0x00, 0xcc, 0xc6, 0x30, 0x00, 0x84,
  0xc6, 0x30, 0x00, 0x84, 0xc6, 0x30, 0x00, 0x78, 0xc6, 0x18, 0x00, 0x30, 0xcc, 0x1c, 0x00, 0x00,
  0xfc, 0x3f, 0x00, 0x00, 0xf0, 0x3f, 0x00, 0x00, 0x00, 0x00, 0x00, 0x00, 0x06, 0x00, 0x00, 0x8c,
  0x1f, 0x00, 0x00, 0x8c, 0x3f, 0x00, 0x00, 0xc6, 0x30, 0x00, 0x00, 0xc6, 0x30, 0x00, 0x00, 0xc6,
  0x30, 0x00, 0x00, 0xc6, 0x30, 0x00, 0x00, 0xc6, 0x18, 0x00, 0x00, 0xcc, 0x1c, 0x00, 0x00, 0xfc,
  0x07, 0x00, 0x00, 0xf8, 0x0f, 0x00, 0x00, 0xdc, 0x1c, 0x00, 0x00, 0xce, 0x18, 0x00, 0x00, 0xc6,
  0x30, 0x00, 0x00, 0xc6, 0x30, 0x00, 0x00, 0xc6, 0x30, 0x00, 0x00, 0xc6, 0x30, 0x00, 0x00, 0xcc,
  0x30, 0x00, 0x00, 0xfc, 0x18, 0x00, 0x00, 0xf0, 0x18, 0x00, 0x00, 0x00, 0x00, 0x00, 0xc0, 0x01,
  0x00, 0x00, 0xf8, 0x0f, 0x00, 0x00, 0x7c, 0x1f, 0x00, 0x00, 0x0c, 0x18, 0x00, 0x00, 0x0e, 0x30,
  0x03, 0x00, 0x06, 0x30, 0x03, 0x00, 0x06, 0x70, 0x03, 0x00, 0x06, 0xf0, 0x03, 0x00, 0x06, 0x30,
  0x00, 0x00, 0x0c, 0x18, 0x00, 0x00, 0x00, 0x00, 0x00, 0xc0, 0x01, 0x00, 0x00, 0xf8, 0x0f, 0x00,
  0x00, 0xfc, 0x1f, 0x00, 0x10, 0xcc, 0x18, 0x00, 0x30, 0xc6, 0x38, 0x00, 0x60, 0xc6, 0x30, 0x00,
  0xc0, 0xc6, 0x30, 0x00, 0x00, 0xc6, 0x30, 0x00, 0x00, 0xce, 0x30, 0x00, 0x00, 0xdc, 0x30, 0x00,
  0x00, 0xf8, 0x18, 0x00, 0x00, 0xf0, 0x00, 0x00, 0x00, 0x00, 0x00, 0xc0, 0x01, 0x00, 0x00, 0xf8,
  0x0f, 0x00, 0x00, 0xfc, 0x1f, 0x00, 0x00, 0xcc, 0x18, 0x00, 0x00, 0xc6, 0x38, 0x00, 0x80, 0xc6,
  0x30, 0x00, 0xc0, 0xc6, 0x30, 0x00, 0x70, 0xc6, 0x30, 0x00, 0x30, 0xce, 0x30, 0x00, 0x10, 0xdc,
  0x30, 0x00, 0x00, 0xf8, 0x18, 0x00, 0x00, 0xf0, 0x00, 0x00, 0x00, 0x00, 0x00, 0xc0, 0x01, 0x00,
  0x00, 0xf8, 0x0f, 0x00, 0x00, 0xfc, 0x1f, 0x00, 0x80, 0xcc, 0x18, 0x00, 0xe0, 0xc6, 0x38, 0x00,
  0x30, 0xc6, 0x30, 0x00, 0x30, 0xc6, 0x30, 0x00, 0x60, 0xc6, 0x30, 0x00, 0xc0, 0xce, 0x30, 0x00,
  0x80, 0xdc, 0x30, 0x00, 0x00, 0xf8, 0x18, 0x00, 0x00, 0xf0, 0x00, 0x00, 0x00, 0x00, 0x00, 0xc0,
  0x01, 0x00, 0x00, 0xf8, 0x0f, 0x00, 0x00, 0xfc, 0x1f, 0x00, 0x60, 0xcc, 0x18, 0x00, 0x60, 0xc6,
  0x38, 0x00, 0x00, 0xc6, 0x30, 0x00, 0x00, 0xc6, 0x30, 0x00, 0x60, 0xc6, 0x30, 0x00, 0x60, 0xce,
  0x30, 0x00, 0x60, 0xdc, 0x30, 0x00, 0x00, 0xf8, 0x18, 0x00, 0x00, 0xf0, 0x10, 0x00, 0x00, 0x00,
  0x30, 0x00, 0x00, 0x00, 0x60, 0xfe, 0x3f, 0x00, 0xc0, 0xfe, 0x3f, 0x00, 0x00, 0x00, 0x00, 0x00,
  0x00, 0x00, 0x00, 0x80, 0xfe, 0x3f, 0x00, 0xc0, 0xfe, 0x3f, 0x00, 0x70, 0x00, 0x00, 0x00, 0x30,
  0x00, 0x00, 0x00, 0x10, 0x80, 0x00, 0x00, 0x00, 0xe0, 0x00, 0x00, 0x00, 0x30, 0xfe, 0x3f, 0x00,
  0x30, 0xfe, 0x3f, 0x00, 0x60, 0x00, 0x00, 0x00, 0xc0, 0x60, 0x00, 0x00, 0x00, 0x60, 0x00, 0x00,
  0x00, 0x00, 0xfe, 0x3f, 0x00, 0x00, 0xfe, 0x3f, 0x00, 0x60, 0x00, 0x00, 0x00, 0x60, 0x00, 0x00,
  0x00, 0x60, 0x00, 0x00, 0x00, 0x00, 0x00, 0xc0, 0x03, 0x00, 0x00, 0xf0, 0x0f, 0x00, 0x00, 0x79,
  0x1f, 0x00, 0x20, 0x1d, 0x18, 0x00, 0xe0, 0x0c, 0x30, 0x00, 0xe0, 0x0c, 0x30, 0x00, 0xc0, 0x0d,
  0x30, 0x00, 0xc0, 0x0f, 0x30, 0x00, 0x40, 0x1e, 0x38, 0x00, 0x40, 0x7c, 0x1e, 0x00, 0x00, 0xf8,
  0x0f, 0x00, 0x00, 0xc0, 0x03, 0x00, 0x00, 0x00, 0x00, 0x00, 0x00, 0x00, 0x00, 0x00, 0xfe, 0x3f,
  0x00, 0x00, 0xfe, 0x3f, 0x00, 0x60, 0x1c, 0x00, 0x00, 0x10, 0x0c, 0x00, 0x00, 0x30, 0x06, 0x00,
  0x00, 0x60, 0x06, 0x00, 0x00, 0x40, 0x06, 0x00, 0x00, 0x60, 0x0e, 0x00, 0x00, 0x30, 0x3c, 0x00,
  0x00, 0x00, 0xfc, 0x3f, 0x00, 0x00, 0xe0, 0x3f, 0x00, 0x00, 0x00, 0x00, 0x00, 0xe0, 0x03, 0x00,
  0x00, 0xf8, 0x0f, 0x00, 0x00, 0x7c, 0x1f, 0x00, 0x10, 0x0c, 0x18, 0x00, 0x70, 0x06, 0x30, 0x00,
  0xe0, 0x06, 0x30, 0x00, 0x80, 0x06, 0x30, 0x00, 0x00, 0x06, 0x30, 0x00, 0x00, 0x0e, 0x38, 0x00,
  0x00, 0x7c, 0x1f, 0x00, 0x00, 0xf8, 0x0f, 0x00, 0x00, 0xe0, 0x03, 0x00, 0x00, 0x00, 0x00, 0x00,
  0xe0, 0x03, 0x00, 0x00, 0xf8, 0x0f, 0x00, 0x00, 0x7c, 0x1f, 0x00, 0x00, 0x0c, 0x18, 0x00, 0x00,
  0x06, 0x30, 0x00, 0x80, 0x06, 0x30, 0x00, 0xe0, 0x06, 0x30, 0x00, 0x70, 0x06, 0x30, 0x00, 0x10,
  0x0e, 0x38, 0x00, 0x00, 0x7c, 0x1f, 0x00, 0x00, 0xf8, 0x0f, 0x00, 0x00, 0xe0, 0x03, 0x00, 0x00,
  0x00, 0x00, 0x00, 0xe0, 0x03, 0x00, 0x00, 0xf8, 0x0f, 0x00, 0x00, 0x7c, 0x1f, 0x00, 0xc0, 0x0c,
  0x18, 0x00, 0x60, 0x06, 0x30, 0x00, 0x30, 0x06, 0x30, 0x00, 0x30, 0x06, 0x30, 0x00, 0x60, 0x06,
  0x30, 0x00, 0xc0, 0x0e, 0x38, 0x00, 0x00, 0x7c, 0x1f, 0x00, 0x00, 0xf8, 0x0f, 0x00, 0x00, 0xe0,
  0x03, 0x00, 0x00, 0x00, 0x00, 0x00, 0xe0, 0x03, 0x00, 0x00, 0xf8, 0x0f, 0x00, 0x40, 0x7c, 0x1f,
  0x00, 0x70, 0x0c, 0x18, 0x00, 0x10, 0x06, 0x30, 0x00, 0x30, 0x06, 0x30, 0x00, 0x60, 0x06, 0x30,
  0x00, 0x40, 0x06, 0x30, 0x00, 0x70, 0x0e, 0x38, 0x00, 0x10, 0x7c, 0x1f, 0x00, 0x00, 0xf8, 0x0f,
  0x00, 0x00, 0xe0, 0x03, 0x00, 0x00, 0x00, 0x00, 0x00, 0xe0, 0x03, 0x00, 0x00, 0xf8, 0x0f, 0x00,
  0x00, 0x7c, 0x1f, 0x00, 0x60, 0x0c, 0x18, 0x00, 0x60, 0x06, 0x30, 0x00, 0x00, 0x06, 0x30, 0x00,
  0x00, 0x06, 0x30, 0x00, 0x60, 0x06, 0x30, 0x00, 0x60, 0x0e, 0x38, 0x00, 0x00, 0x7c, 0x1f, 0x00,
  0x00, 0xf8, 0x0f, 0x00, 0x00, 0xe0, 0x03, 0x00, 0x00, 0x00, 0x00, 0x00, 0x00, 0x00, 0x00, 0x00,
  0xc0, 0x00, 0x00, 0x00, 0xc0, 0x00, 0x00, 0x00, 0xc0, 0x00, 0x00, 0x00, 0xc0, 0x00, 0x00, 0x00,
  0xc0, 0x00, 0x00, 0x00, 0xc0, 0x00, 0x00, 0x00, 0xce, 0x1c, 0x00, 0x00, 0xce, 0x1c, 0x00, 0x00,
  0xce, 0x1c, 0x00, 0x00, 0xc0, 0x00, 0x00, 0x00, 0xc0, 0x00, 0x00, 0x00, 0xc0, 0x00, 0x00, 0x00,
  0xc0, 0x00, 0x00, 0x00, 0xc0, 0x00, 0x00, 0x00, 0xc0, 0x00, 0x00, 0x00, 0x00, 0x00, 0xe0, 0x21,
  0x00, 0x00, 0xf8, 0x3f, 0x00, 0x00, 0x7c, 0x1f, 0x00, 0x00, 0x0c, 0x1e, 0x00, 0x00, 0x06, 0x33,
  0x00, 0x00, 0x86, 0x31, 0x00, 0x00, 0xc6, 0x30, 0x00, 0x00, 0x66, 0x30, 0x00, 0x00, 0x3c, 0x38,
  0x00, 0x00, 0x3c, 0x1f, 0x00, 0x00, 0xfe, 0x0f, 0x00, 0x00, 0xe2, 0x03, 0x00, 0x00, 0x00, 0x00,
  0x00, 0x00, 0x00, 0x00, 0x00, 0xfe, 0x0f, 0x00, 0x00, 0xfe, 0x1f, 0x00, 0x10, 0x00, 0x38, 0x00,
  0x30, 0x00, 0x30, 0x00, 0xe0, 0x00, 0x30, 0x00, 0x80, 0x00, 0x30, 0x00, 0x00, 0x00, 0x30, 0x00,
  0x00, 0x00, 0x18, 0x00, 0x00, 0xfe, 0x3f, 0x00, 0x00, 0xfe, 0x3f, 0x00, 0x00, 0x00, 0x00, 0x00,
  0x00, 0x00, 0x00, 0x00, 0xfe, 0x0f, 0x00, 0x00, 0xfe, 0x1f, 0x00, 0x00, 0x00, 0x38, 0x00, 0x00,
  0x00, 0x30, 0x00, 0x80, 0x00, 0x30, 0x00, 0xc0, 0x00, 0x30, 0x00, 0x70, 0x00, 0x30, 0x00, 0x30,
  0x00, 0x18, 0x00, 0x00, 0xfe, 0x3f, 0x00, 0x00, 0xfe, 0x3f, 0x00, 0x00, 0x00, 0x00, 0x00, 0x00,
  0x00, 0x00, 0x00, 0xfe, 0x0f, 0x00, 0x00, 0xfe, 0x1f, 0x00, 0x80, 0x00, 0x38, 0x00, 0x60, 0x00,
  0x30, 0x00, 0x30, 0x00, 0x30, 0x00, 0x30, 0x00, 0x30, 0x00, 0x60, 0x00, 0x30, 0x00, 0xc0, 0x00,
  0x18, 0x00, 0x00, 0xfe, 0x3f, 0x00, 0x00, 0xfe, 0x3f, 0x00, 0x00, 0x00, 0x00, 0x00, 0x00, 0x00,
  0x00, 0x00, 0xfe, 0x0f, 0x00, 0x00, 0xfe, 0x1f, 0x00, 0x60, 0x00, 0x38, 0x00, 0x60, 0x00, 0x30,
  0x00, 0x00, 0x00, 0x30, 0x00, 0x00, 0x00, 0x30, 0x00, 0x60, 0x00, 0x30, 0x00, 0x60, 0x00, 0x18,
  0x00, 0x00, 0xfe, 0x3f, 0x00, 0x00, 0xfe, 0x3f, 0x00, 0x00, 0x00, 0x00, 0x00, 0x06, 0x00, 0x00,
  0x00, 0x3e, 0x00, 0x06, 0x00, 0xf8, 0x00, 0x06, 0x00, 0xe0, 0x07, 0x07, 0x00, 0x00, 0xdf, 0x03,
  0xc0, 0x00, 0xfc, 0x01, 0x60, 0x00, 0x7e, 0x00, 0x30, 0x80, 0x0f, 0x00, 0x10, 0xf0, 0x03, 0x00,
  0x00, 0x7c, 0x00, 0x00, 0x00, 0x1e, 0x00, 0x00, 0x00, 0x02, 0x00, 0x00, 0x00, 0x00, 0x00, 0x00,
  0x00, 0x00, 0xe0, 0xff, 0xff, 0x07, 0xe0, 0xff, 0xff, 0x07, 0x00, 0x1c, 0x1c, 0x00, 0x00, 0x0c,
  0x18, 0x00, 0x00, 0x06, 0x30, 0x00, 0x00, 0x06, 0x30, 0x00, 0x00, 0x06, 0x30, 0x00, 0x00, 0x0e,
  0x38, 0x00, 0x00, 0x1c, 0x1c, 0x00, 0x00, 0xfc, 0x1f, 0x00, 0x00, 0xf0, 0x07, 0x00, 0x00, 0x00,
  0x00, 0x00, 0x06, 0x00, 0x00, 0x00, 0x3e, 0x00, 0x06, 0x60, 0xf8, 0x00, 0x06, 0x60, 0xe0, 0x07,
  0x07, 0x60, 0x00, 0xdf, 0x03, 0x00, 0x00, 0xfc, 0x01, 0x00, 0x00, 0x7e, 0x00, 0x60, 0x80, 0x0f,
  0x00, 0x60, 0xf0, 0x03, 0x00, 0x00, 0x7c, 0x00, 0x00, 0x00, 0x1e, 0x00, 0x00, 0x00, 0x02,
};

return TRIAL_2;
}

#endif

#if MESH_ARIAL_EXPERIMENT == 7

/*
Derived MeshFontTrial7; source Noto Sans Condensed, Version 2.000;GOOG;noto-source:20170915:90ef993387c0; ttfautohint (v1.7)
Source SHA256: 4efc2789b9fcaa87b6b55f19c25ac9a2919e4f9ca31d6b5b97bea7977d729d4f
Upstream: https://github.com/notofonts/noto-fonts
SPDX-License-Identifier: OFL-1.1
Full license/copyright follows; it applies to the bitmap font data.
Copyright 2015 Google Inc. All Rights Reserved.

SIL OPEN FONT LICENSE Version 1.1 - 26 February 2007
-----------------------------------------------------------

PREAMBLE
The goals of the Open Font License (OFL) are to stimulate worldwide
development of collaborative font projects, to support the font creation
efforts of academic and linguistic communities, and to provide a free and
open framework in which fonts may be shared and improved in partnership
with others.

The OFL allows the licensed fonts to be used, studied, modified and
redistributed freely as long as they are not sold by themselves. The
fonts, including any derivative works, can be bundled, embedded,
redistributed and/or sold with any software provided that any reserved
names are not used by derivative works. The fonts and derivatives,
however, cannot be released under any other type of license. The
requirement for fonts to remain under this license does not apply
to any document created using the fonts or their derivatives.

DEFINITIONS
"Font Software" refers to the set of files released by the Copyright
Holder(s) under this license and clearly marked as such. This may
include source files, build scripts and documentation.

"Reserved Font Name" refers to any names specified as such after the
copyright statement(s).

"Original Version" refers to the collection of Font Software components as
distributed by the Copyright Holder(s).

"Modified Version" refers to any derivative made by adding to, deleting,
or substituting -- in part or in whole -- any of the components of the
Original Version, by changing formats or by porting the Font Software to a
new environment.

"Author" refers to any designer, engineer, programmer, technical
writer or other person who contributed to the Font Software.

PERMISSION & CONDITIONS
Permission is hereby granted, free of charge, to any person obtaining
a copy of the Font Software, to use, study, copy, merge, embed, modify,
redistribute, and sell modified and unmodified copies of the Font Software,
subject to the following conditions:

1) Neither the Font Software nor any of its individual components,
in Original or Modified Versions, may be sold by itself.

2) Original or Modified Versions of the Font Software may be bundled,
redistributed and/or sold with any software, provided that each copy
contains the above copyright notice and this license. These can be
included either as stand-alone text files, human-readable headers or
in the appropriate machine-readable metadata fields within text or
binary files as long as those fields can be easily viewed by the user.

3) No Modified Version of the Font Software may use the Reserved Font
Name(s) unless explicit written permission is granted by the corresponding
Copyright Holder. This restriction only applies to the primary font name as
presented to the users.

4) The name(s) of the Copyright Holder(s) or the Author(s) of the Font
Software shall not be used to promote, endorse or advertise any
Modified Version, except to acknowledge the contribution(s) of the
Copyright Holder(s) and the Author(s) or with their explicit written
permission.

5) The Font Software, modified or unmodified, in part or in whole,
must be distributed entirely under this license, and must not be
distributed under any other license. The requirement for fonts to
remain under this license does not apply to any document created
using the Font Software.

TERMINATION
This license becomes null and void if any of the above conditions are
not met.

DISCLAIMER
THE FONT SOFTWARE IS PROVIDED "AS IS", WITHOUT WARRANTY OF ANY KIND,
EXPRESS OR IMPLIED, INCLUDING BUT NOT LIMITED TO ANY WARRANTIES OF
MERCHANTABILITY, FITNESS FOR A PARTICULAR PURPOSE AND NONINFRINGEMENT
OF COPYRIGHT, PATENT, TRADEMARK, OR OTHER RIGHT. IN NO EVENT SHALL THE
COPYRIGHT HOLDER BE LIABLE FOR ANY CLAIM, DAMAGES OR OTHER LIABILITY,
INCLUDING ANY GENERAL, SPECIAL, INDIRECT, INCIDENTAL, OR CONSEQUENTIAL
DAMAGES, WHETHER IN AN ACTION OF CONTRACT, TORT OR OTHERWISE, ARISING
FROM, OUT OF THE USE OR INABILITY TO USE THE FONT SOFTWARE OR FROM
OTHER DEALINGS IN THE FONT SOFTWARE.
*/

// nominal=16; cap=12; H_top=3; baseline=15; line_box=19; bearing_shifts=[74]; vertical_shifts=[(192, 1), (193, 1), (200, 1), (201, 1), (206, 1), (210, 1), (211, 1), (217, 1)]

inline const uint8_t* fontStorage1() {

static const uint8_t TRIAL_1[] = {
  0x10, 0x13, 0x20, 0xe0, 0xff, 0xff, 0x00, 0x03, 0x00, 0x00, 0x08, 0x04, 0x00, 0x08, 0x0d, 0x06,
  0x00, 0x15, 0x17, 0x08, 0x00, 0x2c, 0x14, 0x08, 0x00, 0x40, 0x20, 0x0b, 0x00, 0x60, 0x1a, 0x09,
  0x00, 0x7a, 0x04, 0x03, 0x00, 0x7e, 0x0c, 0x05, 0x00, 0x8a, 0x0b, 0x05, 0x00, 0x95, 0x10, 0x07,
  0x00, 0xa5, 0x14, 0x08, 0x00, 0xb9, 0x08, 0x04, 0x00, 0xc1, 0x0b, 0x05, 0x00, 0xcc, 0x08, 0x04,
  0x00, 0xd4, 0x10, 0x06, 0x00, 0xe4, 0x14, 0x08, 0x00, 0xf8, 0x0e, 0x08, 0x01, 0x06, 0x14, 0x08,
  0x01, 0x1a, 0x14, 0x08, 0x01, 0x2e, 0x14, 0x08, 0x01, 0x42, 0x14, 0x08, 0x01, 0x56, 0x14, 0x08,
  0x01, 0x6a, 0x13, 0x08, 0x01, 0x7d, 0x14, 0x08, 0x01, 0x91, 0x14, 0x08, 0x01, 0xa5, 0x08, 0x04,
  0x01, 0xad, 0x08, 0x04, 0x01, 0xb5, 0x14, 0x08, 0x01, 0xc9, 0x14, 0x08, 0x01, 0xdd, 0x14, 0x08,
  0x01, 0xf1, 0x0d, 0x06, 0x01, 0xfe, 0x20, 0x0c, 0x02, 0x1e, 0x17, 0x08, 0x02, 0x35, 0x17, 0x08,
  0x02, 0x4c, 0x14, 0x08, 0x02, 0x60, 0x17, 0x09, 0x02, 0x77, 0x11, 0x07, 0x02, 0x88, 0x11, 0x07,
  0x02, 0x99, 0x1a, 0x0a, 0x02, 0xb3, 0x17, 0x0a, 0x02, 0xca, 0x0b, 0x05, 0x02, 0xd5, 0x0b, 0x05,
  0x02, 0xe0, 0x17, 0x08, 0x02, 0xf7, 0x11, 0x07, 0x03, 0x08, 0x20, 0x0c, 0x03, 0x28, 0x1a, 0x0a,
  0x03, 0x42, 0x1a, 0x0a, 0x03, 0x5c, 0x14, 0x08, 0x03, 0x70, 0x1a, 0x0a, 0x03, 0x8a, 0x17, 0x08,
  0x03, 0xa1, 0x14, 0x07, 0x03, 0xb5, 0x13, 0x07, 0x03, 0xc8, 0x17, 0x09, 0x03, 0xdf, 0x16, 0x08,
  0x03, 0xf5, 0x22, 0x0d, 0x04, 0x17, 0x14, 0x07, 0x04, 0x2b, 0x13, 0x07, 0x04, 0x3e, 0x11, 0x07,
  0x04, 0x4f, 0x0f, 0x05, 0x04, 0x5e, 0x11, 0x06, 0x04, 0x6f, 0x0c, 0x05, 0x04, 0x7b, 0x14, 0x08,
  0x04, 0x8f, 0x15, 0x07, 0x04, 0xa4, 0x07, 0x04, 0x04, 0xab, 0x11, 0x07, 0x04, 0xbc, 0x14, 0x08,
  0x04, 0xd0, 0x10, 0x06, 0x04, 0xe0, 0x14, 0x08, 0x04, 0xf4, 0x14, 0x07, 0x05, 0x08, 0x0d, 0x05,
  0x05, 0x15, 0x15, 0x08, 0x05, 0x2a, 0x14, 0x08, 0x05, 0x3e, 0x05, 0x04, 0x05, 0x43, 0x06, 0x04,
  0x05, 0x49, 0x14, 0x07, 0x05, 0x5d, 0x05, 0x04, 0x05, 0x62, 0x20, 0x0c, 0x05, 0x82, 0x14, 0x08,
  0x05, 0x96, 0x14, 0x08, 0x05, 0xaa, 0x14, 0x08, 0x05, 0xbe, 0x15, 0x08, 0x05, 0xd3, 0x0d, 0x05,
  0x05, 0xe0, 0x0e, 0x06, 0x05, 0xee, 0x0b, 0x05, 0x05, 0xf9, 0x14, 0x08, 0x06, 0x0d, 0x11, 0x07,
  0x06, 0x1e, 0x1d, 0x0b, 0x06, 0x3b, 0x11, 0x07, 0x06, 0x4c, 0x11, 0x07, 0x06, 0x5d, 0x0e, 0x06,
  0x06, 0x6b, 0x0f, 0x06, 0x06, 0x7a, 0x0c, 0x07, 0x06, 0x86, 0x0e, 0x06, 0x06, 0x94, 0x14, 0x08,
  0xff, 0xff, 0x00, 0x00, 0xff, 0xff, 0x00, 0x10, 0xff, 0xff, 0x00, 0x10, 0xff, 0xff, 0x00, 0x10,
  0xff, 0xff, 0x00, 0x10, 0xff, 0xff, 0x00, 0x10, 0xff, 0xff, 0x00, 0x10, 0xff, 0xff, 0x00, 0x10,
  0xff, 0xff, 0x00, 0x10, 0xff, 0xff, 0x00, 0x10, 0xff, 0xff, 0x00, 0x10, 0xff, 0xff, 0x00, 0x10,
  0xff, 0xff, 0x00, 0x10, 0xff, 0xff, 0x00, 0x10, 0xff, 0xff, 0x00, 0x10, 0xff, 0xff, 0x00, 0x10,
  0xff, 0xff, 0x00, 0x10, 0xff, 0xff, 0x00, 0x10, 0xff, 0xff, 0x00, 0x10, 0xff, 0xff, 0x00, 0x10,
  0xff, 0xff, 0x00, 0x10, 0xff, 0xff, 0x00, 0x10, 0xff, 0xff, 0x00, 0x10, 0xff, 0xff, 0x00, 0x10,
  0xff, 0xff, 0x00, 0x10, 0xff, 0xff, 0x00, 0x10, 0xff, 0xff, 0x00, 0x10, 0xff, 0xff, 0x00, 0x10,
  0xff, 0xff, 0x00, 0x10, 0xff, 0xff, 0x00, 0x10, 0xff, 0xff, 0x00, 0x10, 0xff, 0xff, 0x00, 0x10,
  0xff, 0xff, 0x00, 0x10, 0xff, 0xff, 0x00, 0x03, 0x06, 0xa8, 0x09, 0x04, 0x06, 0xb1, 0x11, 0x08,
  0x06, 0xc2, 0x14, 0x08, 0x06, 0xd6, 0x17, 0x09, 0x06, 0xed, 0x13, 0x08, 0x07, 0x00, 0x0c, 0x07,
  0x07, 0x0c, 0x11, 0x07, 0x07, 0x1d, 0x10, 0x09, 0x07, 0x2d, 0x23, 0x0d, 0x07, 0x50, 0x0a, 0x05,
  0x07, 0x5a, 0x14, 0x08, 0x07, 0x6e, 0x14, 0x08, 0x07, 0x82, 0x0b, 0x05, 0x07, 0x8d, 0x23, 0x0d,
  0x07, 0xb0, 0x13, 0x07, 0x07, 0xc3, 0x0d, 0x06, 0x07, 0xd0, 0x14, 0x08, 0x07, 0xe4, 0x0a, 0x05,
  0x07, 0xee, 0x0b, 0x05, 0x07, 0xf9, 0x07, 0x04, 0x08, 0x00, 0x14, 0x08, 0x08, 0x14, 0x15, 0x09,
  0x08, 0x29, 0x08, 0x04, 0x08, 0x31, 0x09, 0x03, 0x08, 0x3a, 0x0a, 0x05, 0x08, 0x44, 0x0d, 0x05,
  0x08, 0x51, 0x14, 0x08, 0x08, 0x65, 0x20, 0x0c, 0x08, 0x85, 0x20, 0x0c, 0x08, 0xa5, 0x23, 0x0c,
  0x08, 0xc8, 0x0f, 0x06, 0x08, 0xd7, 0x17, 0x08, 0x08, 0xee, 0x17, 0x08, 0x09, 0x05, 0x17, 0x08,
  0x09, 0x1c, 0x17, 0x08, 0x09, 0x33, 0x17, 0x08, 0x09, 0x4a, 0x17, 0x08, 0x09, 0x61, 0x1d, 0x0b,
  0x09, 0x7e, 0x14, 0x08, 0x09, 0x92, 0x11, 0x07, 0x09, 0xa3, 0x11, 0x07, 0x09, 0xb4, 0x11, 0x07,
  0x09, 0xc5, 0x11, 0x07, 0x09, 0xd6, 0x0b, 0x05, 0x09, 0xe1, 0x0b, 0x05, 0x09, 0xec, 0x0b, 0x05,
  0x09, 0xf7, 0x0b, 0x05, 0x0a, 0x02, 0x17, 0x09, 0x0a, 0x19, 0x1a, 0x0a, 0x0a, 0x33, 0x1a, 0x0a,
  0x0a, 0x4d, 0x1a, 0x0a, 0x0a, 0x67, 0x1a, 0x0a, 0x0a, 0x81, 0x1a, 0x0a, 0x0a, 0x9b, 0x1a, 0x0a,
  0x0a, 0xb5, 0x14, 0x08, 0x0a, 0xc9, 0x1a, 0x0a, 0x0a, 0xe3, 0x17, 0x09, 0x0a, 0xfa, 0x17, 0x09,
  0x0b, 0x11, 0x17, 0x09, 0x0b, 0x28, 0x17, 0x09, 0x0b, 0x3f, 0x13, 0x07, 0x0b, 0x52, 0x14, 0x08,
  0x0b, 0x66, 0x17, 0x08, 0x0b, 0x7d, 0x11, 0x07, 0x0b, 0x8e, 0x11, 0x07, 0x0b, 0x9f, 0x11, 0x07,
  0x0b, 0xb0, 0x11, 0x07, 0x0b, 0xc1, 0x11, 0x07, 0x0b, 0xd2, 0x11, 0x07, 0x0b, 0xe3, 0x20, 0x0b,
  0x0c, 0x03, 0x10, 0x06, 0x0c, 0x13, 0x14, 0x07, 0x0c, 0x27, 0x14, 0x07, 0x0c, 0x3b, 0x14, 0x07,
  0x0c, 0x4f, 0x14, 0x07, 0x0c, 0x63, 0x07, 0x04, 0x0c, 0x6a, 0x07, 0x04, 0x0c, 0x71, 0x0a, 0x04,
  0x0c, 0x7b, 0x0a, 0x04, 0x0c, 0x85, 0x14, 0x08, 0x0c, 0x99, 0x14, 0x08, 0x0c, 0xad, 0x14, 0x08,
  0x0c, 0xc1, 0x14, 0x08, 0x0c, 0xd5, 0x14, 0x08, 0x0c, 0xe9, 0x14, 0x08, 0x0c, 0xfd, 0x14, 0x08,
  0x0d, 0x11, 0x14, 0x08, 0x0d, 0x25, 0x14, 0x08, 0x0d, 0x39, 0x14, 0x08, 0x0d, 0x4d, 0x14, 0x08,
  0x0d, 0x61, 0x14, 0x08, 0x0d, 0x75, 0x14, 0x08, 0x0d, 0x89, 0x11, 0x07, 0x0d, 0x9a, 0x14, 0x08,
  0x0d, 0xae, 0x11, 0x07, 0x00, 0x00, 0x00, 0xf8, 0x67, 0x00, 0xf8, 0x61, 0x00, 0x00, 0x00, 0x78,
  0x00, 0x00, 0x00, 0x00, 0x00, 0x00, 0x00, 0x00, 0x78, 0x00, 0x04, 0x00, 0x80, 0x44, 0x00, 0x80,
  0x3f, 0x00, 0xf8, 0x04, 0x00, 0x80, 0x64, 0x00, 0xc0, 0x1f, 0x00, 0xb8, 0x04, 0x00, 0x80, 0x04,
  0x00, 0x00, 0x00, 0xe0, 0x21, 0x00, 0x20, 0x21, 0x00, 0xf8, 0xff, 0x00, 0x30, 0x22, 0x00, 0x20,
  0x36, 0x00, 0x00, 0x1c, 0x00, 0x00, 0x00, 0xf0, 0x03, 0x00, 0x08, 0x02, 0x00, 0x18, 0x63, 0x00,
  0xe0, 0x18, 0x00, 0x00, 0x07, 0x00, 0xc0, 0x00, 0x00, 0x38, 0x3e, 0x00, 0x00, 0x41, 0x00, 0x00,
  0x63, 0x00, 0x00, 0x1c, 0x00, 0x00, 0x00, 0x00, 0x3e, 0x00, 0xf8, 0x63, 0x00, 0x88, 0x43, 0x00,
  0xd8, 0x46, 0x00, 0x70, 0x3c, 0x00, 0x00, 0x38, 0x00, 0x00, 0x6e, 0x00, 0x00, 0x40, 0x00, 0x00,
  0x00, 0x78, 0x00, 0x00, 0x00, 0xc0, 0x7f, 0x00, 0x70, 0xc0, 0x01, 0x08, 0x00, 0x01, 0x00, 0x00,
  0x00, 0x18, 0x00, 0x01, 0xf0, 0xf1, 0x00, 0x80, 0x3f, 0x00, 0x00, 0x00, 0x20, 0x00, 0x00, 0xe0,
  0x01, 0x00, 0x78, 0x00, 0x00, 0xe0, 0x01, 0x00, 0x20, 0x00, 0x00, 0x00, 0x00, 0x02, 0x00, 0x00,
  0x02, 0x00, 0xe0, 0x1f, 0x00, 0x00, 0x02, 0x00, 0x00, 0x02, 0x00, 0x00, 0x02, 0x00, 0x00, 0x00,
  0x00, 0xe0, 0x01, 0x00, 0x20, 0x00, 0x04, 0x00, 0x00, 0x04, 0x00, 0x00, 0x04, 0x00, 0x00, 0x04,
  0x00, 0x00, 0x00, 0x00, 0x60, 0x00, 0x00, 0x60, 0x00, 0x40, 0x00, 0x00, 0x78, 0x00, 0x00, 0x0e,
  0x00, 0xc0, 0x01, 0x00, 0x78, 0x00, 0x00, 0x08, 0x00, 0x00, 0x00, 0xf0, 0x3f, 0x00, 0x18, 0x60,
  0x00, 0x08, 0x40, 0x00, 0x18, 0x60, 0x00, 0xf0, 0x3f, 0x00, 0xc0, 0x0f, 0x00, 0x00, 0x00, 0x20,
  0x00, 0x00, 0x30, 0x00, 0x00, 0x18, 0x00, 0x00, 0xf8, 0x7f, 0x00, 0x00, 0x00, 0x10, 0x60, 0x00,
  0x08, 0x78, 0x00, 0x08, 0x4c, 0x00, 0x18, 0x47, 0x00, 0xf0, 0x41, 0x00, 0x00, 0x40, 0x00, 0x00,
  0x00, 0x10, 0x60, 0x00, 0x08, 0x41, 0x00, 0x08, 0x41, 0x00, 0x98, 0x63, 0x00, 0xf0, 0x3e, 0x00,
  0x00, 0x1c, 0x00, 0x08, 0x00, 0x00, 0x0e, 0x00, 0x80, 0x09, 0x00, 0x60, 0x08, 0x00, 0x38, 0x08,
  0x00, 0xf8, 0x7f, 0x00, 0x00, 0x08, 0x00, 0x00, 0x00, 0xf8, 0x61, 0x00, 0x18, 0x41, 0x00, 0x08,
  0x41, 0x00, 0x08, 0x63, 0x00, 0x08, 0x3e, 0x00, 0x00, 0x1c, 0x00, 0x00, 0x00, 0xe0, 0x1f, 0x00,
  0x30, 0x71, 0x00, 0x98, 0x40, 0x00, 0x88, 0x40, 0x00, 0x88, 0x3f, 0x00, 0x00, 0x1e, 0x00, 0x00,
  0x00, 0x08, 0x00, 0x00, 0x08, 0x60, 0x00, 0x08, 0x3c, 0x00, 0x88, 0x07, 0x00, 0xf8, 0x00, 0x00,
  0x18, 0x00, 0x00, 0x00, 0xf0, 0x3c, 0x00, 0x98, 0x63, 0x00, 0x08, 0x43, 0x00, 0x08, 0x43, 0x00,
  0xf0, 0x76, 0x00, 0x60, 0x1c, 0x00, 0x00, 0x00, 0xf0, 0x41, 0x00, 0x18, 0x43, 0x00, 0x08, 0x42,
  0x00, 0x18, 0x22, 0x00, 0xf0, 0x1f, 0x00, 0xc0, 0x07, 0x00, 0x00, 0x00, 0xc0, 0x60, 0x00, 0xc0,
  0x60, 0x00, 0x00, 0x00, 0xc0, 0xe0, 0x01, 0xc0, 0x20, 0x00, 0x00, 0x00, 0x00, 0x03, 0x00, 0x00,
  0x07, 0x00, 0x80, 0x05, 0x00, 0x80, 0x08, 0x00, 0xc0, 0x08, 0x00, 0x40, 0x10, 0x00, 0x00, 0x00,
  0x80, 0x04, 0x00, 0x80, 0x04, 0x00, 0x80, 0x04, 0x00, 0x80, 0x04, 0x00, 0x80, 0x04, 0x00, 0x80,
  0x04, 0x00, 0x00, 0x00, 0x40, 0x18, 0x00, 0x80, 0x08, 0x00, 0x80, 0x04, 0x00, 0x00, 0x05, 0x00,
  0x00, 0x03, 0x00, 0x00, 0x02, 0x00, 0x00, 0x00, 0x08, 0x00, 0x00, 0x08, 0x66, 0x00, 0x98, 0x01,
  0x00, 0xf0, 0x00, 0x00, 0x00, 0xc0, 0x3f, 0x00, 0x60, 0x60, 0x00, 0x10, 0xc0, 0x00, 0x98, 0x9f,
  0x00, 0x48, 0x90, 0x00, 0x48, 0x98, 0x00, 0xd8, 0x9f, 0x00, 0x10, 0x10, 0x00, 0x60, 0x18, 0x00,
  0x80, 0x07, 0x00, 0x60, 0x00, 0x00, 0x7e, 0x00, 0xc0, 0x07, 0x00, 0x78, 0x04, 0x00, 0x78, 0x04,
  0x00, 0xc0, 0x07, 0x00, 0x00, 0x3e, 0x00, 0x00, 0x60, 0x00, 0x00, 0x00, 0xf8, 0x7f, 0x00, 0xf8,
  0x7f, 0x00, 0x08, 0x41, 0x00, 0x08, 0x41, 0x00, 0x18, 0x63, 0x00, 0xf0, 0x3e, 0x00, 0x00, 0x1c,
  0x00, 0x00, 0x00, 0xc0, 0x0f, 0x00, 0x70, 0x38, 0x00, 0x18, 0x60, 0x00, 0x08, 0x40, 0x00, 0x08,
  0x40, 0x00, 0x18, 0x40, 0x00, 0x00, 0x00, 0xf8, 0x7f, 0x00, 0xf8, 0x7f, 0x00, 0x08, 0x40, 0x00,
  0x08, 0x40, 0x00, 0x18, 0x60, 0x00, 0x30, 0x30, 0x00, 0xe0, 0x1f, 0x00, 0x00, 0x00, 0xf8, 0x7f,
  0x00, 0xf8, 0x7f, 0x00, 0x08, 0x41, 0x00, 0x08, 0x41, 0x00, 0x08, 0x41, 0x00, 0x00, 0x00, 0xf8,
  0x7f, 0x00, 0xf8, 0x7f, 0x00, 0x08, 0x02, 0x00, 0x08, 0x02, 0x00, 0x08, 0x02, 0x00, 0x00, 0x00,
  0xc0, 0x0f, 0x00, 0x70, 0x38, 0x00, 0x10, 0x60, 0x00, 0x08, 0x40, 0x00, 0x08, 0x42, 0x00, 0x08,
  0x42, 0x00, 0x18, 0x7e, 0x00, 0x00, 0x3e, 0x00, 0x00, 0x00, 0xf8, 0x7f, 0x00, 0xf8, 0x7f, 0x00,
  0x00, 0x01, 0x00, 0x00, 0x01, 0x00, 0x00, 0x01, 0x00, 0x00, 0x01, 0x00, 0xf8, 0x7f, 0x00, 0x00,
  0x00, 0x08, 0x40, 0x00, 0xf8, 0x7f, 0x00, 0x08, 0x40, 0x00, 0x00, 0x02, 0x00, 0x00, 0x02, 0xf8,
  0xff, 0x03, 0xf8, 0xff, 0x00, 0x00, 0x00, 0xf8, 0x7f, 0x00, 0xf8, 0x7f, 0x00, 0x00, 0x03, 0x00,
  0xc0, 0x07, 0x00, 0x70, 0x1c, 0x00, 0x18, 0x70, 0x00, 0x08, 0x40, 0x00, 0x00, 0x00, 0xf8, 0x7f,
  0x00, 0xf8, 0x7f, 0x00, 0x00, 0x40, 0x00, 0x00, 0x40, 0x00, 0x00, 0x40, 0x00, 0x00, 0x00, 0xf8,
  0x7f, 0x00, 0xf8, 0x7f, 0x00, 0xf0, 0x00, 0x00, 0x80, 0x07, 0x00, 0x00, 0x78, 0x00, 0x00, 0x70,
  0x00, 0x00, 0x1e, 0x00, 0xe0, 0x01, 0x00, 0x78, 0x00, 0x00, 0xf8, 0x7f, 0x00, 0x00, 0x00, 0xf8,
  0x7f, 0x00, 0xf8, 0x7f, 0x00, 0x70, 0x00, 0x00, 0xc0, 0x01, 0x00, 0x00, 0x0e, 0x00, 0x00, 0x38,
  0x00, 0xf8, 0x7f, 0x00, 0xf8, 0x7f, 0x00, 0x00, 0x00, 0xe0, 0x1f, 0x00, 0x70, 0x38, 0x00, 0x18,
  0x60, 0x00, 0x08, 0x40, 0x00, 0x08, 0x40, 0x00, 0x18, 0x60, 0x00, 0x70, 0x38, 0x00, 0xc0, 0x0f,
  0x00, 0x00, 0x00, 0xf8, 0x7f, 0x00, 0xf8, 0x7f, 0x00, 0x08, 0x02, 0x00, 0x08, 0x02, 0x00, 0x18,
  0x03, 0x00, 0xf0, 0x01, 0x00, 0x00, 0x00, 0xe0, 0x1f, 0x00, 0x70, 0x38, 0x00, 0x18, 0x60, 0x00,
  0x08, 0x40, 0x00, 0x08, 0x40, 0x00, 0x18, 0xe0, 0x01, 0x70, 0x38, 0x01, 0xc0, 0x0f, 0x00, 0x00,
  0x00, 0xf8, 0x7f, 0x00, 0xf8, 0x7f, 0x00, 0x08, 0x02, 0x00, 0x08, 0x06, 0x00, 0x18, 0x1f, 0x00,
  0xf0, 0x71, 0x00, 0x00, 0x40, 0x00, 0x00, 0x00, 0xf0, 0x60, 0x00, 0x98, 0x41, 0x00, 0x08, 0x43,
  0x00, 0x08, 0x62, 0x00, 0x18, 0x3e, 0x00, 0x00, 0x08, 0x08, 0x00, 0x00, 0x08, 0x00, 0x00, 0x08,
  0x00, 0x00, 0xf8, 0x7f, 0x00, 0x08, 0x00, 0x00, 0x08, 0x00, 0x00, 0x08, 0x00, 0x00, 0x00, 0xf8,
  0x1f, 0x00, 0xf8, 0x3f, 0x00, 0x00, 0x60, 0x00, 0x00, 0x40, 0x00, 0x00, 0x40, 0x00, 0x00, 0x60,
  0x00, 0xf8, 0x3f, 0x18, 0x00, 0x00, 0xf8, 0x01, 0x00, 0x80, 0x1f, 0x00, 0x00, 0x78, 0x00, 0x00,
  0x78, 0x00, 0x80, 0x0f, 0x00, 0xf8, 0x00, 0x00, 0x08, 0x18, 0x00, 0x00, 0xf8, 0x03, 0x00, 0x00,
  0x3f, 0x00, 0x00, 0x70, 0x00, 0x00, 0x3f, 0x00, 0xf8, 0x01, 0x00, 0x78, 0x00, 0x00, 0xc0, 0x07,
  0x00, 0x00, 0x7c, 0x00, 0x00, 0x7c, 0x00, 0xc0, 0x0f, 0x00, 0x78, 0x00, 0x40, 0x00, 0x38, 0x70,
  0x00, 0xe0, 0x1c, 0x00, 0x80, 0x07, 0x00, 0xc0, 0x0f, 0x00, 0x78, 0x38, 0x00, 0x08, 0x60, 0x08,
  0x00, 0x00, 0x78, 0x00, 0x00, 0xc0, 0x01, 0x00, 0x00, 0x7f, 0x00, 0xc0, 0x03, 0x00, 0x78, 0x00,
  0x00, 0x18, 0x00, 0x40, 0x00, 0x08, 0x70, 0x00, 0x08, 0x5e, 0x00, 0x88, 0x43, 0x00, 0xf8, 0x40,
  0x00, 0x38, 0x40, 0x00, 0x00, 0x00, 0xf8, 0xff, 0x01, 0x18, 0x00, 0x01, 0x08, 0x00, 0x01, 0x08,
  0x00, 0x01, 0x08, 0x00, 0x00, 0x78, 0x00, 0x00, 0xc0, 0x01, 0x00, 0x00, 0x0e, 0x00, 0x00, 0x78,
  0x00, 0x00, 0x40, 0x08, 0x00, 0x01, 0x08, 0x00, 0x01, 0x18, 0x00, 0x01, 0xf8, 0xff, 0x01, 0x00,
  0x00, 0x00, 0x00, 0x03, 0x00, 0xe0, 0x00, 0x00, 0x30, 0x00, 0x00, 0x70, 0x00, 0x00, 0xc0, 0x01,
  0x00, 0x00, 0x03, 0x00, 0x00, 0x01, 0x00, 0x00, 0x01, 0x00, 0x00, 0x01, 0x00, 0x00, 0x01, 0x00,
  0x00, 0x01, 0x00, 0x00, 0x01, 0x00, 0x00, 0x01, 0x00, 0x00, 0x00, 0x0c, 0x00, 0x00, 0x18, 0x00,
  0x00, 0x00, 0x00, 0x78, 0x00, 0x40, 0x4c, 0x00, 0x40, 0x44, 0x00, 0xc0, 0x24, 0x00, 0x80, 0x7f,
  0x00, 0x00, 0x00, 0xf8, 0x7f, 0x00, 0xc0, 0x3b, 0x00, 0x40, 0x40, 0x00, 0x40, 0x40, 0x00, 0xc0,
  0x60, 0x00, 0x80, 0x3f, 0x00, 0x00, 0x00, 0x80, 0x3f, 0x00, 0xc0, 0x60, 0x00, 0x40, 0x40, 0x00,
  0x40, 0x40, 0x00, 0x40, 0x00, 0x00, 0x00, 0x80, 0x3f, 0x00, 0xc0, 0x60, 0x00, 0x40, 0x40, 0x00,
  0x40, 0x40, 0x00, 0x80, 0x31, 0x00, 0xf8, 0x7f, 0x00, 0x00, 0x00, 0x80, 0x3f, 0x00, 0xc0, 0x64,
  0x00, 0x40, 0x44, 0x00, 0xc0, 0x44, 0x00, 0x80, 0x47, 0x00, 0x00, 0x06, 0x40, 0x00, 0x00, 0xe0,
  0x7f, 0x00, 0xf8, 0x7f, 0x00, 0x48, 0x00, 0x00, 0x08, 0x00, 0x00, 0x00, 0x80, 0x3f, 0x02, 0xc0,
  0x60, 0x04, 0x40, 0x40, 0x04, 0x40, 0x40, 0x04, 0x80, 0x31, 0x03, 0xc0, 0xff, 0x01, 0x00, 0x00,
  0x00, 0xf8, 0x7f, 0x00, 0xc0, 0x03, 0x00, 0x40, 0x00, 0x00, 0x40, 0x00, 0x00, 0xc0, 0x00, 0x00,
  0x80, 0x7f, 0x00, 0x00, 0x00, 0xd8, 0x7f, 0x00, 0x00, 0x04, 0xd8, 0xff, 0x07, 0x00, 0x00, 0x00,
  0xf8, 0x7f, 0x00, 0x00, 0x0e, 0x00, 0x00, 0x06, 0x00, 0x80, 0x1d, 0x00, 0xc0, 0x70, 0x00, 0x00,
  0x40, 0x00, 0x00, 0x00, 0xf8, 0x7f, 0x00, 0x00, 0x00, 0xc0, 0x7f, 0x00, 0x80, 0x03, 0x00, 0x40,
  0x00, 0x00, 0x40, 0x00, 0x00, 0xc0, 0x7f, 0x00, 0x80, 0x7f, 0x00, 0xc0, 0x00, 0x00, 0x40, 0x00,
  0x00, 0xc0, 0x00, 0x00, 0x80, 0x7f, 0x00, 0x00, 0x00, 0xc0, 0x7f, 0x00, 0x80, 0x03, 0x00, 0x40,
  0x00, 0x00, 0x40, 0x00, 0x00, 0xc0, 0x00, 0x00, 0x80, 0x7f, 0x00, 0x00, 0x00, 0x80, 0x3f, 0x00,
  0xc0, 0x60, 0x00, 0x40, 0x40, 0x00, 0x40, 0x40, 0x00, 0xc0, 0x70, 0x00, 0x00, 0x1f, 0x00, 0x00,
  0x00, 0xc0, 0xff, 0x07, 0x80, 0x3b, 0x00, 0x40, 0x40, 0x00, 0x40, 0x40, 0x00, 0xc0, 0x60, 0x00,
  0x80, 0x3f, 0x00, 0x00, 0x00, 0x80, 0x3f, 0x00, 0xc0, 0x60, 0x00, 0x40, 0x40, 0x00, 0x40, 0x40,
  0x00, 0x80, 0x31, 0x00, 0xc0, 0xff, 0x07, 0x00, 0x00, 0x00, 0xc0, 0x7f, 0x00, 0x80, 0x03, 0x00,
  0xc0, 0x00, 0x00, 0x40, 0x00, 0x00, 0x00, 0x80, 0x43, 0x00, 0x40, 0x46, 0x00, 0x40, 0x44, 0x00,
  0x40, 0x38, 0x40, 0x00, 0x00, 0xe0, 0x3f, 0x00, 0xf0, 0x7f, 0x00, 0x40, 0x40, 0x00, 0x00, 0x00,
  0xc0, 0x3f, 0x00, 0x00, 0x60, 0x00, 0x00, 0x40, 0x00, 0x00, 0x40, 0x00, 0x00, 0x30, 0x00, 0xc0,
  0x7f, 0xc0, 0x00, 0x00, 0xc0, 0x07, 0x00, 0x00, 0x7c, 0x00, 0x00, 0x70, 0x00, 0x00, 0x1e, 0x00,
  0xc0, 0x03, 0xc0, 0x00, 0x00, 0xc0, 0x0f, 0x00, 0x00, 0x78, 0x00, 0x00, 0x78, 0x00, 0xc0, 0x07,
  0x00, 0xc0, 0x01, 0x00, 0x00, 0x3f, 0x00, 0x00, 0x70, 0x00, 0x00, 0x3e, 0x00, 0xc0, 0x03, 0x00,
  0x40, 0x00, 0xc0, 0x60, 0x00, 0x80, 0x1f, 0x00, 0x00, 0x0e, 0x00, 0x80, 0x3b, 0x00, 0xc0, 0x60,
  0xc0, 0x00, 0x04, 0xc0, 0x07, 0x04, 0x00, 0x3c, 0x03, 0x00, 0xf0, 0x01, 0x00, 0x1e, 0x00, 0xc0,
  0x03, 0x00, 0x40, 0x00, 0x40, 0x70, 0x00, 0x40, 0x5c, 0x00, 0xc0, 0x47, 0x00, 0xc0, 0x40, 0x00,
  0x00, 0x00, 0x00, 0x04, 0x00, 0xe0, 0xff, 0x00, 0xf8, 0xf1, 0x01, 0x08, 0x00, 0x01, 0x00, 0x00,
  0x00, 0x00, 0x00, 0x00, 0x00, 0x00, 0x00, 0xf8, 0xff, 0x07, 0x00, 0x00, 0x00, 0x08, 0x00, 0x01,
  0xf0, 0xfb, 0x01, 0xe0, 0x7f, 0x00, 0x00, 0x04, 0x00, 0x00, 0x00, 0x00, 0x01, 0x00, 0x00, 0x01,
  0x00, 0x00, 0x03, 0x00, 0x00, 0x02, 0x00, 0x00, 0x02, 0x00, 0x00, 0x03, 0x00, 0x00, 0x00, 0xc0,
  0xfc, 0x03, 0xc0, 0xf0, 0x03, 0x00, 0x00, 0x00, 0x80, 0x07, 0x00, 0xe0, 0x1f, 0x00, 0x20, 0x10,
  0x00, 0x38, 0x70, 0x00, 0x20, 0x10, 0x00, 0x00, 0x00, 0x00, 0x62, 0x00, 0xf0, 0x7f, 0x00, 0x18,
  0x42, 0x00, 0x08, 0x42, 0x00, 0x08, 0x42, 0x00, 0x00, 0x40, 0x00, 0x00, 0x00, 0x40, 0x16, 0x00,
  0x80, 0x19, 0x00, 0xc0, 0x10, 0x00, 0x40, 0x10, 0x00, 0xc0, 0x10, 0x00, 0xc0, 0x1d, 0x00, 0x40,
  0x12, 0x00, 0x00, 0x00, 0x38, 0x12, 0x00, 0xe0, 0x12, 0x00, 0x00, 0x7f, 0x00, 0xc0, 0x33, 0x00,
  0x78, 0x12, 0x00, 0x08, 0x00, 0x00, 0x00, 0x00, 0x00, 0x00, 0x00, 0x00, 0x00, 0xf8, 0xe1, 0x07,
  0x00, 0x00, 0x00, 0xf0, 0x43, 0x00, 0xd8, 0x44, 0x00, 0x88, 0x44, 0x00, 0x88, 0x7d, 0x00, 0x00,
  0x33, 0x00, 0x00, 0x00, 0x00, 0x00, 0x00, 0x08, 0x00, 0x00, 0x00, 0x00, 0x00, 0x00, 0x00, 0x00,
  0x08, 0x00, 0x00, 0x00, 0xc0, 0x0f, 0x00, 0x20, 0x10, 0x00, 0x10, 0x20, 0x00, 0xd8, 0x4f, 0x00,
  0x68, 0x58, 0x00, 0x28, 0x50, 0x00, 0x28, 0x50, 0x00, 0x38, 0x50, 0x00, 0x10, 0x20, 0x00, 0x30,
  0x30, 0x00, 0xc0, 0x1c, 0x00, 0x00, 0x00, 0xe8, 0x00, 0x00, 0xa8, 0x00, 0x00, 0xf8, 0x00, 0x00,
  0x00, 0x00, 0x0e, 0x00, 0x00, 0x1b, 0x00, 0x00, 0x21, 0x00, 0x00, 0x0c, 0x00, 0x00, 0x1b, 0x00,
  0x00, 0x21, 0x00, 0x00, 0x00, 0x00, 0x02, 0x00, 0x00, 0x02, 0x00, 0x00, 0x02, 0x00, 0x00, 0x02,
  0x00, 0x00, 0x02, 0x00, 0x00, 0x1e, 0x00, 0x04, 0x00, 0x00, 0x04, 0x00, 0x00, 0x04, 0x00, 0x00,
  0x04, 0x00, 0x00, 0x00, 0xc0, 0x0f, 0x00, 0x20, 0x10, 0x00, 0x10, 0x20, 0x00, 0x18, 0x40, 0x00,
  0xc8, 0x4f, 0x00, 0x48, 0x42, 0x00, 0xc8, 0x4e, 0x00, 0x98, 0x59, 0x00, 0x10, 0x20, 0x00, 0x30,
  0x30, 0x00, 0xc0, 0x1c, 0x02, 0x00, 0x00, 0x02, 0x00, 0x00, 0x02, 0x00, 0x00, 0x02, 0x00, 0x00,
  0x02, 0x00, 0x00, 0x02, 0x00, 0x00, 0x02, 0x00, 0x00, 0x00, 0x70, 0x00, 0x00, 0x88, 0x00, 0x00,
  0x88, 0x00, 0x00, 0xf0, 0x00, 0x00, 0x00, 0x00, 0x41, 0x00, 0x00, 0x41, 0x00, 0xe0, 0x5f, 0x00,
  0x00, 0x41, 0x00, 0x00, 0x41, 0x00, 0x00, 0x41, 0x80, 0x00, 0x00, 0xc2, 0x00, 0x00, 0xa2, 0x00,
  0x00, 0x9e, 0x00, 0x00, 0x00, 0x24, 0x01, 0x00, 0x24, 0x01, 0x00, 0xfc, 0x01, 0x00, 0x00, 0x00,
  0x10, 0x00, 0x00, 0x08, 0x00, 0x00, 0x00, 0xc0, 0xff, 0x07, 0x00, 0x70, 0x00, 0x00, 0x40, 0x00,
  0x00, 0x40, 0x00, 0x00, 0x30, 0x00, 0xc0, 0x7f, 0x00, 0x00, 0x00, 0xf0, 0x03, 0x00, 0xf8, 0x07,
  0x00, 0xf8, 0x07, 0x00, 0xf8, 0xff, 0x03, 0x08, 0x00, 0x00, 0xf8, 0xff, 0x03, 0x00, 0x00, 0x00,
  0x00, 0x03, 0x00, 0x00, 0x03, 0x00, 0x00, 0x04, 0x00, 0x80, 0x04, 0x00, 0x00, 0x03, 0x00, 0x00,
  0x00, 0x04, 0x00, 0x00, 0x06, 0x00, 0x00, 0xfe, 0x00, 0x00, 0x00, 0xf8, 0x00, 0x00, 0x88, 0x00,
  0x00, 0x88, 0x00, 0x00, 0x70, 0x00, 0x00, 0x00, 0x00, 0x31, 0x00, 0x00, 0x1e, 0x00, 0x00, 0x04,
  0x00, 0x00, 0x31, 0x00, 0x00, 0x1e, 0x00, 0x00, 0x0c, 0x00, 0x00, 0x00, 0x10, 0x00, 0x00, 0xf8,
  0x03, 0x00, 0x00, 0x60, 0x00, 0x00, 0x18, 0x00, 0x00, 0x06, 0x00, 0x80, 0x01, 0x00, 0x60, 0x30,
  0x00, 0x18, 0x24, 0x00, 0x00, 0x7f, 0x00, 0x00, 0x20, 0x00, 0x00, 0x00, 0x10, 0x00, 0x00, 0xf8,
  0x43, 0x00, 0x00, 0x70, 0x00, 0x00, 0x1c, 0x00, 0x00, 0x07, 0x00, 0xc0, 0x01, 0x00, 0x70, 0x40,
  0x00, 0x18, 0x61, 0x00, 0x00, 0x59, 0x00, 0x00, 0x4f, 0x00, 0x02, 0x00, 0x48, 0x02, 0x00, 0x48,
  0x02, 0x00, 0xf8, 0x63, 0x00, 0x00, 0x39, 0x00, 0x00, 0x0c, 0x00, 0x00, 0x03, 0x00, 0xc0, 0x30,
  0x00, 0x30, 0x2c, 0x00, 0x08, 0x23, 0x00, 0x00, 0x7f, 0x00, 0x00, 0x20, 0x00, 0xc0, 0x00, 0x00,
  0xf0, 0x03, 0x00, 0x18, 0x02, 0xc0, 0x0c, 0x02, 0x00, 0x00, 0x03, 0x00, 0xc0, 0x00, 0x00, 0xfc,
  0x00, 0x83, 0x0f, 0x00, 0xf6, 0x08, 0x00, 0xf0, 0x08, 0x00, 0x80, 0x0f, 0x00, 0x00, 0x7c, 0x00,
  0x00, 0xc0, 0x00, 0xc0, 0x00, 0x00, 0xfc, 0x00, 0x80, 0x0f, 0x00, 0xf0, 0x08, 0x00, 0xf6, 0x08,
  0x00, 0x83, 0x0f, 0x00, 0x00, 0x7c, 0x00, 0x00, 0xc0, 0x00, 0x60, 0x00, 0x00, 0x7e, 0x00, 0xc2,
  0x07, 0x00, 0x79, 0x04, 0x00, 0x79, 0x04, 0x00, 0xc2, 0x07, 0x00, 0x00, 0x3e, 0x00, 0x00, 0x60,
  0x00, 0x60, 0x00, 0x00, 0x7e, 0x00, 0xc3, 0x07, 0x00, 0x79, 0x04, 0x00, 0x7a, 0x04, 0x00, 0xc2,
  0x07, 0x00, 0x01, 0x3e, 0x00, 0x00, 0x60, 0x00, 0x60, 0x00, 0x00, 0x7e, 0x00, 0xc1, 0x07, 0x00,
  0x78, 0x04, 0x00, 0x78, 0x04, 0x00, 0xc1, 0x07, 0x00, 0x00, 0x3e, 0x00, 0x00, 0x60, 0x00, 0x60,
  0x00, 0x00, 0x7e, 0x00, 0xc4, 0x07, 0x00, 0x7e, 0x04, 0x00, 0x7a, 0x04, 0x00, 0xc4, 0x07, 0x00,
  0x00, 0x3e, 0x00, 0x00, 0x60, 0x00, 0x60, 0x00, 0x00, 0x7c, 0x00, 0x80, 0x0f, 0x00, 0xf0, 0x05,
  0x00, 0x18, 0x04, 0x00, 0xf8, 0x7f, 0x00, 0xf8, 0x7f, 0x00, 0x08, 0x41, 0x00, 0x08, 0x41, 0x00,
  0x08, 0x41, 0x00, 0x00, 0x00, 0xc0, 0x0f, 0x00, 0x70, 0x38, 0x00, 0x18, 0x60, 0x04, 0x08, 0xc0,
  0x04, 0x08, 0x40, 0x07, 0x18, 0x40, 0x00, 0x00, 0x00, 0xf0, 0xff, 0x00, 0xf3, 0xff, 0x00, 0x16,
  0x82, 0x00, 0x10, 0x82, 0x00, 0x10, 0x82, 0x00, 0x00, 0x00, 0xf0, 0xff, 0x00, 0xf0, 0xff, 0x00,
  0x14, 0x82, 0x00, 0x16, 0x82, 0x00, 0x13, 0x82, 0x00, 0x00, 0x00, 0xf8, 0x7f, 0x00, 0xfa, 0x7f,
  0x00, 0x09, 0x41, 0x00, 0x09, 0x41, 0x00, 0x0a, 0x41, 0x00, 0x00, 0x00, 0xf8, 0x7f, 0x00, 0xf9,
  0x7f, 0x00, 0x08, 0x41, 0x00, 0x08, 0x41, 0x00, 0x09, 0x41, 0x00, 0x00, 0x00, 0x09, 0x40, 0x00,
  0xfa, 0x7f, 0x00, 0x08, 0x40, 0x00, 0x00, 0x00, 0x08, 0x40, 0x00, 0xfa, 0x7f, 0x00, 0x09, 0x40,
  0x04, 0x00, 0x00, 0x12, 0x80, 0x00, 0xf3, 0xff, 0x00, 0x16, 0x80, 0x01, 0x00, 0x00, 0x09, 0x40,
  0x00, 0xf8, 0x7f, 0x00, 0x09, 0x40, 0x00, 0x01, 0x00, 0xf8, 0x7f, 0x00, 0xf8, 0x7f, 0x00, 0x08,
  0x41, 0x00, 0x08, 0x41, 0x00, 0x18, 0x60, 0x00, 0x30, 0x30, 0x00, 0xe0, 0x1f, 0x00, 0x00, 0x00,
  0xf8, 0x7f, 0x00, 0xf8, 0x7f, 0x00, 0x73, 0x00, 0x00, 0xc1, 0x01, 0x00, 0x02, 0x0e, 0x00, 0x02,
  0x38, 0x00, 0xf9, 0x7f, 0x00, 0xf8, 0x7f, 0x00, 0x00, 0x00, 0xc0, 0x3f, 0x00, 0xe0, 0x70, 0x00,
  0x33, 0xc0, 0x00, 0x16, 0x80, 0x00, 0x10, 0x80, 0x00, 0x30, 0xc0, 0x00, 0xe0, 0x70, 0x00, 0x80,
  0x1f, 0x00, 0x00, 0x00, 0xc0, 0x3f, 0x00, 0xe0, 0x70, 0x00, 0x30, 0xc0, 0x00, 0x10, 0x80, 0x00,
  0x16, 0x80, 0x00, 0x33, 0xc0, 0x00, 0xe0, 0x70, 0x00, 0x80, 0x1f, 0x00, 0x00, 0x00, 0xe0, 0x1f,
  0x00, 0x70, 0x38, 0x00, 0x1a, 0x60, 0x00, 0x09, 0x40, 0x00, 0x09, 0x40, 0x00, 0x1a, 0x60, 0x00,
  0x70, 0x38, 0x00, 0xc0, 0x0f, 0x00, 0x00, 0x00, 0xe0, 0x1f, 0x00, 0x70, 0x38, 0x00, 0x1b, 0x60,
  0x00, 0x09, 0x40, 0x00, 0x0a, 0x40, 0x00, 0x1a, 0x60, 0x00, 0x70, 0x38, 0x00, 0xc0, 0x0f, 0x00,
  0x00, 0x00, 0xe0, 0x1f, 0x00, 0x70, 0x38, 0x00, 0x19, 0x60, 0x00, 0x08, 0x40, 0x00, 0x08, 0x40,
  0x00, 0x19, 0x60, 0x00, 0x70, 0x38, 0x00, 0xc0, 0x0f, 0x00, 0x00, 0x00, 0x80, 0x08, 0x00, 0x80,
  0x05, 0x00, 0x00, 0x03, 0x00, 0x00, 0x07, 0x00, 0x80, 0x0c, 0x00, 0x00, 0x08, 0x00, 0x00, 0x00,
  0xe0, 0x5f, 0x00, 0x70, 0x78, 0x00, 0x18, 0x78, 0x00, 0x08, 0x46, 0x00, 0x88, 0x41, 0x00, 0x78,
  0x60, 0x00, 0x78, 0x38, 0x00, 0xc8, 0x0f, 0x00, 0x00, 0x00, 0xf0, 0x3f, 0x00, 0xf0, 0x7f, 0x00,
  0x03, 0xc0, 0x00, 0x06, 0x80, 0x00, 0x00, 0x80, 0x00, 0x00, 0xc0, 0x00, 0xf0, 0x7f, 0x00, 0x00,
  0x00, 0xf8, 0x1f, 0x00, 0xf8, 0x3f, 0x00, 0x00, 0x60, 0x00, 0x02, 0x40, 0x00, 0x03, 0x40, 0x00,
  0x00, 0x60, 0x00, 0xf8, 0x3f, 0x00, 0x00, 0x00, 0xf8, 0x1f, 0x00, 0xf8, 0x3f, 0x00, 0x03, 0x60,
  0x00, 0x01, 0x40, 0x00, 0x01, 0x40, 0x00, 0x02, 0x60, 0x00, 0xf8, 0x3f, 0x00, 0x00, 0x00, 0xf8,
  0x1f, 0x00, 0xf8, 0x3f, 0x00, 0x01, 0x60, 0x00, 0x00, 0x40, 0x00, 0x01, 0x40, 0x00, 0x01, 0x60,
  0x00, 0xf8, 0x3f, 0x08, 0x00, 0x00, 0x78, 0x00, 0x00, 0xc0, 0x01, 0x00, 0x02, 0x7f, 0x00, 0xc1,
  0x03, 0x00, 0x78, 0x00, 0x00, 0x18, 0x00, 0x00, 0x00, 0xf8, 0x7f, 0x00, 0xf8, 0x7f, 0x00, 0x20,
  0x08, 0x00, 0x20, 0x08, 0x00, 0x60, 0x0c, 0x00, 0xc0, 0x07, 0x00, 0x00, 0x00, 0xf0, 0x7f, 0x00,
  0x38, 0x00, 0x00, 0x08, 0x40, 0x00, 0x88, 0x43, 0x00, 0xf8, 0x46, 0x00, 0x30, 0x7c, 0x00, 0x00,
  0x10, 0x00, 0x00, 0x00, 0x00, 0x78, 0x00, 0x4c, 0x4c, 0x00, 0x58, 0x44, 0x00, 0xd0, 0x24, 0x00,
  0x80, 0x7f, 0x00, 0x00, 0x00, 0x00, 0x78, 0x00, 0x40, 0x4c, 0x00, 0x50, 0x44, 0x00, 0xc8, 0x24,
  0x00, 0x80, 0x7f, 0x00, 0x00, 0x00, 0x00, 0x78, 0x00, 0x58, 0x4c, 0x00, 0x48, 0x44, 0x00, 0xc8,
  0x24, 0x00, 0x90, 0x7f, 0x00, 0x00, 0x00, 0x10, 0x78, 0x00, 0x48, 0x4c, 0x00, 0x58, 0x44, 0x00,
  0xd0, 0x24, 0x00, 0x98, 0x7f, 0x00, 0x00, 0x00, 0x00, 0x78, 0x00, 0x48, 0x4c, 0x00, 0x40, 0x44,
  0x00, 0xc0, 0x24, 0x00, 0x88, 0x7f, 0x00, 0x00, 0x00, 0x00, 0x78, 0x00, 0x58, 0x4c, 0x00, 0x54,
  0x44, 0x00, 0xdc, 0x24, 0x00, 0x80, 0x7f, 0x00, 0x00, 0x00, 0x00, 0x78, 0x00, 0x40, 0x4c, 0x00,
  0x40, 0x44, 0x00, 0xc0, 0x24, 0x00, 0x80, 0x3f, 0x00, 0xc0, 0x64, 0x00, 0x40, 0x44, 0x00, 0x40,
  0x44, 0x00, 0x80, 0x47, 0x00, 0x00, 0x06, 0x00, 0x00, 0x00, 0x80, 0x3f, 0x00, 0xc0, 0x60, 0x04,
  0x40, 0xc0, 0x04, 0x40, 0x40, 0x07, 0x40, 0x00, 0x00, 0x00, 0x80, 0x3f, 0x00, 0xcc, 0x64, 0x00,
  0x58, 0x44, 0x00, 0xd0, 0x44, 0x00, 0x80, 0x47, 0x00, 0x00, 0x06, 0x00, 0x00, 0x00, 0x80, 0x3f,
  0x00, 0xc0, 0x64, 0x00, 0x50, 0x44, 0x00, 0xc8, 0x44, 0x00, 0x80, 0x47, 0x00, 0x00, 0x06, 0x00,
  0x00, 0x00, 0x80, 0x3f, 0x00, 0xd8, 0x64, 0x00, 0x48, 0x44, 0x00, 0xc8, 0x44, 0x00, 0x90, 0x47,
  0x00, 0x00, 0x06, 0x00, 0x00, 0x00, 0x80, 0x3f, 0x00, 0xc8, 0x64, 0x00, 0x40, 0x44, 0x00, 0xc0,
  0x44, 0x00, 0x88, 0x47, 0x00, 0x00, 0x06, 0x08, 0x00, 0x00, 0xd8, 0x7f, 0x00, 0x10, 0x00, 0x00,
  0x00, 0xd0, 0x7f, 0x00, 0x08, 0x10, 0x00, 0x00, 0xc8, 0x7f, 0x00, 0x08, 0x00, 0x00, 0x10, 0x08,
  0x00, 0x00, 0xc0, 0x7f, 0x00, 0x00, 0x00, 0x00, 0x08, 0x00, 0x00, 0x00, 0x00, 0x3f, 0x00, 0x90,
  0x61, 0x00, 0x98, 0x40, 0x00, 0x98, 0x40, 0x00, 0xec, 0x61, 0x00, 0x80, 0x3f, 0x00, 0x00, 0x00,
  0xc0, 0x7f, 0x00, 0x98, 0x03, 0x00, 0x48, 0x00, 0x00, 0x50, 0x00, 0x00, 0xd0, 0x00, 0x00, 0x88,
  0x7f, 0x00, 0x00, 0x00, 0x80, 0x3f, 0x00, 0xc0, 0x60, 0x00, 0x48, 0x40, 0x00, 0x50, 0x40, 0x00,
  0xc0, 0x70, 0x00, 0x00, 0x1f, 0x00, 0x00, 0x00, 0x80, 0x3f, 0x00, 0xc0, 0x60, 0x00, 0x50, 0x40,
  0x00, 0x58, 0x40, 0x00, 0xc0, 0x70, 0x00, 0x00, 0x1f, 0x00, 0x00, 0x00, 0x80, 0x3f, 0x00, 0xd0,
  0x60, 0x00, 0x48, 0x40, 0x00, 0x48, 0x40, 0x00, 0xd0, 0x70, 0x00, 0x00, 0x1f, 0x00, 0x00, 0x00,
  0x80, 0x3f, 0x00, 0xd8, 0x60, 0x00, 0x48, 0x40, 0x00, 0x50, 0x40, 0x00, 0xd8, 0x70, 0x00, 0x00,
  0x1f, 0x00, 0x00, 0x00, 0x80, 0x3f, 0x00, 0xc8, 0x60, 0x00, 0x40, 0x40, 0x00, 0x40, 0x40, 0x00,
  0xc8, 0x70, 0x00, 0x00, 0x1f, 0x00, 0x00, 0x00, 0x00, 0x01, 0x00, 0x00, 0x01, 0x00, 0x60, 0x19,
  0x00, 0x00, 0x01, 0x00, 0x00, 0x01, 0x00, 0x00, 0x01, 0x00, 0x00, 0x00, 0x80, 0xff, 0x00, 0xc0,
  0x70, 0x00, 0x40, 0x4c, 0x00, 0x40, 0x46, 0x00, 0xc0, 0x61, 0x00, 0x40, 0x1f, 0x00, 0x00, 0x00,
  0xc0, 0x3f, 0x00, 0x00, 0x60, 0x00, 0x08, 0x40, 0x00, 0x10, 0x40, 0x00, 0x00, 0x30, 0x00, 0xc0,
  0x7f, 0x00, 0x00, 0x00, 0xc0, 0x3f, 0x00, 0x00, 0x60, 0x00, 0x10, 0x40, 0x00, 0x18, 0x40, 0x00,
  0x08, 0x30, 0x00, 0xc0, 0x7f, 0x00, 0x00, 0x00, 0xc0, 0x3f, 0x00, 0x10, 0x60, 0x00, 0x08, 0x40,
  0x00, 0x08, 0x40, 0x00, 0x10, 0x30, 0x00, 0xc0, 0x7f, 0x00, 0x00, 0x00, 0xc0, 0x3f, 0x00, 0x08,
  0x60, 0x00, 0x00, 0x40, 0x00, 0x00, 0x40, 0x00, 0x08, 0x30, 0x00, 0xc0, 0x7f, 0xc0, 0x00, 0x04,
  0xc0, 0x07, 0x04, 0x00, 0x3c, 0x03, 0x18, 0xf0, 0x01, 0x0c, 0x1e, 0x00, 0xc0, 0x03, 0x00, 0x00,
  0x00, 0xf8, 0xff, 0x07, 0xc0, 0x3b, 0x00, 0x40, 0x40, 0x00, 0x40, 0x40, 0x00, 0xc0, 0x60, 0x00,
  0x80, 0x3f, 0xc0, 0x00, 0x04, 0xc8, 0x07, 0x04, 0x00, 0x3c, 0x03, 0x00, 0xf0, 0x01, 0x08, 0x1e,
  0x00, 0xc0, 0x03,
};

return TRIAL_1;
}

// nominal=24; cap=17; H_top=5; baseline=22; line_box=28; bearing_shifts=[74, 106, 238]; vertical_shifts=[]

inline const uint8_t* fontStorage2() {

static const uint8_t TRIAL_2[] = {
  0x18, 0x1c, 0x20, 0xe0, 0xff, 0xff, 0x00, 0x05, 0x00, 0x00, 0x0f, 0x06, 0x00, 0x0f, 0x1e, 0x09,
  0x00, 0x2d, 0x2e, 0x0c, 0x00, 0x5b, 0x27, 0x0b, 0x00, 0x82, 0x3f, 0x11, 0x00, 0xc1, 0x33, 0x0d,
  0x00, 0xf4, 0x0d, 0x05, 0x01, 0x01, 0x18, 0x07, 0x01, 0x19, 0x17, 0x07, 0x01, 0x30, 0x25, 0x0b,
  0x01, 0x55, 0x26, 0x0b, 0x01, 0x7b, 0x0f, 0x06, 0x01, 0x8a, 0x17, 0x07, 0x01, 0xa1, 0x0f, 0x06,
  0x01, 0xb0, 0x1d, 0x09, 0x01, 0xcd, 0x27, 0x0b, 0x01, 0xf4, 0x1b, 0x0b, 0x02, 0x0f, 0x27, 0x0b,
  0x02, 0x36, 0x27, 0x0b, 0x02, 0x5d, 0x2b, 0x0b, 0x02, 0x88, 0x27, 0x0b, 0x02, 0xaf, 0x27, 0x0b,
  0x02, 0xd6, 0x26, 0x0b, 0x02, 0xfc, 0x27, 0x0b, 0x03, 0x23, 0x27, 0x0b, 0x03, 0x4a, 0x0f, 0x06,
  0x03, 0x59, 0x0f, 0x06, 0x03, 0x68, 0x27, 0x0b, 0x03, 0x8f, 0x27, 0x0b, 0x03, 0xb6, 0x26, 0x0b,
  0x03, 0xdc, 0x1e, 0x08, 0x03, 0xfa, 0x3f, 0x11, 0x04, 0x39, 0x2f, 0x0c, 0x04, 0x68, 0x2f, 0x0d,
  0x04, 0x97, 0x2b, 0x0c, 0x04, 0xc2, 0x32, 0x0e, 0x04, 0xf4, 0x27, 0x0b, 0x05, 0x1b, 0x25, 0x0a,
  0x05, 0x40, 0x33, 0x0e, 0x05, 0x73, 0x2f, 0x0e, 0x05, 0xa2, 0x17, 0x07, 0x05, 0xb9, 0x14, 0x07,
  0x05, 0xcd, 0x2f, 0x0c, 0x05, 0xfc, 0x27, 0x0a, 0x06, 0x23, 0x43, 0x13, 0x06, 0x66, 0x33, 0x0f,
  0x06, 0x99, 0x36, 0x0f, 0x06, 0xcf, 0x2a, 0x0c, 0x06, 0xf9, 0x36, 0x0f, 0x07, 0x2f, 0x2f, 0x0c,
  0x07, 0x5e, 0x27, 0x0b, 0x07, 0x85, 0x25, 0x0a, 0x07, 0xaa, 0x2f, 0x0e, 0x07, 0xd9, 0x2d, 0x0c,
  0x08, 0x06, 0x49, 0x13, 0x08, 0x4f, 0x2b, 0x0b, 0x08, 0x7a, 0x25, 0x0b, 0x08, 0x9f, 0x27, 0x0a,
  0x08, 0xc6, 0x1c, 0x08, 0x08, 0xe2, 0x1f, 0x09, 0x09, 0x01, 0x18, 0x08, 0x09, 0x19, 0x2a, 0x0c,
  0x09, 0x43, 0x2c, 0x0b, 0x09, 0x6f, 0x11, 0x06, 0x09, 0x80, 0x23, 0x0b, 0x09, 0xa3, 0x2b, 0x0c,
  0x09, 0xce, 0x23, 0x09, 0x09, 0xf1, 0x2b, 0x0c, 0x0a, 0x1c, 0x27, 0x0b, 0x0a, 0x43, 0x19, 0x07,
  0x0a, 0x5c, 0x2b, 0x0c, 0x0a, 0x87, 0x27, 0x0c, 0x0a, 0xae, 0x0f, 0x05, 0x0a, 0xbd, 0x14, 0x06,
  0x0a, 0xd1, 0x27, 0x0b, 0x0a, 0xf8, 0x0f, 0x05, 0x0b, 0x07, 0x43, 0x12, 0x0b, 0x4a, 0x27, 0x0c,
  0x0b, 0x71, 0x2b, 0x0c, 0x0b, 0x9c, 0x2b, 0x0c, 0x0b, 0xc7, 0x2c, 0x0c, 0x0b, 0xf3, 0x1e, 0x08,
  0x0c, 0x11, 0x1f, 0x09, 0x0c, 0x30, 0x17, 0x07, 0x0c, 0x47, 0x27, 0x0c, 0x0c, 0x6e, 0x26, 0x0a,
  0x0c, 0x94, 0x3a, 0x10, 0x0c, 0xce, 0x23, 0x0a, 0x0c, 0xf1, 0x26, 0x0a, 0x0d, 0x17, 0x1f, 0x08,
  0x0d, 0x36, 0x20, 0x09, 0x0d, 0x56, 0x18, 0x0b, 0x0d, 0x6e, 0x1e, 0x09, 0x0d, 0x8c, 0x2a, 0x0b,
  0xff, 0xff, 0x00, 0x00, 0xff, 0xff, 0x00, 0x18, 0xff, 0xff, 0x00, 0x18, 0xff, 0xff, 0x00, 0x18,
  0xff, 0xff, 0x00, 0x18, 0xff, 0xff, 0x00, 0x18, 0xff, 0xff, 0x00, 0x18, 0xff, 0xff, 0x00, 0x18,
  0xff, 0xff, 0x00, 0x18, 0xff, 0xff, 0x00, 0x18, 0xff, 0xff, 0x00, 0x18, 0xff, 0xff, 0x00, 0x18,
  0xff, 0xff, 0x00, 0x18, 0xff, 0xff, 0x00, 0x18, 0xff, 0xff, 0x00, 0x18, 0xff, 0xff, 0x00, 0x18,
  0xff, 0xff, 0x00, 0x18, 0xff, 0xff, 0x00, 0x18, 0xff, 0xff, 0x00, 0x18, 0xff, 0xff, 0x00, 0x18,
  0xff, 0xff, 0x00, 0x18, 0xff, 0xff, 0x00, 0x18, 0xff, 0xff, 0x00, 0x18, 0xff, 0xff, 0x00, 0x18,
  0xff, 0xff, 0x00, 0x18, 0xff, 0xff, 0x00, 0x18, 0xff, 0xff, 0x00, 0x18, 0xff, 0xff, 0x00, 0x18,
  0xff, 0xff, 0x00, 0x18, 0xff, 0xff, 0x00, 0x18, 0xff, 0xff, 0x00, 0x18, 0xff, 0xff, 0x00, 0x18,
  0xff, 0xff, 0x00, 0x18, 0xff, 0xff, 0x00, 0x05, 0x0d, 0xb6, 0x10, 0x06, 0x0d, 0xc6, 0x23, 0x0b,
  0x0d, 0xe9, 0x27, 0x0b, 0x0e, 0x10, 0x2f, 0x0d, 0x0e, 0x3f, 0x27, 0x0b, 0x0e, 0x66, 0x18, 0x0b,
  0x0e, 0x7e, 0x23, 0x0a, 0x0e, 0xa1, 0x21, 0x0d, 0x0e, 0xc2, 0x4a, 0x14, 0x0f, 0x0c, 0x16, 0x08,
  0x0f, 0x22, 0x27, 0x0b, 0x0f, 0x49, 0x27, 0x0b, 0x0f, 0x70, 0x17, 0x07, 0x0f, 0x87, 0x4a, 0x14,
  0x0f, 0xd1, 0x29, 0x0b, 0x0f, 0xfa, 0x1e, 0x09, 0x10, 0x18, 0x27, 0x0b, 0x10, 0x3f, 0x1a, 0x08,
  0x10, 0x59, 0x1a, 0x08, 0x10, 0x73, 0x11, 0x06, 0x10, 0x84, 0x27, 0x0c, 0x10, 0xab, 0x2c, 0x0d,
  0x10, 0xd7, 0x0e, 0x06, 0x10, 0xe5, 0x14, 0x05, 0x10, 0xf9, 0x12, 0x08, 0x11, 0x0b, 0x1a, 0x08,
  0x11, 0x25, 0x27, 0x0b, 0x11, 0x4c, 0x43, 0x11, 0x11, 0x8f, 0x43, 0x12, 0x11, 0xd2, 0x47, 0x12,
  0x12, 0x19, 0x20, 0x08, 0x12, 0x39, 0x2f, 0x0c, 0x12, 0x68, 0x2f, 0x0c, 0x12, 0x97, 0x2f, 0x0c,
  0x12, 0xc6, 0x2f, 0x0c, 0x12, 0xf5, 0x2f, 0x0c, 0x13, 0x24, 0x2f, 0x0c, 0x13, 0x53, 0x3b, 0x11,
  0x13, 0x8e, 0x2b, 0x0c, 0x13, 0xb9, 0x27, 0x0b, 0x13, 0xe0, 0x27, 0x0b, 0x14, 0x07, 0x27, 0x0b,
  0x14, 0x2e, 0x27, 0x0b, 0x14, 0x55, 0x17, 0x07, 0x14, 0x6c, 0x19, 0x07, 0x14, 0x85, 0x19, 0x07,
  0x14, 0x9e, 0x19, 0x07, 0x14, 0xb7, 0x32, 0x0e, 0x14, 0xe9, 0x33, 0x0f, 0x15, 0x1c, 0x36, 0x0f,
  0x15, 0x52, 0x36, 0x0f, 0x15, 0x88, 0x36, 0x0f, 0x15, 0xbe, 0x36, 0x0f, 0x15, 0xf4, 0x36, 0x0f,
  0x16, 0x2a, 0x27, 0x0b, 0x16, 0x51, 0x36, 0x0f, 0x16, 0x87, 0x2f, 0x0e, 0x16, 0xb6, 0x2f, 0x0e,
  0x16, 0xe5, 0x2f, 0x0e, 0x17, 0x14, 0x2f, 0x0e, 0x17, 0x43, 0x25, 0x0b, 0x17, 0x68, 0x2a, 0x0c,
  0x17, 0x92, 0x2b, 0x0c, 0x17, 0xbd, 0x23, 0x0b, 0x17, 0xe0, 0x23, 0x0b, 0x18, 0x03, 0x23, 0x0b,
  0x18, 0x26, 0x23, 0x0b, 0x18, 0x49, 0x23, 0x0b, 0x18, 0x6c, 0x23, 0x0b, 0x18, 0x8f, 0x3f, 0x11,
  0x18, 0xce, 0x23, 0x09, 0x18, 0xf1, 0x27, 0x0b, 0x19, 0x18, 0x27, 0x0b, 0x19, 0x3f, 0x27, 0x0b,
  0x19, 0x66, 0x27, 0x0b, 0x19, 0x8d, 0x0f, 0x05, 0x19, 0x9c, 0x15, 0x06, 0x19, 0xb1, 0x19, 0x07,
  0x19, 0xca, 0x15, 0x06, 0x19, 0xdf, 0x2b, 0x0c, 0x1a, 0x0a, 0x27, 0x0c, 0x1a, 0x31, 0x2b, 0x0c,
  0x1a, 0x5c, 0x2b, 0x0c, 0x1a, 0x87, 0x2b, 0x0c, 0x1a, 0xb2, 0x2b, 0x0c, 0x1a, 0xdd, 0x2b, 0x0c,
  0x1b, 0x08, 0x26, 0x0b, 0x1b, 0x2e, 0x2b, 0x0c, 0x1b, 0x59, 0x27, 0x0c, 0x1b, 0x80, 0x27, 0x0c,
  0x1b, 0xa7, 0x27, 0x0c, 0x1b, 0xce, 0x27, 0x0c, 0x1b, 0xf5, 0x26, 0x0a, 0x1c, 0x1b, 0x2b, 0x0c,
  0x1c, 0x46, 0x26, 0x0a, 0x00, 0x00, 0x00, 0x00, 0x00, 0x00, 0x00, 0x00, 0xe0, 0xff, 0x39, 0x00,
  0xe0, 0xff, 0x39, 0x00, 0x00, 0x00, 0x00, 0x20, 0x00, 0x00, 0x00, 0xe0, 0x07, 0x00, 0x00, 0xe0,
  0x00, 0x00, 0x00, 0x00, 0x00, 0x00, 0x00, 0x00, 0x00, 0x00, 0x00, 0xe0, 0x07, 0x00, 0x00, 0xe0,
  0x07, 0x00, 0x00, 0x01, 0x00, 0x00, 0x84, 0x01, 0x00, 0x00, 0x8c, 0x39, 0x00, 0x00, 0xfc, 0x3f,
  0x00, 0xe0, 0xff, 0x01, 0x00, 0xe0, 0x8d, 0x01, 0x00, 0x00, 0x8c, 0x21, 0x00, 0x00, 0xcc, 0x3f,
  0x00, 0x80, 0xff, 0x03, 0x00, 0xe0, 0x8f, 0x01, 0x00, 0x00, 0x8c, 0x01, 0x00, 0x00, 0x04, 0x00,
  0x00, 0x00, 0x00, 0x00, 0x0f, 0x0c, 0x00, 0x80, 0x1f, 0x08, 0x00, 0xc0, 0x19, 0x18, 0x00, 0xc0,
  0x30, 0x18, 0x00, 0xf0, 0xff, 0x7f, 0x00, 0xc0, 0x60, 0x18, 0x00, 0xc0, 0x60, 0x0c, 0x00, 0xc0,
  0xc0, 0x0f, 0x00, 0x80, 0x80, 0x07, 0x00, 0x00, 0x00, 0x00, 0x80, 0x3f, 0x00, 0x00, 0xc0, 0x7f,
  0x00, 0x00, 0x60, 0xc0, 0x00, 0x00, 0x60, 0xc0, 0x20, 0x00, 0xc0, 0x7f, 0x38, 0x00, 0x80, 0x3f,
  0x0f, 0x00, 0x00, 0xc0, 0x03, 0x00, 0x00, 0xf0, 0x00, 0x00, 0x00, 0x1e, 0x00, 0x00, 0x80, 0xc7,
  0x0f, 0x00, 0xe0, 0xf0, 0x1f, 0x00, 0x20, 0x30, 0x30, 0x00, 0x00, 0x30, 0x30, 0x00, 0x00, 0xf0,
  0x3f, 0x00, 0x00, 0xc0, 0x0f, 0x00, 0x00, 0x00, 0x00, 0x00, 0x80, 0x0f, 0x00, 0x80, 0xc3, 0x1f,
  0x00, 0xc0, 0x6f, 0x38, 0x00, 0x60, 0x3c, 0x30, 0x00, 0x60, 0x70, 0x30, 0x00, 0x60, 0xf8, 0x30,
  0x00, 0xc0, 0x8f, 0x1b, 0x00, 0x80, 0x07, 0x1f, 0x00, 0x00, 0x00, 0x0e, 0x00, 0x00, 0xc0, 0x3f,
  0x00, 0x00, 0xc0, 0x31, 0x00, 0x00, 0x00, 0x20, 0x00, 0x00, 0x00, 0x00, 0x20, 0x00, 0x00, 0x00,
  0xe0, 0x07, 0x00, 0x00, 0xe0, 0x00, 0x00, 0x00, 0x00, 0x00, 0xf0, 0x07, 0x00, 0x00, 0xfe, 0x3f,
  0x00, 0x80, 0x0f, 0xf8, 0x00, 0xe0, 0x01, 0x80, 0x03, 0x20, 0x00, 0x00, 0x02, 0x00, 0x00, 0x00,
  0x00, 0x20, 0x00, 0x00, 0x02, 0xe0, 0x00, 0x80, 0x03, 0x80, 0x0f, 0xf8, 0x00, 0x00, 0xfe, 0x7f,
  0x00, 0x00, 0xf0, 0x07, 0x00, 0x00, 0x00, 0x00, 0x80, 0x01, 0x00, 0x00, 0x80, 0x09, 0x00, 0x00,
  0x80, 0x1d, 0x00, 0x00, 0xb0, 0x07, 0x00, 0x00, 0xf0, 0x03, 0x00, 0x00, 0x80, 0x0f, 0x00, 0x00,
  0x80, 0x0d, 0x00, 0x00, 0x80, 0x01, 0x00, 0x00, 0x80, 0x00, 0x00, 0x00, 0x00, 0x00, 0x30, 0x00,
  0x00, 0x00, 0x30, 0x00, 0x00, 0x00, 0x30, 0x00, 0x00, 0x00, 0x30, 0x00, 0x00, 0x00, 0xff, 0x07,
  0x00, 0x00, 0xff, 0x07, 0x00, 0x00, 0x30, 0x00, 0x00, 0x00, 0x30, 0x00, 0x00, 0x00, 0x30, 0x00,
  0x00, 0x00, 0x00, 0x00, 0x00, 0xc0, 0x01, 0x00, 0x00, 0xf8, 0x01, 0x00, 0x00, 0x38, 0x00, 0x00,
  0x00, 0x00, 0x00, 0x80, 0x01, 0x00, 0x00, 0x80, 0x01, 0x00, 0x00, 0x80, 0x01, 0x00, 0x00, 0x80,
  0x01, 0x00, 0x00, 0x80, 0x01, 0x00, 0x00, 0x00, 0x00, 0x00, 0x00, 0x00, 0x00, 0x00, 0x00, 0x38,
  0x00, 0x00, 0x00, 0x38, 0x00, 0x00, 0x00, 0x00, 0x00, 0x00, 0x38, 0x00, 0x00, 0x00, 0x1f, 0x00,
  0x00, 0xc0, 0x07, 0x00, 0x00, 0xf8, 0x00, 0x00, 0x00, 0x1f, 0x00, 0x00, 0xc0, 0x07, 0x00, 0x00,
  0xe0, 0x00, 0x00, 0x00, 0x00, 0x00, 0xfe, 0x03, 0x00, 0x80, 0xff, 0x0f, 0x00, 0xc0, 0x01, 0x1c,
  0x00, 0x60, 0x00, 0x30, 0x00, 0x60, 0x00, 0x30, 0x00, 0x60, 0x00, 0x30, 0x00, 0xe0, 0x00, 0x38,
  0x00, 0xc0, 0xff, 0x1f, 0x00, 0x00, 0xff, 0x07, 0x00, 0x00, 0x00, 0x00, 0x00, 0x00, 0x00, 0x00,
  0x00, 0x03, 0x00, 0x00, 0x80, 0x01, 0x00, 0x00, 0xc0, 0x00, 0x00, 0x00, 0xe0, 0xfe, 0x3f, 0x00,
  0xe0, 0xff, 0x3f, 0x00, 0x00, 0x00, 0x00, 0x40, 0x00, 0x30, 0x00, 0xc0, 0x00, 0x38, 0x00, 0x60,
  0x00, 0x3e, 0x00, 0x60, 0x00, 0x37, 0x00, 0x60, 0x80, 0x33, 0x00, 0x60, 0xe0, 0x30, 0x00, 0xe0,
  0x78, 0x30, 0x00, 0xc0, 0x3f, 0x30, 0x00, 0x00, 0x07, 0x30, 0x00, 0x00, 0x00, 0x00, 0x40, 0x00,
  0x10, 0x00, 0xc0, 0x00, 0x30, 0x00, 0x60, 0x30, 0x30, 0x00, 0x60, 0x30, 0x30, 0x00, 0x60, 0x30,
  0x30, 0x00, 0x60, 0x70, 0x30, 0x00, 0xe0, 0x7c, 0x18, 0x00, 0xc0, 0xcf, 0x1f, 0x00, 0x00, 0x83,
  0x0f, 0x00, 0x00, 0x03, 0x00, 0x00, 0xc0, 0x03, 0x00, 0x00, 0xe0, 0x03, 0x00, 0x00, 0x38, 0x03,
  0x00, 0x00, 0x0e, 0x03, 0x00, 0x80, 0x03, 0x03, 0x00, 0xc0, 0x00, 0x03, 0x00, 0xe0, 0xff, 0x3f,
  0x00, 0xe0, 0xff, 0x3f, 0x00, 0x00, 0x00, 0x03, 0x00, 0x00, 0x00, 0x03, 0x00, 0x00, 0x00, 0x00,
  0x00, 0x00, 0x10, 0x00, 0xe0, 0x1f, 0x30, 0x00, 0xe0, 0x1b, 0x30, 0x00, 0x60, 0x18, 0x30, 0x00,
  0x60, 0x18, 0x30, 0x00, 0x60, 0x18, 0x30, 0x00, 0x60, 0x30, 0x18, 0x00, 0x60, 0xf0, 0x1f, 0x00,
  0x00, 0xc0, 0x07, 0x00, 0x00, 0x00, 0x00, 0x00, 0xf8, 0x03, 0x00, 0x00, 0xff, 0x0f, 0x00, 0xc0,
  0x33, 0x1c, 0x00, 0xc0, 0x10, 0x30, 0x00, 0x60, 0x18, 0x30, 0x00, 0x60, 0x18, 0x30, 0x00, 0x60,
  0x38, 0x38, 0x00, 0x60, 0xf0, 0x1f, 0x00, 0x00, 0xe0, 0x0f, 0x00, 0x00, 0x00, 0x00, 0x60, 0x00,
  0x00, 0x00, 0x60, 0x00, 0x00, 0x00, 0x60, 0x00, 0x38, 0x00, 0x60, 0x00, 0x3e, 0x00, 0x60, 0xc0,
  0x0f, 0x00, 0x60, 0xf8, 0x01, 0x00, 0x60, 0x3e, 0x00, 0x00, 0xe0, 0x0f, 0x00, 0x00, 0xe0, 0x01,
  0x00, 0x00, 0x00, 0x00, 0x00, 0x83, 0x0f, 0x00, 0xc0, 0xcf, 0x1f, 0x00, 0xe0, 0xfc, 0x38, 0x00,
  0x60, 0x78, 0x30, 0x00, 0x60, 0x30, 0x30, 0x00, 0x60, 0x70, 0x30, 0x00, 0xe0, 0xf8, 0x30, 0x00,
  0xc0, 0xcf, 0x1f, 0x00, 0x80, 0x87, 0x0f, 0x00, 0x00, 0x00, 0x00, 0x00, 0x1f, 0x00, 0x00, 0xc0,
  0x7f, 0x30, 0x00, 0xe0, 0x60, 0x30, 0x00, 0x60, 0xc0, 0x30, 0x00, 0x60, 0xc0, 0x30, 0x00, 0x60,
  0x40, 0x18, 0x00, 0xc0, 0x60, 0x1e, 0x00, 0xc0, 0xff, 0x0f, 0x00, 0x00, 0xff, 0x01, 0x00, 0x00,
  0x00, 0x00, 0x00, 0x00, 0x00, 0x00, 0x00, 0x0e, 0x38, 0x00, 0x00, 0x0e, 0x38, 0x00, 0x00, 0x00,
  0x00, 0x00, 0x00, 0xc0, 0x01, 0x00, 0x0e, 0xf8, 0x01, 0x00, 0x0e, 0x38, 0x00, 0x00, 0x00, 0x00,
  0x00, 0x20, 0x00, 0x00, 0x00, 0x70, 0x00, 0x00, 0x00, 0x70, 0x00, 0x00, 0x00, 0xd8, 0x00, 0x00,
  0x00, 0x8c, 0x00, 0x00, 0x00, 0x8c, 0x01, 0x00, 0x00, 0x06, 0x01, 0x00, 0x00, 0x06, 0x03, 0x00,
  0x00, 0x03, 0x02, 0x00, 0x00, 0x00, 0x00, 0x00, 0x8c, 0x01, 0x00, 0x00, 0x8c, 0x01, 0x00, 0x00,
  0x8c, 0x01, 0x00, 0x00, 0x8c, 0x01, 0x00, 0x00, 0x8c, 0x01, 0x00, 0x00, 0x8c, 0x01, 0x00, 0x00,
  0x8c, 0x01, 0x00, 0x00, 0x8c, 0x01, 0x00, 0x00, 0x8c, 0x01, 0x00, 0x00, 0x00, 0x00, 0x00, 0x03,
  0x06, 0x00, 0x00, 0x06, 0x03, 0x00, 0x00, 0x06, 0x03, 0x00, 0x00, 0x8c, 0x01, 0x00, 0x00, 0x8c,
  0x01, 0x00, 0x00, 0xd8, 0x00, 0x00, 0x00, 0xd8, 0x00, 0x00, 0x00, 0x70, 0x00, 0x00, 0x00, 0x70,
  0x40, 0x00, 0x00, 0x00, 0x60, 0x00, 0x00, 0x00, 0x60, 0x00, 0x10, 0x00, 0x60, 0xe0, 0x39, 0x00,
  0x60, 0x70, 0x10, 0x00, 0xe0, 0x38, 0x00, 0x00, 0xc0, 0x1f, 0x00, 0x00, 0x80, 0x07, 0x00, 0x00,
  0x00, 0x00, 0x00, 0xf0, 0x03, 0x00, 0x00, 0xfe, 0x1f, 0x00, 0x00, 0x07, 0x38, 0x00, 0x80, 0x01,
  0x70, 0x00, 0xc0, 0xf0, 0x61, 0x00, 0x40, 0xfc, 0xc3, 0x00, 0x60, 0x0e, 0xc6, 0x00, 0x60, 0x06,
  0xc6, 0x00, 0x60, 0x06, 0xc3, 0x00, 0x60, 0xfe, 0xc1, 0x00, 0x60, 0xfe, 0x43, 0x00, 0xc0, 0x00,
  0x06, 0x00, 0x80, 0x01, 0x06, 0x00, 0x00, 0x8f, 0x03, 0x00, 0x00, 0xfe, 0x01, 0x00, 0x00, 0x30,
  0x00, 0x00, 0x00, 0x3e, 0x00, 0x00, 0xe0, 0x1f, 0x00, 0x00, 0xfc, 0x01, 0x00, 0xc0, 0x9f, 0x01,
  0x00, 0xe0, 0x83, 0x01, 0x00, 0xe0, 0x81, 0x01, 0x00, 0xc0, 0x9f, 0x01, 0x00, 0x00, 0xfe, 0x01,
  0x00, 0x00, 0xe0, 0x0f, 0x00, 0x00, 0x00, 0x3f, 0x00, 0x00, 0x00, 0x30, 0x00, 0x00, 0x00, 0x00,
  0x00, 0x00, 0x00, 0x00, 0xe0, 0xff, 0x3f, 0x00, 0xe0, 0xff, 0x3f, 0x00, 0x60, 0x30, 0x30, 0x00,
  0x60, 0x30, 0x30, 0x00, 0x60, 0x30, 0x30, 0x00, 0x60, 0x30, 0x30, 0x00, 0xe0, 0x78, 0x30, 0x00,
  0xc0, 0xff, 0x1f, 0x00, 0x80, 0xcf, 0x0f, 0x00, 0x00, 0x00, 0x03, 0x00, 0x00, 0x00, 0x00, 0x00,
  0xf8, 0x00, 0x00, 0x00, 0xff, 0x07, 0x00, 0x80, 0x9f, 0x0f, 0x00, 0xc0, 0x01, 0x1c, 0x00, 0xe0,
  0x00, 0x38, 0x00, 0x60, 0x00, 0x30, 0x00, 0x60, 0x00, 0x30, 0x00, 0x60, 0x00, 0x30, 0x00, 0x60,
  0x00, 0x30, 0x00, 0x40, 0x00, 0x10, 0x00, 0x00, 0x00, 0x00, 0x00, 0x00, 0x00, 0x00, 0xe0, 0xff,
  0x3f, 0x00, 0xe0, 0xff, 0x3f, 0x00, 0x60, 0x00, 0x30, 0x00, 0x60, 0x00, 0x30, 0x00, 0x60, 0x00,
  0x30, 0x00, 0x60, 0x00, 0x30, 0x00, 0xe0, 0x00, 0x38, 0x00, 0xc0, 0x01, 0x1c, 0x00, 0x80, 0xdf,
  0x0f, 0x00, 0x00, 0xff, 0x07, 0x00, 0x00, 0xf8, 0x00, 0x00, 0x00, 0x00, 0x00, 0x00, 0x00, 0x00,
  0xe0, 0xff, 0x3f, 0x00, 0xe0, 0xff, 0x3f, 0x00, 0x60, 0x30, 0x30, 0x00, 0x60, 0x30, 0x30, 0x00,
  0x60, 0x30, 0x30, 0x00, 0x60, 0x30, 0x30, 0x00, 0x60, 0x30, 0x30, 0x00, 0x20, 0x00, 0x20, 0x00,
  0x00, 0x00, 0x00, 0x00, 0x00, 0x00, 0x00, 0xe0, 0xff, 0x3f, 0x00, 0xe0, 0xff, 0x3f, 0x00, 0x60,
  0x60, 0x00, 0x00, 0x60, 0x60, 0x00, 0x00, 0x60, 0x60, 0x00, 0x00, 0x60, 0x60, 0x00, 0x00, 0x60,
  0x60, 0x00, 0x00, 0x20, 0x00, 0x00, 0x00, 0x00, 0x00, 0xf8, 0x00, 0x00, 0x00, 0xff, 0x07, 0x00,
  0x80, 0xcf, 0x0f, 0x00, 0xc0, 0x01, 0x1c, 0x00, 0xc0, 0x00, 0x38, 0x00, 0x60, 0x00, 0x30, 0x00,
  0x60, 0x00, 0x30, 0x00, 0x60, 0x60, 0x30, 0x00, 0x60, 0x60, 0x30, 0x00, 0x60, 0x60, 0x30, 0x00,
  0xc0, 0xe0, 0x3f, 0x00, 0x40, 0xe0, 0x1f, 0x00, 0x00, 0x00, 0x00, 0x00, 0x00, 0x00, 0x00, 0xe0,
  0xff, 0x3f, 0x00, 0xe0, 0xff, 0x3f, 0x00, 0x00, 0x30, 0x00, 0x00, 0x00, 0x30, 0x00, 0x00, 0x00,
  0x30, 0x00, 0x00, 0x00, 0x30, 0x00, 0x00, 0x00, 0x30, 0x00, 0x00, 0x00, 0x30, 0x00, 0x00, 0xe0,
  0xff, 0x3f, 0x00, 0xe0, 0xff, 0x3f, 0x00, 0x00, 0x00, 0x00, 0x20, 0x00, 0x20, 0x00, 0x60, 0x00,
  0x30, 0x00, 0xe0, 0xff, 0x3f, 0x00, 0xe0, 0xff, 0x3f, 0x00, 0x20, 0x00, 0x20, 0x00, 0x00, 0x00,
  0x06, 0x00, 0x00, 0x00, 0x06, 0x00, 0x00, 0x00, 0x07, 0xe0, 0xff, 0xff, 0x03, 0xe0, 0xff, 0xff,
  0x01, 0x00, 0x00, 0x00, 0x00, 0x00, 0x00, 0x00, 0x00, 0xe0, 0xff, 0x3f, 0x00, 0xe0, 0xff, 0x3f,
  0x00, 0x00, 0x60, 0x00, 0x00, 0x00, 0x38, 0x00, 0x00, 0x00, 0xfc, 0x00, 0x00, 0x00, 0xc7, 0x03,
  0x00, 0x80, 0x03, 0x0f, 0x00, 0xe0, 0x00, 0x3e, 0x00, 0x60, 0x00, 0x38, 0x00, 0x00, 0x00, 0x20,
  0x00, 0x00, 0x00, 0x00, 0x00, 0x00, 0x00, 0x00, 0xe0, 0xff, 0x3f, 0x00, 0xe0, 0xff, 0x3f, 0x00,
  0x00, 0x00, 0x30, 0x00, 0x00, 0x00, 0x30, 0x00, 0x00, 0x00, 0x30, 0x00, 0x00, 0x00, 0x30, 0x00,
  0x00, 0x00, 0x30, 0x00, 0x00, 0x00, 0x20, 0x00, 0x00, 0x00, 0x00, 0x00, 0x00, 0x00, 0x00, 0xe0,
  0xff, 0x3f, 0x00, 0xe0, 0xff, 0x3f, 0x00, 0xe0, 0x03, 0x00, 0x00, 0x80, 0x1f, 0x00, 0x00, 0x00,
  0xfc, 0x00, 0x00, 0x00, 0xe0, 0x07, 0x00, 0x00, 0x00, 0x3f, 0x00, 0x00, 0x00, 0x3c, 0x00, 0x00,
  0x80, 0x1f, 0x00, 0x00, 0xf0, 0x03, 0x00, 0x00, 0x7e, 0x00, 0x00, 0xc0, 0x07, 0x00, 0x00, 0xe0,
  0x01, 0x00, 0x00, 0xe0, 0xff, 0x3f, 0x00, 0xe0, 0xff, 0x3f, 0x00, 0x00, 0x00, 0x00, 0x00, 0x00,
  0x00, 0x00, 0xe0, 0xff, 0x3f, 0x00, 0xe0, 0xff, 0x3f, 0x00, 0xe0, 0x03, 0x00, 0x00, 0x80, 0x0f,
  0x00, 0x00, 0x00, 0x3e, 0x00, 0x00, 0x00, 0xf8, 0x00, 0x00, 0x00, 0xe0, 0x03, 0x00, 0x00, 0x80,
  0x0f, 0x00, 0x00, 0x00, 0x3e, 0x00, 0xe0, 0xff, 0x3f, 0x00, 0xe0, 0xff, 0x3f, 0x00, 0x00, 0x00,
  0x00, 0x00, 0xf8, 0x00, 0x00, 0x00, 0xff, 0x07, 0x00, 0xc0, 0x8f, 0x0f, 0x00, 0xc0, 0x00, 0x18,
  0x00, 0x60, 0x00, 0x30, 0x00, 0x60, 0x00, 0x30, 0x00, 0x60, 0x00, 0x30, 0x00, 0x60, 0x00, 0x30,
  0x00, 0x60, 0x00, 0x30, 0x00, 0xc0, 0x01, 0x1c, 0x00, 0x80, 0xff, 0x0f, 0x00, 0x00, 0xff, 0x07,
  0x00, 0x00, 0x70, 0x00, 0x00, 0x00, 0x00, 0x00, 0x00, 0x00, 0x00, 0xe0, 0xff, 0x3f, 0x00, 0xe0,
  0xff, 0x3f, 0x00, 0x60, 0xc0, 0x00, 0x00, 0x60, 0xc0, 0x00, 0x00, 0x60, 0xc0, 0x00, 0x00, 0x60,
  0x60, 0x00, 0x00, 0xc0, 0x70, 0x00, 0x00, 0xc0, 0x3f, 0x00, 0x00, 0x00, 0x1f, 0x00, 0x00, 0x00,
  0x00, 0x00, 0xf8, 0x00, 0x00, 0x00, 0xff, 0x07, 0x00, 0xc0, 0x8f, 0x0f, 0x00, 0xc0, 0x00, 0x18,
  0x00, 0x60, 0x00, 0x30, 0x00, 0x60, 0x00, 0x30, 0x00, 0x60, 0x00, 0x30, 0x00, 0x60, 0x00, 0x70,
  0x00, 0x60, 0x00, 0xf0, 0x01, 0xc0, 0x01, 0xdc, 0x03, 0x80, 0xff, 0x0f, 0x03, 0x00, 0xff, 0x07,
  0x02, 0x00, 0x70, 0x00, 0x00, 0x00, 0x00, 0x00, 0x00, 0x00, 0x00, 0xe0, 0xff, 0x3f, 0x00, 0xe0,
  0xff, 0x3f, 0x00, 0x60, 0x60, 0x00, 0x00, 0x60, 0x60, 0x00, 0x00, 0x60, 0xe0, 0x00, 0x00, 0x60,
  0xe0, 0x03, 0x00, 0xc0, 0xb0, 0x0f, 0x00, 0xc0, 0x1f, 0x3e, 0x00, 0x00, 0x0f, 0x38, 0x00, 0x00,
  0x00, 0x20, 0x00, 0x00, 0x00, 0x00, 0x00, 0x07, 0x10, 0x00, 0xc0, 0x1f, 0x30, 0x00, 0xc0, 0x1c,
  0x30, 0x00, 0x60, 0x30, 0x30, 0x00, 0x60, 0x70, 0x30, 0x00, 0x60, 0x60, 0x30, 0x00, 0x60, 0xe0,
  0x18, 0x00, 0x60, 0xc0, 0x1f, 0x00, 0x00, 0x80, 0x07, 0x60, 0x00, 0x00, 0x00, 0x60, 0x00, 0x00,
  0x00, 0x60, 0x00, 0x00, 0x00, 0x60, 0x00, 0x00, 0x00, 0xe0, 0xff, 0x3f, 0x00, 0xe0, 0xff, 0x3f,
  0x00, 0x60, 0x00, 0x00, 0x00, 0x60, 0x00, 0x00, 0x00, 0x60, 0x00, 0x00, 0x00, 0x60, 0x00, 0x00,
  0x00, 0x00, 0x00, 0x00, 0x00, 0x00, 0xe0, 0xff, 0x0f, 0x00, 0xe0, 0xff, 0x1f, 0x00, 0x00, 0x00,
  0x38, 0x00, 0x00, 0x00, 0x30, 0x00, 0x00, 0x00, 0x30, 0x00, 0x00, 0x00, 0x30, 0x00, 0x00, 0x00,
  0x30, 0x00, 0x00, 0x00, 0x38, 0x00, 0xe0, 0xff, 0x1f, 0x00, 0xe0, 0xff, 0x0f, 0x60, 0x00, 0x00,
  0x00, 0xe0, 0x03, 0x00, 0x00, 0xc0, 0x3f, 0x00, 0x00, 0x00, 0xfc, 0x03, 0x00, 0x00, 0xc0, 0x1f,
  0x00, 0x00, 0x00, 0x3c, 0x00, 0x00, 0x00, 0x3e, 0x00, 0x00, 0xe0, 0x0f, 0x00, 0x00, 0xfe, 0x01,
  0x00, 0xe0, 0x1f, 0x00, 0x00, 0xe0, 0x01, 0x00, 0x00, 0x20, 0x60, 0x00, 0x00, 0x00, 0xe0, 0x07,
  0x00, 0x00, 0xc0, 0x7f, 0x00, 0x00, 0x00, 0xf8, 0x0f, 0x00, 0x00, 0x80, 0x3f, 0x00, 0x00, 0x00,
  0x3c, 0x00, 0x00, 0xe0, 0x1f, 0x00, 0x00, 0xfe, 0x01, 0x00, 0xe0, 0x0f, 0x00, 0x00, 0xe0, 0x01,
  0x00, 0x00, 0xc0, 0x3f, 0x00, 0x00, 0x00, 0xfc, 0x03, 0x00, 0x00, 0xc0, 0x3f, 0x00, 0x00, 0x00,
  0x3c, 0x00, 0x00, 0xc0, 0x3f, 0x00, 0x00, 0xfc, 0x07, 0x00, 0xe0, 0x3f, 0x00, 0x00, 0xe0, 0x03,
  0x00, 0x00, 0x20, 0x00, 0x00, 0x20, 0x00, 0x60, 0x00, 0x38, 0x00, 0xe0, 0x01, 0x3e, 0x00, 0x80,
  0x87, 0x07, 0x00, 0x00, 0xfe, 0x01, 0x00, 0x00, 0xf8, 0x00, 0x00, 0x00, 0xfe, 0x01, 0x00, 0x80,
  0x8f, 0x0f, 0x00, 0xe0, 0x01, 0x3e, 0x00, 0x60, 0x00, 0x38, 0x00, 0x00, 0x00, 0x20, 0x20, 0x00,
  0x00, 0x00, 0xe0, 0x01, 0x00, 0x00, 0xc0, 0x07, 0x00, 0x00, 0x00, 0x3f, 0x00, 0x00, 0x00, 0xf8,
  0x3f, 0x00, 0x00, 0xe0, 0x3f, 0x00, 0x00, 0x7c, 0x00, 0x00, 0x00, 0x1f, 0x00, 0x00, 0xe0, 0x03,
  0x00, 0x00, 0xe0, 0x00, 0x00, 0x00, 0x00, 0x60, 0x00, 0x38, 0x00, 0x60, 0x00, 0x3e, 0x00, 0x60,
  0xc0, 0x37, 0x00, 0x60, 0xf0, 0x31, 0x00, 0x60, 0x7c, 0x30, 0x00, 0x60, 0x1f, 0x30, 0x00, 0xe0,
  0x07, 0x30, 0x00, 0xe0, 0x00, 0x30, 0x00, 0x00, 0x00, 0x20, 0x00, 0x00, 0x00, 0x00, 0x00, 0x00,
  0x00, 0x00, 0xe0, 0xff, 0xff, 0x03, 0xe0, 0xff, 0xff, 0x03, 0x60, 0x00, 0x00, 0x03, 0x60, 0x00,
  0x00, 0x03, 0x60, 0x00, 0x00, 0x03, 0x00, 0x00, 0x00, 0x00, 0xe0, 0x00, 0x00, 0x00, 0xc0, 0x07,
  0x00, 0x00, 0x00, 0x1f, 0x00, 0x00, 0x00, 0xf8, 0x00, 0x00, 0x00, 0xc0, 0x07, 0x00, 0x00, 0x00,
  0x1f, 0x00, 0x00, 0x00, 0x38, 0x00, 0x00, 0x00, 0x00, 0x60, 0x00, 0x00, 0x03, 0x60, 0x00, 0x00,
  0x03, 0x60, 0x00, 0x00, 0x03, 0xe0, 0xff, 0xff, 0x03, 0xe0, 0xff, 0xff, 0x03, 0x00, 0x00, 0x00,
  0x00, 0x00, 0x60, 0x00, 0x00, 0x00, 0x78, 0x00, 0x00, 0x00, 0x1e, 0x00, 0x00, 0x80, 0x07, 0x00,
  0x00, 0xc0, 0x01, 0x00, 0x00, 0xc0, 0x03, 0x00, 0x00, 0x00, 0x0f, 0x00, 0x00, 0x00, 0x3c, 0x00,
  0x00, 0x00, 0x70, 0x00, 0x00, 0x00, 0x40, 0x00, 0x00, 0x80, 0x01, 0x00, 0x00, 0x80, 0x01, 0x00,
  0x00, 0x80, 0x01, 0x00, 0x00, 0x80, 0x01, 0x00, 0x00, 0x80, 0x01, 0x00, 0x00, 0x80, 0x01, 0x00,
  0x00, 0x80, 0x01, 0x00, 0x00, 0x80, 0x01, 0x00, 0x00, 0x80, 0x01, 0x00, 0x00, 0x80, 0x01, 0x00,
  0x00, 0x00, 0x01, 0x00, 0x00, 0x00, 0x00, 0x10, 0x00, 0x00, 0x00, 0x30, 0x00, 0x00, 0x00, 0x70,
  0x00, 0x00, 0x00, 0xc0, 0x00, 0x00, 0x00, 0x00, 0x00, 0x00, 0x0f, 0x00, 0x00, 0x84, 0x3f, 0x00,
  0x00, 0x86, 0x31, 0x00, 0x00, 0xc6, 0x30, 0x00, 0x00, 0xc6, 0x30, 0x00, 0x00, 0xc6, 0x10, 0x00,
  0x00, 0xfe, 0x0f, 0x00, 0x00, 0xfc, 0x3f, 0x00, 0x00, 0x00, 0x00, 0x00, 0x00, 0x00, 0x00, 0xf0,
  0xff, 0x3f, 0x00, 0xf0, 0xff, 0x1f, 0x00, 0x00, 0x0c, 0x18, 0x00, 0x00, 0x06, 0x30, 0x00, 0x00,
  0x06, 0x30, 0x00, 0x00, 0x06, 0x30, 0x00, 0x00, 0x0e, 0x38, 0x00, 0x00, 0xfc, 0x1f, 0x00, 0x00,
  0xf0, 0x07, 0x00, 0x00, 0x00, 0x00, 0x00, 0xe0, 0x07, 0x00, 0x00, 0xf8, 0x1f, 0x00, 0x00, 0x1c,
  0x1c, 0x00, 0x00, 0x06, 0x30, 0x00, 0x00, 0x06, 0x30, 0x00, 0x00, 0x06, 0x30, 0x00, 0x00, 0x06,
  0x30, 0x00, 0x00, 0x00, 0x10, 0x00, 0x00, 0x00, 0x00, 0x00, 0xf0, 0x07, 0x00, 0x00, 0xfc, 0x1f,
  0x00, 0x00, 0x1e, 0x3c, 0x00, 0x00, 0x06, 0x30, 0x00, 0x00, 0x06, 0x30, 0x00, 0x00, 0x06, 0x30,
  0x00, 0x00, 0x04, 0x10, 0x00, 0xf0, 0x7d, 0x1f, 0x00, 0xf0, 0xff, 0x3f, 0x00, 0xf0, 0xff, 0x3f,
  0x00, 0x00, 0x00, 0x00, 0x00, 0xe0, 0x03, 0x00, 0x00, 0xf8, 0x0f, 0x00, 0x00, 0xcc, 0x1c, 0x00,
  0x00, 0xc6, 0x30, 0x00, 0x00, 0xc6, 0x30, 0x00, 0x00, 0xc6, 0x30, 0x00, 0x00, 0xce, 0x30, 0x00,
  0x00, 0xfc, 0x30, 0x00, 0x00, 0xf0, 0x10, 0x00, 0x04, 0x00, 0x00, 0x00, 0x06, 0x00, 0x00, 0xc0,
  0xff, 0x3f, 0x00, 0xf0, 0xff, 0x3f, 0x00, 0x30, 0x06, 0x00, 0x00, 0x30, 0x06, 0x00, 0x00, 0x30,
  0x00, 0x00, 0x00, 0x00, 0x00, 0xf0, 0x07, 0x00, 0x00, 0xfc, 0x1f, 0x04, 0x00, 0x1c, 0x3c, 0x0c,
  0x00, 0x06, 0x30, 0x0c, 0x00, 0x06, 0x30, 0x0c, 0x00, 0x06, 0x30, 0x0c, 0x00, 0x04, 0x10, 0x0e,
  0x00, 0x7c, 0x9f, 0x07, 0x00, 0xfe, 0xff, 0x03, 0x00, 0xfe, 0x7f, 0x00, 0x00, 0x00, 0x00, 0x00,
  0x00, 0x00, 0x00, 0xf0, 0xff, 0x3f, 0x00, 0xf0, 0xff, 0x3f, 0x00, 0x00, 0x0c, 0x00, 0x00, 0x00,
  0x06, 0x00, 0x00, 0x00, 0x06, 0x00, 0x00, 0x00, 0x06, 0x00, 0x00, 0x00, 0xfe, 0x3f, 0x00, 0x00,
  0xfc, 0x3f, 0x00, 0x00, 0x00, 0x00, 0x00, 0x00, 0x00, 0x00, 0x70, 0xfe, 0x3f, 0x00, 0x30, 0xfe,
  0x3f, 0x00, 0x00, 0x00, 0x0c, 0x00, 0x00, 0x00, 0x0c, 0x00, 0x00, 0x00, 0x0e, 0x70, 0xfe, 0xff,
  0x07, 0x30, 0xfe, 0xff, 0x03, 0x00, 0x00, 0x00, 0x00, 0x00, 0x00, 0x00, 0x00, 0xf0, 0xff, 0x3f,
  0x00, 0xf0, 0xff, 0x3f, 0x00, 0x00, 0xc0, 0x00, 0x00, 0x00, 0xe0, 0x01, 0x00, 0x00, 0xf8, 0x07,
  0x00, 0x00, 0x1c, 0x1f, 0x00, 0x00, 0x06, 0x3c, 0x00, 0x00, 0x02, 0x30, 0x00, 0x00, 0x00, 0x00,
  0x00, 0x00, 0x00, 0x00, 0xf0, 0xff, 0x3f, 0x00, 0xf0, 0xff, 0x3f, 0x00, 0x00, 0x00, 0x00, 0x00,
  0x00, 0x00, 0x00, 0x00, 0xfe, 0x3f, 0x00, 0x00, 0xfc, 0x3f, 0x00, 0x00, 0x0c, 0x00, 0x00, 0x00,
  0x06, 0x00, 0x00, 0x00, 0x06, 0x00, 0x00, 0x00, 0x06, 0x00, 0x00, 0x00, 0xfe, 0x3f, 0x00, 0x00,
  0xf8, 0x3f, 0x00, 0x00, 0x0c, 0x00, 0x00, 0x00, 0x06, 0x00, 0x00, 0x00, 0x06, 0x00, 0x00, 0x00,
  0x06, 0x00, 0x00, 0x00, 0x1e, 0x00, 0x00, 0x00, 0xfc, 0x3f, 0x00, 0x00, 0xe0, 0x3f, 0x00, 0x00,
  0x00, 0x00, 0x00, 0x00, 0x00, 0x00, 0x00, 0xfe, 0x3f, 0x00, 0x00, 0xfc, 0x3f, 0x00, 0x00, 0x0c,
  0x00, 0x00, 0x00, 0x06, 0x00, 0x00, 0x00, 0x06, 0x00, 0x00, 0x00, 0x06, 0x00, 0x00, 0x00, 0xfe,
  0x3f, 0x00, 0x00, 0xfc, 0x3f, 0x00, 0x00, 0x00, 0x00, 0x00, 0xf0, 0x03, 0x00, 0x00, 0xf8, 0x0f,
  0x00, 0x00, 0x1c, 0x1c, 0x00, 0x00, 0x06, 0x30, 0x00, 0x00, 0x06, 0x30, 0x00, 0x00, 0x06, 0x30,
  0x00, 0x00, 0x06, 0x30, 0x00, 0x00, 0x1c, 0x1c, 0x00, 0x00, 0xf8, 0x0f, 0x00, 0x00, 0xe0, 0x03,
  0x00, 0x00, 0x00, 0x00, 0x00, 0x00, 0x00, 0x00, 0x00, 0xfe, 0xff, 0x0f, 0x00, 0xfc, 0xff, 0x0f,
  0x00, 0x0c, 0x18, 0x00, 0x00, 0x06, 0x30, 0x00, 0x00, 0x06, 0x30, 0x00, 0x00, 0x06, 0x30, 0x00,
  0x00, 0x0e, 0x38, 0x00, 0x00, 0xfc, 0x1f, 0x00, 0x00, 0xf0, 0x07, 0x00, 0x00, 0x00, 0x00, 0x00,
  0xf0, 0x07, 0x00, 0x00, 0xfc, 0x1f, 0x00, 0x00, 0x1c, 0x3c, 0x00, 0x00, 0x06, 0x30, 0x00, 0x00,
  0x06, 0x30, 0x00, 0x00, 0x06, 0x30, 0x00, 0x00, 0x04, 0x10, 0x00, 0x00, 0x7c, 0x9f, 0x0f, 0x00,
  0xfe, 0xff, 0x0f, 0x00, 0xfe, 0xff, 0x0f, 0x00, 0x00, 0x00, 0x00, 0x00, 0x00, 0x00, 0x00, 0x00,
  0xfe, 0x3f, 0x00, 0x00, 0xf8, 0x3f, 0x00, 0x00, 0x0c, 0x00, 0x00, 0x00, 0x06, 0x00, 0x00, 0x00,
  0x06, 0x00, 0x00, 0x00, 0x06, 0x00, 0x00, 0x00, 0x00, 0x00, 0x3c, 0x10, 0x00, 0x00, 0x7c, 0x30,
  0x00, 0x00, 0xc6, 0x30, 0x00, 0x00, 0xc6, 0x30, 0x00, 0x00, 0x86, 0x31, 0x00, 0x00, 0x86, 0x1f,
  0x00, 0x00, 0x04, 0x1f, 0x00, 0x00, 0x00, 0x00, 0x00, 0x06, 0x00, 0x00, 0xc0, 0xff, 0x1f, 0x00,
  0xc0, 0xff, 0x3f, 0x00, 0x00, 0x06, 0x30, 0x00, 0x00, 0x06, 0x30, 0x00, 0x00, 0x00, 0x00, 0x00,
  0x00, 0x00, 0x00, 0x00, 0xfe, 0x1f, 0x00, 0x00, 0xfe, 0x3f, 0x00, 0x00, 0x00, 0x30, 0x00, 0x00,
  0x00, 0x30, 0x00, 0x00, 0x00, 0x30, 0x00, 0x00, 0x00, 0x10, 0x00, 0x00, 0xfe, 0x1f, 0x00, 0x00,
  0xfe, 0x3f, 0x00, 0x02, 0x00, 0x00, 0x00, 0x3e, 0x00, 0x00, 0x00, 0xfc, 0x01, 0x00, 0x00, 0xc0,
  0x1f, 0x00, 0x00, 0x00, 0x3c, 0x00, 0x00, 0x00, 0x3e, 0x00, 0x00, 0xc0, 0x0f, 0x00, 0x00, 0xfc,
  0x01, 0x00, 0x00, 0x3e, 0x00, 0x00, 0x00, 0x02, 0x00, 0x02, 0x00, 0x00, 0x00, 0x7e, 0x00, 0x00,
  0x00, 0xfc, 0x07, 0x00, 0x00, 0x80, 0x3f, 0x00, 0x00, 0x00, 0x3c, 0x00, 0x00, 0x80, 0x3f, 0x00,
  0x00, 0xfc, 0x03, 0x00, 0x00, 0x1e, 0x00, 0x00, 0x00, 0x3e, 0x00, 0x00, 0x00, 0xf8, 0x07, 0x00,
  0x00, 0x80, 0x3f, 0x00, 0x00, 0x00, 0x3c, 0x00, 0x00, 0xc0, 0x3f, 0x00, 0x00, 0xfe, 0x03, 0x00,
  0x00, 0x3e, 0x00, 0x00, 0x00, 0x00, 0x00, 0x06, 0x30, 0x00, 0x00, 0x1e, 0x3c, 0x00, 0x00, 0x78,
  0x0f, 0x00, 0x00, 0xe0, 0x03, 0x00, 0x00, 0xe0, 0x03, 0x00, 0x00, 0x78, 0x0f, 0x00, 0x00, 0x1e,
  0x3c, 0x00, 0x00, 0x06, 0x30, 0x00, 0x02, 0x00, 0x0c, 0x00, 0x3e, 0x00, 0x0c, 0x00, 0xfc, 0x01,
  0x0c, 0x00, 0xc0, 0x0f, 0x07, 0x00, 0x00, 0xfc, 0x03, 0x00, 0x00, 0xfe, 0x00, 0x00, 0xc0, 0x1f,
  0x00, 0x00, 0xfc, 0x01, 0x00, 0x00, 0x3e, 0x00, 0x00, 0x00, 0x02, 0x00, 0x00, 0x00, 0x00, 0x00,
  0x06, 0x38, 0x00, 0x00, 0x06, 0x3e, 0x00, 0x00, 0x86, 0x37, 0x00, 0x00, 0xe6, 0x31, 0x00, 0x00,
  0x7e, 0x30, 0x00, 0x00, 0x1e, 0x30, 0x00, 0x00, 0x06, 0x30, 0x00, 0x00, 0x00, 0x00, 0x00, 0xc0,
  0x00, 0x00, 0x00, 0xc0, 0x00, 0x00, 0x00, 0xff, 0x7f, 0x00, 0xc0, 0x3f, 0xff, 0x01, 0xe0, 0x00,
  0x80, 0x03, 0x60, 0x00, 0x00, 0x03, 0x60, 0x00, 0x00, 0x03, 0x00, 0x00, 0x00, 0x00, 0x00, 0x00,
  0x00, 0x00, 0x00, 0x00, 0x00, 0x00, 0x00, 0x00, 0x00, 0x00, 0xf0, 0xff, 0xff, 0x0f, 0xf0, 0xff,
  0xff, 0x0f, 0x00, 0x00, 0x00, 0x00, 0x60, 0x00, 0x00, 0x03, 0x60, 0x00, 0x00, 0x03, 0xe0, 0x1f,
  0xfe, 0x01, 0xc0, 0x7f, 0xff, 0x01, 0x00, 0xe0, 0x01, 0x00, 0x00, 0xc0, 0x00, 0x00, 0x00, 0xc0,
  0x00, 0x00, 0x00, 0x00, 0x00, 0x60, 0x00, 0x00, 0x00, 0x30, 0x00, 0x00, 0x00, 0x30, 0x00, 0x00,
  0x00, 0x30, 0x00, 0x00, 0x00, 0x20, 0x00, 0x00, 0x00, 0x60, 0x00, 0x00, 0x00, 0x60, 0x00, 0x00,
  0x00, 0x60, 0x00, 0x00, 0x00, 0x60, 0x00, 0x00, 0x00, 0x20, 0x00, 0x00, 0x00, 0x00, 0x00, 0x00,
  0x00, 0x00, 0x00, 0xce, 0xff, 0x03, 0x00, 0xce, 0xff, 0x03, 0x00, 0x00, 0x00, 0x00, 0x00, 0x00,
  0x00, 0x00, 0x00, 0xfc, 0x01, 0x00, 0x00, 0xff, 0x07, 0x00, 0x00, 0x03, 0x06, 0x00, 0x80, 0x01,
  0x0c, 0x00, 0xe0, 0x01, 0x3c, 0x00, 0x80, 0x01, 0x0c, 0x00, 0x80, 0x01, 0x04, 0x00, 0x00, 0x00,
  0x00, 0x00, 0x60, 0x30, 0x00, 0x00, 0x60, 0x38, 0x00, 0x80, 0xff, 0x3f, 0x00, 0xc0, 0xff, 0x37,
  0x00, 0x60, 0x60, 0x30, 0x00, 0x60, 0x60, 0x30, 0x00, 0x60, 0x60, 0x30, 0x00, 0x60, 0x00, 0x30,
  0x00, 0x40, 0x00, 0x30, 0x00, 0x00, 0x00, 0x00, 0x00, 0x00, 0x00, 0x00, 0x00, 0xf6, 0x06, 0x00,
  0x00, 0xfc, 0x03, 0x00, 0x00, 0x0c, 0x03, 0x00, 0x00, 0x06, 0x06, 0x00, 0x00, 0x06, 0x06, 0x00,
  0x00, 0x06, 0x06, 0x00, 0x00, 0x06, 0x03, 0x00, 0x00, 0x8c, 0x03, 0x00, 0x00, 0xfe, 0x07, 0x00,
  0x00, 0x02, 0x04, 0x00, 0x00, 0x00, 0x00, 0x60, 0x00, 0x00, 0x00, 0xe0, 0x43, 0x06, 0x00, 0x80,
  0x4f, 0x06, 0x00, 0x00, 0xfc, 0x06, 0x00, 0x00, 0xf0, 0x3f, 0x00, 0x00, 0xf8, 0x3f, 0x00, 0x00,
  0x5f, 0x06, 0x00, 0xe0, 0x43, 0x06, 0x00, 0xe0, 0x40, 0x04, 0x00, 0x00, 0x00, 0x00, 0x00, 0x00,
  0x00, 0x00, 0x00, 0x00, 0x00, 0x00, 0x00, 0x00, 0x00, 0x00, 0xf0, 0x1f, 0xf8, 0x0f, 0xf0, 0x1f,
  0xf8, 0x0f, 0x00, 0x00, 0x00, 0x00, 0xc0, 0x38, 0x10, 0x00, 0xe0, 0x7f, 0x30, 0x00, 0x30, 0xc7,
  0x30, 0x00, 0x30, 0xc6, 0x30, 0x00, 0x30, 0x86, 0x31, 0x00, 0x30, 0xcc, 0x3b, 0x00, 0x30, 0xf8,
  0x1f, 0x00, 0x00, 0x30, 0x04, 0x00, 0x00, 0x00, 0x00, 0x00, 0x00, 0x00, 0x00, 0x00, 0x00, 0x00,
  0x00, 0x00, 0x00, 0x00, 0x00, 0x60, 0x00, 0x00, 0x00, 0x00, 0x00, 0x00, 0x00, 0x00, 0x00, 0x00,
  0x00, 0x00, 0x00, 0x00, 0x00, 0x60, 0x00, 0x00, 0x00, 0x00, 0x00, 0xf8, 0x00, 0x00, 0x00, 0xff,
  0x03, 0x00, 0x80, 0x01, 0x06, 0x00, 0xc0, 0x00, 0x0c, 0x00, 0x60, 0x00, 0x18, 0x00, 0x60, 0xfc,
  0x19, 0x00, 0x20, 0x8e, 0x33, 0x00, 0x30, 0x03, 0x33, 0x00, 0x30, 0x03, 0x36, 0x00, 0x30, 0x03,
  0x36, 0x00, 0x30, 0x03, 0x36, 0x00, 0x20, 0x03, 0x32, 0x00, 0x60, 0x00, 0x18, 0x00, 0x40, 0x00,
  0x18, 0x00, 0xc0, 0x00, 0x0c, 0x00, 0x80, 0x03, 0x06, 0x00, 0x00, 0xff, 0x03, 0x00, 0x00, 0x78,
  0x00, 0x00, 0x00, 0x00, 0x00, 0x0f, 0x00, 0x00, 0xa0, 0x09, 0x00, 0x00, 0xa0, 0x08, 0x00, 0x00,
  0xa0, 0x04, 0x00, 0x00, 0xe0, 0x0f, 0x00, 0x00, 0x00, 0x00, 0x00, 0x80, 0x01, 0x00, 0x00, 0xe0,
  0x03, 0x00, 0x00, 0x70, 0x07, 0x00, 0x00, 0x38, 0x0c, 0x00, 0x00, 0x08, 0x08, 0x00, 0x00, 0xc0,
  0x01, 0x00, 0x00, 0xe0, 0x03, 0x00, 0x00, 0x70, 0x0e, 0x00, 0x00, 0x18, 0x0c, 0x00, 0x00, 0x00,
  0x00, 0x00, 0x30, 0x00, 0x00, 0x00, 0x30, 0x00, 0x00, 0x00, 0x30, 0x00, 0x00, 0x00, 0x30, 0x00,
  0x00, 0x00, 0x30, 0x00, 0x00, 0x00, 0x30, 0x00, 0x00, 0x00, 0x30, 0x00, 0x00, 0x00, 0x30, 0x00,
  0x00, 0x00, 0xf0, 0x03, 0x00, 0x00, 0x00, 0x00, 0x00, 0x80, 0x01, 0x00, 0x00, 0x80, 0x01, 0x00,
  0x00, 0x80, 0x01, 0x00, 0x00, 0x80, 0x01, 0x00, 0x00, 0x80, 0x01, 0x00, 0x00, 0x00, 0x00, 0x00,
  0xf8, 0x00, 0x00, 0x00, 0xff, 0x03, 0x00, 0x80, 0x01, 0x06, 0x00, 0xc0, 0x00, 0x0c, 0x00, 0x60,
  0x00, 0x18, 0x00, 0x60, 0x00, 0x18, 0x00, 0x20, 0xff, 0x33, 0x00, 0x30, 0xff, 0x33, 0x00, 0x30,
  0x63, 0x30, 0x00, 0x30, 0x63, 0x30, 0x00, 0x30, 0xf7, 0x31, 0x00, 0x20, 0x3e, 0x33, 0x00, 0x60,
  0x00, 0x1a, 0x00, 0x40, 0x00, 0x18, 0x00, 0xc0, 0x00, 0x0c, 0x00, 0x80, 0x03, 0x06, 0x00, 0x00,
  0xff, 0x03, 0x00, 0x00, 0x78, 0x0c, 0x00, 0x00, 0x00, 0x0c, 0x00, 0x00, 0x00, 0x0c, 0x00, 0x00,
  0x00, 0x0c, 0x00, 0x00, 0x00, 0x0c, 0x00, 0x00, 0x00, 0x0c, 0x00, 0x00, 0x00, 0x0c, 0x00, 0x00,
  0x00, 0x0c, 0x00, 0x00, 0x00, 0x0c, 0x00, 0x00, 0x00, 0x0c, 0x00, 0x00, 0x00, 0x0c, 0x00, 0x00,
  0x00, 0x00, 0xc0, 0x01, 0x00, 0x00, 0xe0, 0x03, 0x00, 0x00, 0x30, 0x06, 0x00, 0x00, 0x30, 0x06,
  0x00, 0x00, 0x30, 0x06, 0x00, 0x00, 0x60, 0x03, 0x00, 0x00, 0xc0, 0x01, 0x00, 0x00, 0x00, 0x00,
  0x00, 0x30, 0x30, 0x00, 0x00, 0x30, 0x30, 0x00, 0x00, 0x30, 0x30, 0x00, 0x00, 0x30, 0x30, 0x00,
  0x00, 0xff, 0x37, 0x00, 0x00, 0xff, 0x37, 0x00, 0x00, 0x30, 0x30, 0x00, 0x00, 0x30, 0x30, 0x00,
  0x00, 0x30, 0x30, 0x00, 0x00, 0x00, 0x00, 0x08, 0x0c, 0x00, 0x00, 0x0c, 0x0e, 0x00, 0x00, 0x04,
  0x0b, 0x00, 0x00, 0xcc, 0x09, 0x00, 0x00, 0x7c, 0x08, 0x00, 0x00, 0x30, 0x08, 0x00, 0x00, 0x00,
  0x00, 0x0c, 0x08, 0x00, 0x00, 0x44, 0x08, 0x00, 0x00, 0x44, 0x08, 0x00, 0x00, 0xec, 0x08, 0x00,
  0x00, 0xbc, 0x0f, 0x00, 0x00, 0x10, 0x07, 0x00, 0x00, 0x00, 0x00, 0x80, 0x00, 0x00, 0x00, 0xe0,
  0x00, 0x00, 0x00, 0x70, 0x00, 0x00, 0x00, 0x30, 0x00, 0x00, 0x00, 0x00, 0x00, 0x00, 0x00, 0x00,
  0x00, 0xfe, 0xff, 0x0f, 0x00, 0xfe, 0xff, 0x0f, 0x00, 0x00, 0x30, 0x00, 0x00, 0x00, 0x30, 0x00,
  0x00, 0x00, 0x30, 0x00, 0x00, 0x00, 0x10, 0x00, 0x00, 0xfe, 0x1f, 0x00, 0x00, 0xfe, 0x3f, 0x00,
  0x00, 0x00, 0x00, 0x00, 0x0e, 0x00, 0x00, 0xe0, 0x7f, 0x00, 0x00, 0xf0, 0xff, 0x00, 0x00, 0xf0,
  0xff, 0x00, 0x00, 0xf0, 0xff, 0x00, 0x00, 0xf0, 0xff, 0xff, 0x01, 0x30, 0x00, 0x00, 0x00, 0x30,
  0x00, 0x00, 0x00, 0xf0, 0xff, 0xff, 0x01, 0xf0, 0xff, 0xff, 0x01, 0x00, 0x00, 0x00, 0x00, 0x00,
  0x00, 0x00, 0x00, 0x00, 0x70, 0x00, 0x00, 0x00, 0x70, 0x00, 0x00, 0x00, 0x04, 0x00, 0x00, 0x00,
  0x06, 0x00, 0x00, 0xc0, 0x06, 0x00, 0x00, 0x80, 0x07, 0x00, 0x00, 0x00, 0x01, 0x00, 0x00, 0x00,
  0x00, 0x10, 0x00, 0x00, 0x00, 0x18, 0x00, 0x00, 0x00, 0x0c, 0x00, 0x00, 0x00, 0xfc, 0x0f, 0x00,
  0x00, 0x00, 0x00, 0xc0, 0x0f, 0x00, 0x00, 0x60, 0x18, 0x00, 0x00, 0x20, 0x10, 0x00, 0x00, 0x20,
  0x10, 0x00, 0x00, 0x60, 0x18, 0x00, 0x00, 0xc0, 0x0f, 0x00, 0x00, 0x00, 0x00, 0x00, 0x08, 0x08,
  0x00, 0x00, 0x38, 0x0e, 0x00, 0x00, 0xf0, 0x07, 0x00, 0x00, 0xc0, 0x03, 0x00, 0x00, 0x80, 0x00,
  0x00, 0x00, 0x18, 0x0c, 0x00, 0x00, 0x70, 0x0e, 0x00, 0x00, 0xe0, 0x03, 0x00, 0x00, 0xc0, 0x01,
  0x00, 0x00, 0x00, 0x00, 0x80, 0x00, 0x00, 0x00, 0xc0, 0x00, 0x00, 0x00, 0x60, 0x00, 0x00, 0x00,
  0xe0, 0x7f, 0x30, 0x00, 0x00, 0x00, 0x1c, 0x00, 0x00, 0x00, 0x0e, 0x00, 0x00, 0x80, 0x03, 0x00,
  0x00, 0xe0, 0x00, 0x00, 0x00, 0x38, 0x00, 0x00, 0x00, 0x0e, 0x0c, 0x00, 0x80, 0x03, 0x0f, 0x00,
  0xc0, 0x81, 0x09, 0x00, 0x60, 0x60, 0x08, 0x00, 0x00, 0xf0, 0x3f, 0x00, 0x00, 0xf0, 0x3f, 0x00,
  0x00, 0x00, 0x08, 0x00, 0x00, 0x00, 0x00, 0x80, 0x00, 0x00, 0x00, 0xc0, 0x00, 0x00, 0x00, 0xe0,
  0x7f, 0x20, 0x00, 0xe0, 0x7f, 0x38, 0x00, 0x00, 0x00, 0x1c, 0x00, 0x00, 0x00, 0x07, 0x00, 0x00,
  0xc0, 0x01, 0x00, 0x00, 0x70, 0x00, 0x00, 0x00, 0x1c, 0x00, 0x00, 0x00, 0x0f, 0x00, 0x00, 0x80,
  0x23, 0x30, 0x00, 0xe0, 0x30, 0x38, 0x00, 0x20, 0x10, 0x34, 0x00, 0x00, 0x30, 0x33, 0x00, 0x00,
  0xf0, 0x31, 0x00, 0x00, 0xe0, 0x30, 0x00, 0x00, 0x00, 0x00, 0x60, 0x40, 0x00, 0x00, 0x30, 0xc6,
  0x00, 0x00, 0x30, 0xc6, 0x00, 0x00, 0x30, 0xc7, 0x20, 0x00, 0xe0, 0x7d, 0x38, 0x00, 0x80, 0x38,
  0x1e, 0x00, 0x00, 0x80, 0x07, 0x00, 0x00, 0xe0, 0x01, 0x00, 0x00, 0x70, 0x00, 0x00, 0x00, 0x1c,
  0x08, 0x00, 0x00, 0x07, 0x0e, 0x00, 0xc0, 0x01, 0x0b, 0x00, 0x70, 0xc0, 0x08, 0x00, 0x10, 0x70,
  0x18, 0x00, 0x00, 0xf0, 0x3f, 0x00, 0x00, 0x00, 0x08, 0x00, 0x00, 0x00, 0x08, 0x00, 0x00, 0x00,
  0x00, 0x00, 0x00, 0xf8, 0x01, 0x00, 0x00, 0xfc, 0x03, 0x00, 0x00, 0x06, 0x03, 0x00, 0xce, 0x03,
  0x03, 0x00, 0xce, 0x00, 0x03, 0x00, 0x00, 0x00, 0x03, 0x00, 0x00, 0x00, 0x01, 0x00, 0x00, 0x30,
  0x00, 0x00, 0x00, 0x3e, 0x00, 0x00, 0xe0, 0x1f, 0x00, 0x03, 0xfc, 0x01, 0x00, 0xc7, 0x9f, 0x01,
  0x00, 0xee, 0x83, 0x01, 0x00, 0xe8, 0x81, 0x01, 0x00, 0xc0, 0x9f, 0x01, 0x00, 0x00, 0xfe, 0x01,
  0x00, 0x00, 0xe0, 0x0f, 0x00, 0x00, 0x00, 0x3f, 0x00, 0x00, 0x00, 0x30, 0x00, 0x00, 0x30, 0x00,
  0x00, 0x00, 0x3e, 0x00, 0x00, 0xe0, 0x1f, 0x00, 0x00, 0xfc, 0x01, 0x00, 0xc0, 0x9f, 0x01, 0x00,
  0xe8, 0x83, 0x01, 0x00, 0xec, 0x81, 0x01, 0x00, 0xc7, 0x9f, 0x01, 0x00, 0x03, 0xfe, 0x01, 0x00,
  0x01, 0xe0, 0x0f, 0x00, 0x00, 0x00, 0x3f, 0x00, 0x00, 0x00, 0x30, 0x00, 0x00, 0x30, 0x00, 0x00,
  0x00, 0x3e, 0x00, 0x00, 0xe0, 0x1f, 0x00, 0x08, 0xfc, 0x01, 0x00, 0xc6, 0x9f, 0x01, 0x00, 0xe3,
  0x83, 0x01, 0x00, 0xe3, 0x81, 0x01, 0x00, 0xc6, 0x9f, 0x01, 0x00, 0x0c, 0xfe, 0x01, 0x00, 0x00,
  0xe0, 0x0f, 0x00, 0x00, 0x00, 0x3f, 0x00, 0x00, 0x00, 0x30, 0x00, 0x00, 0x30, 0x00, 0x00, 0x00,
  0x3e, 0x00, 0x08, 0xe0, 0x1f, 0x00, 0x0e, 0xfc, 0x01, 0x00, 0xc6, 0x9f, 0x01, 0x00, 0xe6, 0x83,
  0x01, 0x00, 0xec, 0x81, 0x01, 0x00, 0xcc, 0x9f, 0x01, 0x00, 0x0e, 0xfe, 0x01, 0x00, 0x06, 0xe0,
  0x0f, 0x00, 0x00, 0x00, 0x3f, 0x00, 0x00, 0x00, 0x30, 0x00, 0x00, 0x30, 0x00, 0x00, 0x00, 0x3e,
  0x00, 0x00, 0xe0, 0x1f, 0x00, 0x06, 0xfc, 0x01, 0x00, 0xc6, 0x9f, 0x01, 0x00, 0xe0, 0x83, 0x01,
  0x00, 0xe0, 0x81, 0x01, 0x00, 0xc6, 0x9f, 0x01, 0x00, 0x06, 0xfe, 0x01, 0x00, 0x00, 0xe0, 0x0f,
  0x00, 0x00, 0x00, 0x3f, 0x00, 0x00, 0x00, 0x30, 0x00, 0x00, 0x30, 0x00, 0x00, 0x00, 0x3e, 0x00,
  0x00, 0xe0, 0x1f, 0x00, 0x00, 0xfc, 0x01, 0x00, 0xfc, 0x9f, 0x01, 0x00, 0xe2, 0x83, 0x01, 0x00,
  0xe2, 0x81, 0x01, 0x00, 0xfe, 0x9f, 0x01, 0x00, 0x08, 0xfe, 0x01, 0x00, 0x00, 0xe0, 0x0f, 0x00,
  0x00, 0x00, 0x3f, 0x00, 0x00, 0x00, 0x30, 0x00, 0x00, 0x30, 0x00, 0x00, 0x00, 0x3c, 0x00, 0x00,
  0x80, 0x1f, 0x00, 0x00, 0xf0, 0x03, 0x00, 0x00, 0xfe, 0x01, 0x00, 0xc0, 0x8f, 0x01, 0x00, 0xe0,
  0x81, 0x01, 0x00, 0x60, 0x80, 0x01, 0x00, 0xe0, 0xff, 0x3f, 0x00, 0xe0, 0xff, 0x3f, 0x00, 0x60,
  0x30, 0x30, 0x00, 0x60, 0x30, 0x30, 0x00, 0x60, 0x30, 0x30, 0x00, 0x60, 0x30, 0x30, 0x00, 0x60,
  0x30, 0x30, 0x00, 0x00, 0x00, 0x00, 0x00, 0xf8, 0x00, 0x00, 0x00, 0xff, 0x07, 0x00, 0x80, 0x9f,
  0x0f, 0x00, 0xc0, 0x01, 0x1c, 0x00, 0xe0, 0x00, 0x38, 0x06, 0x60, 0x00, 0xf0, 0x06, 0x60, 0x00,
  0xf0, 0x06, 0x60, 0x00, 0xb0, 0x07, 0x60, 0x00, 0x30, 0x00, 0x40, 0x00, 0x10, 0x00, 0x00, 0x00,
  0x00, 0x00, 0x00, 0x00, 0x00, 0xe0, 0xff, 0x3f, 0x00, 0xe3, 0xff, 0x3f, 0x00, 0x67, 0x30, 0x30,
  0x00, 0x6e, 0x30, 0x30, 0x00, 0x68, 0x30, 0x30, 0x00, 0x60, 0x30, 0x30, 0x00, 0x60, 0x30, 0x30,
  0x00, 0x20, 0x00, 0x20, 0x00, 0x00, 0x00, 0x00, 0x00, 0x00, 0x00, 0x00, 0xe0, 0xff, 0x3f, 0x00,
  0xe0, 0xff, 0x3f, 0x00, 0x60, 0x30, 0x30, 0x00, 0x68, 0x30, 0x30, 0x00, 0x6e, 0x30, 0x30, 0x00,
  0x67, 0x30, 0x30, 0x00, 0x61, 0x30, 0x30, 0x00, 0x20, 0x00, 0x20, 0x00, 0x00, 0x00, 0x00, 0x00,
  0x00, 0x00, 0x00, 0xe0, 0xff, 0x3f, 0x00, 0xec, 0xff, 0x3f, 0x00, 0x66, 0x30, 0x30, 0x00, 0x63,
  0x30, 0x30, 0x00, 0x63, 0x30, 0x30, 0x00, 0x66, 0x30, 0x30, 0x00, 0x68, 0x30, 0x30, 0x00, 0x20,
  0x00, 0x20, 0x00, 0x00, 0x00, 0x00, 0x00, 0x00, 0x00, 0x00, 0xe0, 0xff, 0x3f, 0x00, 0xe6, 0xff,
  0x3f, 0x00, 0x62, 0x30, 0x30, 0x00, 0x60, 0x30, 0x30, 0x00, 0x60, 0x30, 0x30, 0x00, 0x66, 0x30,
  0x30, 0x00, 0x66, 0x30, 0x30, 0x00, 0x20, 0x00, 0x20, 0x01, 0x00, 0x00, 0x00, 0x23, 0x00, 0x20,
  0x00, 0x67, 0x00, 0x30, 0x00, 0xec, 0xff, 0x3f, 0x00, 0xe8, 0xff, 0x3f, 0x00, 0x20, 0x00, 0x20,
  0x00, 0x00, 0x00, 0x00, 0x20, 0x00, 0x20, 0x00, 0x60, 0x00, 0x30, 0x00, 0xe8, 0xff, 0x3f, 0x00,
  0xee, 0xff, 0x3f, 0x00, 0x27, 0x00, 0x20, 0x00, 0x03, 0x08, 0x00, 0x00, 0x00, 0x2c, 0x00, 0x20,
  0x00, 0x67, 0x00, 0x30, 0x00, 0xe3, 0xff, 0x3f, 0x00, 0xe7, 0xff, 0x3f, 0x00, 0x2c, 0x00, 0x20,
  0x00, 0x08, 0x00, 0x00, 0x00, 0x00, 0x26, 0x00, 0x20, 0x00, 0x60, 0x00, 0x30, 0x00, 0xe0, 0xff,
  0x3f, 0x00, 0xe0, 0xff, 0x3f, 0x00, 0x26, 0x00, 0x20, 0x00, 0x02, 0x00, 0x00, 0x00, 0x00, 0x00,
  0x30, 0x00, 0x00, 0xe0, 0xff, 0x3f, 0x00, 0xe0, 0xff, 0x3f, 0x00, 0x60, 0x30, 0x30, 0x00, 0x60,
  0x30, 0x30, 0x00, 0x60, 0x30, 0x30, 0x00, 0x60, 0x00, 0x30, 0x00, 0xe0, 0x00, 0x38, 0x00, 0xc0,
  0x01, 0x1c, 0x00, 0x80, 0xdf, 0x0f, 0x00, 0x00, 0xff, 0x07, 0x00, 0x00, 0x78, 0x00, 0x00, 0x00,
  0x00, 0x00, 0x00, 0x00, 0x00, 0xe0, 0xff, 0x3f, 0x00, 0xe0, 0xff, 0x3f, 0x00, 0xec, 0x03, 0x00,
  0x00, 0x86, 0x0f, 0x00, 0x00, 0x06, 0x3e, 0x00, 0x00, 0x04, 0xf8, 0x00, 0x00, 0x0c, 0xe0, 0x03,
  0x00, 0x0c, 0x80, 0x0f, 0x00, 0x06, 0x00, 0x3e, 0x00, 0xe0, 0xff, 0x3f, 0x00, 0xe0, 0xff, 0x3f,
  0x00, 0x00, 0x00, 0x00, 0x00, 0xf8, 0x00, 0x00, 0x00, 0xff, 0x07, 0x00, 0xc0, 0x8f, 0x0f, 0x00,
  0xc1, 0x00, 0x18, 0x00, 0x63, 0x00, 0x30, 0x00, 0x67, 0x00, 0x30, 0x00, 0x6c, 0x00, 0x30, 0x00,
  0x60, 0x00, 0x30, 0x00, 0x60, 0x00, 0x30, 0x00, 0xc0, 0x01, 0x1c, 0x00, 0x80, 0xff, 0x0f, 0x00,
  0x00, 0xff, 0x07, 0x00, 0x00, 0x70, 0x00, 0x00, 0x00, 0x00, 0x00, 0xf8, 0x00, 0x00, 0x00, 0xff,
  0x07, 0x00, 0xc0, 0x8f, 0x0f, 0x00, 0xc0, 0x00, 0x18, 0x00, 0x60, 0x00, 0x30, 0x00, 0x60, 0x00,
  0x30, 0x00, 0x6c, 0x00, 0x30, 0x00, 0x66, 0x00, 0x30, 0x00, 0x63, 0x00, 0x30, 0x00, 0xc1, 0x01,
  0x1c, 0x00, 0x80, 0xff, 0x0f, 0x00, 0x00, 0xff, 0x07, 0x00, 0x00, 0x70, 0x00, 0x00, 0x00, 0x00,
  0x00, 0xf8, 0x00, 0x00, 0x00, 0xff, 0x07, 0x00, 0xc0, 0x8f, 0x0f, 0x00, 0xc8, 0x00, 0x18, 0x00,
  0x6c, 0x00, 0x30, 0x00, 0x67, 0x00, 0x30, 0x00, 0x63, 0x00, 0x30, 0x00, 0x67, 0x00, 0x30, 0x00,
  0x6c, 0x00, 0x30, 0x00, 0xc8, 0x01, 0x1c, 0x00, 0x80, 0xff, 0x0f, 0x00, 0x00, 0xff, 0x07, 0x00,
  0x00, 0x70, 0x00, 0x00, 0x00, 0x00, 0x00, 0xf8, 0x00, 0x00, 0x00, 0xff, 0x07, 0x00, 0xc0, 0x8f,
  0x0f, 0x00, 0xcc, 0x00, 0x18, 0x00, 0x66, 0x00, 0x30, 0x00, 0x66, 0x00, 0x30, 0x00, 0x64, 0x00,
  0x30, 0x00, 0x6c, 0x00, 0x30, 0x00, 0x6c, 0x00, 0x30, 0x00, 0xc6, 0x01, 0x1c, 0x00, 0x80, 0xff,
  0x0f, 0x00, 0x00, 0xff, 0x07, 0x00, 0x00, 0x70, 0x00, 0x00, 0x00, 0x00, 0x00, 0xf8, 0x00, 0x00,
  0x00, 0xff, 0x07, 0x00, 0xc0, 0x8f, 0x0f, 0x00, 0xc0, 0x00, 0x18, 0x00, 0x66, 0x00, 0x30, 0x00,
  0x60, 0x00, 0x30, 0x00, 0x60, 0x00, 0x30, 0x00, 0x60, 0x00, 0x30, 0x00, 0x66, 0x00, 0x30, 0x00,
  0xc0, 0x01, 0x1c, 0x00, 0x80, 0xff, 0x0f, 0x00, 0x00, 0xff, 0x07, 0x00, 0x00, 0x70, 0x00, 0x00,
  0x00, 0x00, 0x00, 0x04, 0x02, 0x00, 0x00, 0x0e, 0x03, 0x00, 0x00, 0x9c, 0x01, 0x00, 0x00, 0xf8,
  0x00, 0x00, 0x00, 0x70, 0x00, 0x00, 0x00, 0xf0, 0x00, 0x00, 0x00, 0xd8, 0x01, 0x00, 0x00, 0x8c,
  0x03, 0x00, 0x00, 0x06, 0x03, 0x00, 0x00, 0x00, 0x00, 0x00, 0xf8, 0x00, 0x00, 0x00, 0xff, 0x67,
  0x00, 0xc0, 0x8f, 0x3f, 0x00, 0xc0, 0x00, 0x1e, 0x00, 0x60, 0x00, 0x33, 0x00, 0x60, 0xc0, 0x31,
  0x00, 0x60, 0x70, 0x30, 0x00, 0x60, 0x1c, 0x30, 0x00, 0xe0, 0x0e, 0x30, 0x00, 0xc0, 0x03, 0x1c,
  0x00, 0xe0, 0xff, 0x0f, 0x00, 0x20, 0xff, 0x07, 0x00, 0x00, 0x70, 0x00, 0x00, 0x00, 0x00, 0x00,
  0x00, 0x00, 0x00, 0xe0, 0xff, 0x0f, 0x00, 0xe0, 0xff, 0x1f, 0x00, 0x01, 0x00, 0x38, 0x00, 0x07,
  0x00, 0x30, 0x00, 0x0e, 0x00, 0x30, 0x00, 0x08, 0x00, 0x30, 0x00, 0x00, 0x00, 0x30, 0x00, 0x00,
  0x00, 0x38, 0x00, 0xe0, 0xff, 0x1f, 0x00, 0xe0, 0xff, 0x0f, 0x00, 0x00, 0x00, 0x00, 0x00, 0x00,
  0x00, 0x00, 0xe0, 0xff, 0x0f, 0x00, 0xe0, 0xff, 0x1f, 0x00, 0x00, 0x00, 0x38, 0x00, 0x00, 0x00,
  0x30, 0x00, 0x08, 0x00, 0x30, 0x00, 0x0c, 0x00, 0x30, 0x00, 0x07, 0x00, 0x30, 0x00, 0x03, 0x00,
  0x38, 0x00, 0xe1, 0xff, 0x1f, 0x00, 0xe0, 0xff, 0x0f, 0x00, 0x00, 0x00, 0x00, 0x00, 0x00, 0x00,
  0x00, 0xe0, 0xff, 0x0f, 0x00, 0xe0, 0xff, 0x1f, 0x00, 0x08, 0x00, 0x38, 0x00, 0x06, 0x00, 0x30,
  0x00, 0x03, 0x00, 0x30, 0x00, 0x03, 0x00, 0x30, 0x00, 0x06, 0x00, 0x30, 0x00, 0x0c, 0x00, 0x38,
  0x00, 0xe0, 0xff, 0x1f, 0x00, 0xe0, 0xff, 0x0f, 0x00, 0x00, 0x00, 0x00, 0x00, 0x00, 0x00, 0x00,
  0xe0, 0xff, 0x0f, 0x00, 0xe0, 0xff, 0x1f, 0x00, 0x06, 0x00, 0x38, 0x00, 0x06, 0x00, 0x30, 0x00,
  0x00, 0x00, 0x30, 0x00, 0x00, 0x00, 0x30, 0x00, 0x06, 0x00, 0x30, 0x00, 0x06, 0x00, 0x38, 0x00,
  0xe0, 0xff, 0x1f, 0x00, 0xe0, 0xff, 0x0f, 0x20, 0x00, 0x00, 0x00, 0xe0, 0x01, 0x00, 0x00, 0xc0,
  0x07, 0x00, 0x00, 0x00, 0x3f, 0x00, 0x00, 0x00, 0xf8, 0x3f, 0x00, 0x0c, 0xe0, 0x3f, 0x00, 0x07,
  0x7c, 0x00, 0x00, 0x03, 0x1f, 0x00, 0x00, 0xe1, 0x03, 0x00, 0x00, 0xe0, 0x00, 0x00, 0x00, 0x00,
  0x00, 0x00, 0x00, 0x00, 0xe0, 0xff, 0x3f, 0x00, 0xe0, 0xff, 0x3f, 0x00, 0x00, 0x03, 0x03, 0x00,
  0x00, 0x03, 0x03, 0x00, 0x00, 0x03, 0x03, 0x00, 0x00, 0x03, 0x03, 0x00, 0x00, 0xc6, 0x01, 0x00,
  0x00, 0xfe, 0x01, 0x00, 0x00, 0x78, 0x00, 0x00, 0x00, 0x00, 0x00, 0x00, 0x00, 0x00, 0xc0, 0xff,
  0x3f, 0x00, 0xe0, 0xff, 0x3f, 0x00, 0x30, 0x00, 0x00, 0x00, 0x30, 0x00, 0x30, 0x00, 0x30, 0x3c,
  0x30, 0x00, 0x30, 0xfe, 0x30, 0x00, 0xe0, 0xc7, 0x30, 0x00, 0xe0, 0x81, 0x3f, 0x00, 0x00, 0x00,
  0x1f, 0x00, 0x00, 0x00, 0x00, 0x00, 0x00, 0x0f, 0x00, 0x00, 0x84, 0x3f, 0x00, 0x10, 0x86, 0x31,
  0x00, 0x70, 0xc6, 0x30, 0x00, 0xe0, 0xc6, 0x30, 0x00, 0x80, 0xc6, 0x10, 0x00, 0x00, 0xfe, 0x0f,
  0x00, 0x00, 0xfc, 0x3f, 0x00, 0x00, 0x00, 0x00, 0x00, 0x00, 0x0f, 0x00, 0x00, 0x84, 0x3f, 0x00,
  0x00, 0x86, 0x31, 0x00, 0x00, 0xc6, 0x30, 0x00, 0xc0, 0xc6, 0x30, 0x00, 0x70, 0xc6, 0x10, 0x00,
  0x30, 0xfe, 0x0f, 0x00, 0x10, 0xfc, 0x3f, 0x00, 0x00, 0x00, 0x00, 0x00, 0x00, 0x0f, 0x00, 0x80,
  0x84, 0x3f, 0x00, 0xc0, 0x86, 0x31, 0x00, 0x70, 0xc6, 0x30, 0x00, 0x30, 0xc6, 0x30, 0x00, 0x70,
  0xc6, 0x10, 0x00, 0xc0, 0xfe, 0x0f, 0x00, 0x80, 0xfc, 0x3f, 0x00, 0x00, 0x00, 0x00, 0x00, 0x00,
  0x0f, 0x00, 0xc0, 0x84, 0x3f, 0x00, 0x60, 0x86, 0x31, 0x00, 0x60, 0xc6, 0x30, 0x00, 0x40, 0xc6,
  0x30, 0x00, 0xc0, 0xc6, 0x10, 0x00, 0xc0, 0xfe, 0x0f, 0x00, 0x60, 0xfc, 0x3f, 0x00, 0x00, 0x00,
  0x00, 0x00, 0x00, 0x0f, 0x00, 0x00, 0x84, 0x3f, 0x00, 0x60, 0x86, 0x31, 0x00, 0x00, 0xc6, 0x30,
  0x00, 0x00, 0xc6, 0x30, 0x00, 0x00, 0xc6, 0x10, 0x00, 0x60, 0xfe, 0x0f, 0x00, 0x20, 0xfc, 0x3f,
  0x00, 0x00, 0x00, 0x00, 0x00, 0x00, 0x0f, 0x00, 0x00, 0x84, 0x3f, 0x00, 0x38, 0x86, 0x31, 0x00,
  0x6c, 0xc6, 0x30, 0x00, 0x44, 0xc6, 0x30, 0x00, 0x44, 0xc6, 0x10, 0x00, 0x38, 0xfe, 0x0f, 0x00,
  0x00, 0xfc, 0x3f, 0x00, 0x00, 0x00, 0x00, 0x00, 0x00, 0x0f, 0x00, 0x00, 0x84, 0x3f, 0x00, 0x00,
  0xc6, 0x31, 0x00, 0x00, 0xc6, 0x30, 0x00, 0x00, 0xc6, 0x30, 0x00, 0x00, 0xc6, 0x18, 0x00, 0x00,
  0xfc, 0x0f, 0x00, 0x00, 0xfc, 0x0f, 0x00, 0x00, 0xdc, 0x1c, 0x00, 0x00, 0xc6, 0x30, 0x00, 0x00,
  0xc6, 0x30, 0x00, 0x00, 0xc6, 0x30, 0x00, 0x00, 0xce, 0x30, 0x00, 0x00, 0xfc, 0x30, 0x00, 0x00,
  0xf0, 0x10, 0x00, 0x00, 0x00, 0x00, 0x00, 0xe0, 0x07, 0x00, 0x00, 0xf8, 0x1f, 0x00, 0x00, 0x1c,
  0x1c, 0x04, 0x00, 0x06, 0x30, 0x06, 0x00, 0x06, 0xf0, 0x06, 0x00, 0x06, 0xb0, 0x07, 0x00, 0x06,
  0x30, 0x03, 0x00, 0x00, 0x10, 0x00, 0x00, 0x00, 0x00, 0x00, 0xe0, 0x03, 0x00, 0x00, 0xf8, 0x0f,
  0x00, 0x10, 0xcc, 0x1c, 0x00, 0x70, 0xc6, 0x30, 0x00, 0xe0, 0xc6, 0x30, 0x00, 0x80, 0xc6, 0x30,
  0x00, 0x00, 0xce, 0x30, 0x00, 0x00, 0xfc, 0x30, 0x00, 0x00, 0xf0, 0x10, 0x00, 0x00, 0x00, 0x00,
  0x00, 0xe0, 0x03, 0x00, 0x00, 0xf8, 0x0f, 0x00, 0x00, 0xcc, 0x1c, 0x00, 0x00, 0xc6, 0x30, 0x00,
  0xc0, 0xc6, 0x30, 0x00, 0x70, 0xc6, 0x30, 0x00, 0x30, 0xce, 0x30, 0x00, 0x10, 0xfc, 0x30, 0x00,
  0x00, 0xf0, 0x10, 0x00, 0x00, 0x00, 0x00, 0x00, 0xe0, 0x03, 0x00, 0x80, 0xf8, 0x0f, 0x00, 0xc0,
  0xcc, 0x1c, 0x00, 0x70, 0xc6, 0x30, 0x00, 0x30, 0xc6, 0x30, 0x00, 0x70, 0xc6, 0x30, 0x00, 0xc0,
  0xce, 0x30, 0x00, 0x80, 0xfc, 0x30, 0x00, 0x00, 0xf0, 0x10, 0x00, 0x00, 0x00, 0x00, 0x00, 0xe0,
  0x03, 0x00, 0x00, 0xf8, 0x0f, 0x00, 0x60, 0xcc, 0x1c, 0x00, 0x00, 0xc6, 0x30, 0x00, 0x00, 0xc6,
  0x30, 0x00, 0x00, 0xc6, 0x30, 0x00, 0x60, 0xce, 0x30, 0x00, 0x20, 0xfc, 0x30, 0x00, 0x00, 0xf0,
  0x10, 0x10, 0x00, 0x00, 0x00, 0x70, 0x00, 0x00, 0x00, 0xe0, 0xfe, 0x3f, 0x00, 0x80, 0xfe, 0x3f,
  0x00, 0x00, 0x00, 0x00, 0x00, 0x00, 0x00, 0x00, 0xc0, 0xfe, 0x3f, 0x00, 0x70, 0xfe, 0x3f, 0x00,
  0x30, 0x00, 0x00, 0x00, 0x10, 0x80, 0x00, 0x00, 0x00, 0xc0, 0x00, 0x00, 0x00, 0x70, 0x00, 0x00,
  0x00, 0x30, 0xfe, 0x3f, 0x00, 0x70, 0xfe, 0x3f, 0x00, 0xc0, 0x00, 0x00, 0x00, 0x80, 0x60, 0x00,
  0x00, 0x00, 0x20, 0x00, 0x00, 0x00, 0x00, 0xfe, 0x3f, 0x00, 0x00, 0xfe, 0x3f, 0x00, 0x60, 0x00,
  0x00, 0x00, 0x60, 0x00, 0x00, 0x00, 0x00, 0x00, 0xe0, 0x07, 0x00, 0x00, 0xf0, 0x0f, 0x00, 0x80,
  0x38, 0x1c, 0x00, 0xf0, 0x0c, 0x30, 0x00, 0x70, 0x0c, 0x30, 0x00, 0x60, 0x0c, 0x30, 0x00, 0xf0,
  0x19, 0x30, 0x00, 0x90, 0x3f, 0x1c, 0x00, 0x00, 0xfe, 0x0f, 0x00, 0x00, 0xf0, 0x03, 0x00, 0x00,
  0x00, 0x00, 0x00, 0x00, 0x00, 0x00, 0x80, 0xfe, 0x3f, 0x00, 0xe0, 0xfc, 0x3f, 0x00, 0x60, 0x0c,
  0x00, 0x00, 0x60, 0x06, 0x00, 0x00, 0xc0, 0x06, 0x00, 0x00, 0xc0, 0x06, 0x00, 0x00, 0xc0, 0xfe,
  0x3f, 0x00, 0x60, 0xfc, 0x3f, 0x00, 0x00, 0x00, 0x00, 0x00, 0xf0, 0x03, 0x00, 0x00, 0xf8, 0x0f,
  0x00, 0x10, 0x1c, 0x1c, 0x00, 0x30, 0x06, 0x30, 0x00, 0x70, 0x06, 0x30, 0x00, 0xc0, 0x06, 0x30,
  0x00, 0x00, 0x06, 0x30, 0x00, 0x00, 0x1c, 0x1c, 0x00, 0x00, 0xf8, 0x0f, 0x00, 0x00, 0xe0, 0x03,
  0x00, 0x00, 0x00, 0x00, 0x00, 0xf0, 0x03, 0x00, 0x00, 0xf8, 0x0f, 0x00, 0x00, 0x1c, 0x1c, 0x00,
  0x00, 0x06, 0x30, 0x00, 0xc0, 0x06, 0x30, 0x00, 0x60, 0x06, 0x30, 0x00, 0x30, 0x06, 0x30, 0x00,
  0x10, 0x1c, 0x1c, 0x00, 0x00, 0xf8, 0x0f, 0x00, 0x00, 0xe0, 0x03, 0x00, 0x00, 0x00, 0x00, 0x00,
  0xf0, 0x03, 0x00, 0x00, 0xf8, 0x0f, 0x00, 0xc0, 0x1c, 0x1c, 0x00, 0x60, 0x06, 0x30, 0x00, 0x30,
  0x06, 0x30, 0x00, 0x30, 0x06, 0x30, 0x00, 0x60, 0x06, 0x30, 0x00, 0x80, 0x1c, 0x1c, 0x00, 0x00,
  0xf8, 0x0f, 0x00, 0x00, 0xe0, 0x03, 0x00, 0x00, 0x00, 0x00, 0x00, 0xf0, 0x03, 0x00, 0xc0, 0xf8,
  0x0f, 0x00, 0x60, 0x1c, 0x1c, 0x00, 0x60, 0x06, 0x30, 0x00, 0x60, 0x06, 0x30, 0x00, 0xc0, 0x06,
  0x30, 0x00, 0xc0, 0x06, 0x30, 0x00, 0xe0, 0x1c, 0x1c, 0x00, 0x20, 0xf8, 0x0f, 0x00, 0x00, 0xe0,
  0x03, 0x00, 0x00, 0x00, 0x00, 0x00, 0xf0, 0x03, 0x00, 0x00, 0xf8, 0x0f, 0x00, 0x60, 0x1c, 0x1c,
  0x00, 0x60, 0x06, 0x30, 0x00, 0x00, 0x06, 0x30, 0x00, 0x00, 0x06, 0x30, 0x00, 0x60, 0x06, 0x30,
  0x00, 0x60, 0x1c, 0x1c, 0x00, 0x00, 0xf8, 0x0f, 0x00, 0x00, 0xe0, 0x03, 0x00, 0x00, 0x00, 0x00,
  0x00, 0x30, 0x00, 0x00, 0x00, 0x30, 0x00, 0x00, 0x00, 0x30, 0x00, 0x00, 0x00, 0x32, 0x02, 0x00,
  0x00, 0x37, 0x07, 0x00, 0x00, 0x37, 0x07, 0x00, 0x00, 0x30, 0x00, 0x00, 0x00, 0x30, 0x00, 0x00,
  0x00, 0x30, 0x00, 0x00, 0x00, 0x00, 0x00, 0xf0, 0x03, 0x00, 0x00, 0xf8, 0x7f, 0x00, 0x00, 0x1c,
  0x3c, 0x00, 0x00, 0x06, 0x3e, 0x00, 0x00, 0x86, 0x33, 0x00, 0x00, 0xe6, 0x30, 0x00, 0x00, 0x3e,
  0x30, 0x00, 0x00, 0x3c, 0x1c, 0x00, 0x00, 0xff, 0x0f, 0x00, 0x00, 0xe0, 0x03, 0x00, 0x00, 0x00,
  0x00, 0x00, 0x00, 0x00, 0x00, 0x00, 0xfe, 0x1f, 0x00, 0x10, 0xfe, 0x3f, 0x00, 0x30, 0x00, 0x30,
  0x00, 0x70, 0x00, 0x30, 0x00, 0xc0, 0x00, 0x30, 0x00, 0x00, 0x00, 0x10, 0x00, 0x00, 0xfe, 0x1f,
  0x00, 0x00, 0xfe, 0x3f, 0x00, 0x00, 0x00, 0x00, 0x00, 0x00, 0x00, 0x00, 0x00, 0xfe, 0x1f, 0x00,
  0x00, 0xfe, 0x3f, 0x00, 0x00, 0x00, 0x30, 0x00, 0x80, 0x00, 0x30, 0x00, 0xe0, 0x00, 0x30, 0x00,
  0x70, 0x00, 0x10, 0x00, 0x10, 0xfe, 0x1f, 0x00, 0x00, 0xfe, 0x3f, 0x00, 0x00, 0x00, 0x00, 0x00,
  0x00, 0x00, 0x00, 0x00, 0xfe, 0x1f, 0x00, 0x80, 0xfe, 0x3f, 0x00, 0x60, 0x00, 0x30, 0x00, 0x30,
  0x00, 0x30, 0x00, 0x30, 0x00, 0x30, 0x00, 0x60, 0x00, 0x10, 0x00, 0xc0, 0xfe, 0x1f, 0x00, 0x00,
  0xfe, 0x3f, 0x00, 0x00, 0x00, 0x00, 0x00, 0x00, 0x00, 0x00, 0x00, 0xfe, 0x1f, 0x00, 0x60, 0xfe,
  0x3f, 0x00, 0x60, 0x00, 0x30, 0x00, 0x00, 0x00, 0x30, 0x00, 0x00, 0x00, 0x30, 0x00, 0x60, 0x00,
  0x10, 0x00, 0x60, 0xfe, 0x1f, 0x00, 0x00, 0xfe, 0x3f, 0x00, 0x02, 0x00, 0x0c, 0x00, 0x3e, 0x00,
  0x0c, 0x00, 0xfc, 0x01, 0x0c, 0x00, 0xc0, 0x0f, 0x07, 0xc0, 0x00, 0xfc, 0x03, 0x60, 0x00, 0xfe,
  0x00, 0x30, 0xc0, 0x1f, 0x00, 0x10, 0xfc, 0x01, 0x00, 0x00, 0x3e, 0x00, 0x00, 0x00, 0x02, 0x00,
  0x00, 0x00, 0x00, 0x00, 0x00, 0x00, 0x00, 0xf0, 0xff, 0xff, 0x0f, 0xf0, 0xff, 0xff, 0x0f, 0x00,
  0x0c, 0x18, 0x00, 0x00, 0x06, 0x30, 0x00, 0x00, 0x06, 0x30, 0x00, 0x00, 0x06, 0x30, 0x00, 0x00,
  0x0e, 0x38, 0x00, 0x00, 0xfc, 0x1f, 0x00, 0x00, 0xf0, 0x07, 0x00, 0x02, 0x00, 0x0c, 0x00, 0x3e,
  0x00, 0x0c, 0x60, 0xfc, 0x01, 0x0c, 0x60, 0xc0, 0x0f, 0x07, 0x00, 0x00, 0xfc, 0x03, 0x00, 0x00,
  0xfe, 0x00, 0x60, 0xc0, 0x1f, 0x00, 0x60, 0xfc, 0x01, 0x00, 0x00, 0x3e, 0x00, 0x00, 0x00, 0x02,
};

return TRIAL_2;
}

#endif

#if MESH_ARIAL_EXPERIMENT == 8

/*
Derived MeshFontTrial8; source DejaVu Sans Condensed, Version 2.37
Source SHA256: 8550cd5ca1acb65a8fc7877c46939cd0b4d909f8e7bc1e24716873d918c5e549
Upstream: https://github.com/dejavu-fonts/dejavu-fonts
SPDX-License-Identifier: Bitstream-Vera AND LicenseRef-Arev
Full license/copyright follows; it applies to the bitmap font data.
Copyright (c) 2003 by Bitstream, Inc. All Rights Reserved.
Copyright (c) 2006 by Tavmjong Bah. All Rights Reserved.
DejaVu changes are in public domain


Fonts are (c) Bitstream (see below). DejaVu changes are in public domain. Glyphs imported from Arev fonts are (c) Tavmjung Bah (see below)

Bitstream Vera Fonts Copyright
------------------------------

Copyright (c) 2003 by Bitstream, Inc. All Rights Reserved. Bitstream Vera is
a trademark of Bitstream, Inc.

Permission is hereby granted, free of charge, to any person obtaining a copy
of the fonts accompanying this license ("Fonts") and associated
documentation files (the "Font Software"), to reproduce and distribute the
Font Software, including without limitation the rights to use, copy, merge,
publish, distribute, and/or sell copies of the Font Software, and to permit
persons to whom the Font Software is furnished to do so, subject to the
following conditions:

The above copyright and trademark notices and this permission notice shall
be included in all copies of one or more of the Font Software typefaces.

The Font Software may be modified, altered, or added to, and in particular
the designs of glyphs or characters in the Fonts may be modified and
additional glyphs or characters may be added to the Fonts, only if the fonts
are renamed to names not containing either the words "Bitstream" or the word
"Vera".

This License becomes null and void to the extent applicable to Fonts or Font
Software that has been modified and is distributed under the "Bitstream
Vera" names.

The Font Software may be sold as part of a larger software package but no
copy of one or more of the Font Software typefaces may be sold by itself.

THE FONT SOFTWARE IS PROVIDED "AS IS", WITHOUT WARRANTY OF ANY KIND, EXPRESS
OR IMPLIED, INCLUDING BUT NOT LIMITED TO ANY WARRANTIES OF MERCHANTABILITY,
FITNESS FOR A PARTICULAR PURPOSE AND NONINFRINGEMENT OF COPYRIGHT, PATENT,
TRADEMARK, OR OTHER RIGHT. IN NO EVENT SHALL BITSTREAM OR THE GNOME
FOUNDATION BE LIABLE FOR ANY CLAIM, DAMAGES OR OTHER LIABILITY, INCLUDING
ANY GENERAL, SPECIAL, INDIRECT, INCIDENTAL, OR CONSEQUENTIAL DAMAGES,
WHETHER IN AN ACTION OF CONTRACT, TORT OR OTHERWISE, ARISING FROM, OUT OF
THE USE OR INABILITY TO USE THE FONT SOFTWARE OR FROM OTHER DEALINGS IN THE
FONT SOFTWARE.

Except as contained in this notice, the names of Gnome, the Gnome
Foundation, and Bitstream Inc., shall not be used in advertising or
otherwise to promote the sale, use or other dealings in this Font Software
without prior written authorization from the Gnome Foundation or Bitstream
Inc., respectively. For further information, contact: fonts at gnome dot
org.

Arev Fonts Copyright
------------------------------

Copyright (c) 2006 by Tavmjong Bah. All Rights Reserved.

Permission is hereby granted, free of charge, to any person obtaining
a copy of the fonts accompanying this license ("Fonts") and
associated documentation files (the "Font Software"), to reproduce
and distribute the modifications to the Bitstream Vera Font Software,
including without limitation the rights to use, copy, merge, publish,
distribute, and/or sell copies of the Font Software, and to permit
persons to whom the Font Software is furnished to do so, subject to
the following conditions:

The above copyright and trademark notices and this permission notice
shall be included in all copies of one or more of the Font Software
typefaces.

The Font Software may be modified, altered, or added to, and in
particular the designs of glyphs or characters in the Fonts may be
modified and additional glyphs or characters may be added to the
Fonts, only if the fonts are renamed to names not containing either
the words "Tavmjong Bah" or the word "Arev".

This License becomes null and void to the extent applicable to Fonts
or Font Software that has been modified and is distributed under the
"Tavmjong Bah Arev" names.

The Font Software may be sold as part of a larger software package but
no copy of one or more of the Font Software typefaces may be sold by
itself.

THE FONT SOFTWARE IS PROVIDED "AS IS", WITHOUT WARRANTY OF ANY KIND,
EXPRESS OR IMPLIED, INCLUDING BUT NOT LIMITED TO ANY WARRANTIES OF
MERCHANTABILITY, FITNESS FOR A PARTICULAR PURPOSE AND NONINFRINGEMENT
OF COPYRIGHT, PATENT, TRADEMARK, OR OTHER RIGHT. IN NO EVENT SHALL
TAVMJONG BAH BE LIABLE FOR ANY CLAIM, DAMAGES OR OTHER LIABILITY,
INCLUDING ANY GENERAL, SPECIAL, INDIRECT, INCIDENTAL, OR CONSEQUENTIAL
DAMAGES, WHETHER IN AN ACTION OF CONTRACT, TORT OR OTHERWISE, ARISING
FROM, OUT OF THE USE OR INABILITY TO USE THE FONT SOFTWARE OR FROM
OTHER DEALINGS IN THE FONT SOFTWARE.

Except as contained in this notice, the name of Tavmjong Bah shall not
be used in advertising or otherwise to promote the sale, use or other
dealings in this Font Software without prior written authorization
from Tavmjong Bah. For further information, contact: tavmjong @ free
. fr.
*/

// nominal=16; cap=12; H_top=3; baseline=15; line_box=19; bearing_shifts=[74]; vertical_shifts=[]

inline const uint8_t* fontStorage1() {

static const uint8_t TRIAL_1[] = {
  0x10, 0x13, 0x20, 0xe0, 0xff, 0xff, 0x00, 0x05, 0x00, 0x00, 0x0b, 0x06, 0x00, 0x0b, 0x0d, 0x07,
  0x00, 0x18, 0x1f, 0x0c, 0x00, 0x37, 0x17, 0x09, 0x00, 0x4e, 0x26, 0x0e, 0x00, 0x74, 0x1d, 0x0b,
  0x00, 0x91, 0x07, 0x04, 0x00, 0x98, 0x0c, 0x06, 0x00, 0xa4, 0x0b, 0x06, 0x00, 0xaf, 0x14, 0x07,
  0x00, 0xc3, 0x1d, 0x0c, 0x00, 0xe0, 0x08, 0x05, 0x00, 0xe8, 0x0e, 0x05, 0x00, 0xf6, 0x08, 0x05,
  0x00, 0xfe, 0x0d, 0x05, 0x01, 0x0b, 0x17, 0x09, 0x01, 0x22, 0x17, 0x09, 0x01, 0x39, 0x17, 0x09,
  0x01, 0x50, 0x17, 0x09, 0x01, 0x67, 0x17, 0x09, 0x01, 0x7e, 0x17, 0x09, 0x01, 0x95, 0x17, 0x09,
  0x01, 0xac, 0x16, 0x09, 0x01, 0xc2, 0x17, 0x09, 0x01, 0xd9, 0x17, 0x09, 0x01, 0xf0, 0x08, 0x05,
  0x01, 0xf8, 0x08, 0x05, 0x02, 0x00, 0x20, 0x0c, 0x02, 0x20, 0x20, 0x0c, 0x02, 0x40, 0x1d, 0x0c,
  0x02, 0x5d, 0x13, 0x08, 0x02, 0x70, 0x26, 0x0e, 0x02, 0x96, 0x1d, 0x0a, 0x02, 0xb3, 0x1a, 0x0a,
  0x02, 0xcd, 0x1a, 0x0a, 0x02, 0xe7, 0x1d, 0x0b, 0x03, 0x04, 0x17, 0x09, 0x03, 0x1b, 0x14, 0x08,
  0x03, 0x2f, 0x1d, 0x0b, 0x03, 0x4c, 0x1a, 0x0b, 0x03, 0x66, 0x08, 0x04, 0x03, 0x6e, 0x0c, 0x05,
  0x03, 0x7a, 0x1a, 0x09, 0x03, 0x94, 0x17, 0x08, 0x03, 0xab, 0x20, 0x0c, 0x03, 0xcb, 0x1a, 0x0b,
  0x03, 0xe5, 0x20, 0x0b, 0x04, 0x05, 0x17, 0x09, 0x04, 0x1c, 0x1d, 0x0b, 0x04, 0x39, 0x1a, 0x0a,
  0x04, 0x53, 0x17, 0x09, 0x04, 0x6a, 0x19, 0x09, 0x04, 0x83, 0x1a, 0x0b, 0x04, 0x9d, 0x19, 0x0a,
  0x04, 0xb6, 0x28, 0x0e, 0x04, 0xde, 0x1a, 0x0a, 0x04, 0xf8, 0x16, 0x09, 0x05, 0x0e, 0x1a, 0x0a,
  0x05, 0x28, 0x0c, 0x06, 0x05, 0x34, 0x0e, 0x05, 0x05, 0x42, 0x0c, 0x06, 0x05, 0x4e, 0x1c, 0x0c,
  0x05, 0x6a, 0x15, 0x07, 0x05, 0x7f, 0x0a, 0x07, 0x05, 0x89, 0x17, 0x09, 0x05, 0xa0, 0x17, 0x09,
  0x05, 0xb7, 0x14, 0x08, 0x05, 0xcb, 0x17, 0x09, 0x05, 0xe2, 0x17, 0x09, 0x05, 0xf9, 0x0d, 0x05,
  0x06, 0x06, 0x17, 0x09, 0x06, 0x1d, 0x17, 0x09, 0x06, 0x34, 0x08, 0x04, 0x06, 0x3c, 0x09, 0x04,
  0x06, 0x45, 0x17, 0x08, 0x06, 0x5c, 0x08, 0x04, 0x06, 0x64, 0x26, 0x0e, 0x06, 0x8a, 0x17, 0x09,
  0x06, 0xa1, 0x17, 0x09, 0x06, 0xb8, 0x17, 0x09, 0x06, 0xcf, 0x18, 0x09, 0x06, 0xe7, 0x10, 0x06,
  0x06, 0xf7, 0x14, 0x08, 0x07, 0x0b, 0x0e, 0x06, 0x07, 0x19, 0x17, 0x09, 0x07, 0x30, 0x16, 0x09,
  0x07, 0x46, 0x20, 0x0c, 0x07, 0x66, 0x17, 0x09, 0x07, 0x7d, 0x16, 0x09, 0x07, 0x93, 0x14, 0x08,
  0x07, 0xa7, 0x15, 0x09, 0x07, 0xbc, 0x09, 0x05, 0x07, 0xc5, 0x14, 0x09, 0x07, 0xd9, 0x20, 0x0c,
  0xff, 0xff, 0x00, 0x00, 0xff, 0xff, 0x00, 0x10, 0xff, 0xff, 0x00, 0x10, 0xff, 0xff, 0x00, 0x10,
  0xff, 0xff, 0x00, 0x10, 0xff, 0xff, 0x00, 0x10, 0xff, 0xff, 0x00, 0x10, 0xff, 0xff, 0x00, 0x10,
  0xff, 0xff, 0x00, 0x10, 0xff, 0xff, 0x00, 0x10, 0xff, 0xff, 0x00, 0x10, 0xff, 0xff, 0x00, 0x10,
  0xff, 0xff, 0x00, 0x10, 0xff, 0xff, 0x00, 0x10, 0xff, 0xff, 0x00, 0x10, 0xff, 0xff, 0x00, 0x10,
  0xff, 0xff, 0x00, 0x10, 0xff, 0xff, 0x00, 0x10, 0xff, 0xff, 0x00, 0x10, 0xff, 0xff, 0x00, 0x10,
  0xff, 0xff, 0x00, 0x10, 0xff, 0xff, 0x00, 0x10, 0xff, 0xff, 0x00, 0x10, 0xff, 0xff, 0x00, 0x10,
  0xff, 0xff, 0x00, 0x10, 0xff, 0xff, 0x00, 0x10, 0xff, 0xff, 0x00, 0x10, 0xff, 0xff, 0x00, 0x10,
  0xff, 0xff, 0x00, 0x10, 0xff, 0xff, 0x00, 0x10, 0xff, 0xff, 0x00, 0x10, 0xff, 0xff, 0x00, 0x10,
  0xff, 0xff, 0x00, 0x10, 0xff, 0xff, 0x00, 0x05, 0x07, 0xf9, 0x0c, 0x06, 0x08, 0x05, 0x14, 0x09,
  0x08, 0x19, 0x17, 0x09, 0x08, 0x30, 0x17, 0x09, 0x08, 0x47, 0x17, 0x09, 0x08, 0x5e, 0x09, 0x05,
  0x08, 0x67, 0x11, 0x07, 0x08, 0x78, 0x10, 0x07, 0x08, 0x88, 0x23, 0x0e, 0x08, 0xab, 0x11, 0x07,
  0x08, 0xbc, 0x14, 0x09, 0x08, 0xd0, 0x20, 0x0c, 0x08, 0xf0, 0x0e, 0x05, 0x08, 0xfe, 0x23, 0x0e,
  0x09, 0x21, 0x10, 0x07, 0x09, 0x31, 0x10, 0x07, 0x09, 0x41, 0x20, 0x0c, 0x09, 0x61, 0x0e, 0x06,
  0x09, 0x6f, 0x0e, 0x06, 0x09, 0x7d, 0x10, 0x07, 0x09, 0x8d, 0x1a, 0x09, 0x09, 0xa7, 0x17, 0x09,
  0x09, 0xbe, 0x08, 0x05, 0x09, 0xc6, 0x0f, 0x07, 0x09, 0xd5, 0x0e, 0x06, 0x09, 0xe3, 0x11, 0x07,
  0x09, 0xf4, 0x17, 0x09, 0x0a, 0x0b, 0x26, 0x0e, 0x0a, 0x31, 0x26, 0x0e, 0x0a, 0x57, 0x26, 0x0e,
  0x0a, 0x7d, 0x15, 0x08, 0x0a, 0x92, 0x1d, 0x0a, 0x0a, 0xaf, 0x1d, 0x0a, 0x0a, 0xcc, 0x1d, 0x0a,
  0x0a, 0xe9, 0x1d, 0x0a, 0x0b, 0x06, 0x1d, 0x0a, 0x0b, 0x23, 0x1d, 0x0a, 0x0b, 0x40, 0x26, 0x0e,
  0x0b, 0x66, 0x1a, 0x0a, 0x0b, 0x80, 0x17, 0x09, 0x0b, 0x97, 0x17, 0x09, 0x0b, 0xae, 0x17, 0x09,
  0x0b, 0xc5, 0x17, 0x09, 0x0b, 0xdc, 0x08, 0x04, 0x0b, 0xe4, 0x08, 0x04, 0x0b, 0xec, 0x0a, 0x04,
  0x0b, 0xf6, 0x0a, 0x04, 0x0c, 0x00, 0x1d, 0x0b, 0x0c, 0x1d, 0x1a, 0x0b, 0x0c, 0x37, 0x20, 0x0b,
  0x0c, 0x57, 0x20, 0x0b, 0x0c, 0x77, 0x20, 0x0b, 0x0c, 0x97, 0x20, 0x0b, 0x0c, 0xb7, 0x20, 0x0b,
  0x0c, 0xd7, 0x1d, 0x0c, 0x0c, 0xf4, 0x20, 0x0b, 0x0d, 0x14, 0x1a, 0x0b, 0x0d, 0x2e, 0x1a, 0x0b,
  0x0d, 0x48, 0x1a, 0x0b, 0x0d, 0x62, 0x1a, 0x0b, 0x0d, 0x7c, 0x16, 0x09, 0x0d, 0x92, 0x17, 0x09,
  0x0d, 0xa9, 0x17, 0x09, 0x0d, 0xc0, 0x17, 0x09, 0x0d, 0xd7, 0x17, 0x09, 0x0d, 0xee, 0x17, 0x09,
  0x0e, 0x05, 0x17, 0x09, 0x0e, 0x1c, 0x17, 0x09, 0x0e, 0x33, 0x17, 0x09, 0x0e, 0x4a, 0x26, 0x0e,
  0x0e, 0x70, 0x14, 0x08, 0x0e, 0x84, 0x17, 0x09, 0x0e, 0x9b, 0x17, 0x09, 0x0e, 0xb2, 0x17, 0x09,
  0x0e, 0xc9, 0x17, 0x09, 0x0e, 0xe0, 0x08, 0x04, 0x0e, 0xe8, 0x0a, 0x04, 0x0e, 0xf2, 0x0a, 0x04,
  0x0e, 0xfc, 0x0a, 0x04, 0x0f, 0x06, 0x17, 0x09, 0x0f, 0x1d, 0x17, 0x09, 0x0f, 0x34, 0x17, 0x09,
  0x0f, 0x4b, 0x17, 0x09, 0x0f, 0x62, 0x17, 0x09, 0x0f, 0x79, 0x17, 0x09, 0x0f, 0x90, 0x17, 0x09,
  0x0f, 0xa7, 0x1d, 0x0c, 0x0f, 0xc4, 0x17, 0x09, 0x0f, 0xdb, 0x17, 0x09, 0x0f, 0xf2, 0x17, 0x09,
  0x10, 0x09, 0x17, 0x09, 0x10, 0x20, 0x17, 0x09, 0x10, 0x37, 0x16, 0x09, 0x10, 0x4d, 0x17, 0x09,
  0x10, 0x64, 0x16, 0x09, 0x00, 0x00, 0x00, 0x00, 0x00, 0x00, 0xf8, 0x67, 0x00, 0xf0, 0x67, 0x00,
  0x00, 0x00, 0x70, 0x00, 0x00, 0x70, 0x00, 0x00, 0x00, 0x00, 0x00, 0xf8, 0x00, 0x00, 0x00, 0x00,
  0x08, 0x00, 0x80, 0x08, 0x00, 0x80, 0x7c, 0x00, 0xc0, 0x0f, 0x00, 0xf0, 0x08, 0x00, 0x80, 0x7c,
  0x00, 0x80, 0x0f, 0x00, 0xf0, 0x08, 0x00, 0x80, 0x08, 0x00, 0x80, 0x00, 0x00, 0x00, 0xc0, 0x21,
  0x00, 0xe0, 0x43, 0x00, 0x20, 0x42, 0x00, 0xf8, 0xff, 0x01, 0x20, 0x46, 0x00, 0x20, 0x6c, 0x00,
  0x00, 0x38, 0x00, 0x00, 0x00, 0xf0, 0x01, 0x00, 0x18, 0x01, 0x00, 0x08, 0x41, 0x00, 0xb0, 0x71,
  0x00, 0x60, 0x18, 0x00, 0x00, 0x06, 0x00, 0x80, 0x01, 0x00, 0x60, 0x3c, 0x00, 0x18, 0x46, 0x00,
  0x00, 0x42, 0x00, 0x00, 0x66, 0x00, 0x00, 0x3c, 0x00, 0x00, 0x00, 0x00, 0x3e, 0x00, 0x60, 0x73,
  0x00, 0xf0, 0x41, 0x00, 0x08, 0x43, 0x00, 0x08, 0x46, 0x00, 0x18, 0x6c, 0x00, 0x00, 0x38, 0x00,
  0x00, 0x38, 0x00, 0x00, 0x4e, 0x00, 0x00, 0x00, 0x70, 0x00, 0x00, 0x70, 0x00, 0x00, 0x00, 0x00,
  0x0f, 0x00, 0xe0, 0x7f, 0x00, 0x18, 0x80, 0x01, 0x00, 0x00, 0x00, 0x08, 0x00, 0x01, 0x38, 0xc0,
  0x01, 0xe0, 0x3f, 0x00, 0x00, 0x00, 0x20, 0x01, 0x00, 0xc0, 0x00, 0x00, 0xf8, 0x03, 0x00, 0xc0,
  0x00, 0x00, 0x20, 0x00, 0x00, 0x00, 0x01, 0x00, 0x00, 0x00, 0x00, 0x00, 0x00, 0x00, 0x06, 0x00,
  0x00, 0x06, 0x00, 0x00, 0x06, 0x00, 0xe0, 0x7f, 0x00, 0xe0, 0x7f, 0x00, 0x00, 0x06, 0x00, 0x00,
  0x06, 0x00, 0x00, 0x06, 0x00, 0x00, 0x00, 0x00, 0x80, 0x01, 0x00, 0xe0, 0x00, 0x00, 0x00, 0x00,
  0x04, 0x00, 0x00, 0x04, 0x00, 0x00, 0x04, 0x00, 0x00, 0x04, 0x00, 0x00, 0x00, 0x00, 0x00, 0x00,
  0x00, 0x60, 0x00, 0x80, 0x00, 0x00, 0x78, 0x00, 0x80, 0x0f, 0x00, 0xf0, 0x00, 0x00, 0x18, 0x00,
  0x00, 0x00, 0xc0, 0x1f, 0x00, 0x70, 0x38, 0x00, 0x18, 0x40, 0x00, 0x08, 0x40, 0x00, 0x18, 0x40,
  0x00, 0x30, 0x70, 0x00, 0xe0, 0x1f, 0x00, 0x00, 0x00, 0x00, 0x00, 0x00, 0x10, 0x40, 0x00, 0x18,
  0x40, 0x00, 0xf8, 0x7f, 0x00, 0xf0, 0x7f, 0x00, 0x00, 0x40, 0x00, 0x00, 0x40, 0x00, 0x00, 0x00,
  0x10, 0x60, 0x00, 0x18, 0x70, 0x00, 0x18, 0x58, 0x00, 0x18, 0x4c, 0x00, 0x18, 0x47, 0x00, 0xf0,
  0x41, 0x00, 0x40, 0x40, 0x00, 0x00, 0x00, 0x10, 0x60, 0x00, 0x18, 0x40, 0x00, 0x18, 0x41, 0x00,
  0x18, 0x41, 0x00, 0x18, 0x43, 0x00, 0xf0, 0x76, 0x00, 0x60, 0x3c, 0x00, 0x00, 0x00, 0x00, 0x0e,
  0x00, 0x00, 0x0b, 0x00, 0xc0, 0x08, 0x00, 0x30, 0x08, 0x00, 0xf8, 0x7f, 0x00, 0xf8, 0x7f, 0x00,
  0x00, 0x08, 0x00, 0x00, 0x00, 0x00, 0x60, 0x00, 0xf8, 0x41, 0x00, 0x98, 0x41, 0x00, 0x98, 0x41,
  0x00, 0x18, 0x61, 0x00, 0x18, 0x3f, 0x00, 0x00, 0x1e, 0x00, 0x00, 0x00, 0xc0, 0x1f, 0x00, 0xf0,
  0x3f, 0x00, 0x10, 0x61, 0x00, 0x98, 0x41, 0x00, 0x88, 0x41, 0x00, 0x18, 0x63, 0x00, 0x10, 0x3e,
  0x00, 0x00, 0x00, 0x18, 0x00, 0x00, 0x18, 0x00, 0x00, 0x18, 0x60, 0x00, 0x18, 0x3c, 0x00, 0x98,
  0x07, 0x00, 0xf8, 0x00, 0x00, 0x18, 0x00, 0x00, 0x00, 0x60, 0x3c, 0x00, 0xf0, 0x76, 0x00, 0x18,
  0x43, 0x00, 0x08, 0x41, 0x00, 0x18, 0x43, 0x00, 0xf0, 0x67, 0x00, 0xe0, 0x3c, 0x00, 0x00, 0x00,
  0xe0, 0x01, 0x00, 0x30, 0x47, 0x00, 0x18, 0x44, 0x00, 0x08, 0x44, 0x00, 0x18, 0x66, 0x00, 0xf0,
  0x3b, 0x00, 0xe0, 0x1f, 0x00, 0x00, 0x00, 0x00, 0x00, 0x00, 0x80, 0x61, 0x00, 0x00, 0x00, 0x00,
  0x80, 0x01, 0x80, 0xe1, 0x00, 0x00, 0x00, 0x00, 0x00, 0x00, 0x00, 0x06, 0x00, 0x00, 0x06, 0x00,
  0x00, 0x0f, 0x00, 0x00, 0x09, 0x00, 0x80, 0x19, 0x00, 0x80, 0x10, 0x00, 0x80, 0x10, 0x00, 0xc0,
  0x30, 0x00, 0x40, 0x20, 0x00, 0x00, 0x00, 0x00, 0x00, 0x00, 0x00, 0x09, 0x00, 0x00, 0x09, 0x00,
  0x00, 0x09, 0x00, 0x00, 0x09, 0x00, 0x00, 0x09, 0x00, 0x00, 0x09, 0x00, 0x00, 0x09, 0x00, 0x00,
  0x09, 0x00, 0x00, 0x09, 0x00, 0x00, 0x00, 0x00, 0x00, 0x00, 0xc0, 0x30, 0x00, 0xc0, 0x10, 0x00,
  0x80, 0x10, 0x00, 0x80, 0x19, 0x00, 0x00, 0x09, 0x00, 0x00, 0x0d, 0x00, 0x00, 0x06, 0x00, 0x00,
  0x06, 0x00, 0x00, 0x00, 0x10, 0x00, 0x00, 0x18, 0x00, 0x00, 0x08, 0x6e, 0x00, 0x98, 0x01, 0x00,
  0xf0, 0x00, 0x00, 0x60, 0x00, 0x00, 0x00, 0x00, 0x3f, 0x00, 0xc0, 0x60, 0x00, 0x60, 0x80, 0x00,
  0x30, 0x0e, 0x01, 0x10, 0x33, 0x01, 0x90, 0x21, 0x02, 0x90, 0x20, 0x02, 0x10, 0x21, 0x03, 0x10,
  0x3f, 0x01, 0x20, 0x20, 0x01, 0x60, 0x30, 0x00, 0x80, 0x1f, 0x00, 0x40, 0x00, 0x00, 0x78, 0x00,
  0x00, 0x0f, 0x00, 0xe0, 0x09, 0x00, 0x38, 0x08, 0x00, 0x78, 0x08, 0x00, 0xc0, 0x0b, 0x00, 0x00,
  0x1f, 0x00, 0x00, 0x78, 0x00, 0x00, 0x40, 0x00, 0x00, 0x00, 0xf0, 0x7f, 0x00, 0xf8, 0x7f, 0x00,
  0x18, 0x41, 0x00, 0x18, 0x41, 0x00, 0x18, 0x41, 0x00, 0x10, 0x63, 0x00, 0xf0, 0x3e, 0x00, 0x00,
  0x1c, 0x00, 0x00, 0x00, 0xc0, 0x1f, 0x00, 0x70, 0x38, 0x00, 0x10, 0x60, 0x00, 0x18, 0x40, 0x00,
  0x08, 0x40, 0x00, 0x08, 0x40, 0x00, 0x18, 0x40, 0x00, 0x10, 0x60, 0x00, 0x00, 0x00, 0xf0, 0x7f,
  0x00, 0xf8, 0x7f, 0x00, 0x18, 0x40, 0x00, 0x18, 0x40, 0x00, 0x18, 0x40, 0x00, 0x10, 0x60, 0x00,
  0x30, 0x20, 0x00, 0x60, 0x38, 0x00, 0xc0, 0x1f, 0x00, 0x00, 0x00, 0xf0, 0x7f, 0x00, 0xf8, 0x7f,
  0x00, 0x18, 0x41, 0x00, 0x18, 0x41, 0x00, 0x18, 0x41, 0x00, 0x18, 0x41, 0x00, 0x18, 0x41, 0x00,
  0x00, 0x00, 0xf0, 0x7f, 0x00, 0xf8, 0x7f, 0x00, 0x18, 0x01, 0x00, 0x18, 0x01, 0x00, 0x18, 0x01,
  0x00, 0x18, 0x01, 0x00, 0x00, 0x00, 0xc0, 0x1f, 0x00, 0x70, 0x38, 0x00, 0x10, 0x60, 0x00, 0x18,
  0x40, 0x00, 0x08, 0x40, 0x00, 0x08, 0x42, 0x00, 0x18, 0x42, 0x00, 0x10, 0x66, 0x00, 0x10, 0x3e,
  0x00, 0x00, 0x00, 0xf0, 0x7f, 0x00, 0xf8, 0x7f, 0x00, 0x00, 0x01, 0x00, 0x00, 0x01, 0x00, 0x00,
  0x01, 0x00, 0x00, 0x01, 0x00, 0x00, 0x01, 0x00, 0xf8, 0x7f, 0x00, 0x00, 0x00, 0xf0, 0x7f, 0x00,
  0xf8, 0x7f, 0x00, 0x00, 0x02, 0x00, 0x00, 0x02, 0xf0, 0xff, 0x03, 0xf8, 0xff, 0x01, 0x00, 0x00,
  0x00, 0xf0, 0x7f, 0x00, 0xf8, 0x7f, 0x00, 0x00, 0x03, 0x00, 0x80, 0x06, 0x00, 0x60, 0x0c, 0x00,
  0x30, 0x18, 0x00, 0x18, 0x70, 0x00, 0x08, 0x40, 0x00, 0x00, 0x00, 0xf0, 0x7f, 0x00, 0xf8, 0x7f,
  0x00, 0x00, 0x40, 0x00, 0x00, 0x40, 0x00, 0x00, 0x40, 0x00, 0x00, 0x40, 0x00, 0x00, 0x40, 0x00,
  0x00, 0x00, 0xf0, 0x7f, 0x00, 0xf8, 0x7f, 0x00, 0x70, 0x00, 0x00, 0xc0, 0x03, 0x00, 0x00, 0x0e,
  0x00, 0x00, 0x1c, 0x00, 0x80, 0x07, 0x00, 0xe0, 0x00, 0x00, 0x38, 0x00, 0x00, 0xf8, 0x7f, 0x00,
  0x00, 0x00, 0xf0, 0x7f, 0x00, 0xf8, 0x7f, 0x00, 0x70, 0x00, 0x00, 0xc0, 0x01, 0x00, 0x00, 0x07,
  0x00, 0x00, 0x1c, 0x00, 0x00, 0x70, 0x00, 0xf8, 0x7f, 0x00, 0x00, 0x00, 0xc0, 0x1f, 0x00, 0xf0,
  0x38, 0x00, 0x10, 0x60, 0x00, 0x18, 0x40, 0x00, 0x08, 0x40, 0x00, 0x18, 0x40, 0x00, 0x18, 0x60,
  0x00, 0x70, 0x30, 0x00, 0xe0, 0x1f, 0x00, 0x00, 0x02, 0x00, 0x00, 0x00, 0xf0, 0x7f, 0x00, 0xf8,
  0x7f, 0x00, 0x18, 0x02, 0x00, 0x18, 0x02, 0x00, 0x18, 0x02, 0x00, 0x30, 0x03, 0x00, 0xe0, 0x01,
  0x00, 0x00, 0x00, 0xc0, 0x1f, 0x00, 0xf0, 0x38, 0x00, 0x10, 0x60, 0x00, 0x18, 0x40, 0x00, 0x08,
  0x40, 0x00, 0x18, 0xc0, 0x00, 0x18, 0xe0, 0x01, 0x70, 0x30, 0x01, 0xe0, 0x1f, 0x00, 0x00, 0x00,
  0xf0, 0x7f, 0x00, 0xf8, 0x7f, 0x00, 0x18, 0x02, 0x00, 0x18, 0x02, 0x00, 0x18, 0x02, 0x00, 0x30,
  0x0f, 0x00, 0xe0, 0x39, 0x00, 0x00, 0x60, 0x00, 0x00, 0x00, 0xe0, 0x60, 0x00, 0xb0, 0x41, 0x00,
  0x18, 0x41, 0x00, 0x08, 0x43, 0x00, 0x18, 0x43, 0x00, 0x18, 0x66, 0x00, 0x10, 0x3c, 0x18, 0x00,
  0x00, 0x18, 0x00, 0x00, 0x18, 0x00, 0x00, 0x18, 0x00, 0x00, 0xf8, 0x7f, 0x00, 0x18, 0x00, 0x00,
  0x18, 0x00, 0x00, 0x18, 0x00, 0x00, 0x18, 0x00, 0x00, 0x00, 0xf8, 0x1f, 0x00, 0xf0, 0x3f, 0x00,
  0x00, 0x60, 0x00, 0x00, 0x40, 0x00, 0x00, 0x40, 0x00, 0x00, 0x40, 0x00, 0x00, 0x60, 0x00, 0xf8,
  0x3f, 0x08, 0x00, 0x00, 0x70, 0x00, 0x00, 0xc0, 0x03, 0x00, 0x00, 0x1e, 0x00, 0x00, 0x70, 0x00,
  0x00, 0x78, 0x00, 0x00, 0x1e, 0x00, 0xc0, 0x03, 0x00, 0x78, 0x00, 0x00, 0x00, 0xf8, 0x00, 0x00,
  0xc0, 0x0f, 0x00, 0x00, 0x7c, 0x00, 0x00, 0x78, 0x00, 0x80, 0x0f, 0x00, 0xf8, 0x00, 0x00, 0x78,
  0x00, 0x00, 0xc0, 0x07, 0x00, 0x00, 0x7c, 0x00, 0x00, 0x78, 0x00, 0x80, 0x1f, 0x00, 0xf8, 0x01,
  0x00, 0x10, 0x00, 0x00, 0x00, 0x08, 0x60, 0x00, 0x30, 0x30, 0x00, 0xe0, 0x0c, 0x00, 0x80, 0x07,
  0x00, 0x80, 0x07, 0x00, 0xe0, 0x1c, 0x00, 0x30, 0x30, 0x00, 0x08, 0x60, 0x08, 0x00, 0x00, 0x30,
  0x00, 0x00, 0x60, 0x00, 0x00, 0x80, 0x01, 0x00, 0x00, 0x7f, 0x00, 0xc0, 0x01, 0x00, 0x60, 0x00,
  0x00, 0x38, 0x00, 0x00, 0x00, 0x18, 0x60, 0x00, 0x18, 0x78, 0x00, 0x18, 0x4c, 0x00, 0x18, 0x47,
  0x00, 0x98, 0x41, 0x00, 0xd8, 0x40, 0x00, 0x78, 0x40, 0x00, 0x18, 0x40, 0x00, 0x00, 0x00, 0xf8,
  0xff, 0x01, 0xf8, 0xff, 0x01, 0x08, 0x00, 0x01, 0x18, 0x00, 0x00, 0xf0, 0x01, 0x00, 0x00, 0x0f,
  0x00, 0x00, 0xf0, 0x00, 0x00, 0x80, 0x00, 0x00, 0x00, 0x08, 0x00, 0x01, 0x08, 0x00, 0x01, 0xf8,
  0xff, 0x01, 0x00, 0x00, 0x00, 0x00, 0x00, 0x00, 0x80, 0x00, 0x00, 0x60, 0x00, 0x00, 0x30, 0x00,
  0x00, 0x18, 0x00, 0x00, 0x18, 0x00, 0x00, 0x30, 0x00, 0x00, 0x60, 0x00, 0x00, 0xc0, 0x00, 0x00,
  0x04, 0x00, 0x00, 0x04, 0x00, 0x00, 0x04, 0x00, 0x00, 0x04, 0x00, 0x00, 0x04, 0x00, 0x00, 0x04,
  0x00, 0x00, 0x04, 0x00, 0x00, 0x00, 0x00, 0x00, 0x00, 0x0c, 0x00, 0x00, 0x10, 0x00, 0x00, 0x00,
  0x00, 0x38, 0x00, 0xc0, 0x64, 0x00, 0x40, 0x44, 0x00, 0x40, 0x46, 0x00, 0xc0, 0x66, 0x00, 0x80,
  0x7f, 0x00, 0x00, 0x7c, 0x00, 0x00, 0x00, 0xf8, 0x7f, 0x00, 0xf8, 0x7f, 0x00, 0x80, 0x60, 0x00,
  0x40, 0x40, 0x00, 0x40, 0x40, 0x00, 0xc0, 0x60, 0x00, 0x80, 0x3f, 0x00, 0x00, 0x00, 0x00, 0x1f,
  0x00, 0x80, 0x71, 0x00, 0xc0, 0x40, 0x00, 0x40, 0x40, 0x00, 0x40, 0x40, 0x00, 0xc0, 0x40, 0x00,
  0x00, 0x00, 0x00, 0x3f, 0x00, 0x80, 0x61, 0x00, 0xc0, 0x40, 0x00, 0x40, 0x40, 0x00, 0xc0, 0x40,
  0x00, 0x80, 0x7b, 0x00, 0xf8, 0x7f, 0x00, 0x00, 0x00, 0x00, 0x1f, 0x00, 0x80, 0x75, 0x00, 0xc0,
  0x44, 0x00, 0x40, 0x44, 0x00, 0x40, 0x44, 0x00, 0x80, 0x45, 0x00, 0x00, 0x67, 0x40, 0x00, 0x00,
  0xc0, 0x00, 0x00, 0xf8, 0x7f, 0x00, 0x48, 0x00, 0x00, 0x48, 0x00, 0x00, 0x00, 0x00, 0x1f, 0x00,
  0x80, 0x71, 0x02, 0x40, 0x40, 0x02, 0x40, 0x40, 0x02, 0xc0, 0x60, 0x02, 0x80, 0xfb, 0x03, 0xc0,
  0xff, 0x00, 0x00, 0x00, 0xf8, 0x7f, 0x00, 0xf8, 0x7f, 0x00, 0x80, 0x00, 0x00, 0x40, 0x00, 0x00,
  0x40, 0x00, 0x00, 0xc0, 0x01, 0x00, 0x00, 0x7f, 0x00, 0x00, 0x00, 0x88, 0x7f, 0x00, 0x88, 0x7f,
  0x00, 0x00, 0x02, 0x88, 0xff, 0x03, 0xc8, 0xff, 0x01, 0x00, 0x00, 0x00, 0xf8, 0x7f, 0x00, 0xf8,
  0x7f, 0x00, 0x00, 0x0e, 0x00, 0x00, 0x1b, 0x00, 0x80, 0x31, 0x00, 0xc0, 0x60, 0x00, 0x40, 0x40,
  0x00, 0x00, 0x00, 0xf8, 0x7f, 0x00, 0xf8, 0x7f, 0x00, 0x00, 0x00, 0xc0, 0x7f, 0x00, 0x80, 0x7f,
  0x00, 0x80, 0x00, 0x00, 0x40, 0x00, 0x00, 0xc0, 0x00, 0x00, 0x80, 0x7f, 0x00, 0x80, 0x7f, 0x00,
  0x80, 0x00, 0x00, 0x40, 0x00, 0x00, 0x40, 0x00, 0x00, 0xc0, 0x7f, 0x00, 0x00, 0x7f, 0x00, 0x00,
  0x00, 0xc0, 0x7f, 0x00, 0x80, 0x7f, 0x00, 0x80, 0x00, 0x00, 0x40, 0x00, 0x00, 0x40, 0x00, 0x00,
  0xc0, 0x01, 0x00, 0x00, 0x7f, 0x00, 0x00, 0x00, 0x00, 0x3f, 0x00, 0x80, 0x61, 0x00, 0xc0, 0x40,
  0x00, 0x40, 0x40, 0x00, 0xc0, 0x40, 0x00, 0x80, 0x71, 0x00, 0x00, 0x1f, 0x00, 0x00, 0x00, 0xc0,
  0xff, 0x03, 0x80, 0xff, 0x03, 0x80, 0x60, 0x00, 0x40, 0x40, 0x00, 0x40, 0x40, 0x00, 0xc0, 0x60,
  0x00, 0x80, 0x3f, 0x00, 0x00, 0x00, 0x00, 0x3f, 0x00, 0x80, 0x61, 0x00, 0xc0, 0x40, 0x00, 0x40,
  0x40, 0x00, 0xc0, 0x40, 0x00, 0x80, 0x7b, 0x00, 0xc0, 0xff, 0x03, 0x00, 0x00, 0x00, 0xc0, 0x7f,
  0x00, 0x80, 0x7f, 0x00, 0x80, 0x00, 0x00, 0x40, 0x00, 0x00, 0x40, 0x00, 0x00, 0x00, 0x80, 0x43,
  0x00, 0xc0, 0x46, 0x00, 0x40, 0x44, 0x00, 0x40, 0x44, 0x00, 0xc0, 0x7c, 0x00, 0x00, 0x38, 0x00,
  0x00, 0x00, 0xf0, 0x1f, 0x00, 0xf0, 0x7f, 0x00, 0x40, 0x40, 0x00, 0x40, 0x40, 0x00, 0x00, 0x00,
  0xc0, 0x1f, 0x00, 0x80, 0x7f, 0x00, 0x00, 0x40, 0x00, 0x00, 0x40, 0x00, 0x00, 0x40, 0x00, 0x00,
  0x78, 0x00, 0xc0, 0x7f, 0x00, 0x00, 0x00, 0xc0, 0x01, 0x00, 0x00, 0x0f, 0x00, 0x00, 0x78, 0x00,
  0x00, 0x60, 0x00, 0x00, 0x3c, 0x00, 0x80, 0x07, 0x00, 0xc0, 0x00, 0x00, 0x00, 0xc0, 0x03, 0x00,
  0x00, 0x3e, 0x00, 0x00, 0x70, 0x00, 0x00, 0x3e, 0x00, 0xc0, 0x01, 0x00, 0xc0, 0x03, 0x00, 0x00,
  0x7c, 0x00, 0x00, 0x70, 0x00, 0x00, 0x1f, 0x00, 0xc0, 0x01, 0x00, 0x00, 0x00, 0x40, 0x60, 0x00,
  0x80, 0x31, 0x00, 0x00, 0x1f, 0x00, 0x00, 0x0e, 0x00, 0x00, 0x1b, 0x00, 0xc0, 0x60, 0x00, 0x00,
  0x40, 0x00, 0x00, 0x00, 0xc0, 0x01, 0x02, 0x00, 0x0f, 0x02, 0x00, 0xf8, 0x03, 0x00, 0xf0, 0x00,
  0x00, 0x1c, 0x00, 0x80, 0x07, 0x00, 0xc0, 0x00, 0x00, 0x00, 0x40, 0x60, 0x00, 0x40, 0x58, 0x00,
  0x40, 0x4c, 0x00, 0x40, 0x46, 0x00, 0xc0, 0x41, 0x00, 0xc0, 0x40, 0x00, 0x00, 0x00, 0x00, 0x00,
  0x00, 0x00, 0x04, 0x00, 0x00, 0x06, 0x00, 0xf0, 0xfb, 0x01, 0x18, 0x00, 0x01, 0x08, 0x00, 0x03,
  0x00, 0x00, 0x00, 0x00, 0x00, 0x00, 0xf8, 0xff, 0x07, 0x00, 0x00, 0x00, 0x00, 0x00, 0x00, 0x08,
  0x00, 0x03, 0x08, 0x00, 0x01, 0xf8, 0xfb, 0x01, 0x00, 0x06, 0x00, 0x00, 0x04, 0x00, 0x00, 0x00,
  0x00, 0x00, 0x00, 0x00, 0x06, 0x00, 0x00, 0x02, 0x00, 0x00, 0x02, 0x00, 0x00, 0x02, 0x00, 0x00,
  0x06, 0x00, 0x00, 0x04, 0x00, 0x00, 0x04, 0x00, 0x00, 0x06, 0x00, 0x00, 0x02, 0x00, 0x00, 0x00,
  0x00, 0x00, 0x00, 0xc0, 0xfc, 0x03, 0x80, 0xf8, 0x03, 0x00, 0x00, 0x00, 0x00, 0x0e, 0x00, 0x80,
  0x3f, 0x00, 0xc0, 0x60, 0x00, 0xc0, 0x40, 0x00, 0xc0, 0xe0, 0x00, 0xc0, 0x40, 0x00, 0x00, 0x00,
  0x00, 0x42, 0x00, 0x00, 0x62, 0x00, 0xf0, 0x7f, 0x00, 0x18, 0x42, 0x00, 0x08, 0x42, 0x00, 0x18,
  0x42, 0x00, 0x10, 0x40, 0x00, 0x00, 0x00, 0x40, 0x20, 0x00, 0x80, 0x1f, 0x00, 0x80, 0x10, 0x00,
  0x80, 0x10, 0x00, 0x80, 0x10, 0x00, 0x80, 0x1f, 0x00, 0xc0, 0x36, 0x00, 0x00, 0x00, 0x18, 0x05,
  0x00, 0x60, 0x05, 0x00, 0x80, 0x0d, 0x00, 0x00, 0x7f, 0x00, 0x80, 0x0f, 0x00, 0xe0, 0x05, 0x00,
  0x38, 0x05, 0x00, 0x00, 0x00, 0x00, 0x00, 0x00, 0xf0, 0xf3, 0x03, 0x00, 0x00, 0x00, 0xf0, 0x87,
  0x00, 0xd8, 0x8c, 0x00, 0x88, 0x98, 0x00, 0x88, 0xb1, 0x00, 0x10, 0xef, 0x00, 0x00, 0x00, 0x00,
  0x00, 0x00, 0x08, 0x00, 0x00, 0x00, 0x00, 0x00, 0x08, 0x00, 0x00, 0x08, 0x00, 0x00, 0x00, 0x00,
  0x00, 0x00, 0x80, 0x0f, 0x00, 0x20, 0x10, 0x00, 0x90, 0x27, 0x00, 0xd0, 0x4c, 0x00, 0x48, 0x50,
  0x00, 0x48, 0x50, 0x00, 0x40, 0x50, 0x00, 0x10, 0x20, 0x00, 0x20, 0x20, 0x00, 0xc0, 0x08, 0x00,
  0x00, 0x00, 0xc0, 0x05, 0x00, 0x48, 0x05, 0x00, 0x28, 0x04, 0x00, 0x78, 0x05, 0x00, 0xf0, 0x05,
  0x00, 0x00, 0x00, 0x00, 0x04, 0x00, 0x00, 0x0e, 0x00, 0x00, 0x11, 0x00, 0x00, 0x04, 0x00, 0x00,
  0x0e, 0x00, 0x00, 0x19, 0x00, 0x00, 0x00, 0x00, 0x00, 0x00, 0x00, 0x03, 0x00, 0x00, 0x03, 0x00,
  0x00, 0x03, 0x00, 0x00, 0x03, 0x00, 0x00, 0x03, 0x00, 0x00, 0x03, 0x00, 0x00, 0x03, 0x00, 0x00,
  0x0f, 0x00, 0x00, 0x0e, 0x00, 0x00, 0x00, 0x00, 0x04, 0x00, 0x00, 0x04, 0x00, 0x00, 0x04, 0x00,
  0x00, 0x04, 0x00, 0x00, 0x00, 0x00, 0x00, 0x00, 0x80, 0x0f, 0x00, 0x20, 0x10, 0x00, 0x10, 0x20,
  0x00, 0xd0, 0x4f, 0x00, 0x48, 0x42, 0x00, 0x48, 0x42, 0x00, 0xc0, 0x4d, 0x00, 0x10, 0x28, 0x00,
  0x20, 0x20, 0x00, 0xc0, 0x08, 0x00, 0x00, 0x00, 0x00, 0x00, 0x00, 0x08, 0x00, 0x00, 0x08, 0x00,
  0x00, 0x08, 0x00, 0x00, 0x08, 0x00, 0x00, 0x00, 0x20, 0x00, 0x00, 0xd0, 0x00, 0x00, 0x88, 0x00,
  0x00, 0x98, 0x00, 0x00, 0x70, 0x00, 0x00, 0x00, 0x00, 0x00, 0x00, 0x00, 0x41, 0x00, 0x00, 0x41,
  0x00, 0x00, 0x41, 0x00, 0xe0, 0x4f, 0x00, 0xe0, 0x4f, 0x00, 0x00, 0x41, 0x00, 0x00, 0x41, 0x00,
  0x00, 0x41, 0x00, 0x00, 0x41, 0x00, 0x00, 0x00, 0x08, 0x03, 0x00, 0x88, 0x02, 0x00, 0x58, 0x02,
  0x00, 0x30, 0x02, 0x00, 0x00, 0x00, 0x08, 0x02, 0x00, 0x48, 0x02, 0x00, 0x68, 0x02, 0x00, 0xb0,
  0x01, 0x00, 0x00, 0x00, 0x00, 0x00, 0x00, 0x00, 0x00, 0x00, 0x10, 0x00, 0x00, 0x0c, 0x00, 0x00,
  0x04, 0x00, 0x00, 0x00, 0xc0, 0xff, 0x03, 0x80, 0xff, 0x03, 0x00, 0x40, 0x00, 0x00, 0x40, 0x00,
  0x00, 0x40, 0x00, 0x00, 0x30, 0x00, 0xc0, 0x7f, 0x00, 0x00, 0x40, 0x00, 0x00, 0x00, 0xe0, 0x00,
  0x00, 0xf0, 0x01, 0x00, 0xf8, 0x03, 0x00, 0xf8, 0xff, 0x00, 0x08, 0x00, 0x00, 0x18, 0x00, 0x00,
  0xf0, 0xff, 0x00, 0x00, 0x00, 0x00, 0x00, 0x00, 0x00, 0x03, 0x00, 0x00, 0x00, 0x00, 0x00, 0x00,
  0x00, 0x00, 0x02, 0x00, 0x00, 0x02, 0x00, 0x80, 0x03, 0x00, 0x00, 0x00, 0x08, 0x02, 0x00, 0x18,
  0x03, 0x00, 0xf0, 0x03, 0x00, 0x00, 0x02, 0x00, 0x00, 0x00, 0xf0, 0x05, 0x00, 0x08, 0x05, 0x00,
  0x08, 0x04, 0x00, 0x18, 0x05, 0x00, 0xf0, 0x04, 0x00, 0x00, 0x00, 0x80, 0x10, 0x00, 0x00, 0x19,
  0x00, 0x00, 0x0e, 0x00, 0x80, 0x14, 0x00, 0x00, 0x19, 0x00, 0x00, 0x0e, 0x00, 0x00, 0x04, 0x00,
  0x00, 0x00, 0x08, 0x02, 0x00, 0x18, 0x03, 0x00, 0xf0, 0x03, 0x00, 0x00, 0x62, 0x00, 0x00, 0x18,
  0x00, 0x00, 0x06, 0x00, 0x80, 0x01, 0x00, 0x60, 0x00, 0x00, 0x30, 0x18, 0x00, 0x08, 0x14, 0x00,
  0x00, 0x33, 0x00, 0x00, 0x3e, 0x00, 0x00, 0x00, 0x08, 0x02, 0x00, 0x18, 0x03, 0x00, 0xf0, 0x03,
  0x00, 0x00, 0x62, 0x00, 0x00, 0x18, 0x00, 0x00, 0x06, 0x00, 0x80, 0x01, 0x00, 0x60, 0x00, 0x00,
  0x30, 0x61, 0x00, 0x08, 0x71, 0x00, 0x00, 0x49, 0x00, 0x00, 0x46, 0x00, 0x00, 0x00, 0x08, 0x02,
  0x00, 0x48, 0x02, 0x00, 0x68, 0x02, 0x00, 0xb0, 0x61, 0x00, 0x00, 0x18, 0x00, 0x00, 0x06, 0x00,
  0x80, 0x01, 0x00, 0x60, 0x00, 0x00, 0x30, 0x18, 0x00, 0x08, 0x14, 0x00, 0x00, 0x33, 0x00, 0x00,
  0x3e, 0x00, 0x00, 0x00, 0x00, 0xc0, 0x01, 0x00, 0x60, 0x03, 0x80, 0x18, 0x02, 0xc0, 0x0e, 0x02,
  0x00, 0x00, 0x03, 0x00, 0x00, 0x01, 0x00, 0x40, 0x00, 0x00, 0x78, 0x00, 0x00, 0x0f, 0x00, 0xe0,
  0x09, 0x00, 0x3b, 0x08, 0x00, 0x78, 0x08, 0x00, 0xc0, 0x0b, 0x00, 0x00, 0x1f, 0x00, 0x00, 0x78,
  0x00, 0x00, 0x40, 0x00, 0x40, 0x00, 0x00, 0x78, 0x00, 0x00, 0x0f, 0x00, 0xe0, 0x09, 0x00, 0x3a,
  0x08, 0x00, 0x7b, 0x08, 0x00, 0xc0, 0x0b, 0x00, 0x00, 0x1f, 0x00, 0x00, 0x78, 0x00, 0x00, 0x40,
  0x00, 0x40, 0x00, 0x00, 0x78, 0x00, 0x00, 0x0f, 0x00, 0xe2, 0x09, 0x00, 0x39, 0x08, 0x00, 0x79,
  0x08, 0x00, 0xc2, 0x0b, 0x00, 0x00, 0x1f, 0x00, 0x00, 0x78, 0x00, 0x00, 0x40, 0x00, 0x40, 0x00,
  0x00, 0x78, 0x00, 0x00, 0x0f, 0x00, 0xe3, 0x09, 0x00, 0x39, 0x08, 0x00, 0x7a, 0x08, 0x00, 0xc3,
  0x0b, 0x00, 0x00, 0x1f, 0x00, 0x00, 0x78, 0x00, 0x00, 0x40, 0x00, 0x40, 0x00, 0x00, 0x78, 0x00,
  0x00, 0x0f, 0x00, 0xe3, 0x09, 0x00, 0x38, 0x08, 0x00, 0x78, 0x08, 0x00, 0xc3, 0x0b, 0x00, 0x00,
  0x1f, 0x00, 0x00, 0x78, 0x00, 0x00, 0x40, 0x00, 0x40, 0x00, 0x00, 0x78, 0x00, 0x00, 0x0f, 0x00,
  0xee, 0x09, 0x00, 0x39, 0x08, 0x00, 0x79, 0x08, 0x00, 0xc6, 0x0b, 0x00, 0x00, 0x1f, 0x00, 0x00,
  0x78, 0x00, 0x00, 0x40, 0x00, 0x40, 0x00, 0x00, 0x78, 0x00, 0x00, 0x0e, 0x00, 0xc0, 0x0b, 0x00,
  0x70, 0x08, 0x00, 0x18, 0x08, 0x00, 0xf8, 0x7f, 0x00, 0xf8, 0x7f, 0x00, 0x18, 0x41, 0x00, 0x18,
  0x41, 0x00, 0x18, 0x41, 0x00, 0x18, 0x41, 0x00, 0x18, 0x41, 0x00, 0x00, 0x00, 0xc0, 0x1f, 0x00,
  0x70, 0x38, 0x00, 0x10, 0x60, 0x00, 0x18, 0x40, 0x02, 0x08, 0x40, 0x02, 0x08, 0xc0, 0x03, 0x18,
  0x40, 0x00, 0x10, 0x60, 0x00, 0x00, 0x00, 0xf0, 0x7f, 0x00, 0xf8, 0x7f, 0x00, 0x19, 0x41, 0x00,
  0x1b, 0x41, 0x00, 0x18, 0x41, 0x00, 0x18, 0x41, 0x00, 0x18, 0x41, 0x00, 0x00, 0x00, 0xf0, 0x7f,
  0x00, 0xf8, 0x7f, 0x00, 0x18, 0x41, 0x00, 0x1a, 0x41, 0x00, 0x19, 0x41, 0x00, 0x18, 0x41, 0x00,
  0x18, 0x41, 0x00, 0x00, 0x00, 0xf0, 0x7f, 0x00, 0xf8, 0x7f, 0x00, 0x1a, 0x41, 0x00, 0x19, 0x41,
  0x00, 0x1b, 0x41, 0x00, 0x18, 0x41, 0x00, 0x18, 0x41, 0x00, 0x00, 0x00, 0xf0, 0x7f, 0x00, 0xf8,
  0x7f, 0x00, 0x1b, 0x41, 0x00, 0x18, 0x41, 0x00, 0x1a, 0x41, 0x00, 0x1b, 0x41, 0x00, 0x18, 0x41,
  0x00, 0x00, 0x00, 0xf1, 0x7f, 0x00, 0xfa, 0x7f, 0x00, 0x00, 0x00, 0xf0, 0x7f, 0x00, 0xfb, 0x7f,
  0x02, 0x00, 0x00, 0xf1, 0x7f, 0x00, 0xf9, 0x7f, 0x00, 0x02, 0x03, 0x00, 0x00, 0xf0, 0x7f, 0x00,
  0xf8, 0x7f, 0x00, 0x03, 0x00, 0x01, 0x00, 0xf0, 0x7f, 0x00, 0xf8, 0x7f, 0x00, 0x18, 0x43, 0x00,
  0x18, 0x43, 0x00, 0x18, 0x40, 0x00, 0x10, 0x60, 0x00, 0x10, 0x20, 0x00, 0x70, 0x38, 0x00, 0xc0,
  0x1f, 0x00, 0x00, 0x00, 0xf0, 0x7f, 0x00, 0xf8, 0x7f, 0x00, 0x72, 0x00, 0x00, 0xc1, 0x01, 0x00,
  0x02, 0x07, 0x00, 0x02, 0x1c, 0x00, 0x01, 0x70, 0x00, 0xf8, 0x7f, 0x00, 0x00, 0x00, 0xc0, 0x1f,
  0x00, 0xf0, 0x38, 0x00, 0x10, 0x60, 0x00, 0x19, 0x40, 0x00, 0x0b, 0x40, 0x00, 0x18, 0x40, 0x00,
  0x18, 0x60, 0x00, 0x70, 0x30, 0x00, 0xe0, 0x1f, 0x00, 0x00, 0x02, 0x00, 0x00, 0x00, 0xc0, 0x1f,
  0x00, 0xf0, 0x38, 0x00, 0x10, 0x60, 0x00, 0x18, 0x40, 0x00, 0x0a, 0x40, 0x00, 0x19, 0x40, 0x00,
  0x18, 0x60, 0x00, 0x70, 0x30, 0x00, 0xe0, 0x1f, 0x00, 0x00, 0x02, 0x00, 0x00, 0x00, 0xc0, 0x1f,
  0x00, 0xf0, 0x38, 0x00, 0x10, 0x60, 0x00, 0x1a, 0x40, 0x00, 0x09, 0x40, 0x00, 0x1b, 0x40, 0x00,
  0x18, 0x60, 0x00, 0x70, 0x30, 0x00, 0xe0, 0x1f, 0x00, 0x00, 0x02, 0x00, 0x00, 0x00, 0xc0, 0x1f,
  0x00, 0xf0, 0x38, 0x00, 0x12, 0x60, 0x00, 0x19, 0x40, 0x00, 0x09, 0x40, 0x00, 0x1a, 0x40, 0x00,
  0x19, 0x60, 0x00, 0x70, 0x30, 0x00, 0xe0, 0x1f, 0x00, 0x00, 0x02, 0x00, 0x00, 0x00, 0xc0, 0x1f,
  0x00, 0xf0, 0x38, 0x00, 0x10, 0x60, 0x00, 0x1b, 0x40, 0x00, 0x08, 0x40, 0x00, 0x1a, 0x40, 0x00,
  0x1b, 0x60, 0x00, 0x70, 0x30, 0x00, 0xe0, 0x1f, 0x00, 0x00, 0x02, 0x00, 0x00, 0x00, 0x00, 0x00,
  0x00, 0x40, 0x20, 0x00, 0xc0, 0x30, 0x00, 0x80, 0x19, 0x00, 0x00, 0x0f, 0x00, 0x00, 0x06, 0x00,
  0x80, 0x19, 0x00, 0xc0, 0x30, 0x00, 0x40, 0x20, 0x00, 0x00, 0x00, 0xc0, 0x4f, 0x00, 0xf0, 0x38,
  0x00, 0x10, 0x78, 0x00, 0x18, 0x4c, 0x00, 0x08, 0x42, 0x00, 0x98, 0x41, 0x00, 0xd0, 0x60, 0x00,
  0x70, 0x30, 0x00, 0xf8, 0x1f, 0x00, 0x00, 0x02, 0x00, 0x00, 0x00, 0xf8, 0x1f, 0x00, 0xf0, 0x3f,
  0x00, 0x00, 0x60, 0x00, 0x01, 0x40, 0x00, 0x02, 0x40, 0x00, 0x00, 0x40, 0x00, 0x00, 0x60, 0x00,
  0xf8, 0x3f, 0x00, 0x00, 0x00, 0xf8, 0x1f, 0x00, 0xf0, 0x3f, 0x00, 0x00, 0x60, 0x00, 0x00, 0x40,
  0x00, 0x03, 0x40, 0x00, 0x01, 0x40, 0x00, 0x00, 0x60, 0x00, 0xf8, 0x3f, 0x00, 0x00, 0x00, 0xf8,
  0x1f, 0x00, 0xf0, 0x3f, 0x00, 0x00, 0x60, 0x00, 0x03, 0x40, 0x00, 0x01, 0x40, 0x00, 0x02, 0x40,
  0x00, 0x00, 0x60, 0x00, 0xf8, 0x3f, 0x00, 0x00, 0x00, 0xf8, 0x1f, 0x00, 0xf0, 0x3f, 0x00, 0x03,
  0x60, 0x00, 0x02, 0x40, 0x00, 0x00, 0x40, 0x00, 0x03, 0x40, 0x00, 0x00, 0x60, 0x00, 0xf8, 0x3f,
  0x08, 0x00, 0x00, 0x30, 0x00, 0x00, 0x60, 0x00, 0x00, 0x80, 0x01, 0x00, 0x02, 0x7f, 0x00, 0xc1,
  0x01, 0x00, 0x60, 0x00, 0x00, 0x38, 0x00, 0x00, 0x00, 0xf0, 0x7f, 0x00, 0xf8, 0x7f, 0x00, 0x60,
  0x08, 0x00, 0x60, 0x08, 0x00, 0x40, 0x08, 0x00, 0xc0, 0x0c, 0x00, 0x80, 0x07, 0x00, 0x00, 0x00,
  0xe0, 0x7f, 0x00, 0xf8, 0x7f, 0x00, 0x08, 0x40, 0x00, 0x88, 0x43, 0x00, 0xc8, 0x46, 0x00, 0x70,
  0x44, 0x00, 0x00, 0x78, 0x00, 0x00, 0x00, 0x00, 0x38, 0x00, 0xc4, 0x64, 0x00, 0x48, 0x44, 0x00,
  0x50, 0x46, 0x00, 0xc0, 0x66, 0x00, 0x80, 0x7f, 0x00, 0x00, 0x7c, 0x00, 0x00, 0x00, 0x00, 0x38,
  0x00, 0xc0, 0x64, 0x00, 0x40, 0x44, 0x00, 0x58, 0x46, 0x00, 0xcc, 0x66, 0x00, 0x80, 0x7f, 0x00,
  0x00, 0x7c, 0x00, 0x00, 0x00, 0x00, 0x38, 0x00, 0xd0, 0x64, 0x00, 0x48, 0x44, 0x00, 0x4c, 0x46,
  0x00, 0xd0, 0x66, 0x00, 0x80, 0x7f, 0x00, 0x00, 0x7c, 0x00, 0x00, 0x00, 0x00, 0x38, 0x00, 0xd8,
  0x64, 0x00, 0x48, 0x44, 0x00, 0x58, 0x46, 0x00, 0xd8, 0x66, 0x00, 0x80, 0x7f, 0x00, 0x00, 0x7c,
  0x00, 0x00, 0x00, 0x00, 0x38, 0x00, 0xc8, 0x64, 0x00, 0x48, 0x44, 0x00, 0x40, 0x46, 0x00, 0xc8,
  0x66, 0x00, 0x80, 0x7f, 0x00, 0x00, 0x7c, 0x00, 0x00, 0x00, 0x00, 0x38, 0x00, 0xcc, 0x64, 0x00,
  0x52, 0x44, 0x00, 0x52, 0x46, 0x00, 0xdc, 0x66, 0x00, 0x80, 0x7f, 0x00, 0x00, 0x7c, 0x00, 0x00,
  0x00, 0x00, 0x38, 0x00, 0xc0, 0x64, 0x00, 0x40, 0x44, 0x00, 0x40, 0x46, 0x00, 0xc0, 0x66, 0x00,
  0x80, 0x3f, 0x00, 0x80, 0x3f, 0x00, 0xc0, 0x64, 0x00, 0x40, 0x44, 0x00, 0x40, 0x44, 0x00, 0xc0,
  0x44, 0x00, 0x80, 0x67, 0x00, 0x00, 0x00, 0x00, 0x1f, 0x00, 0x80, 0x71, 0x00, 0xc0, 0x40, 0x02,
  0x40, 0xc0, 0x02, 0x40, 0xc0, 0x03, 0xc0, 0x40, 0x00, 0x00, 0x00, 0x00, 0x1f, 0x00, 0x80, 0x75,
  0x00, 0xcc, 0x44, 0x00, 0x50, 0x44, 0x00, 0x40, 0x44, 0x00, 0x80, 0x45, 0x00, 0x00, 0x67, 0x00,
  0x00, 0x00, 0x00, 0x1f, 0x00, 0x80, 0x75, 0x00, 0xc0, 0x44, 0x00, 0x50, 0x44, 0x00, 0x4c, 0x44,
  0x00, 0x84, 0x45, 0x00, 0x00, 0x67, 0x00, 0x00, 0x00, 0x00, 0x1f, 0x00, 0x80, 0x75, 0x00, 0xd8,
  0x44, 0x00, 0x4c, 0x44, 0x00, 0x58, 0x44, 0x00, 0x80, 0x45, 0x00, 0x00, 0x67, 0x00, 0x00, 0x00,
  0x00, 0x1f, 0x00, 0x88, 0x75, 0x00, 0xc8, 0x44, 0x00, 0x40, 0x44, 0x00, 0x48, 0x44, 0x00, 0x88,
  0x45, 0x00, 0x00, 0x67, 0x04, 0x00, 0x00, 0x98, 0x7f, 0x00, 0x90, 0x7f, 0x00, 0x00, 0x00, 0x90,
  0x7f, 0x00, 0x98, 0x7f, 0x00, 0x04, 0x10, 0x00, 0x00, 0x8c, 0x7f, 0x00, 0x8c, 0x7f, 0x00, 0x10,
  0x08, 0x00, 0x00, 0x80, 0x7f, 0x00, 0x80, 0x7f, 0x00, 0x08, 0x00, 0x00, 0x00, 0x00, 0x1f, 0x00,
  0xa0, 0x61, 0x00, 0x98, 0x40, 0x00, 0xf0, 0x40, 0x00, 0xf0, 0x40, 0x00, 0xc8, 0x31, 0x00, 0x00,
  0x1f, 0x00, 0x00, 0x00, 0xc0, 0x7f, 0x00, 0x80, 0x7f, 0x00, 0x88, 0x00, 0x00, 0x48, 0x00, 0x00,
  0x50, 0x00, 0x00, 0xc8, 0x01, 0x00, 0x00, 0x7f, 0x00, 0x00, 0x00, 0x00, 0x3f, 0x00, 0x84, 0x61,
  0x00, 0xcc, 0x40, 0x00, 0x50, 0x40, 0x00, 0xc0, 0x40, 0x00, 0x80, 0x71, 0x00, 0x00, 0x1f, 0x00,
  0x00, 0x00, 0x00, 0x3f, 0x00, 0x80, 0x61, 0x00, 0xc0, 0x40, 0x00, 0x50, 0x40, 0x00, 0xcc, 0x40,
  0x00, 0x80, 0x71, 0x00, 0x00, 0x1f, 0x00, 0x00, 0x00, 0x00, 0x3f, 0x00, 0x80, 0x61, 0x00, 0xd8,
  0x40, 0x00, 0x4c, 0x40, 0x00, 0xd8, 0x40, 0x00, 0x80, 0x71, 0x00, 0x00, 0x1f, 0x00, 0x00, 0x00,
  0x00, 0x3f, 0x00, 0x98, 0x61, 0x00, 0xc8, 0x40, 0x00, 0x48, 0x40, 0x00, 0xd0, 0x40, 0x00, 0x88,
  0x71, 0x00, 0x00, 0x1f, 0x00, 0x00, 0x00, 0x00, 0x3f, 0x00, 0x88, 0x61, 0x00, 0xc8, 0x40, 0x00,
  0x40, 0x40, 0x00, 0xc8, 0x40, 0x00, 0x88, 0x71, 0x00, 0x00, 0x1f, 0x00, 0x00, 0x00, 0x00, 0x00,
  0x00, 0x00, 0x06, 0x00, 0x00, 0x06, 0x00, 0x00, 0x06, 0x00, 0xc0, 0x36, 0x00, 0xc0, 0x36, 0x00,
  0x00, 0x06, 0x00, 0x00, 0x06, 0x00, 0x00, 0x06, 0x00, 0x00, 0x00, 0x00, 0x7f, 0x00, 0x80, 0x71,
  0x00, 0xc0, 0x58, 0x00, 0x40, 0x44, 0x00, 0xc0, 0x43, 0x00, 0x80, 0x71, 0x00, 0x40, 0x1f, 0x00,
  0x00, 0x00, 0xc0, 0x1f, 0x00, 0x80, 0x7f, 0x00, 0x0c, 0x40, 0x00, 0x10, 0x40, 0x00, 0x00, 0x40,
  0x00, 0x00, 0x78, 0x00, 0xc0, 0x7f, 0x00, 0x00, 0x00, 0xc0, 0x1f, 0x00, 0x80, 0x7f, 0x00, 0x00,
  0x40, 0x00, 0x10, 0x40, 0x00, 0x0c, 0x40, 0x00, 0x00, 0x78, 0x00, 0xc0, 0x7f, 0x00, 0x00, 0x00,
  0xc0, 0x1f, 0x00, 0x80, 0x7f, 0x00, 0x18, 0x40, 0x00, 0x0c, 0x40, 0x00, 0x18, 0x40, 0x00, 0x00,
  0x78, 0x00, 0xc0, 0x7f, 0x00, 0x00, 0x00, 0xc0, 0x1f, 0x00, 0x88, 0x7f, 0x00, 0x08, 0x40, 0x00,
  0x00, 0x40, 0x00, 0x08, 0x40, 0x00, 0x08, 0x78, 0x00, 0xc0, 0x7f, 0x00, 0x00, 0x00, 0xc0, 0x01,
  0x02, 0x00, 0x0f, 0x02, 0x00, 0xf8, 0x03, 0x18, 0xf0, 0x00, 0x0c, 0x1c, 0x00, 0x80, 0x07, 0x00,
  0xc0, 0x00, 0x00, 0x00, 0xf8, 0xff, 0x03, 0xf8, 0xff, 0x03, 0x80, 0x60, 0x00, 0x40, 0x40, 0x00,
  0x40, 0x40, 0x00, 0xc0, 0x60, 0x00, 0x80, 0x3f, 0x00, 0x00, 0x00, 0xc0, 0x01, 0x02, 0x08, 0x0f,
  0x02, 0x08, 0xf8, 0x03, 0x00, 0xf0, 0x00, 0x08, 0x1c, 0x00, 0x80, 0x07, 0x00, 0xc0,
};

return TRIAL_1;
}

// nominal=23; cap=17; H_top=5; baseline=22; line_box=28; bearing_shifts=[74]; vertical_shifts=[]

inline const uint8_t* fontStorage2() {

static const uint8_t TRIAL_2[] = {
  0x18, 0x1c, 0x20, 0xe0, 0xff, 0xff, 0x00, 0x07, 0x00, 0x00, 0x13, 0x08, 0x00, 0x13, 0x1e, 0x0a,
  0x00, 0x31, 0x3e, 0x11, 0x00, 0x6f, 0x2b, 0x0d, 0x00, 0x9a, 0x47, 0x14, 0x00, 0xe1, 0x3b, 0x10,
  0x01, 0x1c, 0x0e, 0x06, 0x01, 0x2a, 0x18, 0x08, 0x01, 0x42, 0x17, 0x08, 0x01, 0x59, 0x26, 0x0a,
  0x01, 0x7f, 0x3a, 0x11, 0x01, 0xb9, 0x13, 0x07, 0x01, 0xcc, 0x17, 0x07, 0x01, 0xe3, 0x0f, 0x07,
  0x01, 0xf2, 0x19, 0x07, 0x02, 0x0b, 0x2f, 0x0d, 0x02, 0x3a, 0x2b, 0x0d, 0x02, 0x65, 0x2b, 0x0d,
  0x02, 0x90, 0x2b, 0x0d, 0x02, 0xbb, 0x2f, 0x0d, 0x02, 0xea, 0x2b, 0x0d, 0x03, 0x15, 0x2f, 0x0d,
  0x03, 0x44, 0x2a, 0x0d, 0x03, 0x6e, 0x2f, 0x0d, 0x03, 0x9d, 0x2e, 0x0d, 0x03, 0xcb, 0x13, 0x07,
  0x03, 0xde, 0x13, 0x07, 0x03, 0xf1, 0x3b, 0x11, 0x04, 0x2c, 0x3b, 0x11, 0x04, 0x67, 0x3a, 0x11,
  0x04, 0xa1, 0x26, 0x0b, 0x04, 0xc7, 0x4b, 0x15, 0x05, 0x12, 0x37, 0x0e, 0x05, 0x49, 0x33, 0x0e,
  0x05, 0x7c, 0x33, 0x0e, 0x05, 0xaf, 0x3a, 0x10, 0x05, 0xe9, 0x2f, 0x0d, 0x06, 0x18, 0x29, 0x0c,
  0x06, 0x41, 0x37, 0x10, 0x06, 0x78, 0x37, 0x10, 0x06, 0xaf, 0x0f, 0x06, 0x06, 0xbe, 0x13, 0x07,
  0x06, 0xd1, 0x37, 0x0e, 0x07, 0x08, 0x2b, 0x0c, 0x07, 0x33, 0x3f, 0x12, 0x07, 0x72, 0x33, 0x0f,
  0x07, 0xa5, 0x3b, 0x10, 0x07, 0xe0, 0x2e, 0x0c, 0x08, 0x0e, 0x3b, 0x10, 0x08, 0x49, 0x37, 0x0e,
  0x08, 0x80, 0x2f, 0x0d, 0x08, 0xaf, 0x31, 0x0d, 0x08, 0xe0, 0x33, 0x0f, 0x09, 0x13, 0x35, 0x0e,
  0x09, 0x48, 0x4d, 0x14, 0x09, 0x95, 0x33, 0x0e, 0x09, 0xc8, 0x2d, 0x0d, 0x09, 0xf5, 0x33, 0x0e,
  0x0a, 0x28, 0x18, 0x08, 0x0a, 0x40, 0x1b, 0x07, 0x0a, 0x5b, 0x18, 0x08, 0x0a, 0x73, 0x36, 0x11,
  0x0a, 0xa9, 0x2c, 0x0b, 0x0a, 0xd5, 0x15, 0x0a, 0x0a, 0xea, 0x2b, 0x0d, 0x0b, 0x15, 0x2f, 0x0d,
  0x0b, 0x44, 0x27, 0x0b, 0x0b, 0x6b, 0x2b, 0x0d, 0x0b, 0x96, 0x2e, 0x0d, 0x0b, 0xc4, 0x1d, 0x08,
  0x0b, 0xe1, 0x2b, 0x0d, 0x0c, 0x0c, 0x2b, 0x0d, 0x0c, 0x37, 0x0f, 0x06, 0x0c, 0x46, 0x10, 0x06,
  0x0c, 0x56, 0x2b, 0x0c, 0x0c, 0x81, 0x0f, 0x06, 0x0c, 0x90, 0x47, 0x14, 0x0c, 0xd7, 0x2b, 0x0d,
  0x0d, 0x02, 0x2e, 0x0d, 0x0d, 0x30, 0x2f, 0x0d, 0x0d, 0x5f, 0x2c, 0x0d, 0x0d, 0x8b, 0x22, 0x09,
  0x0d, 0xad, 0x27, 0x0b, 0x0d, 0xd4, 0x1f, 0x08, 0x0d, 0xf3, 0x2b, 0x0d, 0x0e, 0x1e, 0x2a, 0x0c,
  0x0e, 0x48, 0x3e, 0x11, 0x0e, 0x86, 0x2b, 0x0c, 0x0e, 0xb1, 0x2a, 0x0c, 0x0e, 0xdb, 0x27, 0x0b,
  0x0f, 0x02, 0x29, 0x0d, 0x0f, 0x2b, 0x10, 0x07, 0x0f, 0x3b, 0x2a, 0x0d, 0x0f, 0x65, 0x3a, 0x11,
  0xff, 0xff, 0x00, 0x00, 0xff, 0xff, 0x00, 0x18, 0xff, 0xff, 0x00, 0x18, 0xff, 0xff, 0x00, 0x18,
  0xff, 0xff, 0x00, 0x18, 0xff, 0xff, 0x00, 0x18, 0xff, 0xff, 0x00, 0x18, 0xff, 0xff, 0x00, 0x18,
  0xff, 0xff, 0x00, 0x18, 0xff, 0xff, 0x00, 0x18, 0xff, 0xff, 0x00, 0x18, 0xff, 0xff, 0x00, 0x18,
  0xff, 0xff, 0x00, 0x18, 0xff, 0xff, 0x00, 0x18, 0xff, 0xff, 0x00, 0x18, 0xff, 0xff, 0x00, 0x18,
  0xff, 0xff, 0x00, 0x18, 0xff, 0xff, 0x00, 0x18, 0xff, 0xff, 0x00, 0x18, 0xff, 0xff, 0x00, 0x18,
  0xff, 0xff, 0x00, 0x18, 0xff, 0xff, 0x00, 0x18, 0xff, 0xff, 0x00, 0x18, 0xff, 0xff, 0x00, 0x18,
  0xff, 0xff, 0x00, 0x18, 0xff, 0xff, 0x00, 0x18, 0xff, 0xff, 0x00, 0x18, 0xff, 0xff, 0x00, 0x18,
  0xff, 0xff, 0x00, 0x18, 0xff, 0xff, 0x00, 0x18, 0xff, 0xff, 0x00, 0x18, 0xff, 0xff, 0x00, 0x18,
  0xff, 0xff, 0x00, 0x18, 0xff, 0xff, 0x00, 0x07, 0x0f, 0x9f, 0x14, 0x08, 0x0f, 0xb3, 0x2b, 0x0d,
  0x0f, 0xde, 0x2b, 0x0d, 0x10, 0x09, 0x2f, 0x0d, 0x10, 0x38, 0x2f, 0x0d, 0x10, 0x67, 0x10, 0x07,
  0x10, 0x77, 0x23, 0x0a, 0x10, 0x9a, 0x1d, 0x0a, 0x10, 0xb7, 0x46, 0x15, 0x10, 0xfd, 0x1f, 0x0a,
  0x11, 0x1c, 0x2b, 0x0d, 0x11, 0x47, 0x3b, 0x11, 0x11, 0x82, 0x17, 0x07, 0x11, 0x99, 0x46, 0x15,
  0x11, 0xdf, 0x1d, 0x0a, 0x11, 0xfc, 0x1e, 0x0a, 0x12, 0x1a, 0x3b, 0x11, 0x12, 0x55, 0x1a, 0x08,
  0x12, 0x6f, 0x1a, 0x08, 0x12, 0x89, 0x1d, 0x0a, 0x12, 0xa6, 0x33, 0x0d, 0x12, 0xd9, 0x2b, 0x0d,
  0x13, 0x04, 0x0e, 0x07, 0x13, 0x12, 0x1c, 0x0a, 0x13, 0x2e, 0x1a, 0x08, 0x13, 0x48, 0x22, 0x0a,
  0x13, 0x6a, 0x2a, 0x0d, 0x13, 0x94, 0x4b, 0x14, 0x13, 0xdf, 0x4b, 0x14, 0x14, 0x2a, 0x4b, 0x14,
  0x14, 0x75, 0x28, 0x0b, 0x14, 0x9d, 0x37, 0x0e, 0x14, 0xd4, 0x37, 0x0e, 0x15, 0x0b, 0x37, 0x0e,
  0x15, 0x42, 0x37, 0x0e, 0x15, 0x79, 0x37, 0x0e, 0x15, 0xb0, 0x37, 0x0e, 0x15, 0xe7, 0x4b, 0x14,
  0x16, 0x32, 0x33, 0x0e, 0x16, 0x65, 0x2f, 0x0d, 0x16, 0x94, 0x2f, 0x0d, 0x16, 0xc3, 0x2f, 0x0d,
  0x16, 0xf2, 0x2f, 0x0d, 0x17, 0x21, 0x0f, 0x06, 0x17, 0x30, 0x11, 0x06, 0x17, 0x41, 0x15, 0x06,
  0x17, 0x56, 0x15, 0x06, 0x17, 0x6b, 0x3a, 0x10, 0x17, 0xa5, 0x33, 0x0f, 0x17, 0xd8, 0x3b, 0x10,
  0x18, 0x13, 0x3b, 0x10, 0x18, 0x4e, 0x3b, 0x10, 0x18, 0x89, 0x3b, 0x10, 0x18, 0xc4, 0x3b, 0x10,
  0x18, 0xff, 0x37, 0x11, 0x19, 0x36, 0x3b, 0x10, 0x19, 0x71, 0x33, 0x0f, 0x19, 0xa4, 0x33, 0x0f,
  0x19, 0xd7, 0x33, 0x0f, 0x1a, 0x0a, 0x33, 0x0f, 0x1a, 0x3d, 0x2d, 0x0d, 0x1a, 0x6a, 0x2e, 0x0d,
  0x1a, 0x98, 0x2f, 0x0d, 0x1a, 0xc7, 0x2b, 0x0d, 0x1a, 0xf2, 0x2b, 0x0d, 0x1b, 0x1d, 0x2b, 0x0d,
  0x1b, 0x48, 0x2b, 0x0d, 0x1b, 0x73, 0x2b, 0x0d, 0x1b, 0x9e, 0x2b, 0x0d, 0x1b, 0xc9, 0x4b, 0x14,
  0x1c, 0x14, 0x27, 0x0b, 0x1c, 0x3b, 0x2e, 0x0d, 0x1c, 0x69, 0x2e, 0x0d, 0x1c, 0x97, 0x2e, 0x0d,
  0x1c, 0xc5, 0x2e, 0x0d, 0x1c, 0xf3, 0x0f, 0x06, 0x1d, 0x02, 0x15, 0x06, 0x1d, 0x17, 0x15, 0x06,
  0x1d, 0x2c, 0x15, 0x06, 0x1d, 0x41, 0x2b, 0x0d, 0x1d, 0x6c, 0x2b, 0x0d, 0x1d, 0x97, 0x2e, 0x0d,
  0x1d, 0xc5, 0x2e, 0x0d, 0x1d, 0xf3, 0x2e, 0x0d, 0x1e, 0x21, 0x2e, 0x0d, 0x1e, 0x4f, 0x2e, 0x0d,
  0x1e, 0x7d, 0x3a, 0x11, 0x1e, 0xb7, 0x2e, 0x0d, 0x1e, 0xe5, 0x2b, 0x0d, 0x1f, 0x10, 0x2b, 0x0d,
  0x1f, 0x3b, 0x2b, 0x0d, 0x1f, 0x66, 0x2b, 0x0d, 0x1f, 0x91, 0x2a, 0x0c, 0x1f, 0xbb, 0x2f, 0x0d,
  0x1f, 0xea, 0x2a, 0x0c, 0x00, 0x00, 0x00, 0x00, 0x00, 0x00, 0x00, 0x00, 0x00, 0x00, 0x00, 0x00,
  0xe0, 0xff, 0x38, 0x00, 0xe0, 0xff, 0x39, 0x00, 0x00, 0x00, 0x00, 0x00, 0x00, 0x00, 0x00, 0xe0,
  0x07, 0x00, 0x00, 0xe0, 0x07, 0x00, 0x00, 0x00, 0x00, 0x00, 0x00, 0x00, 0x00, 0x00, 0x00, 0xe0,
  0x07, 0x00, 0x00, 0xc0, 0x07, 0x00, 0x00, 0x00, 0x00, 0x00, 0x00, 0x00, 0x00, 0x00, 0x00, 0x01,
  0x00, 0x00, 0x0c, 0x01, 0x00, 0x00, 0x0c, 0x3b, 0x00, 0x00, 0xcc, 0x1f, 0x00, 0x00, 0xfc, 0x03,
  0x00, 0xc0, 0x0f, 0x01, 0x00, 0xe0, 0x0c, 0x21, 0x00, 0x00, 0x0c, 0x3f, 0x00, 0x00, 0xfc, 0x07,
  0x00, 0x00, 0xff, 0x01, 0x00, 0xe0, 0x0f, 0x01, 0x00, 0x00, 0x0c, 0x01, 0x00, 0x00, 0x0c, 0x01,
  0x00, 0x00, 0x0c, 0x00, 0x00, 0x00, 0x00, 0x00, 0x00, 0x00, 0x00, 0x00, 0x3e, 0x18, 0x00, 0x00,
  0x3f, 0x30, 0x00, 0x80, 0x61, 0x30, 0x00, 0x80, 0x61, 0x30, 0x00, 0xe0, 0xff, 0xff, 0x01, 0x80,
  0xc1, 0x30, 0x00, 0x80, 0xc1, 0x30, 0x00, 0x00, 0xc1, 0x1f, 0x00, 0x00, 0x81, 0x0f, 0x00, 0x00,
  0x00, 0x00, 0x80, 0x0f, 0x00, 0x00, 0xc0, 0x1f, 0x00, 0x00, 0x60, 0x30, 0x00, 0x00, 0x20, 0x20,
  0x00, 0x00, 0x60, 0x30, 0x30, 0x00, 0xc0, 0x1f, 0x1c, 0x00, 0x80, 0x0f, 0x07, 0x00, 0x00, 0x80,
  0x03, 0x00, 0x00, 0xe0, 0x00, 0x00, 0x00, 0x38, 0x00, 0x00, 0x00, 0x0e, 0x00, 0x00, 0x80, 0x83,
  0x1f, 0x00, 0xe0, 0xc0, 0x30, 0x00, 0x60, 0x60, 0x20, 0x00, 0x00, 0x60, 0x20, 0x00, 0x00, 0xc0,
  0x30, 0x00, 0x00, 0xc0, 0x1f, 0x00, 0x00, 0x00, 0x00, 0x00, 0x80, 0x03, 0x00, 0x00, 0xe0, 0x0f,
  0x00, 0x80, 0x77, 0x1c, 0x00, 0xc0, 0x3f, 0x30, 0x00, 0xe0, 0x3c, 0x30, 0x00, 0x60, 0x70, 0x30,
  0x00, 0x60, 0xe0, 0x30, 0x00, 0x60, 0xc0, 0x31, 0x00, 0x60, 0x80, 0x33, 0x00, 0x00, 0x00, 0x1f,
  0x00, 0x00, 0x00, 0x1e, 0x00, 0x00, 0x80, 0x1f, 0x00, 0x00, 0xe0, 0x31, 0x00, 0x00, 0x60, 0x20,
  0x00, 0x00, 0x00, 0x00, 0x00, 0x00, 0x00, 0x00, 0xe0, 0x07, 0x00, 0x00, 0xe0, 0x07, 0x00, 0x00,
  0x00, 0x00, 0x00, 0x00, 0x00, 0x00, 0x00, 0xfc, 0x0f, 0x00, 0x80, 0xff, 0x3f, 0x00, 0xe0, 0x01,
  0xf0, 0x00, 0x60, 0x00, 0x80, 0x01, 0x00, 0x00, 0x00, 0x00, 0x00, 0x00, 0x00, 0x00, 0x20, 0x00,
  0x80, 0x01, 0xe0, 0x01, 0xf0, 0x01, 0x80, 0xff, 0x7f, 0x00, 0x00, 0xfc, 0x0f, 0x00, 0x00, 0x00,
  0x00, 0x80, 0x11, 0x00, 0x00, 0x00, 0x19, 0x00, 0x00, 0x00, 0x0b, 0x00, 0x00, 0x00, 0x0e, 0x00,
  0x00, 0xe0, 0x7f, 0x00, 0x00, 0x00, 0x0e, 0x00, 0x00, 0x00, 0x09, 0x00, 0x00, 0x80, 0x11, 0x00,
  0x00, 0x00, 0x10, 0x00, 0x00, 0x00, 0x00, 0x00, 0x00, 0x00, 0x00, 0x00, 0xc0, 0x00, 0x00, 0x00,
  0xc0, 0x00, 0x00, 0x00, 0xc0, 0x00, 0x00, 0x00, 0xc0, 0x00, 0x00, 0x00, 0xc0, 0x00, 0x00, 0x00,
  0xc0, 0x00, 0x00, 0x00, 0xff, 0x3f, 0x00, 0x00, 0xff, 0x3f, 0x00, 0x00, 0xc0, 0x00, 0x00, 0x00,
  0xc0, 0x00, 0x00, 0x00, 0xc0, 0x00, 0x00, 0x00, 0xc0, 0x00, 0x00, 0x00, 0xc0, 0x00, 0x00, 0x00,
  0x00, 0x00, 0x00, 0x00, 0x00, 0x00, 0x00, 0xf0, 0x01, 0x00, 0x00, 0x78, 0x00, 0x00, 0x00, 0x10,
  0x00, 0x00, 0x00, 0x00, 0x00, 0x80, 0x01, 0x00, 0x00, 0x80, 0x01, 0x00, 0x00, 0x80, 0x01, 0x00,
  0x00, 0x80, 0x01, 0x00, 0x00, 0x80, 0x01, 0x00, 0x00, 0x00, 0x00, 0x00, 0x00, 0x00, 0x00, 0x00,
  0x00, 0x38, 0x00, 0x00, 0x00, 0x38, 0x00, 0x00, 0xc0, 0x00, 0x00, 0x00, 0xf8, 0x00, 0x00, 0x80,
  0x1f, 0x00, 0x00, 0xf0, 0x03, 0x00, 0x00, 0x3f, 0x00, 0x00, 0xe0, 0x07, 0x00, 0x00, 0x60, 0x00,
  0x00, 0x00, 0x00, 0x00, 0xf8, 0x00, 0x00, 0x00, 0xff, 0x0f, 0x00, 0xc0, 0x0f, 0x1f, 0x00, 0xe0,
  0x00, 0x38, 0x00, 0x60, 0x00, 0x30, 0x00, 0x60, 0x00, 0x30, 0x00, 0x60, 0x00, 0x30, 0x00, 0xe0,
  0x00, 0x30, 0x00, 0xc0, 0x03, 0x1e, 0x00, 0x80, 0xff, 0x0f, 0x00, 0x00, 0xfc, 0x01, 0x00, 0x00,
  0x00, 0x00, 0x00, 0x00, 0x00, 0x00, 0xc0, 0x00, 0x00, 0x00, 0xc0, 0x00, 0x30, 0x00, 0xc0, 0x00,
  0x30, 0x00, 0x60, 0x00, 0x30, 0x00, 0xe0, 0xff, 0x3f, 0x00, 0xe0, 0xff, 0x3f, 0x00, 0x00, 0x00,
  0x30, 0x00, 0x00, 0x00, 0x30, 0x00, 0x00, 0x00, 0x30, 0x00, 0x00, 0x00, 0x00, 0x00, 0x00, 0x00,
  0x00, 0xc0, 0x00, 0x38, 0x00, 0x60, 0x00, 0x3c, 0x00, 0x60, 0x00, 0x36, 0x00, 0x60, 0x00, 0x33,
  0x00, 0x60, 0xc0, 0x31, 0x00, 0x60, 0xe0, 0x30, 0x00, 0xe0, 0x70, 0x30, 0x00, 0xc0, 0x3f, 0x30,
  0x00, 0x80, 0x0f, 0x30, 0x00, 0x00, 0x00, 0x00, 0x00, 0x00, 0x00, 0x00, 0xc0, 0x00, 0x30, 0x00,
  0x60, 0x00, 0x30, 0x00, 0x60, 0x30, 0x30, 0x00, 0x60, 0x30, 0x30, 0x00, 0x60, 0x30, 0x30, 0x00,
  0x60, 0x30, 0x30, 0x00, 0xe0, 0x78, 0x38, 0x00, 0xc0, 0xef, 0x1f, 0x00, 0x80, 0xc7, 0x0f, 0x00,
  0x00, 0x00, 0x00, 0x00, 0x80, 0x03, 0x00, 0x00, 0xe0, 0x03, 0x00, 0x00, 0x70, 0x03, 0x00, 0x00,
  0x1c, 0x03, 0x00, 0x00, 0x07, 0x03, 0x00, 0x80, 0x03, 0x03, 0x00, 0xe0, 0x00, 0x03, 0x00, 0xe0,
  0xff, 0x3f, 0x00, 0xe0, 0xff, 0x3f, 0x00, 0x00, 0x00, 0x03, 0x00, 0x00, 0x00, 0x03, 0x00, 0x00,
  0x00, 0x00, 0x00, 0x00, 0x00, 0x00, 0xe0, 0x1f, 0x30, 0x00, 0xe0, 0x1f, 0x30, 0x00, 0x60, 0x18,
  0x30, 0x00, 0x60, 0x18, 0x30, 0x00, 0x60, 0x18, 0x30, 0x00, 0x60, 0x18, 0x30, 0x00, 0x60, 0x38,
  0x38, 0x00, 0x60, 0xf0, 0x1f, 0x00, 0x00, 0xe0, 0x0f, 0x00, 0x00, 0x00, 0x00, 0x00, 0x60, 0x00,
  0x00, 0x00, 0xff, 0x07, 0x00, 0x80, 0xff, 0x1f, 0x00, 0xc0, 0x31, 0x38, 0x00, 0xe0, 0x18, 0x30,
  0x00, 0x60, 0x18, 0x30, 0x00, 0x60, 0x18, 0x30, 0x00, 0x60, 0x18, 0x30, 0x00, 0x60, 0x70, 0x3c,
  0x00, 0x40, 0xf0, 0x1f, 0x00, 0x00, 0xc0, 0x07, 0x00, 0x00, 0x00, 0x00, 0x00, 0x00, 0x00, 0x00,
  0x60, 0x00, 0x00, 0x00, 0x60, 0x00, 0x00, 0x00, 0x60, 0x00, 0x30, 0x00, 0x60, 0x00, 0x3e, 0x00,
  0x60, 0xc0, 0x0f, 0x00, 0x60, 0xf8, 0x01, 0x00, 0x60, 0x7f, 0x00, 0x00, 0xe0, 0x0f, 0x00, 0x00,
  0xe0, 0x01, 0x00, 0x00, 0x00, 0x00, 0x00, 0x00, 0x02, 0x00, 0x80, 0xcf, 0x1f, 0x00, 0xc0, 0xdf,
  0x3d, 0x00, 0xe0, 0x78, 0x30, 0x00, 0x60, 0x30, 0x30, 0x00, 0x60, 0x30, 0x30, 0x00, 0x60, 0x30,
  0x30, 0x00, 0x60, 0x70, 0x30, 0x00, 0xc0, 0xff, 0x3c, 0x00, 0x80, 0xcf, 0x1f, 0x00, 0x00, 0x00,
  0x07, 0x00, 0x00, 0x00, 0x00, 0x00, 0x0e, 0x00, 0x00, 0x80, 0x7f, 0x30, 0x00, 0xc0, 0xf1, 0x30,
  0x00, 0x60, 0xc0, 0x30, 0x00, 0x60, 0xc0, 0x30, 0x00, 0x60, 0x80, 0x30, 0x00, 0x60, 0xc0, 0x30,
  0x00, 0xe0, 0xe0, 0x18, 0x00, 0xc0, 0x7f, 0x1f, 0x00, 0x00, 0xff, 0x07, 0x00, 0x00, 0xf8, 0x00,
  0x00, 0x00, 0x00, 0x00, 0x00, 0x00, 0x00, 0x00, 0x1c, 0x30, 0x00, 0x00, 0x1c, 0x38, 0x00, 0x00,
  0x1c, 0x30, 0x00, 0x00, 0x00, 0x00, 0x00, 0x00, 0x00, 0x00, 0x00, 0x1c, 0xf0, 0x01, 0x00, 0x1c,
  0x78, 0x00, 0x00, 0x1c, 0x10, 0x00, 0x00, 0x00, 0x00, 0x00, 0x00, 0x00, 0x00, 0x00, 0xc0, 0x00,
  0x00, 0x00, 0xe0, 0x00, 0x00, 0x00, 0xe0, 0x01, 0x00, 0x00, 0xe0, 0x01, 0x00, 0x00, 0xb0, 0x01,
  0x00, 0x00, 0x30, 0x03, 0x00, 0x00, 0x18, 0x03, 0x00, 0x00, 0x18, 0x06, 0x00, 0x00, 0x18, 0x06,
  0x00, 0x00, 0x0c, 0x06, 0x00, 0x00, 0x0c, 0x0c, 0x00, 0x00, 0x06, 0x0c, 0x00, 0x00, 0x06, 0x18,
  0x00, 0x00, 0x00, 0x00, 0x00, 0x00, 0x00, 0x00, 0x00, 0x10, 0x03, 0x00, 0x00, 0x10, 0x03, 0x00,
  0x00, 0x10, 0x03, 0x00, 0x00, 0x10, 0x03, 0x00, 0x00, 0x10, 0x03, 0x00, 0x00, 0x10, 0x03, 0x00,
  0x00, 0x10, 0x03, 0x00, 0x00, 0x10, 0x03, 0x00, 0x00, 0x10, 0x03, 0x00, 0x00, 0x10, 0x03, 0x00,
  0x00, 0x10, 0x03, 0x00, 0x00, 0x10, 0x03, 0x00, 0x00, 0x10, 0x03, 0x00, 0x00, 0x00, 0x00, 0x00,
  0x00, 0x00, 0x00, 0x00, 0x06, 0x18, 0x00, 0x00, 0x06, 0x0c, 0x00, 0x00, 0x0c, 0x0c, 0x00, 0x00,
  0x0c, 0x0c, 0x00, 0x00, 0x0c, 0x06, 0x00, 0x00, 0x18, 0x06, 0x00, 0x00, 0x18, 0x03, 0x00, 0x00,
  0x30, 0x03, 0x00, 0x00, 0x30, 0x03, 0x00, 0x00, 0xb0, 0x01, 0x00, 0x00, 0xe0, 0x01, 0x00, 0x00,
  0xe0, 0x00, 0x00, 0x00, 0xc0, 0x00, 0x00, 0x00, 0x00, 0x80, 0x00, 0x00, 0x00, 0xc0, 0x00, 0x00,
  0x00, 0x60, 0x00, 0x00, 0x00, 0x60, 0xc0, 0x39, 0x00, 0x60, 0xf0, 0x39, 0x00, 0x60, 0x38, 0x00,
  0x00, 0xe0, 0x1f, 0x00, 0x00, 0xc0, 0x0f, 0x00, 0x00, 0x00, 0x01, 0x00, 0x00, 0x00, 0x00, 0x00,
  0xc0, 0x01, 0x00, 0x00, 0xf8, 0x1f, 0x00, 0x00, 0x0e, 0x30, 0x00, 0x00, 0x07, 0xe0, 0x00, 0x80,
  0x03, 0xc0, 0x00, 0x80, 0xc1, 0x83, 0x01, 0xc0, 0xf0, 0x0f, 0x01, 0xc0, 0x18, 0x1c, 0x03, 0xc0,
  0x18, 0x18, 0x03, 0x40, 0x18, 0x18, 0x03, 0xc0, 0x18, 0x18, 0x03, 0xc0, 0x30, 0x0c, 0x03, 0xc0,
  0xf8, 0x1f, 0x01, 0x80, 0xf9, 0x9f, 0x01, 0x80, 0x01, 0x98, 0x00, 0x00, 0x03, 0x0c, 0x00, 0x00,
  0x1e, 0x06, 0x00, 0x00, 0xf8, 0x03, 0x00, 0x00, 0x20, 0x00, 0x00, 0x00, 0x3c, 0x00, 0x00, 0x80,
  0x1f, 0x00, 0x00, 0xf0, 0x03, 0x00, 0x00, 0xfe, 0x03, 0x00, 0xc0, 0x0f, 0x03, 0x00, 0xe0, 0x01,
  0x03, 0x00, 0xe0, 0x01, 0x03, 0x00, 0xc0, 0x0f, 0x03, 0x00, 0x00, 0x7e, 0x03, 0x00, 0x00, 0xf0,
  0x03, 0x00, 0x00, 0x80, 0x1f, 0x00, 0x00, 0x00, 0x3c, 0x00, 0x00, 0x00, 0x20, 0x00, 0x00, 0x00,
  0x00, 0x00, 0x00, 0x00, 0x00, 0xe0, 0xff, 0x3f, 0x00, 0xe0, 0xff, 0x3f, 0x00, 0x60, 0x30, 0x30,
  0x00, 0x60, 0x30, 0x30, 0x00, 0x60, 0x30, 0x30, 0x00, 0x60, 0x30, 0x30, 0x00, 0x60, 0x30, 0x30,
  0x00, 0xc0, 0x78, 0x30, 0x00, 0xc0, 0xff, 0x1d, 0x00, 0x80, 0xcf, 0x1f, 0x00, 0x00, 0x00, 0x07,
  0x00, 0x00, 0x00, 0x00, 0x00, 0xf8, 0x01, 0x00, 0x00, 0xff, 0x07, 0x00, 0x80, 0x0f, 0x0f, 0x00,
  0xc0, 0x01, 0x1c, 0x00, 0xc0, 0x00, 0x38, 0x00, 0x60, 0x00, 0x30, 0x00, 0x60, 0x00, 0x30, 0x00,
  0x60, 0x00, 0x30, 0x00, 0x60, 0x00, 0x30, 0x00, 0x60, 0x00, 0x30, 0x00, 0xc0, 0x00, 0x30, 0x00,
  0xc0, 0x00, 0x18, 0x00, 0x00, 0x00, 0x00, 0x00, 0x00, 0x00, 0x00, 0xe0, 0xff, 0x3f, 0x00, 0xe0,
  0xff, 0x3f, 0x00, 0x60, 0x00, 0x30, 0x00, 0x60, 0x00, 0x30, 0x00, 0x60, 0x00, 0x30, 0x00, 0x60,
  0x00, 0x30, 0x00, 0x60, 0x00, 0x30, 0x00, 0xc0, 0x00, 0x30, 0x00, 0xc0, 0x00, 0x18, 0x00, 0xc0,
  0x01, 0x1c, 0x00, 0x80, 0x9f, 0x0f, 0x00, 0x00, 0xff, 0x07, 0x00, 0x00, 0xf8, 0x00, 0x00, 0x00,
  0x00, 0x00, 0x00, 0x00, 0x00, 0xe0, 0xff, 0x3f, 0x00, 0xe0, 0xff, 0x3f, 0x00, 0x60, 0x30, 0x30,
  0x00, 0x60, 0x30, 0x30, 0x00, 0x60, 0x30, 0x30, 0x00, 0x60, 0x30, 0x30, 0x00, 0x60, 0x30, 0x30,
  0x00, 0x60, 0x30, 0x30, 0x00, 0x60, 0x30, 0x30, 0x00, 0x40, 0x00, 0x30, 0x00, 0x00, 0x00, 0x00,
  0x00, 0x00, 0x00, 0x00, 0xe0, 0xff, 0x3f, 0x00, 0xe0, 0xff, 0x3f, 0x00, 0x60, 0x30, 0x00, 0x00,
  0x60, 0x30, 0x00, 0x00, 0x60, 0x30, 0x00, 0x00, 0x60, 0x30, 0x00, 0x00, 0x60, 0x30, 0x00, 0x00,
  0x60, 0x30, 0x00, 0x00, 0x60, 0x00, 0x00, 0x00, 0x00, 0x00, 0xf8, 0x01, 0x00, 0x00, 0xff, 0x07,
  0x00, 0x80, 0x0f, 0x0f, 0x00, 0xc0, 0x01, 0x1c, 0x00, 0xc0, 0x00, 0x38, 0x00, 0x60, 0x00, 0x30,
  0x00, 0x60, 0x00, 0x30, 0x00, 0x60, 0x00, 0x30, 0x00, 0x60, 0x60, 0x30, 0x00, 0x60, 0x60, 0x30,
  0x00, 0x60, 0x60, 0x30, 0x00, 0xc0, 0xe0, 0x3f, 0x00, 0xc0, 0xe1, 0x1f, 0x00, 0x00, 0x00, 0x00,
  0x00, 0x00, 0x00, 0x00, 0xe0, 0xff, 0x3f, 0x00, 0xe0, 0xff, 0x3f, 0x00, 0x00, 0x30, 0x00, 0x00,
  0x00, 0x30, 0x00, 0x00, 0x00, 0x30, 0x00, 0x00, 0x00, 0x30, 0x00, 0x00, 0x00, 0x30, 0x00, 0x00,
  0x00, 0x30, 0x00, 0x00, 0x00, 0x30, 0x00, 0x00, 0xc0, 0xff, 0x3f, 0x00, 0xe0, 0xff, 0x3f, 0x00,
  0xc0, 0xff, 0x3f, 0x00, 0x00, 0x00, 0x00, 0x00, 0x00, 0x00, 0x00, 0xe0, 0xff, 0x3f, 0x00, 0xe0,
  0xff, 0x3f, 0x00, 0x00, 0x00, 0x06, 0x00, 0x00, 0x00, 0x06, 0x00, 0x00, 0x00, 0x03, 0xe0, 0xff,
  0xff, 0x03, 0xe0, 0xff, 0xff, 0x00, 0x00, 0x00, 0x00, 0x00, 0x00, 0x00, 0x00, 0xe0, 0xff, 0x3f,
  0x00, 0xe0, 0xff, 0x3f, 0x00, 0x00, 0x30, 0x00, 0x00, 0x00, 0xf8, 0x00, 0x00, 0x00, 0xdc, 0x01,
  0x00, 0x00, 0x86, 0x03, 0x00, 0x00, 0x03, 0x07, 0x00, 0x80, 0x01, 0x0e, 0x00, 0xc0, 0x00, 0x1c,
  0x00, 0x60, 0x00, 0x38, 0x00, 0x20, 0x00, 0x30, 0x00, 0x00, 0x00, 0x20, 0x00, 0x00, 0x00, 0x00,
  0x00, 0x00, 0x00, 0x00, 0xe0, 0xff, 0x3f, 0x00, 0xe0, 0xff, 0x3f, 0x00, 0x00, 0x00, 0x30, 0x00,
  0x00, 0x00, 0x30, 0x00, 0x00, 0x00, 0x30, 0x00, 0x00, 0x00, 0x30, 0x00, 0x00, 0x00, 0x30, 0x00,
  0x00, 0x00, 0x30, 0x00, 0x00, 0x00, 0x30, 0x00, 0x00, 0x00, 0x00, 0x00, 0x00, 0x00, 0x00, 0xe0,
  0xff, 0x3f, 0x00, 0xe0, 0xff, 0x3f, 0x00, 0xe0, 0x01, 0x00, 0x00, 0xc0, 0x0f, 0x00, 0x00, 0x00,
  0x7e, 0x00, 0x00, 0x00, 0xf0, 0x03, 0x00, 0x00, 0x80, 0x07, 0x00, 0x00, 0x80, 0x07, 0x00, 0x00,
  0xf0, 0x01, 0x00, 0x00, 0x3e, 0x00, 0x00, 0xc0, 0x07, 0x00, 0x00, 0xe0, 0x01, 0x00, 0x00, 0xe0,
  0xff, 0x3f, 0x00, 0xe0, 0xff, 0x3f, 0x00, 0x00, 0x00, 0x00, 0x00, 0x00, 0x00, 0x00, 0xe0, 0xff,
  0x3f, 0x00, 0xe0, 0xff, 0x3f, 0x00, 0xe0, 0x01, 0x00, 0x00, 0x80, 0x07, 0x00, 0x00, 0x00, 0x1e,
  0x00, 0x00, 0x00, 0x78, 0x00, 0x00, 0x00, 0xe0, 0x01, 0x00, 0x00, 0x80, 0x07, 0x00, 0x00, 0x00,
  0x3e, 0x00, 0xc0, 0xff, 0x3f, 0x00, 0xe0, 0xff, 0x3f, 0x00, 0x00, 0x00, 0x00, 0x00, 0xf8, 0x01,
  0x00, 0x00, 0xff, 0x07, 0x00, 0x80, 0x0f, 0x0f, 0x00, 0xc0, 0x01, 0x1c, 0x00, 0xe0, 0x00, 0x30,
  0x00, 0x60, 0x00, 0x30, 0x00, 0x60, 0x00, 0x30, 0x00, 0x60, 0x00, 0x30, 0x00, 0x60, 0x00, 0x30,
  0x00, 0x60, 0x00, 0x30, 0x00, 0xc0, 0x00, 0x18, 0x00, 0x80, 0x03, 0x1e, 0x00, 0x00, 0xff, 0x0f,
  0x00, 0x00, 0xfc, 0x03, 0x00, 0x00, 0x00, 0x00, 0x00, 0x00, 0x00, 0x00, 0xe0, 0xff, 0x3f, 0x00,
  0xe0, 0xff, 0x3f, 0x00, 0x60, 0x60, 0x00, 0x00, 0x60, 0x60, 0x00, 0x00, 0x60, 0x60, 0x00, 0x00,
  0x60, 0x60, 0x00, 0x00, 0xe0, 0x60, 0x00, 0x00, 0xc0, 0x79, 0x00, 0x00, 0x80, 0x3f, 0x00, 0x00,
  0x00, 0x0f, 0x00, 0x00, 0x00, 0x00, 0x00, 0xf8, 0x01, 0x00, 0x00, 0xff, 0x07, 0x00, 0x80, 0x0f,
  0x0f, 0x00, 0xc0, 0x01, 0x1c, 0x00, 0xe0, 0x00, 0x30, 0x00, 0x60, 0x00, 0x30, 0x00, 0x60, 0x00,
  0x30, 0x00, 0x60, 0x00, 0x30, 0x00, 0x60, 0x00, 0x70, 0x00, 0x60, 0x00, 0xf0, 0x00, 0xc0, 0x00,
  0xd8, 0x01, 0x80, 0x03, 0x1e, 0x01, 0x00, 0xff, 0x0f, 0x00, 0x00, 0xfc, 0x03, 0x00, 0x00, 0x00,
  0x00, 0x00, 0x00, 0x00, 0x00, 0xe0, 0xff, 0x3f, 0x00, 0xe0, 0xff, 0x3f, 0x00, 0x60, 0x60, 0x00,
  0x00, 0x60, 0x60, 0x00, 0x00, 0x60, 0x60, 0x00, 0x00, 0x60, 0x60, 0x00, 0x00, 0xe0, 0xe0, 0x00,
  0x00, 0xc0, 0xf9, 0x01, 0x00, 0x80, 0x9f, 0x0f, 0x00, 0x00, 0x0f, 0x3e, 0x00, 0x00, 0x00, 0x38,
  0x00, 0x00, 0x00, 0x20, 0x00, 0x00, 0x00, 0x00, 0x00, 0x06, 0x18, 0x00, 0x80, 0x1f, 0x30, 0x00,
  0xc0, 0x3d, 0x30, 0x00, 0x60, 0x30, 0x30, 0x00, 0x60, 0x30, 0x30, 0x00, 0x60, 0x30, 0x30, 0x00,
  0x60, 0x70, 0x30, 0x00, 0x60, 0x60, 0x30, 0x00, 0x60, 0xe0, 0x38, 0x00, 0xc0, 0xc0, 0x1f, 0x00,
  0x00, 0x80, 0x0f, 0x60, 0x00, 0x00, 0x00, 0x60, 0x00, 0x00, 0x00, 0x60, 0x00, 0x00, 0x00, 0x60,
  0x00, 0x00, 0x00, 0x60, 0x00, 0x00, 0x00, 0xe0, 0xff, 0x3f, 0x00, 0xe0, 0xff, 0x3f, 0x00, 0x60,
  0x00, 0x00, 0x00, 0x60, 0x00, 0x00, 0x00, 0x60, 0x00, 0x00, 0x00, 0x60, 0x00, 0x00, 0x00, 0x60,
  0x00, 0x00, 0x00, 0x60, 0x00, 0x00, 0x00, 0x00, 0x00, 0x00, 0x00, 0x00, 0xe0, 0xff, 0x07, 0x00,
  0xe0, 0xff, 0x1f, 0x00, 0x00, 0x00, 0x38, 0x00, 0x00, 0x00, 0x30, 0x00, 0x00, 0x00, 0x30, 0x00,
  0x00, 0x00, 0x30, 0x00, 0x00, 0x00, 0x30, 0x00, 0x00, 0x00, 0x30, 0x00, 0x00, 0x00, 0x38, 0x00,
  0xe0, 0xff, 0x1f, 0x00, 0xe0, 0xff, 0x0f, 0x20, 0x00, 0x00, 0x00, 0xe0, 0x01, 0x00, 0x00, 0xc0,
  0x0f, 0x00, 0x00, 0x00, 0x7e, 0x00, 0x00, 0x00, 0xf0, 0x03, 0x00, 0x00, 0x80, 0x1f, 0x00, 0x00,
  0x00, 0x3c, 0x00, 0x00, 0x00, 0x3c, 0x00, 0x00, 0x80, 0x1f, 0x00, 0x00, 0xf0, 0x03, 0x00, 0x00,
  0x7e, 0x00, 0x00, 0xc0, 0x1f, 0x00, 0x00, 0xe0, 0x03, 0x00, 0x00, 0x60, 0x00, 0x00, 0x00, 0x00,
  0xe0, 0x01, 0x00, 0x00, 0xe0, 0x1f, 0x00, 0x00, 0x00, 0xfe, 0x03, 0x00, 0x00, 0xe0, 0x3f, 0x00,
  0x00, 0x00, 0x3c, 0x00, 0x00, 0x00, 0x3e, 0x00, 0x00, 0xf0, 0x0f, 0x00, 0x00, 0x7f, 0x00, 0x00,
  0xe0, 0x07, 0x00, 0x00, 0xe0, 0x01, 0x00, 0x00, 0xc0, 0x1f, 0x00, 0x00, 0x00, 0xfc, 0x03, 0x00,
  0x00, 0x80, 0x3f, 0x00, 0x00, 0x00, 0x3c, 0x00, 0x00, 0x80, 0x3f, 0x00, 0x00, 0xf8, 0x0f, 0x00,
  0xc0, 0x7f, 0x00, 0x00, 0xe0, 0x07, 0x00, 0x00, 0x20, 0x00, 0x00, 0x00, 0x00, 0x00, 0x00, 0x20,
  0x00, 0x60, 0x00, 0x38, 0x00, 0xe0, 0x01, 0x1e, 0x00, 0x80, 0x07, 0x07, 0x00, 0x00, 0xce, 0x03,
  0x00, 0x00, 0xfc, 0x00, 0x00, 0x00, 0xf8, 0x00, 0x00, 0x00, 0xfe, 0x01, 0x00, 0x00, 0x87, 0x07,
  0x00, 0xc0, 0x03, 0x1e, 0x00, 0xe0, 0x00, 0x38, 0x00, 0x20, 0x00, 0x30, 0x20, 0x00, 0x00, 0x00,
  0xe0, 0x00, 0x00, 0x00, 0xc0, 0x01, 0x00, 0x00, 0x80, 0x07, 0x00, 0x00, 0x00, 0x1e, 0x00, 0x00,
  0x00, 0xf8, 0x3f, 0x00, 0x00, 0xf0, 0x3f, 0x00, 0x00, 0x3c, 0x00, 0x00, 0x00, 0x0e, 0x00, 0x00,
  0x80, 0x03, 0x00, 0x00, 0xe0, 0x01, 0x00, 0x00, 0x60, 0x00, 0x00, 0x00, 0x00, 0x60, 0x00, 0x38,
  0x00, 0x60, 0x00, 0x3c, 0x00, 0x60, 0x00, 0x3e, 0x00, 0x60, 0x80, 0x37, 0x00, 0x60, 0xc0, 0x31,
  0x00, 0x60, 0xe0, 0x30, 0x00, 0x60, 0x78, 0x30, 0x00, 0x60, 0x1c, 0x30, 0x00, 0x60, 0x0f, 0x30,
  0x00, 0xe0, 0x03, 0x30, 0x00, 0xe0, 0x01, 0x30, 0x00, 0xe0, 0x00, 0x30, 0x00, 0x00, 0x00, 0x00,
  0x00, 0x00, 0x00, 0x00, 0xe0, 0xff, 0xff, 0x01, 0xe0, 0xff, 0xff, 0x01, 0x20, 0x00, 0x80, 0x01,
  0x20, 0x00, 0x80, 0x01, 0x60, 0x00, 0x00, 0x00, 0xe0, 0x07, 0x00, 0x00, 0x00, 0x3f, 0x00, 0x00,
  0x00, 0xf0, 0x03, 0x00, 0x00, 0x80, 0x1f, 0x00, 0x00, 0x00, 0xf8, 0x00, 0x00, 0x00, 0xc0, 0x00,
  0x00, 0x00, 0x00, 0x00, 0x00, 0x00, 0x00, 0x20, 0x00, 0x80, 0x01, 0x20, 0x00, 0x80, 0x01, 0xe0,
  0xff, 0xff, 0x01, 0xe0, 0xff, 0xff, 0x01, 0x00, 0x00, 0x00, 0x00, 0x00, 0x00, 0x00, 0x00, 0x00,
  0x00, 0x00, 0x00, 0x00, 0x04, 0x00, 0x00, 0x00, 0x06, 0x00, 0x00, 0x00, 0x03, 0x00, 0x00, 0x80,
  0x01, 0x00, 0x00, 0xc0, 0x00, 0x00, 0x00, 0x60, 0x00, 0x00, 0x00, 0xe0, 0x00, 0x00, 0x00, 0xc0,
  0x01, 0x00, 0x00, 0x80, 0x03, 0x00, 0x00, 0x00, 0x07, 0x00, 0x00, 0x00, 0x04, 0x00, 0x00, 0x00,
  0x04, 0x00, 0x00, 0x00, 0x04, 0x00, 0x00, 0x00, 0x04, 0x00, 0x00, 0x00, 0x04, 0x00, 0x00, 0x00,
  0x04, 0x00, 0x00, 0x00, 0x04, 0x00, 0x00, 0x00, 0x04, 0x00, 0x00, 0x00, 0x04, 0x00, 0x00, 0x00,
  0x04, 0x00, 0x00, 0x00, 0x04, 0x00, 0x00, 0x00, 0x04, 0x00, 0x00, 0x00, 0x00, 0x00, 0x00, 0x00,
  0x00, 0x10, 0x00, 0x00, 0x00, 0x30, 0x00, 0x00, 0x00, 0x60, 0x00, 0x00, 0x00, 0xc0, 0x00, 0x00,
  0x00, 0x00, 0x00, 0x00, 0x0e, 0x00, 0x00, 0x8c, 0x1f, 0x00, 0x00, 0x84, 0x31, 0x00, 0x00, 0xc6,
  0x30, 0x00, 0x00, 0xc6, 0x20, 0x00, 0x00, 0xc6, 0x30, 0x00, 0x00, 0xc6, 0x30, 0x00, 0x00, 0xcc,
  0x1c, 0x00, 0x00, 0xf8, 0x3f, 0x00, 0x00, 0xf0, 0x3f, 0x00, 0x00, 0x00, 0x00, 0x00, 0x00, 0x00,
  0x00, 0xe0, 0xff, 0x3f, 0x00, 0xe0, 0xff, 0x3f, 0x00, 0x00, 0x0c, 0x18, 0x00, 0x00, 0x04, 0x30,
  0x00, 0x00, 0x06, 0x20, 0x00, 0x00, 0x06, 0x20, 0x00, 0x00, 0x06, 0x30, 0x00, 0x00, 0x1c, 0x38,
  0x00, 0x00, 0xf8, 0x1f, 0x00, 0x00, 0xe0, 0x07, 0x00, 0x00, 0x00, 0x00, 0x00, 0xe0, 0x03, 0x00,
  0x00, 0xf8, 0x0f, 0x00, 0x00, 0x1c, 0x1c, 0x00, 0x00, 0x0c, 0x30, 0x00, 0x00, 0x06, 0x30, 0x00,
  0x00, 0x06, 0x20, 0x00, 0x00, 0x06, 0x30, 0x00, 0x00, 0x06, 0x30, 0x00, 0x00, 0x0c, 0x30, 0x00,
  0x00, 0x00, 0x00, 0x00, 0xe0, 0x03, 0x00, 0x00, 0xf8, 0x1f, 0x00, 0x00, 0x1c, 0x3c, 0x00, 0x00,
  0x0e, 0x30, 0x00, 0x00, 0x06, 0x30, 0x00, 0x00, 0x06, 0x20, 0x00, 0x00, 0x06, 0x30, 0x00, 0x00,
  0x0c, 0x18, 0x00, 0xe0, 0xff, 0x3f, 0x00, 0xe0, 0xff, 0x3f, 0x00, 0x00, 0x00, 0x00, 0x00, 0xe0,
  0x03, 0x00, 0x00, 0xf8, 0x0f, 0x00, 0x00, 0xdc, 0x1c, 0x00, 0x00, 0x8c, 0x30, 0x00, 0x00, 0x86,
  0x30, 0x00, 0x00, 0x86, 0x20, 0x00, 0x00, 0x86, 0x20, 0x00, 0x00, 0x8e, 0x30, 0x00, 0x00, 0xdc,
  0x30, 0x00, 0x00, 0xf8, 0x30, 0x00, 0x00, 0xc0, 0x00, 0x04, 0x00, 0x00, 0x00, 0x06, 0x00, 0x00,
  0x80, 0xff, 0x3f, 0x00, 0xe0, 0xff, 0x3f, 0x00, 0x60, 0x06, 0x00, 0x00, 0x20, 0x06, 0x00, 0x00,
  0x20, 0x06, 0x00, 0x00, 0x20, 0x00, 0x00, 0x00, 0x00, 0x00, 0xe0, 0x03, 0x00, 0x00, 0xf8, 0x0f,
  0x02, 0x00, 0x1c, 0x1c, 0x02, 0x00, 0x06, 0x30, 0x06, 0x00, 0x06, 0x30, 0x06, 0x00, 0x06, 0x30,
  0x06, 0x00, 0x06, 0x30, 0x06, 0x00, 0x0c, 0x18, 0x03, 0x00, 0xfc, 0xff, 0x03, 0x00, 0xfe, 0xff,
  0x00, 0x00, 0x00, 0x00, 0x00, 0x00, 0x00, 0x00, 0xe0, 0xff, 0x3f, 0x00, 0xe0, 0xff, 0x3f, 0x00,
  0x00, 0x0c, 0x00, 0x00, 0x00, 0x04, 0x00, 0x00, 0x00, 0x06, 0x00, 0x00, 0x00, 0x06, 0x00, 0x00,
  0x00, 0x0e, 0x00, 0x00, 0x00, 0xfc, 0x3f, 0x00, 0x00, 0xf8, 0x3f, 0x00, 0x00, 0x00, 0x00, 0x00,
  0x00, 0x00, 0x00, 0x60, 0xfe, 0x3f, 0x00, 0x60, 0xfc, 0x3f, 0x00, 0x00, 0x00, 0x06, 0x00, 0x00,
  0x00, 0x07, 0x60, 0xfe, 0xff, 0x03, 0x60, 0xfc, 0xff, 0x01, 0x00, 0x00, 0x00, 0x00, 0x00, 0x00,
  0x00, 0x00, 0xe0, 0xff, 0x3f, 0x00, 0xe0, 0xff, 0x3f, 0x00, 0x00, 0xc0, 0x01, 0x00, 0x00, 0xe0,
  0x03, 0x00, 0x00, 0x70, 0x07, 0x00, 0x00, 0x38, 0x0e, 0x00, 0x00, 0x1c, 0x1c, 0x00, 0x00, 0x0e,
  0x38, 0x00, 0x00, 0x06, 0x30, 0x00, 0x00, 0x00, 0x00, 0x00, 0x00, 0x00, 0x00, 0xe0, 0xff, 0x3f,
  0x00, 0xe0, 0xff, 0x3f, 0x00, 0x00, 0x00, 0x00, 0x00, 0x00, 0x00, 0x00, 0x00, 0xfe, 0x3f, 0x00,
  0x00, 0xfc, 0x3f, 0x00, 0x00, 0x0c, 0x00, 0x00, 0x00, 0x04, 0x00, 0x00, 0x00, 0x06, 0x00, 0x00,
  0x00, 0x06, 0x00, 0x00, 0x00, 0x0e, 0x00, 0x00, 0x00, 0xfc, 0x3f, 0x00, 0x00, 0xf8, 0x3f, 0x00,
  0x00, 0x18, 0x00, 0x00, 0x00, 0x04, 0x00, 0x00, 0x00, 0x06, 0x00, 0x00, 0x00, 0x06, 0x00, 0x00,
  0x00, 0x06, 0x00, 0x00, 0x00, 0x3c, 0x00, 0x00, 0x00, 0xf8, 0x3f, 0x00, 0x00, 0x00, 0x00, 0x00,
  0x00, 0x00, 0x00, 0x00, 0xfe, 0x3f, 0x00, 0x00, 0xfc, 0x3f, 0x00, 0x00, 0x0c, 0x00, 0x00, 0x00,
  0x04, 0x00, 0x00, 0x00, 0x06, 0x00, 0x00, 0x00, 0x06, 0x00, 0x00, 0x00, 0x0e, 0x00, 0x00, 0x00,
  0xfc, 0x3f, 0x00, 0x00, 0xf8, 0x3f, 0x00, 0x00, 0x00, 0x00, 0x00, 0xe0, 0x03, 0x00, 0x00, 0xf8,
  0x1f, 0x00, 0x00, 0x1c, 0x1c, 0x00, 0x00, 0x0e, 0x30, 0x00, 0x00, 0x06, 0x30, 0x00, 0x00, 0x06,
  0x20, 0x00, 0x00, 0x06, 0x30, 0x00, 0x00, 0x0c, 0x38, 0x00, 0x00, 0x7c, 0x1f, 0x00, 0x00, 0xf8,
  0x0f, 0x00, 0x00, 0x80, 0x00, 0x00, 0x00, 0x00, 0x00, 0x00, 0x00, 0x00, 0x00, 0xfe, 0xff, 0x07,
  0x00, 0xfc, 0xff, 0x07, 0x00, 0x0c, 0x18, 0x00, 0x00, 0x04, 0x30, 0x00, 0x00, 0x06, 0x20, 0x00,
  0x00, 0x06, 0x20, 0x00, 0x00, 0x06, 0x30, 0x00, 0x00, 0x1c, 0x38, 0x00, 0x00, 0xf8, 0x1f, 0x00,
  0x00, 0xe0, 0x07, 0x00, 0x00, 0x00, 0x00, 0x00, 0xe0, 0x03, 0x00, 0x00, 0xf8, 0x1f, 0x00, 0x00,
  0x1c, 0x3c, 0x00, 0x00, 0x0e, 0x30, 0x00, 0x00, 0x06, 0x30, 0x00, 0x00, 0x06, 0x20, 0x00, 0x00,
  0x06, 0x30, 0x00, 0x00, 0x0c, 0x18, 0x00, 0x00, 0xfc, 0xff, 0x03, 0x00, 0xfe, 0xff, 0x07, 0x00,
  0x00, 0x00, 0x00, 0x00, 0x00, 0x00, 0x00, 0x00, 0xfe, 0x3f, 0x00, 0x00, 0xfc, 0x3f, 0x00, 0x00,
  0x0c, 0x00, 0x00, 0x00, 0x04, 0x00, 0x00, 0x00, 0x06, 0x00, 0x00, 0x00, 0x06, 0x00, 0x00, 0x00,
  0x04, 0x00, 0x00, 0x00, 0x00, 0x00, 0x38, 0x30, 0x00, 0x00, 0xfc, 0x30, 0x00, 0x00, 0xce, 0x30,
  0x00, 0x00, 0xc6, 0x20, 0x00, 0x00, 0x86, 0x21, 0x00, 0x00, 0x86, 0x31, 0x00, 0x00, 0x86, 0x33,
  0x00, 0x00, 0x04, 0x1f, 0x00, 0x00, 0x00, 0x0e, 0x00, 0x00, 0x00, 0x00, 0x00, 0x06, 0x00, 0x00,
  0xc0, 0xff, 0x1f, 0x00, 0xc0, 0xff, 0x3f, 0x00, 0x00, 0x06, 0x30, 0x00, 0x00, 0x06, 0x30, 0x00,
  0x00, 0x06, 0x30, 0x00, 0x00, 0x04, 0x20, 0x00, 0x00, 0x00, 0x00, 0x00, 0x00, 0x00, 0x00, 0x00,
  0xfe, 0x1f, 0x00, 0x00, 0xfc, 0x3f, 0x00, 0x00, 0x00, 0x30, 0x00, 0x00, 0x00, 0x30, 0x00, 0x00,
  0x00, 0x30, 0x00, 0x00, 0x00, 0x30, 0x00, 0x00, 0x00, 0x18, 0x00, 0x00, 0xfc, 0x3f, 0x00, 0x00,
  0xfe, 0x3f, 0x00, 0x00, 0x00, 0x00, 0x00, 0x0e, 0x00, 0x00, 0x00, 0x7c, 0x00, 0x00, 0x00, 0xf0,
  0x03, 0x00, 0x00, 0x80, 0x1f, 0x00, 0x00, 0x00, 0x3c, 0x00, 0x00, 0x00, 0x38, 0x00, 0x00, 0x00,
  0x3f, 0x00, 0x00, 0xe0, 0x07, 0x00, 0x00, 0xfc, 0x00, 0x00, 0x00, 0x1e, 0x00, 0x00, 0x00, 0x00,
  0x00, 0x0e, 0x00, 0x00, 0x00, 0xfc, 0x00, 0x00, 0x00, 0xe0, 0x1f, 0x00, 0x00, 0x00, 0x3e, 0x00,
  0x00, 0x00, 0x3e, 0x00, 0x00, 0xe0, 0x0f, 0x00, 0x00, 0xfc, 0x00, 0x00, 0x00, 0x1e, 0x00, 0x00,
  0x00, 0xfc, 0x00, 0x00, 0x00, 0xe0, 0x0f, 0x00, 0x00, 0x00, 0x3c, 0x00, 0x00, 0x00, 0x3e, 0x00,
  0x00, 0xf0, 0x0f, 0x00, 0x00, 0xfe, 0x00, 0x00, 0x00, 0x0e, 0x00, 0x00, 0x00, 0x00, 0x00, 0x00,
  0x20, 0x00, 0x00, 0x0e, 0x38, 0x00, 0x00, 0x1c, 0x1c, 0x00, 0x00, 0x78, 0x07, 0x00, 0x00, 0xe0,
  0x03, 0x00, 0x00, 0xe0, 0x03, 0x00, 0x00, 0x70, 0x07, 0x00, 0x00, 0x3c, 0x1e, 0x00, 0x00, 0x0e,
  0x38, 0x00, 0x00, 0x06, 0x30, 0x00, 0x00, 0x00, 0x00, 0x00, 0x0e, 0x00, 0x00, 0x00, 0x3c, 0x00,
  0x06, 0x00, 0xf0, 0x01, 0x06, 0x00, 0x80, 0x0f, 0x03, 0x00, 0x00, 0xfc, 0x03, 0x00, 0x00, 0xfc,
  0x00, 0x00, 0x80, 0x1f, 0x00, 0x00, 0xe0, 0x03, 0x00, 0x00, 0x7c, 0x00, 0x00, 0x00, 0x1e, 0x00,
  0x00, 0x00, 0x00, 0x00, 0x04, 0x38, 0x00, 0x00, 0x06, 0x3c, 0x00, 0x00, 0x06, 0x3e, 0x00, 0x00,
  0x86, 0x33, 0x00, 0x00, 0xc6, 0x31, 0x00, 0x00, 0xe6, 0x30, 0x00, 0x00, 0x7e, 0x30, 0x00, 0x00,
  0x1e, 0x30, 0x00, 0x00, 0x0e, 0x30, 0x00, 0x00, 0x00, 0x00, 0x00, 0x00, 0x00, 0x00, 0x00, 0x00,
  0x00, 0x00, 0x00, 0xc0, 0x00, 0x00, 0x00, 0xc0, 0x00, 0x00, 0x00, 0xe0, 0x01, 0x00, 0xc0, 0x7f,
  0xff, 0x01, 0xe0, 0x1f, 0xfc, 0x01, 0x20, 0x00, 0x00, 0x03, 0x20, 0x00, 0x00, 0x03, 0x20, 0x00,
  0x00, 0x00, 0x00, 0x00, 0x00, 0x00, 0x00, 0x00, 0x00, 0x00, 0x00, 0xf0, 0xff, 0xff, 0x07, 0x00,
  0x00, 0x00, 0x00, 0x00, 0x00, 0x00, 0x00, 0x00, 0x00, 0x00, 0x00, 0x20, 0x00, 0x00, 0x03, 0x20,
  0x00, 0x00, 0x03, 0xe0, 0x00, 0x80, 0x01, 0xe0, 0x7f, 0xff, 0x01, 0x00, 0xf0, 0x03, 0x00, 0x00,
  0xc0, 0x00, 0x00, 0x00, 0xc0, 0x00, 0x00, 0x00, 0x80, 0x00, 0x00, 0x00, 0x00, 0x00, 0x00, 0x00,
  0x00, 0x00, 0x80, 0x00, 0x00, 0x00, 0xc0, 0x00, 0x00, 0x00, 0x60, 0x00, 0x00, 0x00, 0x60, 0x00,
  0x00, 0x00, 0x60, 0x00, 0x00, 0x00, 0x60, 0x00, 0x00, 0x00, 0xc0, 0x00, 0x00, 0x00, 0xc0, 0x00,
  0x00, 0x00, 0xc0, 0x00, 0x00, 0x00, 0x80, 0x00, 0x00, 0x00, 0xc0, 0x00, 0x00, 0x00, 0xc0, 0x00,
  0x00, 0x00, 0x60, 0x00, 0x00, 0x00, 0x00, 0x00, 0x00, 0x00, 0x00, 0x00, 0x00, 0x00, 0x00, 0x00,
  0x8e, 0xff, 0x03, 0x00, 0x8e, 0xff, 0x03, 0x00, 0x00, 0x00, 0x00, 0x00, 0x00, 0x00, 0x00, 0x00,
  0xf0, 0x07, 0x00, 0x00, 0xf8, 0x1f, 0x00, 0x00, 0x1c, 0x38, 0x00, 0x00, 0x06, 0x30, 0x00, 0x00,
  0x06, 0x30, 0x00, 0xc0, 0xff, 0xff, 0x01, 0x00, 0x06, 0x30, 0x00, 0x00, 0x06, 0x30, 0x00, 0x00,
  0x04, 0x10, 0x00, 0x00, 0x00, 0x00, 0x00, 0x00, 0x30, 0x00, 0x00, 0x60, 0x30, 0x00, 0x00, 0x60,
  0x30, 0x00, 0x80, 0xff, 0x3f, 0x00, 0xc0, 0xff, 0x3f, 0x00, 0x60, 0x60, 0x30, 0x00, 0x60, 0x60,
  0x30, 0x00, 0x60, 0x60, 0x30, 0x00, 0x60, 0x40, 0x30, 0x00, 0x60, 0x00, 0x30, 0x00, 0x00, 0x00,
  0x00, 0x00, 0x02, 0x08, 0x00, 0x00, 0xce, 0x1c, 0x00, 0x00, 0xfc, 0x0f, 0x00, 0x00, 0x18, 0x06,
  0x00, 0x00, 0x0c, 0x04, 0x00, 0x00, 0x0c, 0x0c, 0x00, 0x00, 0x0c, 0x04, 0x00, 0x00, 0x18, 0x06,
  0x00, 0x00, 0xfc, 0x07, 0x00, 0x00, 0xee, 0x0d, 0x00, 0x00, 0x06, 0x18, 0x00, 0x00, 0x00, 0x00,
  0x60, 0x10, 0x01, 0x00, 0xe0, 0x11, 0x01, 0x00, 0x80, 0x17, 0x01, 0x00, 0x00, 0x1e, 0x01, 0x00,
  0x00, 0xf8, 0x01, 0x00, 0x00, 0xe0, 0x3f, 0x00, 0x00, 0xf8, 0x3f, 0x00, 0x00, 0x1e, 0x01, 0x00,
  0x80, 0x17, 0x01, 0x00, 0xe0, 0x11, 0x01, 0x00, 0x60, 0x10, 0x01, 0x00, 0x00, 0x00, 0x00, 0x00,
  0x00, 0x00, 0x00, 0x00, 0x00, 0x00, 0x00, 0xc0, 0x3f, 0xfe, 0x03, 0x00, 0x00, 0x00, 0x00, 0x00,
  0xf0, 0x00, 0x00, 0xc0, 0xff, 0xc1, 0x00, 0xe0, 0x8f, 0xc3, 0x00, 0x60, 0x0c, 0x83, 0x00, 0x60,
  0x18, 0xc6, 0x00, 0x60, 0x18, 0xce, 0x00, 0x60, 0x30, 0x7f, 0x00, 0x00, 0xe0, 0x31, 0x00, 0x00,
  0x00, 0x00, 0x00, 0x00, 0x00, 0x00, 0x60, 0x00, 0x00, 0x00, 0x60, 0x00, 0x00, 0x00, 0x00, 0x00,
  0x00, 0x00, 0x00, 0x00, 0x00, 0x00, 0x60, 0x00, 0x00, 0x00, 0x60, 0x00, 0x00, 0x00, 0x00, 0x00,
  0x00, 0x00, 0x00, 0x00, 0x00, 0x00, 0x00, 0x00, 0xfc, 0x01, 0x00, 0x00, 0x06, 0x06, 0x00, 0x80,
  0x01, 0x0c, 0x00, 0x80, 0xf8, 0x18, 0x00, 0x40, 0xfc, 0x13, 0x00, 0x40, 0x06, 0x23, 0x00, 0x60,
  0x02, 0x26, 0x00, 0x60, 0x02, 0x26, 0x00, 0x60, 0x02, 0x26, 0x00, 0x40, 0x02, 0x32, 0x00, 0x40,
  0x00, 0x10, 0x00, 0x80, 0x00, 0x18, 0x00, 0x00, 0x01, 0x0c, 0x00, 0x00, 0x0e, 0x03, 0x00, 0x00,
  0xf8, 0x00, 0x00, 0x00, 0x00, 0x00, 0x1c, 0x00, 0x00, 0x60, 0xbe, 0x01, 0x00, 0x20, 0xa2, 0x01,
  0x00, 0x20, 0xa3, 0x01, 0x00, 0x20, 0xa3, 0x01, 0x00, 0x60, 0x9b, 0x01, 0x00, 0xc0, 0xbf, 0x01,
  0x00, 0x00, 0x00, 0x00, 0x00, 0x00, 0x00, 0x00, 0x00, 0xc0, 0x01, 0x00, 0x00, 0xe0, 0x03, 0x00,
  0x00, 0x30, 0x07, 0x00, 0x00, 0x18, 0x0e, 0x00, 0x00, 0xc0, 0x00, 0x00, 0x00, 0xe0, 0x01, 0x00,
  0x00, 0x30, 0x03, 0x00, 0x00, 0x18, 0x06, 0x00, 0x00, 0x08, 0x0c, 0x00, 0x00, 0x00, 0x00, 0x00,
  0x00, 0x00, 0x00, 0x00, 0x30, 0x00, 0x00, 0x00, 0x30, 0x00, 0x00, 0x00, 0x30, 0x00, 0x00, 0x00,
  0x30, 0x00, 0x00, 0x00, 0x30, 0x00, 0x00, 0x00, 0x30, 0x00, 0x00, 0x00, 0x30, 0x00, 0x00, 0x00,
  0x30, 0x00, 0x00, 0x00, 0x30, 0x00, 0x00, 0x00, 0x30, 0x00, 0x00, 0x00, 0x30, 0x00, 0x00, 0x00,
  0xf0, 0x03, 0x00, 0x00, 0xf0, 0x07, 0x00, 0x00, 0x00, 0x00, 0x00, 0x80, 0x01, 0x00, 0x00, 0x80,
  0x01, 0x00, 0x00, 0x80, 0x01, 0x00, 0x00, 0x80, 0x01, 0x00, 0x00, 0x80, 0x01, 0x00, 0x00, 0x00,
  0x00, 0x00, 0x00, 0x00, 0x00, 0x00, 0x00, 0x00, 0x00, 0x00, 0xfc, 0x01, 0x00, 0x00, 0x06, 0x06,
  0x00, 0x80, 0x01, 0x0c, 0x00, 0x80, 0x00, 0x18, 0x00, 0x40, 0xfe, 0x13, 0x00, 0x40, 0xfe, 0x23,
  0x00, 0x60, 0x22, 0x20, 0x00, 0x60, 0x62, 0x20, 0x00, 0x60, 0xe2, 0x20, 0x00, 0x40, 0xbe, 0x33,
  0x00, 0x40, 0x08, 0x12, 0x00, 0x80, 0x00, 0x18, 0x00, 0x00, 0x01, 0x0c, 0x00, 0x00, 0x0e, 0x03,
  0x00, 0x00, 0xf8, 0x00, 0x00, 0x00, 0x00, 0x00, 0x00, 0x00, 0x00, 0x20, 0x00, 0x00, 0x00, 0x60,
  0x00, 0x00, 0x00, 0x60, 0x00, 0x00, 0x00, 0x60, 0x00, 0x00, 0x00, 0x60, 0x00, 0x00, 0x00, 0x60,
  0x00, 0x00, 0x00, 0x00, 0x00, 0x00, 0x00, 0x00, 0x80, 0x03, 0x00, 0x00, 0xe0, 0x0e, 0x00, 0x00,
  0x60, 0x0c, 0x00, 0x00, 0x20, 0x08, 0x00, 0x00, 0x60, 0x0c, 0x00, 0x00, 0xc0, 0x07, 0x00, 0x00,
  0x00, 0x00, 0x00, 0x00, 0x00, 0x00, 0x00, 0x30, 0x30, 0x00, 0x00, 0x30, 0x30, 0x00, 0x00, 0x30,
  0x30, 0x00, 0x00, 0x30, 0x30, 0x00, 0x00, 0x30, 0x30, 0x00, 0x00, 0x30, 0x30, 0x00, 0x00, 0xff,
  0x33, 0x00, 0x00, 0xff, 0x33, 0x00, 0x00, 0x30, 0x30, 0x00, 0x00, 0x30, 0x30, 0x00, 0x00, 0x30,
  0x30, 0x00, 0x00, 0x30, 0x30, 0x00, 0x00, 0x30, 0x30, 0x00, 0x00, 0x00, 0x00, 0x60, 0x60, 0x00,
  0x00, 0x20, 0x70, 0x00, 0x00, 0x20, 0x68, 0x00, 0x00, 0x20, 0x66, 0x00, 0x00, 0xe0, 0x63, 0x00,
  0x00, 0xc0, 0x61, 0x00, 0x00, 0x00, 0x00, 0x20, 0x20, 0x00, 0x00, 0x20, 0x60, 0x00, 0x00, 0x20,
  0x62, 0x00, 0x00, 0x20, 0x62, 0x00, 0x00, 0xe0, 0x37, 0x00, 0x00, 0xc0, 0x3d, 0x00, 0x00, 0x00,
  0x00, 0x00, 0x00, 0x00, 0x00, 0x00, 0x00, 0x00, 0x00, 0x00, 0x00, 0x00, 0x00, 0x80, 0x00, 0x00,
  0x00, 0xe0, 0x00, 0x00, 0x00, 0x30, 0x00, 0x00, 0x00, 0x10, 0x00, 0x00, 0x00, 0x00, 0x00, 0x00,
  0x00, 0x00, 0x00, 0xfe, 0xff, 0x07, 0x00, 0xfc, 0xff, 0x03, 0x00, 0x00, 0x30, 0x00, 0x00, 0x00,
  0x30, 0x00, 0x00, 0x00, 0x30, 0x00, 0x00, 0x00, 0x30, 0x00, 0x00, 0x00, 0x30, 0x00, 0x00, 0xfc,
  0x1f, 0x00, 0x00, 0xfe, 0x3f, 0x00, 0x00, 0x00, 0x30, 0x00, 0x00, 0x00, 0x20, 0x00, 0x00, 0x00,
  0x00, 0x00, 0x00, 0x00, 0x00, 0x80, 0x1f, 0x00, 0x00, 0xc0, 0x3f, 0x00, 0x00, 0xc0, 0x3f, 0x00,
  0x00, 0xe0, 0x7f, 0x00, 0x00, 0xe0, 0xff, 0xff, 0x00, 0xe0, 0xff, 0xff, 0x00, 0x60, 0x00, 0x00,
  0x00, 0xe0, 0xff, 0xff, 0x00, 0xe0, 0xff, 0xff, 0x00, 0x00, 0x00, 0x00, 0x00, 0x00, 0x00, 0x00,
  0x00, 0x60, 0x00, 0x00, 0x00, 0x60, 0x00, 0x00, 0x00, 0x00, 0x00, 0x00, 0x00, 0x00, 0x00, 0x00,
  0x00, 0x00, 0x00, 0x00, 0x00, 0x02, 0x00, 0x00, 0x00, 0x02, 0x00, 0x00, 0x40, 0x02, 0x00, 0x00,
  0x80, 0x03, 0x00, 0x00, 0x00, 0x00, 0x00, 0x00, 0x00, 0x00, 0x60, 0x60, 0x00, 0x00, 0x60, 0x60,
  0x00, 0x00, 0xe0, 0x7f, 0x00, 0x00, 0x00, 0x60, 0x00, 0x00, 0x00, 0x60, 0x00, 0x00, 0x00, 0x00,
  0x80, 0x0f, 0x00, 0x00, 0xc0, 0x9f, 0x01, 0x00, 0x60, 0xb0, 0x01, 0x00, 0x20, 0xa0, 0x01, 0x00,
  0x20, 0xa0, 0x01, 0x00, 0x60, 0xb0, 0x01, 0x00, 0xc0, 0x9f, 0x01, 0x00, 0x00, 0x07, 0x00, 0x00,
  0x00, 0x00, 0x00, 0x00, 0x00, 0x00, 0x00, 0x18, 0x0c, 0x00, 0x00, 0x30, 0x06, 0x00, 0x00, 0x60,
  0x03, 0x00, 0x00, 0xc0, 0x01, 0x00, 0x00, 0x88, 0x0c, 0x00, 0x00, 0x18, 0x06, 0x00, 0x00, 0x30,
  0x03, 0x00, 0x00, 0xe0, 0x01, 0x00, 0x00, 0xc0, 0x00, 0x00, 0x00, 0x00, 0x00, 0x00, 0x00, 0x00,
  0x60, 0x60, 0x00, 0x00, 0x60, 0x60, 0x00, 0x00, 0xe0, 0x7f, 0x00, 0x00, 0x00, 0x60, 0x30, 0x00,
  0x00, 0x60, 0x38, 0x00, 0x00, 0x00, 0x0e, 0x00, 0x00, 0x80, 0x03, 0x00, 0x00, 0xe0, 0x00, 0x00,
  0x00, 0x38, 0x00, 0x00, 0x00, 0x0e, 0x00, 0x00, 0x00, 0x07, 0x04, 0x00, 0xc0, 0x01, 0x07, 0x00,
  0x60, 0x80, 0x05, 0x00, 0x00, 0x60, 0x04, 0x00, 0x00, 0x30, 0x0c, 0x00, 0x00, 0xf0, 0x3f, 0x00,
  0x00, 0x00, 0x04, 0x00, 0x00, 0x00, 0x00, 0x00, 0x00, 0x00, 0x00, 0x60, 0x60, 0x00, 0x00, 0x60,
  0x60, 0x00, 0x00, 0xe0, 0x7f, 0x00, 0x00, 0x00, 0x60, 0x30, 0x00, 0x00, 0x60, 0x38, 0x00, 0x00,
  0x00, 0x0e, 0x00, 0x00, 0x80, 0x03, 0x00, 0x00, 0xe0, 0x00, 0x00, 0x00, 0x38, 0x00, 0x00, 0x00,
  0x0e, 0x00, 0x00, 0x00, 0x07, 0x00, 0x00, 0xc0, 0x31, 0x38, 0x00, 0x60, 0x10, 0x3c, 0x00, 0x00,
  0x10, 0x36, 0x00, 0x00, 0x30, 0x33, 0x00, 0x00, 0xe0, 0x31, 0x00, 0x00, 0x40, 0x10, 0x00, 0x00,
  0x00, 0x00, 0x20, 0x20, 0x00, 0x00, 0x20, 0x60, 0x00, 0x00, 0x20, 0x62, 0x00, 0x00, 0x20, 0x62,
  0x00, 0x00, 0xe0, 0x37, 0x30, 0x00, 0xc0, 0x3d, 0x38, 0x00, 0x00, 0x00, 0x0e, 0x00, 0x00, 0x80,
  0x03, 0x00, 0x00, 0xe0, 0x00, 0x00, 0x00, 0x38, 0x00, 0x00, 0x00, 0x0e, 0x00, 0x00, 0x00, 0x07,
  0x04, 0x00, 0xc0, 0x01, 0x07, 0x00, 0x60, 0x80, 0x05, 0x00, 0x00, 0x60, 0x04, 0x00, 0x00, 0x30,
  0x0c, 0x00, 0x00, 0xf0, 0x3f, 0x00, 0x00, 0x00, 0x04, 0x00, 0x00, 0x00, 0x00, 0x00, 0x00, 0x40,
  0x00, 0x00, 0x00, 0xf0, 0x01, 0x00, 0x00, 0xf8, 0x03, 0x00, 0x00, 0x0c, 0x03, 0x00, 0xce, 0x07,
  0x02, 0x00, 0xce, 0x03, 0x02, 0x00, 0x00, 0x00, 0x03, 0x00, 0x00, 0x00, 0x03, 0x00, 0x00, 0x00,
  0x01, 0x00, 0x00, 0x20, 0x00, 0x00, 0x00, 0x3c, 0x00, 0x00, 0x80, 0x1f, 0x00, 0x00, 0xf0, 0x03,
  0x00, 0x00, 0xfe, 0x03, 0x00, 0xc2, 0x0f, 0x03, 0x00, 0xe6, 0x01, 0x03, 0x00, 0xec, 0x01, 0x03,
  0x00, 0xc0, 0x0f, 0x03, 0x00, 0x00, 0x7e, 0x03, 0x00, 0x00, 0xf0, 0x03, 0x00, 0x00, 0x80, 0x1f,
  0x00, 0x00, 0x00, 0x3c, 0x00, 0x00, 0x00, 0x20, 0x00, 0x00, 0x20, 0x00, 0x00, 0x00, 0x3c, 0x00,
  0x00, 0x80, 0x1f, 0x00, 0x00, 0xf0, 0x03, 0x00, 0x00, 0xfe, 0x03, 0x00, 0xc0, 0x0f, 0x03, 0x00,
  0xe8, 0x01, 0x03, 0x00, 0xe6, 0x01, 0x03, 0x00, 0xc2, 0x0f, 0x03, 0x00, 0x00, 0x7e, 0x03, 0x00,
  0x00, 0xf0, 0x03, 0x00, 0x00, 0x80, 0x1f, 0x00, 0x00, 0x00, 0x3c, 0x00, 0x00, 0x00, 0x20, 0x00,
  0x00, 0x20, 0x00, 0x00, 0x00, 0x3c, 0x00, 0x00, 0x80, 0x1f, 0x00, 0x00, 0xf0, 0x03, 0x00, 0x08,
  0xfe, 0x03, 0x00, 0xcc, 0x0f, 0x03, 0x00, 0xe6, 0x01, 0x03, 0x00, 0xe2, 0x01, 0x03, 0x00, 0xc4,
  0x0f, 0x03, 0x00, 0x08, 0x7e, 0x03, 0x00, 0x00, 0xf0, 0x03, 0x00, 0x00, 0x80, 0x1f, 0x00, 0x00,
  0x00, 0x3c, 0x00, 0x00, 0x00, 0x20, 0x00, 0x00, 0x20, 0x00, 0x00, 0x00, 0x3c, 0x00, 0x00, 0x80,
  0x1f, 0x00, 0x00, 0xf0, 0x03, 0x00, 0x04, 0xfe, 0x03, 0x00, 0xc6, 0x0f, 0x03, 0x00, 0xe6, 0x01,
  0x03, 0x00, 0xe4, 0x01, 0x03, 0x00, 0xc4, 0x0f, 0x03, 0x00, 0x06, 0x7e, 0x03, 0x00, 0x00, 0xf0,
  0x03, 0x00, 0x00, 0x80, 0x1f, 0x00, 0x00, 0x00, 0x3c, 0x00, 0x00, 0x00, 0x20, 0x00, 0x00, 0x20,
  0x00, 0x00, 0x00, 0x3c, 0x00, 0x00, 0x80, 0x1f, 0x00, 0x00, 0xf0, 0x03, 0x00, 0x06, 0xfe, 0x03,
  0x00, 0xc6, 0x0f, 0x03, 0x00, 0xe0, 0x01, 0x03, 0x00, 0xe0, 0x01, 0x03, 0x00, 0xc6, 0x0f, 0x03,
  0x00, 0x06, 0x7e, 0x03, 0x00, 0x00, 0xf0, 0x03, 0x00, 0x00, 0x80, 0x1f, 0x00, 0x00, 0x00, 0x3c,
  0x00, 0x00, 0x00, 0x20, 0x00, 0x00, 0x20, 0x00, 0x00, 0x00, 0x3c, 0x00, 0x00, 0x80, 0x1f, 0x00,
  0x00, 0xf0, 0x03, 0x00, 0x18, 0xfe, 0x03, 0x00, 0xfe, 0x0f, 0x03, 0x00, 0xe2, 0x01, 0x03, 0x00,
  0xe2, 0x01, 0x03, 0x00, 0xf6, 0x0f, 0x03, 0x00, 0x1c, 0x7e, 0x03, 0x00, 0x00, 0xf0, 0x03, 0x00,
  0x00, 0x80, 0x1f, 0x00, 0x00, 0x00, 0x3c, 0x00, 0x00, 0x00, 0x20, 0x00, 0x00, 0x20, 0x00, 0x00,
  0x00, 0x3c, 0x00, 0x00, 0x00, 0x1f, 0x00, 0x00, 0xe0, 0x03, 0x00, 0x00, 0xfc, 0x03, 0x00, 0x00,
  0x1f, 0x03, 0x00, 0xe0, 0x03, 0x03, 0x00, 0xe0, 0x00, 0x03, 0x00, 0x60, 0x00, 0x03, 0x00, 0xe0,
  0xff, 0x3f, 0x00, 0xe0, 0xff, 0x3f, 0x00, 0x60, 0x30, 0x30, 0x00, 0x60, 0x30, 0x30, 0x00, 0x60,
  0x30, 0x30, 0x00, 0x60, 0x30, 0x30, 0x00, 0x60, 0x30, 0x30, 0x00, 0x60, 0x30, 0x30, 0x00, 0x60,
  0x30, 0x30, 0x00, 0x40, 0x00, 0x30, 0x00, 0x00, 0x00, 0x00, 0x00, 0xf8, 0x01, 0x00, 0x00, 0xff,
  0x07, 0x00, 0x80, 0x0f, 0x0f, 0x00, 0xc0, 0x01, 0x1c, 0x00, 0xc0, 0x00, 0x38, 0x00, 0x60, 0x00,
  0x30, 0x02, 0x60, 0x00, 0x30, 0x02, 0x60, 0x00, 0x70, 0x02, 0x60, 0x00, 0xf0, 0x03, 0x60, 0x00,
  0x30, 0x00, 0xc0, 0x00, 0x30, 0x00, 0xc0, 0x00, 0x18, 0x00, 0x00, 0x00, 0x00, 0x00, 0x00, 0x00,
  0x00, 0xe0, 0xff, 0x3f, 0x00, 0xe0, 0xff, 0x3f, 0x00, 0x60, 0x30, 0x30, 0x00, 0x62, 0x30, 0x30,
  0x00, 0x6e, 0x30, 0x30, 0x00, 0x68, 0x30, 0x30, 0x00, 0x60, 0x30, 0x30, 0x00, 0x60, 0x30, 0x30,
  0x00, 0x60, 0x30, 0x30, 0x00, 0x40, 0x00, 0x30, 0x00, 0x00, 0x00, 0x00, 0x00, 0x00, 0x00, 0x00,
  0xe0, 0xff, 0x3f, 0x00, 0xe0, 0xff, 0x3f, 0x00, 0x60, 0x30, 0x30, 0x00, 0x60, 0x30, 0x30, 0x00,
  0x6c, 0x30, 0x30, 0x00, 0x66, 0x30, 0x30, 0x00, 0x62, 0x30, 0x30, 0x00, 0x60, 0x30, 0x30, 0x00,
  0x60, 0x30, 0x30, 0x00, 0x40, 0x00, 0x30, 0x00, 0x00, 0x00, 0x00, 0x00, 0x00, 0x00, 0x00, 0xe0,
  0xff, 0x3f, 0x00, 0xe0, 0xff, 0x3f, 0x00, 0x68, 0x30, 0x30, 0x00, 0x66, 0x30, 0x30, 0x00, 0x62,
  0x30, 0x30, 0x00, 0x66, 0x30, 0x30, 0x00, 0x6c, 0x30, 0x30, 0x00, 0x60, 0x30, 0x30, 0x00, 0x60,
  0x30, 0x30, 0x00, 0x40, 0x00, 0x30, 0x00, 0x00, 0x00, 0x00, 0x00, 0x00, 0x00, 0x00, 0xe0, 0xff,
  0x3f, 0x00, 0xe0, 0xff, 0x3f, 0x00, 0x66, 0x30, 0x30, 0x00, 0x66, 0x30, 0x30, 0x00, 0x60, 0x30,
  0x30, 0x00, 0x60, 0x30, 0x30, 0x00, 0x66, 0x30, 0x30, 0x00, 0x66, 0x30, 0x30, 0x00, 0x60, 0x30,
  0x30, 0x00, 0x40, 0x00, 0x30, 0x00, 0x00, 0x00, 0x00, 0x02, 0x00, 0x00, 0x00, 0xe6, 0xff, 0x3f,
  0x00, 0xec, 0xff, 0x3f, 0x00, 0x00, 0x00, 0x00, 0x00, 0x00, 0x00, 0x00, 0xe8, 0xff, 0x3f, 0x00,
  0xe6, 0xff, 0x3f, 0x00, 0x02, 0x08, 0x00, 0x00, 0x00, 0x0c, 0x00, 0x00, 0x00, 0xe6, 0xff, 0x3f,
  0x00, 0xe2, 0xff, 0x3f, 0x00, 0x04, 0x00, 0x00, 0x00, 0x08, 0x06, 0x00, 0x00, 0x00, 0x06, 0x00,
  0x00, 0x00, 0xe0, 0xff, 0x3f, 0x00, 0xe0, 0xff, 0x3f, 0x00, 0x06, 0x00, 0x00, 0x00, 0x06, 0x00,
  0x20, 0x00, 0x00, 0x00, 0x20, 0x00, 0x00, 0xe0, 0xff, 0x3f, 0x00, 0xe0, 0xff, 0x3f, 0x00, 0x60,
  0x30, 0x30, 0x00, 0x60, 0x20, 0x30, 0x00, 0x60, 0x20, 0x30, 0x00, 0x60, 0x20, 0x30, 0x00, 0x60,
  0x00, 0x30, 0x00, 0xc0, 0x00, 0x30, 0x00, 0xc0, 0x00, 0x18, 0x00, 0xc0, 0x01, 0x1c, 0x00, 0x80,
  0x0f, 0x0f, 0x00, 0x00, 0xff, 0x07, 0x00, 0x00, 0xf8, 0x00, 0x00, 0x00, 0x00, 0x00, 0x00, 0x00,
  0x00, 0xe0, 0xff, 0x3f, 0x00, 0xe0, 0xff, 0x3f, 0x00, 0xe0, 0x01, 0x00, 0x00, 0x86, 0x07, 0x00,
  0x00, 0x02, 0x1e, 0x00, 0x00, 0x06, 0x78, 0x00, 0x00, 0x04, 0xe0, 0x01, 0x00, 0x04, 0x80, 0x07,
  0x00, 0x06, 0x00, 0x3e, 0x00, 0xc0, 0xff, 0x3f, 0x00, 0xe0, 0xff, 0x3f, 0x00, 0x00, 0x00, 0x00,
  0x00, 0xf8, 0x01, 0x00, 0x00, 0xff, 0x07, 0x00, 0x80, 0x0f, 0x0f, 0x00, 0xc0, 0x01, 0x1c, 0x00,
  0xe0, 0x00, 0x30, 0x00, 0x62, 0x00, 0x30, 0x00, 0x66, 0x00, 0x30, 0x00, 0x6c, 0x00, 0x30, 0x00,
  0x60, 0x00, 0x30, 0x00, 0x60, 0x00, 0x30, 0x00, 0xc0, 0x00, 0x18, 0x00, 0x80, 0x03, 0x1e, 0x00,
  0x00, 0xff, 0x0f, 0x00, 0x00, 0xfc, 0x03, 0x00, 0x00, 0x00, 0x00, 0x00, 0xf8, 0x01, 0x00, 0x00,
  0xff, 0x07, 0x00, 0x80, 0x0f, 0x0f, 0x00, 0xc0, 0x01, 0x1c, 0x00, 0xe0, 0x00, 0x30, 0x00, 0x60,
  0x00, 0x30, 0x00, 0x68, 0x00, 0x30, 0x00, 0x66, 0x00, 0x30, 0x00, 0x62, 0x00, 0x30, 0x00, 0x60,
  0x00, 0x30, 0x00, 0xc0, 0x00, 0x18, 0x00, 0x80, 0x03, 0x1e, 0x00, 0x00, 0xff, 0x0f, 0x00, 0x00,
  0xfc, 0x03, 0x00, 0x00, 0x00, 0x00, 0x00, 0xf8, 0x01, 0x00, 0x00, 0xff, 0x07, 0x00, 0x80, 0x0f,
  0x0f, 0x00, 0xc0, 0x01, 0x1c, 0x00, 0xe8, 0x00, 0x30, 0x00, 0x6c, 0x00, 0x30, 0x00, 0x66, 0x00,
  0x30, 0x00, 0x62, 0x00, 0x30, 0x00, 0x66, 0x00, 0x30, 0x00, 0x68, 0x00, 0x30, 0x00, 0xc0, 0x00,
  0x18, 0x00, 0x80, 0x03, 0x1e, 0x00, 0x00, 0xff, 0x0f, 0x00, 0x00, 0xfc, 0x03, 0x00, 0x00, 0x00,
  0x00, 0x00, 0xf8, 0x01, 0x00, 0x00, 0xff, 0x07, 0x00, 0x80, 0x0f, 0x0f, 0x00, 0xc0, 0x01, 0x1c,
  0x00, 0xe4, 0x00, 0x30, 0x00, 0x66, 0x00, 0x30, 0x00, 0x66, 0x00, 0x30, 0x00, 0x64, 0x00, 0x30,
  0x00, 0x64, 0x00, 0x30, 0x00, 0x66, 0x00, 0x30, 0x00, 0xc0, 0x00, 0x18, 0x00, 0x80, 0x03, 0x1e,
  0x00, 0x00, 0xff, 0x0f, 0x00, 0x00, 0xfc, 0x03, 0x00, 0x00, 0x00, 0x00, 0x00, 0xf8, 0x01, 0x00,
  0x00, 0xff, 0x07, 0x00, 0x80, 0x0f, 0x0f, 0x00, 0xc0, 0x01, 0x1c, 0x00, 0xe6, 0x00, 0x30, 0x00,
  0x66, 0x00, 0x30, 0x00, 0x60, 0x00, 0x30, 0x00, 0x60, 0x00, 0x30, 0x00, 0x66, 0x00, 0x30, 0x00,
  0x66, 0x00, 0x30, 0x00, 0xc0, 0x00, 0x18, 0x00, 0x80, 0x03, 0x1e, 0x00, 0x00, 0xff, 0x0f, 0x00,
  0x00, 0xfc, 0x03, 0x00, 0x00, 0x00, 0x00, 0x00, 0x00, 0x00, 0x00, 0x00, 0x00, 0x00, 0x00, 0x00,
  0x02, 0x18, 0x00, 0x00, 0x06, 0x1c, 0x00, 0x00, 0x1c, 0x0e, 0x00, 0x00, 0x38, 0x07, 0x00, 0x00,
  0xf0, 0x01, 0x00, 0x00, 0xe0, 0x00, 0x00, 0x00, 0xe0, 0x01, 0x00, 0x00, 0xb8, 0x03, 0x00, 0x00,
  0x1c, 0x06, 0x00, 0x00, 0x0e, 0x0c, 0x00, 0x00, 0x06, 0x18, 0x00, 0x00, 0x00, 0x00, 0x00, 0xf8,
  0x21, 0x00, 0x00, 0xff, 0x37, 0x00, 0x80, 0x0f, 0x1f, 0x00, 0xc0, 0x01, 0x1e, 0x00, 0xe0, 0x00,
  0x33, 0x00, 0x60, 0x80, 0x31, 0x00, 0x60, 0xe0, 0x30, 0x00, 0x60, 0x30, 0x30, 0x00, 0x60, 0x18,
  0x30, 0x00, 0xe0, 0x0e, 0x30, 0x00, 0xc0, 0x03, 0x18, 0x00, 0xc0, 0x03, 0x1e, 0x00, 0xe0, 0xff,
  0x0f, 0x00, 0x20, 0xfc, 0x03, 0x00, 0x00, 0x00, 0x00, 0x00, 0x00, 0x00, 0x00, 0xe0, 0xff, 0x07,
  0x00, 0xe0, 0xff, 0x1f, 0x00, 0x00, 0x00, 0x38, 0x00, 0x00, 0x00, 0x30, 0x00, 0x06, 0x00, 0x30,
  0x00, 0x0c, 0x00, 0x30, 0x00, 0x08, 0x00, 0x30, 0x00, 0x00, 0x00, 0x30, 0x00, 0x00, 0x00, 0x38,
  0x00, 0xe0, 0xff, 0x1f, 0x00, 0xe0, 0xff, 0x0f, 0x00, 0x00, 0x00, 0x00, 0x00, 0x00, 0x00, 0x00,
  0xe0, 0xff, 0x07, 0x00, 0xe0, 0xff, 0x1f, 0x00, 0x00, 0x00, 0x38, 0x00, 0x00, 0x00, 0x30, 0x00,
  0x00, 0x00, 0x30, 0x00, 0x0c, 0x00, 0x30, 0x00, 0x06, 0x00, 0x30, 0x00, 0x02, 0x00, 0x30, 0x00,
  0x00, 0x00, 0x38, 0x00, 0xe0, 0xff, 0x1f, 0x00, 0xe0, 0xff, 0x0f, 0x00, 0x00, 0x00, 0x00, 0x00,
  0x00, 0x00, 0x00, 0xe0, 0xff, 0x07, 0x00, 0xe0, 0xff, 0x1f, 0x00, 0x00, 0x00, 0x38, 0x00, 0x0c,
  0x00, 0x30, 0x00, 0x06, 0x00, 0x30, 0x00, 0x02, 0x00, 0x30, 0x00, 0x06, 0x00, 0x30, 0x00, 0x0c,
  0x00, 0x30, 0x00, 0x00, 0x00, 0x38, 0x00, 0xe0, 0xff, 0x1f, 0x00, 0xe0, 0xff, 0x0f, 0x00, 0x00,
  0x00, 0x00, 0x00, 0x00, 0x00, 0x00, 0xe0, 0xff, 0x07, 0x00, 0xe0, 0xff, 0x1f, 0x00, 0x00, 0x00,
  0x38, 0x00, 0x06, 0x00, 0x30, 0x00, 0x06, 0x00, 0x30, 0x00, 0x00, 0x00, 0x30, 0x00, 0x00, 0x00,
  0x30, 0x00, 0x06, 0x00, 0x30, 0x00, 0x04, 0x00, 0x38, 0x00, 0xe0, 0xff, 0x1f, 0x00, 0xe0, 0xff,
  0x0f, 0x20, 0x00, 0x00, 0x00, 0xe0, 0x00, 0x00, 0x00, 0xc0, 0x01, 0x00, 0x00, 0x80, 0x07, 0x00,
  0x00, 0x00, 0x1e, 0x00, 0x00, 0x08, 0xf8, 0x3f, 0x00, 0x0e, 0xf0, 0x3f, 0x00, 0x06, 0x3c, 0x00,
  0x00, 0x00, 0x0e, 0x00, 0x00, 0x80, 0x03, 0x00, 0x00, 0xe0, 0x01, 0x00, 0x00, 0x60, 0x00, 0x00,
  0x00, 0x00, 0x00, 0x00, 0x00, 0x00, 0xe0, 0xff, 0x3f, 0x00, 0xe0, 0xff, 0x3f, 0x00, 0x00, 0x03,
  0x03, 0x00, 0x00, 0x03, 0x03, 0x00, 0x00, 0x03, 0x03, 0x00, 0x00, 0x03, 0x03, 0x00, 0x00, 0x07,
  0x03, 0x00, 0x00, 0xce, 0x03, 0x00, 0x00, 0xfc, 0x01, 0x00, 0x00, 0x78, 0x00, 0x00, 0x00, 0x00,
  0x00, 0x00, 0x00, 0x00, 0x80, 0xff, 0x3f, 0x00, 0xe0, 0xff, 0x3f, 0x00, 0x60, 0x00, 0x00, 0x00,
  0x20, 0x00, 0x30, 0x00, 0x20, 0x3c, 0x30, 0x00, 0x20, 0x7e, 0x20, 0x00, 0x60, 0xc2, 0x30, 0x00,
  0xc0, 0xc3, 0x31, 0x00, 0x80, 0x83, 0x3f, 0x00, 0x00, 0x00, 0x1f, 0x00, 0x00, 0x00, 0x00, 0x00,
  0x00, 0x0e, 0x00, 0x00, 0x8c, 0x1f, 0x00, 0x10, 0x84, 0x31, 0x00, 0x30, 0xc6, 0x30, 0x00, 0x60,
  0xc6, 0x20, 0x00, 0xc0, 0xc6, 0x30, 0x00, 0x00, 0xc6, 0x30, 0x00, 0x00, 0xcc, 0x1c, 0x00, 0x00,
  0xf8, 0x3f, 0x00, 0x00, 0xf0, 0x3f, 0x00, 0x00, 0x00, 0x00, 0x00, 0x00, 0x0e, 0x00, 0x00, 0x8c,
  0x1f, 0x00, 0x00, 0x84, 0x31, 0x00, 0x00, 0xc6, 0x30, 0x00, 0xc0, 0xc6, 0x20, 0x00, 0x60, 0xc6,
  0x30, 0x00, 0x30, 0xc6, 0x30, 0x00, 0x10, 0xcc, 0x1c, 0x00, 0x00, 0xf8, 0x3f, 0x00, 0x00, 0xf0,
  0x3f, 0x00, 0x00, 0x00, 0x00, 0x00, 0x00, 0x0e, 0x00, 0x00, 0x8c, 0x1f, 0x00, 0x80, 0x84, 0x31,
  0x00, 0x60, 0xc6, 0x30, 0x00, 0x30, 0xc6, 0x20, 0x00, 0x30, 0xc6, 0x30, 0x00, 0x60, 0xc6, 0x30,
  0x00, 0x80, 0xcc, 0x1c, 0x00, 0x00, 0xf8, 0x3f, 0x00, 0x00, 0xf0, 0x3f, 0x00, 0x00, 0x00, 0x00,
  0x00, 0x00, 0x0e, 0x00, 0x00, 0x8c, 0x1f, 0x00, 0x60, 0x84, 0x31, 0x00, 0x30, 0xc6, 0x30, 0x00,
  0x30, 0xc6, 0x20, 0x00, 0x60, 0xc6, 0x30, 0x00, 0x40, 0xc6, 0x30, 0x00, 0x70, 0xcc, 0x1c, 0x00,
  0x00, 0xf8, 0x3f, 0x00, 0x00, 0xf0, 0x3f, 0x00, 0x00, 0x00, 0x00, 0x00, 0x00, 0x0e, 0x00, 0x00,
  0x8c, 0x1f, 0x00, 0x60, 0x84, 0x31, 0x00, 0x60, 0xc6, 0x30, 0x00, 0x00, 0xc6, 0x20, 0x00, 0x00,
  0xc6, 0x30, 0x00, 0x60, 0xc6, 0x30, 0x00, 0x60, 0xcc, 0x1c, 0x00, 0x00, 0xf8, 0x3f, 0x00, 0x00,
  0xf0, 0x3f, 0x00, 0x00, 0x00, 0x00, 0x00, 0x00, 0x0e, 0x00, 0x00, 0x8c, 0x1f, 0x00, 0x30, 0x84,
  0x31, 0x00, 0x7c, 0xc6, 0x30, 0x00, 0xc4, 0xc6, 0x20, 0x00, 0xc4, 0xc6, 0x30, 0x00, 0x7c, 0xc6,
  0x30, 0x00, 0x30, 0xcc, 0x1c, 0x00, 0x00, 0xf8, 0x3f, 0x00, 0x00, 0xf0, 0x3f, 0x00, 0x00, 0x00,
  0x00, 0x00, 0x00, 0x0e, 0x00, 0x00, 0x8c, 0x1f, 0x00, 0x00, 0x84, 0x31, 0x00, 0x00, 0xc6, 0x30,
  0x00, 0x00, 0xc6, 0x20, 0x00, 0x00, 0xc6, 0x30, 0x00, 0x00, 0xc6, 0x30, 0x00, 0x00, 0xcc, 0x1c,
  0x00, 0x00, 0xf8, 0x0f, 0x00, 0x00, 0xf8, 0x1f, 0x00, 0x00, 0x8c, 0x38, 0x00, 0x00, 0x86, 0x30,
  0x00, 0x00, 0x86, 0x30, 0x00, 0x00, 0x86, 0x20, 0x00, 0x00, 0x86, 0x20, 0x00, 0x00, 0x8c, 0x30,
  0x00, 0x00, 0xfc, 0x30, 0x00, 0x00, 0xf0, 0x10, 0x00, 0x00, 0x00, 0x00, 0x00, 0xe0, 0x03, 0x00,
  0x00, 0xf8, 0x0f, 0x00, 0x00, 0x1c, 0x1c, 0x00, 0x00, 0x0c, 0x30, 0x02, 0x00, 0x06, 0x30, 0x02,
  0x00, 0x06, 0x60, 0x02, 0x00, 0x06, 0xf0, 0x03, 0x00, 0x06, 0x30, 0x01, 0x00, 0x0c, 0x30, 0x00,
  0x00, 0x00, 0x00, 0x00, 0xe0, 0x03, 0x00, 0x00, 0xf8, 0x0f, 0x00, 0x00, 0xdc, 0x1c, 0x00, 0x10,
  0x8c, 0x30, 0x00, 0x70, 0x86, 0x30, 0x00, 0xc0, 0x86, 0x20, 0x00, 0x80, 0x86, 0x20, 0x00, 0x00,
  0x8e, 0x30, 0x00, 0x00, 0xdc, 0x30, 0x00, 0x00, 0xf8, 0x30, 0x00, 0x00, 0xc0, 0x00, 0x00, 0x00,
  0x00, 0x00, 0xe0, 0x03, 0x00, 0x00, 0xf8, 0x0f, 0x00, 0x00, 0xdc, 0x1c, 0x00, 0x00, 0x8c, 0x30,
  0x00, 0x00, 0x86, 0x30, 0x00, 0xc0, 0x86, 0x20, 0x00, 0x70, 0x86, 0x20, 0x00, 0x30, 0x8e, 0x30,
  0x00, 0x00, 0xdc, 0x30, 0x00, 0x00, 0xf8, 0x30, 0x00, 0x00, 0xc0, 0x00, 0x00, 0x00, 0x00, 0x00,
  0xe0, 0x03, 0x00, 0x00, 0xf8, 0x0f, 0x00, 0x00, 0xdc, 0x1c, 0x00, 0xc0, 0x8c, 0x30, 0x00, 0x70,
  0x86, 0x30, 0x00, 0x10, 0x86, 0x20, 0x00, 0x30, 0x86, 0x20, 0x00, 0xc0, 0x8e, 0x30, 0x00, 0x00,
  0xdc, 0x30, 0x00, 0x00, 0xf8, 0x30, 0x00, 0x00, 0xc0, 0x00, 0x00, 0x00, 0x00, 0x00, 0xe0, 0x03,
  0x00, 0x00, 0xf8, 0x0f, 0x00, 0x00, 0xdc, 0x1c, 0x00, 0x60, 0x8c, 0x30, 0x00, 0x60, 0x86, 0x30,
  0x00, 0x00, 0x86, 0x20, 0x00, 0x00, 0x86, 0x20, 0x00, 0x60, 0x8e, 0x30, 0x00, 0x20, 0xdc, 0x30,
  0x00, 0x00, 0xf8, 0x30, 0x00, 0x00, 0xc0, 0x10, 0x00, 0x00, 0x00, 0x30, 0x00, 0x00, 0x00, 0x60,
  0xfe, 0x3f, 0x00, 0x80, 0xfc, 0x3f, 0x00, 0x00, 0x00, 0x00, 0x00, 0x00, 0x00, 0x00, 0xc0, 0xfe,
  0x3f, 0x00, 0x60, 0xfc, 0x3f, 0x00, 0x30, 0x00, 0x00, 0x00, 0x10, 0xc0, 0x00, 0x00, 0x00, 0x60,
  0x00, 0x00, 0x00, 0x30, 0xfe, 0x3f, 0x00, 0x30, 0xfc, 0x3f, 0x00, 0x60, 0x00, 0x00, 0x00, 0x80,
  0x60, 0x00, 0x00, 0x00, 0x60, 0x00, 0x00, 0x00, 0x00, 0xfe, 0x3f, 0x00, 0x00, 0xfc, 0x3f, 0x00,
  0x60, 0x00, 0x00, 0x00, 0x60, 0x00, 0x00, 0x00, 0x00, 0x00, 0xe0, 0x03, 0x00, 0x00, 0xf1, 0x0f,
  0x00, 0x80, 0x39, 0x1c, 0x00, 0xa0, 0x0c, 0x30, 0x00, 0xe0, 0x0c, 0x30, 0x00, 0xc0, 0x05, 0x20,
  0x00, 0xc0, 0x07, 0x30, 0x00, 0x40, 0x0f, 0x30, 0x00, 0x20, 0x7c, 0x1f, 0x00, 0x00, 0xf8, 0x0f,
  0x00, 0x00, 0x00, 0x00, 0x00, 0x00, 0x00, 0x00, 0x00, 0xfe, 0x3f, 0x00, 0x40, 0xfc, 0x3f, 0x00,
  0x70, 0x0c, 0x00, 0x00, 0x30, 0x04, 0x00, 0x00, 0x20, 0x06, 0x00, 0x00, 0x40, 0x06, 0x00, 0x00,
  0x60, 0x0e, 0x00, 0x00, 0x30, 0xfc, 0x3f, 0x00, 0x00, 0xf8, 0x3f, 0x00, 0x00, 0x00, 0x00, 0x00,
  0xe0, 0x03, 0x00, 0x00, 0xf8, 0x1f, 0x00, 0x00, 0x1c, 0x1c, 0x00, 0x30, 0x0e, 0x30, 0x00, 0x60,
  0x06, 0x30, 0x00, 0xc0, 0x06, 0x20, 0x00, 0x00, 0x06, 0x30, 0x00, 0x00, 0x0c, 0x38, 0x00, 0x00,
  0x7c, 0x1f, 0x00, 0x00, 0xf8, 0x0f, 0x00, 0x00, 0x80, 0x00, 0x00, 0x00, 0x00, 0x00, 0xe0, 0x03,
  0x00, 0x00, 0xf8, 0x1f, 0x00, 0x00, 0x1c, 0x1c, 0x00, 0x00, 0x0e, 0x30, 0x00, 0x80, 0x06, 0x30,
  0x00, 0xe0, 0x06, 0x20, 0x00, 0x70, 0x06, 0x30, 0x00, 0x10, 0x0c, 0x38, 0x00, 0x00, 0x7c, 0x1f,
  0x00, 0x00, 0xf8, 0x0f, 0x00, 0x00, 0x80, 0x00, 0x00, 0x00, 0x00, 0x00, 0xe0, 0x03, 0x00, 0x00,
  0xf8, 0x1f, 0x00, 0x80, 0x1c, 0x1c, 0x00, 0xe0, 0x0e, 0x30, 0x00, 0x30, 0x06, 0x30, 0x00, 0x10,
  0x06, 0x20, 0x00, 0x70, 0x06, 0x30, 0x00, 0xc0, 0x0c, 0x38, 0x00, 0x00, 0x7c, 0x1f, 0x00, 0x00,
  0xf8, 0x0f, 0x00, 0x00, 0x80, 0x00, 0x00, 0x00, 0x00, 0x00, 0xe0, 0x03, 0x00, 0x00, 0xf8, 0x1f,
  0x00, 0x60, 0x1c, 0x1c, 0x00, 0x30, 0x0e, 0x30, 0x00, 0x30, 0x06, 0x30, 0x00, 0x60, 0x06, 0x20,
  0x00, 0x40, 0x06, 0x30, 0x00, 0x70, 0x0c, 0x38, 0x00, 0x10, 0x7c, 0x1f, 0x00, 0x00, 0xf8, 0x0f,
  0x00, 0x00, 0x80, 0x00, 0x00, 0x00, 0x00, 0x00, 0xe0, 0x03, 0x00, 0x00, 0xf8, 0x1f, 0x00, 0x60,
  0x1c, 0x1c, 0x00, 0x60, 0x0e, 0x30, 0x00, 0x00, 0x06, 0x30, 0x00, 0x00, 0x06, 0x20, 0x00, 0x60,
  0x06, 0x30, 0x00, 0x60, 0x0c, 0x38, 0x00, 0x00, 0x7c, 0x1f, 0x00, 0x00, 0xf8, 0x0f, 0x00, 0x00,
  0x80, 0x00, 0x00, 0x00, 0x00, 0x00, 0x00, 0x00, 0x00, 0x00, 0xc0, 0x00, 0x00, 0x00, 0xc0, 0x00,
  0x00, 0x00, 0xc0, 0x00, 0x00, 0x00, 0xc0, 0x00, 0x00, 0x00, 0xc0, 0x00, 0x00, 0x00, 0xcc, 0x0c,
  0x00, 0x00, 0xce, 0x0c, 0x00, 0x00, 0xce, 0x0c, 0x00, 0x00, 0xc0, 0x00, 0x00, 0x00, 0xc0, 0x00,
  0x00, 0x00, 0xc0, 0x00, 0x00, 0x00, 0xc0, 0x00, 0x00, 0x00, 0xc0, 0x00, 0x00, 0x00, 0x00, 0x00,
  0xe0, 0x63, 0x00, 0x00, 0xf8, 0x3f, 0x00, 0x00, 0x1c, 0x1c, 0x00, 0x00, 0x0e, 0x36, 0x00, 0x00,
  0x06, 0x33, 0x00, 0x00, 0xc6, 0x21, 0x00, 0x00, 0x66, 0x30, 0x00, 0x00, 0x3c, 0x38, 0x00, 0x00,
  0x7c, 0x1f, 0x00, 0x00, 0xfe, 0x0f, 0x00, 0x00, 0x82, 0x00, 0x00, 0x00, 0x00, 0x00, 0x00, 0x00,
  0x00, 0x00, 0xfe, 0x1f, 0x00, 0x00, 0xfc, 0x3f, 0x00, 0x30, 0x00, 0x30, 0x00, 0x70, 0x00, 0x30,
  0x00, 0xc0, 0x00, 0x30, 0x00, 0x00, 0x00, 0x30, 0x00, 0x00, 0x00, 0x18, 0x00, 0x00, 0xfc, 0x3f,
  0x00, 0x00, 0xfe, 0x3f, 0x00, 0x00, 0x00, 0x00, 0x00, 0x00, 0x00, 0x00, 0x00, 0xfe, 0x1f, 0x00,
  0x00, 0xfc, 0x3f, 0x00, 0x00, 0x00, 0x30, 0x00, 0x80, 0x00, 0x30, 0x00, 0xc0, 0x00, 0x30, 0x00,
  0x70, 0x00, 0x30, 0x00, 0x10, 0x00, 0x18, 0x00, 0x00, 0xfc, 0x3f, 0x00, 0x00, 0xfe, 0x3f, 0x00,
  0x00, 0x00, 0x00, 0x00, 0x00, 0x00, 0x00, 0x00, 0xfe, 0x1f, 0x00, 0x00, 0xfc, 0x3f, 0x00, 0xc0,
  0x00, 0x30, 0x00, 0x30, 0x00, 0x30, 0x00, 0x10, 0x00, 0x30, 0x00, 0x70, 0x00, 0x30, 0x00, 0xc0,
  0x00, 0x18, 0x00, 0x00, 0xfc, 0x3f, 0x00, 0x00, 0xfe, 0x3f, 0x00, 0x00, 0x00, 0x00, 0x00, 0x00,
  0x00, 0x00, 0x00, 0xfe, 0x1f, 0x00, 0x20, 0xfc, 0x3f, 0x00, 0x60, 0x00, 0x30, 0x00, 0x00, 0x00,
  0x30, 0x00, 0x00, 0x00, 0x30, 0x00, 0x60, 0x00, 0x30, 0x00, 0x60, 0x00, 0x18, 0x00, 0x00, 0xfc,
  0x3f, 0x00, 0x00, 0xfe, 0x3f, 0x00, 0x00, 0x00, 0x00, 0x00, 0x0e, 0x00, 0x00, 0x00, 0x3c, 0x00,
  0x06, 0x00, 0xf0, 0x01, 0x06, 0x00, 0x80, 0x0f, 0x03, 0x80, 0x00, 0xfc, 0x03, 0x60, 0x00, 0xfc,
  0x00, 0x30, 0x80, 0x1f, 0x00, 0x10, 0xe0, 0x03, 0x00, 0x00, 0x7c, 0x00, 0x00, 0x00, 0x1e, 0x00,
  0x00, 0x00, 0x00, 0x00, 0x00, 0x00, 0x00, 0xe0, 0xff, 0xff, 0x07, 0xe0, 0xff, 0xff, 0x07, 0x00,
  0x0c, 0x18, 0x00, 0x00, 0x04, 0x30, 0x00, 0x00, 0x06, 0x20, 0x00, 0x00, 0x06, 0x20, 0x00, 0x00,
  0x06, 0x30, 0x00, 0x00, 0x1c, 0x38, 0x00, 0x00, 0xf8, 0x1f, 0x00, 0x00, 0xe0, 0x07, 0x00, 0x00,
  0x00, 0x00, 0x00, 0x0e, 0x00, 0x00, 0x00, 0x3c, 0x00, 0x06, 0x60, 0xf0, 0x01, 0x06, 0x60, 0x80,
  0x0f, 0x03, 0x00, 0x00, 0xfc, 0x03, 0x00, 0x00, 0xfc, 0x00, 0x60, 0x80, 0x1f, 0x00, 0x60, 0xe0,
  0x03, 0x00, 0x00, 0x7c, 0x00, 0x00, 0x00, 0x1e,
};

return TRIAL_2;
}

#endif

inline const uint8_t* font(unsigned id) {
  return id == 1 ? fontStorage1() : id == 2 ? fontStorage2() : nullptr;
}
}}} // namespace mesh::ui::font_trials
